id_cliente,fecha_alta,fecha_nacimiento,genero,estado_civil,nivel_estudios,situacion_laboral,antiguedad_laboral_anios,ingresos_mensuales,num_dependientes,tipo_vivienda,provincia,estado_cliente
1,2010-06-30,1986-02-10,hombre,soltero,secundaria,empleado,6.1,3544.07,2,propia,A Coruña,activo
2,2020-09-24,1973-08-02,mujer,viudo,formacion_profesional,empleado,7.6,1411.64,2,propia,Zaragoza,activo
3,2024-01-04,1972-12-29,hombre,divorciado,universitario,empleado,9.9,2134.5,3,hipotecada,Madrid,activo
4,2019-08-06,1996-05-21,mujer,casado,formacion_profesional,estudiante,0,138.5,0,propia,Málaga,activo
5,2022-01-17,1990-05-25,mujer,casado,universitario,empleado,0,2265.8,0,hipotecada,Madrid,activo
6,2013-12-31,1983-01-21,mujer,viudo,bachillerato,empleado,8.3,3147.07,1,propia,Vizcaya,activo
7,2026-05-26,2005-11-23,hombre,casado,universitario,empleado,2,1381.2,2,alquiler,Barcelona,activo
8,2021-10-05,1997-11-03,mujer,divorciado,universitario,empleado,10,4019.57,1,alquiler,Málaga,activo
9,2021-09-23,1998-02-16,mujer,casado,bachillerato,autonomo,10,2721.99,1,hipotecada,Vizcaya,activo
10,2018-06-08,1953-06-30,hombre,viudo,universitario,empleado,3.7,1925.64,2,familiar,Vizcaya,inactivo
11,2026-03-28,1982-10-31,hombre,divorciado,formacion_profesional,empleado,4.4,2064.5,1,hipotecada,Zaragoza,activo
12,2020-02-05,1999-05-01,hombre,soltero,bachillerato,empleado,9,1702.45,0,familiar,Zaragoza,activo
13,2015-11-21,1973-07-23,hombre,soltero,universitario,empleado,8.6,2401.96,2,alquiler,Alicante,activo
14,2024-02-03,2005-07-21,mujer,casado,formacion_profesional,empleado,2,4639.15,0,propia,Sevilla,activo
15,2007-03-14,1979-09-23,hombre,soltero,bachillerato,empleado,5.6,2889.6,1,propia,Alicante,activo
16,2011-05-26,1985-11-10,mujer,soltero,universitario,empleado,15.7,2503.19,0,propia,A Coruña,activo
17,2025-12-17,2007-10-03,mujer,viudo,secundaria,empleado,0,2276.84,0,familiar,Sevilla,activo
18,2014-10-10,1987-05-21,hombre,divorciado,formacion_profesional,autonomo,7.2,2954.35,0,hipotecada,Málaga,activo
19,2026-05-20,2008-05-24,mujer,casado,formacion_profesional,empleado,0,1544.82,0,propia,Vizcaya,activo
20,2018-06-07,1988-07-31,hombre,soltero,posgrado,empleado,0.4,2955.03,1,hipotecada,Valencia,activo
21,2009-07-26,1986-01-06,hombre,viudo,universitario,autonomo,16.1,5293.66,0,propia,Zaragoza,activo
22,2008-08-16,1981-02-16,mujer,casado,universitario,autonomo,0,2940.13,0,hipotecada,A Coruña,activo
23,2019-11-18,1998-06-09,hombre,viudo,posgrado,empleado,5.3,1379.05,1,hipotecada,Sevilla,activo
24,2024-10-08,1958-04-01,hombre,casado,universitario,empleado,0,3008.31,1,propia,Madrid,activo
25,2012-11-04,1976-11-07,hombre,soltero,posgrado,empleado,4.2,2822.79,0,propia,Vizcaya,activo
26,2026-03-13,2007-09-30,hombre,divorciado,secundaria,jubilado,\N,2580.56,0,hipotecada,Zaragoza,inactivo
27,2016-06-21,1984-08-24,mujer,casado,formacion_profesional,empleado,2.7,3034.41,0,propia,Zaragoza,activo
28,2024-05-19,1998-04-28,hombre,divorciado,universitario,estudiante,0,289.04,1,propia,Alicante,activo
29,2021-05-15,1996-08-19,mujer,divorciado,formacion_profesional,empleado,0,3007.11,0,alquiler,Sevilla,activo
30,2026-06-24,2008-04-05,mujer,divorciado,bachillerato,empleado,0,2261.21,0,propia,Madrid,activo
31,2024-01-23,1944-08-22,hombre,viudo,bachillerato,autonomo,12.9,1866.01,1,hipotecada,Madrid,activo
32,2022-06-17,1962-05-07,hombre,viudo,universitario,empleado,0.8,2227.28,0,familiar,A Coruña,activo
33,2024-08-08,1992-11-16,hombre,viudo,formacion_profesional,desempleado,3.1,1538.52,3,hipotecada,Málaga,activo
34,2021-08-15,1992-10-07,hombre,casado,formacion_profesional,empleado,6.1,1876.06,0,propia,Sevilla,activo
35,2014-04-22,1973-05-29,mujer,viudo,formacion_profesional,empleado,8.4,2307.13,3,familiar,Málaga,activo
36,2024-02-22,1968-12-13,mujer,viudo,bachillerato,estudiante,0,873.19,2,alquiler,Madrid,activo
37,2019-09-15,1997-12-13,mujer,soltero,secundaria,autonomo,10,7486.93,4,alquiler,Murcia,activo
38,2026-03-31,2008-03-29,hombre,soltero,formacion_profesional,empleado,0,1789.72,0,hipotecada,Madrid,inactivo
39,2010-01-11,1959-01-03,hombre,casado,formacion_profesional,autonomo,8.4,5784.77,0,propia,Sevilla,activo
40,2026-04-28,2007-11-05,hombre,soltero,posgrado,empleado,0,1771.09,2,alquiler,Alicante,activo
41,2022-12-18,1988-12-09,mujer,soltero,formacion_profesional,empleado,7.3,3135.59,0,alquiler,Zaragoza,activo
42,2016-05-07,1962-05-26,hombre,casado,formacion_profesional,autonomo,1.6,1221.84,0,hipotecada,Málaga,activo
43,2023-02-16,1982-08-20,hombre,casado,universitario,jubilado,\N,1836.22,2,propia,Murcia,activo
44,2025-07-23,1999-02-27,mujer,divorciado,bachillerato,empleado,9,2470.15,0,hipotecada,Málaga,activo
45,2005-03-25,1978-09-20,mujer,viudo,universitario,empleado,1.7,1687.05,0,propia,Sevilla,activo
46,2020-07-08,1973-12-05,hombre,viudo,bachillerato,empleado,2.7,2606.1,4,propia,Barcelona,activo
47,2013-04-16,1988-03-24,mujer,divorciado,posgrado,empleado,8.4,2427.28,1,hipotecada,Málaga,activo
48,2013-02-04,1975-03-07,mujer,viudo,formacion_profesional,empleado,14.1,2468.02,1,alquiler,Madrid,activo
49,2026-02-09,1963-02-22,mujer,casado,bachillerato,estudiante,0,747.0,1,alquiler,Málaga,activo
50,2010-07-27,1980-05-18,hombre,viudo,formacion_profesional,empleado,7.9,3408.77,1,hipotecada,A Coruña,activo
51,2016-01-03,1993-05-11,mujer,viudo,formacion_profesional,empleado,7.4,1861.67,0,propia,Málaga,activo
52,2024-04-12,1965-07-06,mujer,divorciado,universitario,empleado,0.8,3628.78,0,propia,Valencia,activo
53,2026-06-21,2008-01-25,mujer,viudo,formacion_profesional,autonomo,0,2959.57,1,hipotecada,Alicante,inactivo
54,2018-07-17,1968-01-17,hombre,casado,formacion_profesional,empleado,25.8,3684.08,1,hipotecada,Málaga,activo
55,2024-10-17,2000-03-30,mujer,viudo,universitario,empleado,6.0,2128.49,0,alquiler,Murcia,activo
56,2012-01-21,1978-05-16,hombre,divorciado,universitario,empleado,0.1,2143.09,1,familiar,Murcia,activo
57,2015-11-15,1985-07-08,mujer,viudo,posgrado,empleado,1.0,1797.73,0,hipotecada,Valencia,bloqueado
58,2022-11-09,1988-10-18,hombre,casado,posgrado,empleado,1.4,2766.41,0,propia,Alicante,activo
59,2025-12-15,1982-01-07,mujer,viudo,posgrado,desempleado,1.6,846.53,2,alquiler,Murcia,activo
60,2019-03-08,1992-09-25,hombre,viudo,secundaria,empleado,12.2,1906.48,1,hipotecada,Alicante,activo
61,2018-04-12,1998-08-02,mujer,viudo,secundaria,empleado,9,1199.67,1,familiar,Madrid,activo
62,2008-06-18,1985-07-30,hombre,divorciado,universitario,empleado,1.9,2824.02,1,hipotecada,Alicante,activo
63,2024-07-26,1964-10-24,hombre,soltero,formacion_profesional,empleado,5.0,2431.53,1,propia,Barcelona,activo
64,2022-09-14,2004-06-16,hombre,casado,bachillerato,empleado,4,1401.31,0,propia,Alicante,activo
65,2011-11-17,1990-09-06,hombre,divorciado,universitario,empleado,4.5,2598.17,1,propia,Murcia,activo
66,2019-05-02,1944-01-29,hombre,viudo,universitario,jubilado,\N,1249.97,1,propia,Alicante,activo
67,2020-10-24,1999-07-08,mujer,soltero,posgrado,empleado,4.1,3141.04,0,hipotecada,Málaga,activo
68,2009-11-30,1982-01-01,mujer,soltero,posgrado,empleado,3.4,2809.56,2,hipotecada,Málaga,activo
69,2021-06-05,1982-12-27,mujer,divorciado,universitario,empleado,5.7,3270.94,0,familiar,Valencia,activo
70,2023-02-02,1984-10-27,mujer,viudo,posgrado,empleado,16.3,2151.43,2,hipotecada,Zaragoza,activo
71,2017-01-13,1972-02-16,mujer,divorciado,secundaria,empleado,9.7,1563.82,0,propia,Madrid,activo
72,2026-06-15,2008-01-15,mujer,divorciado,posgrado,empleado,0,3224.93,0,propia,Sevilla,activo
73,2013-04-28,1977-11-10,hombre,viudo,universitario,autonomo,5.9,2008.08,0,familiar,Málaga,activo
74,2014-12-22,1969-11-15,mujer,divorciado,secundaria,jubilado,\N,1848.2,2,propia,Barcelona,activo
75,2019-11-13,1959-05-16,hombre,casado,universitario,empleado,4.1,1417.47,4,hipotecada,Sevilla,activo
76,2005-01-24,1986-08-30,hombre,divorciado,universitario,empleado,9.5,2505.71,0,propia,Zaragoza,activo
77,2021-08-21,1973-04-27,hombre,soltero,universitario,empleado,7.4,2086.74,1,familiar,Vizcaya,activo
78,2009-10-21,1990-06-15,hombre,viudo,secundaria,jubilado,\N,2430.53,2,propia,A Coruña,activo
79,2019-03-15,1978-08-16,mujer,viudo,secundaria,empleado,9.1,2750.69,1,hipotecada,Vizcaya,activo
80,2024-12-02,1984-11-11,hombre,divorciado,formacion_profesional,empleado,3.6,1815.43,0,propia,Murcia,activo
81,2014-09-08,1959-05-15,mujer,divorciado,universitario,empleado,10.9,5030.31,1,alquiler,Alicante,activo
82,2018-06-20,1968-02-04,mujer,divorciado,universitario,empleado,1.1,1301.94,0,alquiler,Málaga,activo
83,2026-06-05,2005-09-16,mujer,divorciado,secundaria,autonomo,2,3844.39,1,propia,Málaga,activo
84,2024-07-05,1972-03-30,hombre,casado,formacion_profesional,empleado,4.8,2456.41,2,alquiler,Valencia,inactivo
85,2023-05-18,1998-09-14,hombre,viudo,formacion_profesional,empleado,9,2784.52,0,propia,Vizcaya,activo
86,2020-03-18,1972-02-06,mujer,soltero,bachillerato,autonomo,12.2,2599.61,0,familiar,Valencia,activo
87,2005-03-05,1982-04-30,mujer,divorciado,secundaria,empleado,2.9,2088.71,1,hipotecada,Madrid,activo
88,2026-01-16,1998-05-22,hombre,divorciado,bachillerato,empleado,9.2,2036.14,1,familiar,Murcia,activo
89,2014-10-18,1968-05-16,hombre,divorciado,bachillerato,desempleado,1.6,0,1,hipotecada,Barcelona,activo
90,2019-03-16,1964-10-12,hombre,casado,bachillerato,empleado,2.3,2357.07,2,propia,Valencia,activo
91,2006-09-10,1964-07-30,mujer,divorciado,posgrado,empleado,7.2,3126.96,0,hipotecada,Valencia,activo
92,2025-01-21,2006-11-18,hombre,divorciado,universitario,empleado,1,3350.1,0,propia,Barcelona,activo
93,2021-12-12,1990-08-21,mujer,divorciado,universitario,empleado,9.8,2083.22,0,alquiler,Madrid,activo
94,2025-12-04,2007-11-13,hombre,viudo,posgrado,desempleado,0,1517.43,0,alquiler,A Coruña,activo
95,2013-09-09,1976-02-07,hombre,soltero,universitario,empleado,11.1,1692.86,2,alquiler,Málaga,activo
96,2024-08-02,1986-08-27,hombre,soltero,formacion_profesional,empleado,0,3261.95,1,alquiler,Zaragoza,activo
97,2025-06-19,1974-07-16,hombre,casado,formacion_profesional,empleado,0.1,2594.92,0,hipotecada,Sevilla,activo
98,2011-08-21,1982-05-22,hombre,divorciado,posgrado,desempleado,4.3,1092.17,2,hipotecada,A Coruña,activo
99,2008-06-17,1968-12-20,hombre,divorciado,universitario,empleado,2.2,2800.76,1,hipotecada,Sevilla,activo
100,2010-05-14,1977-09-30,hombre,divorciado,universitario,empleado,9.4,3213.5,3,alquiler,Alicante,inactivo
101,2017-09-26,1995-04-10,mujer,soltero,universitario,desempleado,2.7,1070.21,1,alquiler,Barcelona,activo
102,2017-03-06,1989-02-11,mujer,casado,universitario,estudiante,0,1229.65,0,hipotecada,Madrid,activo
103,2019-04-01,1995-12-22,mujer,divorciado,universitario,empleado,9.6,1547.64,0,propia,Málaga,activo
104,2022-01-08,1970-04-20,mujer,viudo,secundaria,autonomo,4.6,2571.53,0,alquiler,Málaga,activo
105,2022-10-22,1975-08-08,mujer,divorciado,formacion_profesional,empleado,9.6,2199.47,1,hipotecada,Sevilla,activo
106,2011-06-20,1991-07-24,mujer,soltero,universitario,empleado,5.6,2516.83,1,familiar,Málaga,activo
107,2012-09-25,1984-05-27,hombre,divorciado,universitario,empleado,2.3,2466.3,1,hipotecada,Valencia,activo
108,2015-09-26,1972-07-09,hombre,soltero,formacion_profesional,empleado,0.4,3066.25,0,alquiler,Alicante,activo
109,2005-10-27,1966-02-21,hombre,soltero,universitario,autonomo,7.5,1716.0,2,alquiler,Alicante,activo
110,2012-08-09,1984-12-15,mujer,divorciado,universitario,jubilado,\N,700,1,hipotecada,Barcelona,activo
111,2026-06-03,2008-03-30,mujer,casado,universitario,empleado,0,1496.29,0,alquiler,Madrid,activo
112,2015-05-19,1987-08-21,mujer,soltero,bachillerato,empleado,0,1024.5,0,hipotecada,Murcia,activo
113,2013-03-20,1977-08-04,hombre,casado,universitario,empleado,7.4,1458.99,0,alquiler,Málaga,activo
114,2016-03-12,1983-03-28,mujer,viudo,bachillerato,empleado,9.5,4031.37,0,propia,Barcelona,activo
115,2025-12-03,2007-11-16,mujer,divorciado,posgrado,desempleado,7.3,1135.78,1,hipotecada,Valencia,activo
116,2021-05-21,1991-12-28,hombre,soltero,secundaria,empleado,2.8,1567.17,0,alquiler,Murcia,inactivo
117,2014-03-20,1969-10-04,hombre,casado,formacion_profesional,autonomo,1.1,2329.6,2,familiar,Madrid,activo
118,2016-08-15,1960-04-28,mujer,divorciado,bachillerato,empleado,5.8,1593.14,3,familiar,Málaga,activo
119,2021-02-05,1996-04-27,mujer,divorciado,universitario,empleado,1.5,1051.48,0,alquiler,Madrid,activo
120,2013-05-22,1994-05-20,mujer,soltero,formacion_profesional,jubilado,\N,1801.64,0,hipotecada,Málaga,activo
121,2018-05-11,1993-08-06,hombre,casado,formacion_profesional,empleado,6.4,4132.98,0,propia,Zaragoza,activo
122,2013-12-11,1978-01-05,hombre,divorciado,posgrado,empleado,4.6,1814.71,0,hipotecada,Alicante,activo
123,2024-05-29,1969-02-23,hombre,viudo,formacion_profesional,estudiante,0,966.7,2,alquiler,Madrid,activo
124,2026-06-05,2008-05-15,mujer,soltero,formacion_profesional,empleado,0,1988.65,1,hipotecada,Zaragoza,activo
125,2013-03-17,1982-12-07,mujer,soltero,bachillerato,empleado,4.3,1128.28,0,propia,Zaragoza,activo
126,2017-07-06,1975-01-09,hombre,casado,universitario,jubilado,\N,1760.39,1,hipotecada,Vizcaya,activo
127,2014-03-09,1992-11-09,hombre,divorciado,formacion_profesional,empleado,4.7,2233.34,4,alquiler,Murcia,activo
128,2019-02-12,1988-07-03,mujer,soltero,universitario,empleado,0.6,3047.53,1,propia,A Coruña,activo
129,2025-12-29,2007-09-09,mujer,soltero,universitario,autonomo,0,2969.1,2,hipotecada,Sevilla,activo
130,2021-05-27,1998-06-21,mujer,soltero,universitario,empleado,0,1055.76,3,alquiler,Vizcaya,activo
131,2019-11-08,1971-01-16,mujer,divorciado,universitario,empleado,0,2079.52,2,propia,Sevilla,activo
132,2020-08-10,1990-02-08,mujer,divorciado,formacion_profesional,empleado,4.9,4004.85,0,alquiler,Vizcaya,activo
133,2021-05-18,1998-12-19,mujer,divorciado,posgrado,desempleado,0.5,1630.34,0,hipotecada,Murcia,activo
134,2025-12-05,1978-02-12,hombre,casado,universitario,empleado,16.1,1861.39,2,propia,Alicante,activo
135,2025-10-26,1990-07-18,mujer,divorciado,formacion_profesional,empleado,11.9,1157.24,2,hipotecada,Barcelona,activo
136,2011-05-11,1989-06-11,hombre,soltero,secundaria,empleado,4.0,2770.87,2,alquiler,Barcelona,activo
137,2019-05-21,1971-11-11,hombre,soltero,formacion_profesional,empleado,5.0,2062.39,2,hipotecada,Málaga,activo
138,2022-09-26,1984-01-10,hombre,viudo,formacion_profesional,empleado,6.2,2532.91,1,propia,Barcelona,activo
139,2025-12-28,1980-01-17,hombre,soltero,bachillerato,empleado,9.5,1794.04,2,alquiler,Sevilla,inactivo
140,2008-08-01,1977-01-24,hombre,divorciado,formacion_profesional,empleado,8.0,2234.74,1,propia,Valencia,activo
141,2020-10-28,1998-08-25,hombre,casado,universitario,empleado,7.8,2337.57,1,hipotecada,Barcelona,activo
142,2018-11-07,1999-12-28,mujer,casado,universitario,jubilado,\N,1652.2,0,propia,Zaragoza,activo
143,2009-08-10,1973-07-17,hombre,viudo,formacion_profesional,autonomo,2.9,2432.69,0,propia,Murcia,activo
144,2016-05-01,1989-06-19,hombre,soltero,posgrado,empleado,3.2,1357.27,1,alquiler,Málaga,activo
145,2025-09-03,2003-08-07,mujer,casado,universitario,autonomo,4,1153.47,3,alquiler,Valencia,activo
146,2021-04-29,1970-04-26,mujer,viudo,universitario,jubilado,\N,1727.55,2,alquiler,Vizcaya,activo
147,2016-08-08,1990-11-08,hombre,soltero,secundaria,empleado,9.5,2885.38,3,propia,A Coruña,activo
148,2016-02-18,1997-02-25,mujer,divorciado,bachillerato,empleado,0,1763.32,2,familiar,A Coruña,activo
149,2015-09-25,1990-07-22,mujer,casado,universitario,empleado,13.1,2252.59,0,alquiler,Murcia,activo
150,2020-01-22,1970-08-06,hombre,viudo,bachillerato,empleado,8.3,2318.61,0,propia,Valencia,activo
151,2014-04-04,1972-09-16,hombre,casado,formacion_profesional,jubilado,\N,707.92,1,propia,Murcia,activo
152,2006-02-27,1980-03-25,mujer,casado,formacion_profesional,empleado,5.2,2925.84,2,hipotecada,Zaragoza,activo
153,2016-06-12,1994-03-14,hombre,casado,universitario,jubilado,\N,2784.16,0,hipotecada,Alicante,bloqueado
154,2013-07-16,1968-02-07,hombre,viudo,universitario,empleado,3.8,2531.08,0,alquiler,Sevilla,activo
155,2015-08-28,1992-09-15,hombre,casado,formacion_profesional,autonomo,12.5,3583.83,0,hipotecada,Zaragoza,activo
156,2021-08-03,1984-08-06,mujer,soltero,universitario,empleado,16.3,1017.73,1,hipotecada,Barcelona,activo
157,2014-04-02,1964-06-27,hombre,soltero,universitario,empleado,4.5,2410.6,0,hipotecada,A Coruña,activo
158,2005-02-24,1966-06-22,hombre,viudo,universitario,empleado,3.2,2074.41,2,familiar,Barcelona,activo
159,2009-04-22,1969-02-27,mujer,viudo,universitario,empleado,4.0,1713.34,2,familiar,Sevilla,activo
160,2025-01-12,1992-05-20,hombre,viudo,universitario,jubilado,\N,2642.37,1,propia,Madrid,activo
161,2019-06-20,1984-11-20,hombre,casado,posgrado,desempleado,0,671.19,0,hipotecada,A Coruña,activo
162,2018-11-24,1994-10-31,mujer,viudo,posgrado,empleado,13,3994.15,0,alquiler,A Coruña,inactivo
163,2017-09-17,1977-02-27,hombre,soltero,formacion_profesional,desempleado,4.2,114.71,0,familiar,Madrid,activo
164,2012-08-22,1975-05-24,mujer,viudo,formacion_profesional,empleado,9.1,2643.26,3,alquiler,Alicante,activo
165,2024-10-26,2002-07-28,hombre,casado,universitario,empleado,5,3226.39,2,alquiler,Barcelona,activo
166,2013-01-27,1954-11-16,hombre,soltero,universitario,autonomo,15.8,2330.89,1,hipotecada,Alicante,activo
167,2021-04-04,1969-05-18,mujer,casado,universitario,estudiante,0,678.02,3,propia,Málaga,inactivo
168,2011-02-22,1989-05-29,hombre,viudo,universitario,empleado,12.5,1991.2,0,propia,Barcelona,activo
169,2012-06-14,1981-12-10,mujer,casado,formacion_profesional,desempleado,0,889.44,0,hipotecada,Sevilla,activo
170,2012-01-18,1963-10-29,hombre,divorciado,universitario,empleado,6.3,1995.76,3,alquiler,Barcelona,activo
171,2022-12-08,2002-09-16,hombre,divorciado,universitario,empleado,0,2415.52,0,propia,Alicante,activo
172,2022-09-27,1993-07-21,mujer,viudo,universitario,empleado,10.0,1852.37,0,familiar,Alicante,activo
173,2005-10-29,1970-09-26,hombre,casado,universitario,desempleado,4.8,242.54,1,alquiler,A Coruña,activo
174,2019-07-05,1944-07-19,mujer,casado,formacion_profesional,empleado,10.9,2101.47,0,alquiler,A Coruña,activo
175,2015-10-30,1986-06-18,hombre,viudo,secundaria,empleado,4.3,1566.73,0,hipotecada,Murcia,activo
176,2008-01-26,1987-07-03,mujer,casado,universitario,empleado,10.8,1961.28,2,alquiler,Alicante,activo
177,2019-02-15,1973-12-05,hombre,viudo,formacion_profesional,empleado,6.1,2585.0,0,hipotecada,Sevilla,activo
178,2018-05-06,1987-05-30,hombre,viudo,universitario,empleado,14.7,2964.51,0,hipotecada,A Coruña,activo
179,2020-02-16,1994-05-03,mujer,soltero,universitario,empleado,10.2,2128.16,1,alquiler,Sevilla,activo
180,2008-03-04,1986-07-11,mujer,casado,universitario,empleado,10.0,2068.11,0,alquiler,Valencia,activo
181,2006-03-16,1972-08-17,hombre,viudo,posgrado,estudiante,0,1270.51,3,alquiler,Murcia,activo
182,2024-06-11,1996-07-02,hombre,viudo,universitario,empleado,10.1,2797.87,0,hipotecada,Murcia,activo
183,2014-05-01,1990-05-03,mujer,casado,posgrado,desempleado,2.3,782.19,2,propia,Sevilla,activo
184,2013-10-16,1995-01-30,mujer,divorciado,posgrado,empleado,0,1283.82,2,hipotecada,Alicante,activo
185,2018-10-27,1967-04-08,hombre,divorciado,formacion_profesional,empleado,11.3,1728.57,0,propia,Vizcaya,activo
186,2023-04-14,1978-07-19,mujer,viudo,formacion_profesional,empleado,9.5,2893.62,2,alquiler,Málaga,activo
187,2017-11-23,1990-08-14,hombre,soltero,posgrado,empleado,7.0,2950.56,2,hipotecada,Barcelona,activo
188,2026-05-27,2004-11-08,hombre,divorciado,formacion_profesional,autonomo,3,2340.66,0,alquiler,A Coruña,activo
189,2022-09-06,1985-10-25,mujer,viudo,formacion_profesional,empleado,14.1,2493.08,0,familiar,Alicante,activo
190,2020-06-11,1969-03-19,hombre,divorciado,bachillerato,estudiante,0,869.02,2,alquiler,Valencia,activo
191,2019-04-20,1992-06-04,hombre,casado,formacion_profesional,empleado,5.0,4016.22,0,alquiler,Madrid,activo
192,2012-09-15,1980-07-09,hombre,soltero,secundaria,desempleado,1.3,1320.11,0,alquiler,Málaga,activo
193,2019-05-23,1968-04-23,hombre,casado,formacion_profesional,jubilado,\N,2403.89,0,hipotecada,Valencia,activo
194,2024-04-15,1966-11-17,mujer,casado,universitario,empleado,3.7,1856.78,2,hipotecada,A Coruña,activo
195,2024-03-19,1991-06-18,hombre,viudo,formacion_profesional,estudiante,0,1463.43,0,propia,Sevilla,activo
196,2022-02-04,1989-10-18,hombre,viudo,formacion_profesional,empleado,7.1,5029.14,4,hipotecada,Murcia,activo
197,2018-03-05,1960-06-22,mujer,soltero,universitario,empleado,4.6,2225.67,1,alquiler,Valencia,activo
198,2025-08-28,1985-10-12,mujer,soltero,formacion_profesional,empleado,11.2,3392.72,0,alquiler,Sevilla,activo
199,2007-08-09,1977-11-20,hombre,casado,universitario,empleado,7.8,2437.99,2,propia,Zaragoza,activo
200,2026-03-28,2008-02-19,hombre,soltero,bachillerato,empleado,0,2613.36,2,familiar,Barcelona,activo
201,2024-01-04,2000-06-02,mujer,soltero,bachillerato,estudiante,0,660.13,0,alquiler,Madrid,activo
202,2015-08-01,1982-06-07,mujer,viudo,bachillerato,empleado,6.4,3071.34,3,propia,Zaragoza,activo
203,2007-09-06,1983-12-23,mujer,soltero,posgrado,empleado,9.0,3027.52,2,hipotecada,Málaga,inactivo
204,2018-09-30,1992-06-26,mujer,viudo,posgrado,empleado,12.6,2335.47,1,hipotecada,Vizcaya,activo
205,2025-11-30,1983-06-28,mujer,soltero,universitario,empleado,3.3,1685.63,2,alquiler,Málaga,activo
206,2014-06-02,1970-03-01,mujer,divorciado,formacion_profesional,empleado,10.7,2561.48,3,hipotecada,A Coruña,activo
207,2006-09-06,1976-12-11,hombre,divorciado,formacion_profesional,empleado,8.5,1566.09,2,propia,Barcelona,activo
208,2007-06-12,1975-09-05,mujer,casado,formacion_profesional,empleado,6.1,1460.37,0,alquiler,Barcelona,activo
209,2023-07-15,1962-01-26,mujer,divorciado,formacion_profesional,autonomo,13.9,3056.96,2,propia,Málaga,activo
210,2026-05-10,1986-06-15,mujer,casado,bachillerato,empleado,22,1944.04,0,propia,Sevilla,activo
211,2020-05-24,1965-12-22,hombre,soltero,bachillerato,empleado,13.8,2757.37,0,hipotecada,Valencia,activo
212,2007-10-01,1961-01-12,hombre,soltero,formacion_profesional,empleado,12.3,2133.78,1,alquiler,Zaragoza,activo
213,2015-01-02,1982-02-07,hombre,divorciado,formacion_profesional,estudiante,0,869.8,0,hipotecada,Murcia,activo
214,2014-05-28,1973-04-21,mujer,viudo,universitario,empleado,8.5,3733.21,1,alquiler,Vizcaya,activo
215,2016-04-08,1980-09-14,mujer,viudo,universitario,empleado,2.5,2348.27,2,hipotecada,Sevilla,activo
216,2010-05-30,1976-07-29,hombre,divorciado,universitario,empleado,6.6,2971.12,2,hipotecada,A Coruña,activo
217,2017-08-23,1961-09-13,mujer,soltero,universitario,empleado,8.4,2274.51,0,propia,A Coruña,activo
218,2025-08-10,1981-04-01,hombre,soltero,universitario,desempleado,2.0,1076.99,0,hipotecada,Barcelona,activo
219,2020-10-20,1986-12-22,hombre,viudo,universitario,jubilado,\N,1567.13,0,familiar,Zaragoza,activo
220,2020-11-11,1980-04-02,mujer,casado,formacion_profesional,jubilado,\N,1350.84,2,hipotecada,Málaga,activo
221,2026-05-14,2008-04-26,hombre,soltero,bachillerato,autonomo,0,9177.25,1,familiar,Valencia,activo
222,2024-11-09,1985-08-09,hombre,casado,bachillerato,jubilado,\N,2074.03,2,propia,Málaga,activo
223,2020-05-06,2002-05-06,hombre,viudo,universitario,empleado,6,2052.5,2,alquiler,Sevilla,activo
224,2015-02-14,1971-04-09,hombre,soltero,universitario,empleado,1.8,3028.71,0,familiar,Barcelona,activo
225,2018-04-29,1952-01-09,mujer,viudo,bachillerato,jubilado,\N,2361.53,0,propia,Sevilla,activo
226,2024-05-24,1997-03-25,mujer,viudo,bachillerato,autonomo,7.5,5865.63,0,alquiler,Alicante,activo
227,2011-08-10,1972-05-17,mujer,soltero,formacion_profesional,desempleado,0,486.14,0,propia,Alicante,activo
228,2026-03-06,2008-02-16,hombre,viudo,formacion_profesional,autonomo,0,2280.81,0,propia,Málaga,activo
229,2023-06-24,1990-07-10,hombre,soltero,universitario,empleado,5.9,3895.75,0,hipotecada,Alicante,activo
230,2017-11-05,1962-10-31,mujer,soltero,formacion_profesional,estudiante,0,535.67,0,familiar,A Coruña,activo
231,2020-05-21,1992-04-30,hombre,casado,universitario,empleado,0.8,2769.26,0,propia,Barcelona,inactivo
232,2012-04-25,1967-09-22,hombre,viudo,secundaria,estudiante,0,882.03,1,propia,A Coruña,activo
233,2022-12-08,2004-05-10,hombre,viudo,universitario,empleado,2.6,1528.22,1,alquiler,Murcia,activo
234,2018-11-13,1973-04-18,hombre,viudo,posgrado,empleado,7.9,2508.79,2,familiar,Madrid,activo
235,2021-05-02,1997-01-22,hombre,viudo,universitario,desempleado,3.4,1530.71,3,alquiler,Alicante,activo
236,2024-11-16,1999-08-26,hombre,casado,secundaria,empleado,2.2,1418.43,1,hipotecada,Alicante,activo
237,2022-07-04,1975-04-23,mujer,casado,secundaria,estudiante,0,711.6,0,propia,Zaragoza,activo
238,2009-06-20,1985-07-05,mujer,casado,posgrado,empleado,5.3,3369.0,0,alquiler,Vizcaya,activo
239,2014-09-18,1989-01-02,mujer,casado,universitario,empleado,4.7,2613.42,1,propia,Alicante,inactivo
240,2005-06-14,1977-10-11,hombre,soltero,bachillerato,estudiante,0,1168.7,0,hipotecada,Málaga,activo
241,2021-05-25,1987-07-02,mujer,viudo,universitario,autonomo,5.3,2405.97,0,propia,Zaragoza,activo
242,2019-07-10,1974-09-17,hombre,divorciado,bachillerato,empleado,2.5,1404.3,0,alquiler,Sevilla,activo
243,2023-01-25,1982-06-01,hombre,viudo,posgrado,estudiante,0,781.16,0,propia,Alicante,activo
244,2023-08-16,1996-12-05,mujer,divorciado,formacion_profesional,autonomo,5.9,4251.22,1,hipotecada,Vizcaya,activo
245,2023-11-17,2004-03-30,hombre,soltero,bachillerato,empleado,4,1586.12,0,propia,Málaga,activo
246,2026-02-07,2005-11-27,hombre,soltero,formacion_profesional,estudiante,0,328.43,0,propia,Barcelona,activo
247,2013-07-24,1969-07-17,mujer,viudo,bachillerato,empleado,16.1,1418.87,0,hipotecada,Valencia,inactivo
248,2015-12-09,1948-05-20,mujer,casado,formacion_profesional,empleado,12.1,3492.14,0,hipotecada,Barcelona,activo
249,2018-10-13,1978-04-25,mujer,divorciado,universitario,empleado,6.5,2029.65,1,alquiler,Madrid,activo
250,2005-02-03,1982-07-20,hombre,soltero,formacion_profesional,empleado,5.5,1289.41,0,alquiler,Vizcaya,activo
251,2016-10-03,1976-08-29,hombre,casado,bachillerato,empleado,5.0,950,3,familiar,Sevilla,activo
252,2018-03-24,1977-06-19,hombre,soltero,universitario,empleado,1.5,2983.96,1,propia,Barcelona,activo
253,2024-11-17,2001-11-29,mujer,divorciado,universitario,empleado,6,2332.87,1,hipotecada,Alicante,activo
254,2016-06-22,1966-05-08,mujer,divorciado,bachillerato,autonomo,9.5,1698.34,1,alquiler,Sevilla,activo
255,2025-12-06,1972-07-13,mujer,casado,formacion_profesional,empleado,15.3,2420.59,0,familiar,Málaga,activo
256,2009-12-16,1990-11-06,hombre,casado,universitario,empleado,3.9,1105.52,0,propia,Zaragoza,activo
257,2026-06-04,1961-11-18,mujer,viudo,universitario,empleado,0,2828.46,0,hipotecada,Barcelona,activo
258,2020-08-13,1963-04-25,mujer,casado,formacion_profesional,autonomo,0.4,2599.52,2,alquiler,Alicante,activo
259,2006-01-12,1975-11-18,mujer,soltero,formacion_profesional,empleado,6.7,3646.51,0,hipotecada,Murcia,inactivo
260,2025-11-09,2006-01-04,hombre,viudo,universitario,autonomo,0,1374.97,0,hipotecada,Barcelona,activo
261,2019-05-23,1997-10-22,hombre,viudo,formacion_profesional,empleado,4.0,1325.32,0,propia,Murcia,activo
262,2005-05-26,1977-07-31,hombre,casado,universitario,empleado,9.2,1933.67,1,alquiler,Zaragoza,activo
263,2023-07-06,1982-12-27,mujer,soltero,secundaria,empleado,0.5,1579.89,0,hipotecada,Madrid,activo
264,2016-12-21,1991-01-08,hombre,casado,formacion_profesional,desempleado,1.1,1214.66,1,hipotecada,Alicante,activo
265,2007-09-17,1968-03-26,mujer,divorciado,secundaria,jubilado,\N,2177.69,0,alquiler,A Coruña,activo
266,2019-10-09,1961-11-08,mujer,viudo,universitario,empleado,14.4,2373.02,0,alquiler,Vizcaya,activo
267,2017-12-23,1977-07-11,hombre,viudo,formacion_profesional,empleado,0,2766.84,1,hipotecada,Sevilla,activo
268,2017-03-24,1989-01-31,mujer,divorciado,universitario,desempleado,3.3,1995.64,2,familiar,Sevilla,activo
269,2009-09-14,1969-03-20,mujer,divorciado,universitario,empleado,0.4,1785.92,1,hipotecada,Vizcaya,inactivo
270,2026-03-22,2007-10-29,mujer,soltero,secundaria,empleado,0,2652.55,0,propia,Madrid,activo
271,2026-04-19,2008-03-20,mujer,soltero,formacion_profesional,autonomo,0,1724.26,1,alquiler,A Coruña,activo
272,2021-08-02,1956-07-20,mujer,soltero,posgrado,empleado,2.4,1322.01,2,alquiler,Zaragoza,activo
273,2006-03-17,1972-09-21,mujer,divorciado,universitario,empleado,9.0,1435.11,2,alquiler,A Coruña,activo
274,2026-06-25,2008-03-22,hombre,soltero,formacion_profesional,autonomo,0,1597.71,3,alquiler,Valencia,activo
275,2018-02-06,1984-04-09,mujer,soltero,universitario,desempleado,1.6,1354.0,3,hipotecada,Málaga,activo
276,2020-10-18,2001-12-29,mujer,viudo,universitario,desempleado,0.9,884.82,0,alquiler,Zaragoza,activo
277,2024-10-24,1975-03-10,mujer,soltero,secundaria,empleado,8.6,1853.36,1,alquiler,Sevilla,bloqueado
278,2018-10-07,1960-08-06,mujer,soltero,formacion_profesional,jubilado,\N,1755.53,2,alquiler,Málaga,activo
279,2025-06-10,1980-06-18,hombre,soltero,posgrado,empleado,1.2,3162.99,0,propia,Vizcaya,activo
280,2005-03-02,1983-10-01,mujer,viudo,universitario,empleado,8.7,1322.54,2,familiar,Valencia,activo
281,2015-04-20,1963-06-19,hombre,viudo,formacion_profesional,autonomo,18.1,1798.79,3,propia,Barcelona,activo
282,2005-02-18,1971-10-01,hombre,divorciado,universitario,autonomo,0,4266.66,0,alquiler,Murcia,activo
283,2021-10-23,1994-12-18,mujer,divorciado,posgrado,desempleado,1.7,1107.48,0,propia,Zaragoza,activo
284,2008-03-04,1980-09-19,mujer,divorciado,bachillerato,empleado,6.8,3473.8,0,familiar,Vizcaya,activo
285,2023-09-22,1977-08-19,mujer,viudo,universitario,empleado,9.5,1025.21,1,propia,Barcelona,activo
286,2015-12-06,1983-09-07,hombre,divorciado,universitario,jubilado,\N,2081.6,0,familiar,Zaragoza,activo
287,2020-06-01,1995-07-29,hombre,divorciado,bachillerato,autonomo,8.5,1266.22,2,propia,Alicante,inactivo
288,2021-06-10,1985-07-18,hombre,soltero,universitario,empleado,11.7,2148.77,2,hipotecada,Valencia,activo
289,2006-09-19,1975-08-15,hombre,soltero,universitario,autonomo,5.5,5238.99,1,alquiler,Vizcaya,activo
290,2026-01-26,2006-12-26,mujer,viudo,formacion_profesional,empleado,1,4277.99,0,propia,Sevilla,activo
291,2020-05-06,1968-08-20,mujer,casado,universitario,empleado,0,2236.92,0,alquiler,Zaragoza,inactivo
292,2006-05-30,1961-03-04,hombre,viudo,posgrado,empleado,9.1,1303.78,1,propia,Zaragoza,activo
293,2023-08-11,1953-08-10,hombre,soltero,formacion_profesional,empleado,14.9,3198.61,1,alquiler,Sevilla,activo
294,2024-12-02,1996-01-06,hombre,divorciado,bachillerato,desempleado,1.7,806.89,2,propia,Zaragoza,activo
295,2021-02-02,1984-08-26,mujer,viudo,bachillerato,desempleado,0,603.22,0,propia,Alicante,activo
296,2018-04-15,1978-09-11,hombre,casado,formacion_profesional,empleado,7.2,2402.11,1,alquiler,A Coruña,activo
297,2022-09-26,2001-07-27,hombre,viudo,bachillerato,jubilado,\N,968.83,0,hipotecada,A Coruña,activo
298,2018-12-24,1972-03-29,mujer,casado,formacion_profesional,autonomo,14.2,1206.46,0,propia,Madrid,activo
299,2020-05-08,1974-10-16,mujer,soltero,secundaria,empleado,16.5,2111.98,0,hipotecada,A Coruña,activo
300,2019-07-25,1983-07-19,mujer,viudo,universitario,empleado,6.9,1455.56,1,alquiler,A Coruña,activo
301,2017-12-03,1972-07-09,hombre,viudo,bachillerato,empleado,0,1393.73,0,propia,Madrid,activo
302,2016-11-19,1990-06-27,mujer,divorciado,bachillerato,autonomo,6.6,3498.13,0,alquiler,A Coruña,activo
303,2017-06-11,1990-07-18,mujer,divorciado,posgrado,autonomo,11.6,1848.88,1,alquiler,Alicante,activo
304,2007-09-03,1985-07-28,hombre,divorciado,universitario,autonomo,0,2283.41,0,hipotecada,Madrid,activo
305,2023-01-16,1964-06-28,hombre,viudo,posgrado,empleado,17.9,2103.17,0,alquiler,Vizcaya,activo
306,2014-05-02,1992-06-01,hombre,soltero,universitario,autonomo,16,2512.1,1,alquiler,Sevilla,activo
307,2019-08-30,1998-12-29,hombre,soltero,universitario,autonomo,2.1,1898.81,1,propia,Barcelona,activo
308,2025-12-19,2004-09-17,mujer,soltero,bachillerato,empleado,3,3339.77,1,alquiler,Barcelona,activo
309,2018-04-27,1999-01-08,mujer,viudo,universitario,desempleado,5.4,658.33,2,hipotecada,Zaragoza,activo
310,2024-02-17,1990-11-09,mujer,casado,universitario,empleado,8.4,2331.83,1,alquiler,Zaragoza,bloqueado
311,2017-01-06,1979-10-10,mujer,viudo,formacion_profesional,empleado,13.2,2934.44,2,propia,A Coruña,activo
312,2009-02-06,1972-02-14,mujer,divorciado,bachillerato,jubilado,\N,1302.36,1,propia,Sevilla,activo
313,2026-02-12,2007-08-19,hombre,divorciado,formacion_profesional,empleado,0,3092.5,1,familiar,A Coruña,activo
314,2022-08-09,1999-02-11,hombre,soltero,formacion_profesional,empleado,0.3,3129.43,0,alquiler,Valencia,activo
315,2007-09-14,1969-11-08,mujer,divorciado,bachillerato,autonomo,12.1,2391.76,1,propia,Málaga,activo
316,2018-10-02,1982-11-02,hombre,casado,posgrado,empleado,0,1538.42,0,hipotecada,Barcelona,activo
317,2023-01-14,1972-02-13,hombre,viudo,bachillerato,empleado,14.7,2048.46,0,familiar,Vizcaya,activo
318,2021-02-28,1954-10-01,hombre,divorciado,formacion_profesional,empleado,8.0,2174.53,0,hipotecada,Murcia,activo
319,2010-11-04,1987-01-11,mujer,casado,universitario,empleado,7.0,3918.47,0,hipotecada,Vizcaya,activo
320,2022-07-03,1981-04-02,hombre,casado,posgrado,empleado,7.8,1742.89,0,hipotecada,Zaragoza,activo
321,2023-12-22,1998-11-28,mujer,viudo,bachillerato,empleado,9,1127.97,0,alquiler,Zaragoza,activo
322,2016-09-07,1976-09-03,mujer,soltero,bachillerato,jubilado,\N,1476.68,0,alquiler,Barcelona,activo
323,2026-01-05,1979-05-30,hombre,divorciado,universitario,estudiante,0,572.81,0,propia,Alicante,activo
324,2010-02-22,1984-01-24,mujer,divorciado,posgrado,empleado,13.5,1509.5,0,alquiler,Vizcaya,activo
325,2017-04-21,1964-02-12,mujer,divorciado,posgrado,empleado,2.2,1303.78,1,alquiler,Sevilla,activo
326,2021-04-24,1998-05-16,hombre,soltero,universitario,empleado,10,2055.8,2,alquiler,Murcia,activo
327,2005-03-16,1982-01-28,hombre,casado,bachillerato,autonomo,10.2,5424.25,0,hipotecada,Alicante,activo
328,2020-06-05,1999-12-20,hombre,divorciado,formacion_profesional,empleado,8,2058.13,2,hipotecada,Valencia,activo
329,2026-05-25,2008-04-22,mujer,soltero,bachillerato,empleado,0,2086.02,0,propia,Málaga,activo
330,2025-04-30,1999-04-28,hombre,casado,secundaria,empleado,2.2,1726.0,1,hipotecada,Barcelona,activo
331,2015-07-19,1982-09-26,hombre,viudo,bachillerato,empleado,6.4,3103.21,3,familiar,Sevilla,activo
332,2021-06-29,1981-11-07,hombre,divorciado,bachillerato,desempleado,0.7,0,0,hipotecada,Vizcaya,activo
333,2018-04-16,1993-08-08,hombre,divorciado,universitario,empleado,6.5,1787.94,1,alquiler,Sevilla,activo
334,2015-08-30,1978-07-13,mujer,soltero,secundaria,autonomo,8.1,1680.59,1,hipotecada,Vizcaya,activo
335,2012-02-08,1982-03-03,mujer,viudo,universitario,jubilado,\N,1499.45,2,propia,Alicante,activo
336,2017-04-24,1988-06-10,mujer,divorciado,universitario,autonomo,10.5,3049.71,1,propia,A Coruña,activo
337,2016-11-30,1968-05-26,mujer,viudo,universitario,empleado,3.7,1836.09,0,hipotecada,A Coruña,activo
338,2012-03-12,1968-02-29,mujer,casado,universitario,autonomo,0,3732.94,0,alquiler,Zaragoza,activo
339,2005-12-25,1970-05-27,hombre,viudo,universitario,desempleado,4.3,1200.34,0,alquiler,A Coruña,activo
340,2006-02-07,1963-02-20,hombre,soltero,formacion_profesional,empleado,10.1,2369.78,1,hipotecada,Alicante,activo
341,2023-10-13,1987-12-25,mujer,soltero,secundaria,autonomo,10.2,4092.61,0,propia,Alicante,inactivo
342,2009-05-02,1982-03-25,mujer,divorciado,universitario,empleado,10.6,1420.95,0,hipotecada,Alicante,activo
343,2008-09-28,1963-05-09,mujer,divorciado,posgrado,desempleado,0.8,342.65,1,alquiler,Zaragoza,activo
344,2014-08-29,1974-08-11,mujer,divorciado,formacion_profesional,desempleado,0.8,465.99,1,alquiler,Alicante,activo
345,2021-04-16,1974-06-30,mujer,casado,secundaria,empleado,8.6,1677.15,2,alquiler,Valencia,activo
346,2026-05-20,2008-04-21,mujer,divorciado,universitario,empleado,0,2359.11,0,propia,A Coruña,activo
347,2020-09-13,1989-05-13,mujer,soltero,posgrado,autonomo,12.8,1624.08,2,propia,A Coruña,activo
348,2021-09-07,1989-06-25,hombre,casado,bachillerato,desempleado,2.6,566.22,0,hipotecada,Alicante,activo
349,2016-04-27,1959-09-10,hombre,soltero,universitario,empleado,5.5,1787.39,0,propia,Alicante,activo
350,2026-05-08,2008-04-25,otro,casado,bachillerato,empleado,0,1588.82,1,propia,Alicante,activo
351,2017-08-14,1998-05-16,hombre,divorciado,bachillerato,autonomo,10,2417.06,0,alquiler,Murcia,activo
352,2016-08-19,1994-03-03,hombre,casado,posgrado,autonomo,3.5,816.92,0,hipotecada,Madrid,activo
353,2025-02-23,1997-01-25,mujer,viudo,universitario,empleado,11,1443.25,0,familiar,Madrid,activo
354,2022-12-28,2004-10-04,hombre,soltero,secundaria,empleado,3,1536.78,1,hipotecada,Zaragoza,activo
355,2013-09-02,1981-08-02,hombre,viudo,universitario,empleado,6.3,1502.54,2,hipotecada,Madrid,activo
356,2015-12-28,1983-01-12,hombre,divorciado,universitario,empleado,13.1,1562.29,0,hipotecada,Alicante,activo
357,2026-03-06,1964-06-15,hombre,viudo,universitario,empleado,1.2,1858.07,2,hipotecada,Sevilla,activo
358,2020-05-22,1998-11-25,hombre,casado,universitario,estudiante,0,876.61,0,hipotecada,Sevilla,activo
359,2025-02-26,1975-07-05,hombre,casado,universitario,empleado,3.7,1681.5,3,hipotecada,Alicante,activo
360,2025-12-07,1971-08-09,otro,divorciado,universitario,autonomo,6.8,1801.93,0,hipotecada,A Coruña,activo
361,2006-10-14,1980-12-29,hombre,viudo,formacion_profesional,autonomo,17.1,2582.85,1,propia,Sevilla,activo
362,2025-10-04,1981-06-23,hombre,viudo,posgrado,empleado,12.1,1765.49,4,alquiler,Zaragoza,activo
363,2014-01-30,1963-11-25,mujer,soltero,universitario,desempleado,0,151.26,2,alquiler,Madrid,activo
364,2023-12-16,2000-02-26,mujer,divorciado,formacion_profesional,empleado,8,1609.43,0,alquiler,A Coruña,activo
365,2020-06-23,1986-06-03,hombre,viudo,formacion_profesional,empleado,13.6,1963.89,3,propia,Murcia,activo
366,2025-02-10,1967-09-02,mujer,soltero,secundaria,autonomo,8.0,1612.07,3,hipotecada,Zaragoza,activo
367,2016-10-01,1962-05-18,mujer,casado,bachillerato,autonomo,6.3,3062.17,0,propia,Madrid,activo
368,2011-11-29,1984-11-28,mujer,divorciado,secundaria,empleado,5.2,3018.34,0,alquiler,Murcia,activo
369,2023-10-31,1987-09-26,mujer,casado,posgrado,empleado,2.2,3052.05,0,propia,Vizcaya,activo
370,2011-04-16,1992-03-16,hombre,soltero,secundaria,empleado,7.8,1409.02,1,alquiler,Valencia,activo
371,2020-01-28,1981-04-09,hombre,soltero,secundaria,empleado,1.2,3120.42,3,alquiler,Zaragoza,activo
372,2010-06-21,1990-12-19,hombre,soltero,secundaria,autonomo,11.4,2616.64,0,hipotecada,Vizcaya,activo
373,2022-03-18,1993-05-17,mujer,divorciado,posgrado,autonomo,6.3,4305.92,2,hipotecada,Murcia,activo
374,2023-12-06,1997-10-07,hombre,soltero,universitario,empleado,0.9,2186.93,3,propia,A Coruña,activo
375,2024-03-09,1996-11-30,hombre,divorciado,formacion_profesional,empleado,8.7,1327.27,1,alquiler,Madrid,activo
376,2020-05-20,1964-05-03,mujer,viudo,posgrado,empleado,16.1,1879.97,0,hipotecada,Valencia,activo
377,2011-04-17,1989-10-27,mujer,divorciado,universitario,empleado,2.5,3820.7,0,hipotecada,Vizcaya,activo
378,2005-06-03,1961-09-29,hombre,viudo,universitario,empleado,10.6,4021.57,3,hipotecada,A Coruña,activo
379,2018-05-16,1991-08-25,hombre,divorciado,bachillerato,empleado,6.0,950,0,alquiler,Barcelona,activo
380,2012-10-18,1993-12-21,mujer,casado,formacion_profesional,desempleado,0.4,1266.94,0,alquiler,Vizcaya,activo
381,2024-10-13,1988-05-11,hombre,soltero,formacion_profesional,jubilado,\N,2163.62,1,hipotecada,Vizcaya,bloqueado
382,2020-05-30,1974-06-08,mujer,divorciado,secundaria,desempleado,2.7,1108.38,2,hipotecada,Sevilla,activo
383,2015-07-13,1993-01-17,hombre,soltero,bachillerato,empleado,4.7,1776.43,0,alquiler,Zaragoza,activo
384,2008-03-05,1981-02-12,mujer,viudo,secundaria,jubilado,\N,1967.43,0,propia,Madrid,activo
385,2023-08-21,2001-05-07,mujer,divorciado,formacion_profesional,empleado,1.5,2075.23,2,propia,Vizcaya,activo
386,2022-10-25,1994-05-21,mujer,casado,posgrado,empleado,4.3,2539.26,2,hipotecada,Zaragoza,activo
387,2009-02-11,1964-12-12,hombre,viudo,universitario,autonomo,12.9,5647.0,0,alquiler,Zaragoza,activo
388,2024-07-10,1993-08-25,hombre,casado,universitario,empleado,1.8,2931.25,1,familiar,Alicante,activo
389,2024-04-20,2004-05-28,hombre,soltero,universitario,empleado,4,2747.93,0,hipotecada,Murcia,activo
390,2018-04-14,1986-05-03,mujer,viudo,formacion_profesional,empleado,3.0,1939.25,0,hipotecada,Madrid,activo
391,2009-11-18,1979-05-16,hombre,casado,formacion_profesional,desempleado,0,1588.62,1,alquiler,A Coruña,activo
392,2016-08-18,1991-07-18,mujer,divorciado,posgrado,empleado,5.4,4003.91,3,alquiler,A Coruña,activo
393,2024-02-14,1969-04-26,mujer,divorciado,secundaria,empleado,6.6,1821.16,0,alquiler,Madrid,activo
394,2019-01-09,1980-12-11,hombre,casado,universitario,empleado,14.7,1944.3,1,hipotecada,Zaragoza,activo
395,2007-10-26,1978-07-23,hombre,viudo,posgrado,empleado,4.6,2914.11,0,familiar,A Coruña,bloqueado
396,2016-06-05,1965-11-10,hombre,viudo,universitario,empleado,4.0,3088.16,0,propia,Vizcaya,activo
397,2013-03-26,1986-09-09,mujer,soltero,bachillerato,empleado,18.3,1228.06,0,hipotecada,Málaga,activo
398,2008-08-11,1988-08-22,mujer,divorciado,universitario,empleado,7.4,2834.22,1,familiar,Vizcaya,activo
399,2025-04-28,1980-10-11,hombre,soltero,universitario,empleado,1.5,2862.57,3,hipotecada,Málaga,activo
400,2019-02-12,1986-05-30,mujer,divorciado,bachillerato,empleado,0.6,2464.75,0,hipotecada,Málaga,activo
401,2018-07-18,1982-05-04,hombre,casado,formacion_profesional,empleado,6.3,2360.64,0,hipotecada,Madrid,activo
402,2018-08-21,1987-04-18,otro,viudo,bachillerato,jubilado,\N,1925.24,0,alquiler,Valencia,activo
403,2006-03-22,1978-01-05,hombre,casado,formacion_profesional,autonomo,17.5,3546.43,0,hipotecada,Murcia,activo
404,2005-04-08,1984-11-20,mujer,soltero,posgrado,empleado,13.1,3010.41,0,hipotecada,Alicante,activo
405,2020-11-10,1999-02-12,mujer,casado,universitario,empleado,2.4,2866.57,1,alquiler,Sevilla,activo
406,2023-12-27,2004-03-30,hombre,viudo,formacion_profesional,empleado,4,4296.3,0,hipotecada,Málaga,activo
407,2006-04-11,1982-05-14,mujer,soltero,universitario,jubilado,\N,1852.58,1,propia,A Coruña,activo
408,2017-09-12,1968-08-03,mujer,soltero,universitario,desempleado,1.9,1329.22,0,familiar,Málaga,activo
409,2020-07-11,1976-11-24,mujer,viudo,formacion_profesional,estudiante,0,688.55,0,familiar,Málaga,activo
410,2018-02-07,1996-02-16,mujer,casado,universitario,empleado,4.6,2039.88,1,propia,Murcia,activo
411,2009-06-09,1989-02-18,hombre,viudo,universitario,empleado,8.4,2190.52,0,alquiler,Murcia,activo
412,2014-10-13,1982-10-30,mujer,soltero,universitario,empleado,10.2,4852.11,0,familiar,Zaragoza,activo
413,2020-04-17,1979-01-12,hombre,casado,bachillerato,empleado,9.8,2558.78,2,propia,Alicante,activo
414,2015-11-03,1993-07-27,hombre,soltero,bachillerato,empleado,4.8,2030.44,2,hipotecada,A Coruña,activo
415,2021-08-19,1998-02-28,hombre,divorciado,secundaria,empleado,0,3757.02,2,hipotecada,Madrid,inactivo
416,2007-08-27,1982-12-06,hombre,soltero,secundaria,empleado,16.4,2714.95,1,propia,Madrid,activo
417,2025-09-09,1993-11-01,hombre,casado,universitario,empleado,7.8,2558.41,0,propia,Barcelona,activo
418,2016-02-25,1980-05-03,hombre,soltero,posgrado,empleado,8.3,2384.32,2,alquiler,Valencia,activo
419,2023-10-06,1971-01-18,hombre,viudo,bachillerato,jubilado,\N,1784.97,0,alquiler,Valencia,activo
420,2010-06-19,1978-11-19,mujer,soltero,posgrado,jubilado,\N,1972.02,2,propia,Madrid,activo
421,2025-10-09,1982-03-31,hombre,divorciado,universitario,empleado,0,5276.61,2,alquiler,Valencia,activo
422,2020-07-07,1970-08-23,hombre,casado,bachillerato,empleado,13.7,1449.67,2,familiar,Barcelona,activo
423,2015-09-25,1989-08-18,hombre,soltero,bachillerato,estudiante,0,1065.15,0,hipotecada,Murcia,activo
424,2008-12-15,1984-10-19,hombre,soltero,posgrado,empleado,6.9,1966.88,2,propia,Madrid,activo
425,2016-07-20,1963-10-26,hombre,soltero,bachillerato,empleado,9.4,2406.37,0,alquiler,Sevilla,activo
426,2024-12-29,1963-12-21,hombre,casado,formacion_profesional,empleado,9.2,2120.77,3,propia,Zaragoza,activo
427,2010-08-22,1988-02-13,hombre,casado,universitario,empleado,1.9,1873.03,2,hipotecada,A Coruña,activo
428,2017-12-19,1980-04-04,otro,viudo,universitario,jubilado,\N,1880.34,2,propia,Alicante,activo
429,2011-09-12,1988-02-25,otro,soltero,posgrado,empleado,4.6,3551.4,1,hipotecada,Vizcaya,activo
430,2015-12-26,1988-06-13,hombre,viudo,posgrado,empleado,9.4,2057.62,0,propia,Málaga,activo
431,2017-03-08,1997-02-28,hombre,casado,posgrado,empleado,0.7,2509.1,1,alquiler,Zaragoza,inactivo
432,2015-06-01,1978-08-15,mujer,casado,universitario,autonomo,3.1,1900.3,2,propia,Zaragoza,activo
433,2016-07-18,1986-06-02,mujer,divorciado,formacion_profesional,jubilado,\N,1273.0,0,hipotecada,Barcelona,activo
434,2025-12-25,2007-09-17,mujer,casado,formacion_profesional,empleado,0,1741.44,2,familiar,Vizcaya,activo
435,2024-04-09,2001-07-17,mujer,divorciado,formacion_profesional,empleado,0.9,1424.39,0,alquiler,Barcelona,activo
436,2025-01-02,1982-03-26,hombre,casado,bachillerato,estudiante,0,947.27,0,hipotecada,Murcia,inactivo
437,2024-08-16,1976-04-14,hombre,casado,secundaria,empleado,12.2,1853.62,0,hipotecada,Sevilla,activo
438,2022-03-19,1989-10-07,mujer,viudo,formacion_profesional,empleado,8.3,2553.6,1,propia,Málaga,activo
439,2026-02-04,1999-04-05,hombre,casado,universitario,empleado,7.2,1548.97,0,alquiler,Valencia,activo
440,2021-01-11,1987-07-04,mujer,viudo,bachillerato,estudiante,0,707.23,0,propia,Vizcaya,bloqueado
441,2009-04-09,1990-07-04,mujer,viudo,posgrado,autonomo,5.0,800,0,propia,Vizcaya,activo
442,2012-06-06,1984-10-14,hombre,soltero,formacion_profesional,autonomo,12.8,7648.68,0,alquiler,Sevilla,activo
443,2014-11-15,1988-11-14,hombre,soltero,posgrado,empleado,10.7,2359.33,0,alquiler,Murcia,activo
444,2019-07-27,1988-01-20,hombre,viudo,posgrado,empleado,9.9,1978.14,0,propia,Murcia,activo
445,2021-10-28,1993-11-30,hombre,divorciado,secundaria,empleado,11.3,1362.12,0,familiar,Alicante,activo
446,2005-02-24,1969-05-16,hombre,viudo,formacion_profesional,empleado,0,3489.91,2,alquiler,Málaga,activo
447,2015-06-25,1990-09-05,mujer,soltero,universitario,empleado,7.7,2691.48,0,familiar,Alicante,activo
448,2020-04-07,1991-04-01,mujer,divorciado,universitario,estudiante,0,598.38,2,alquiler,Málaga,activo
449,2020-05-20,1985-08-13,hombre,divorciado,formacion_profesional,empleado,0.5,2540.31,2,hipotecada,Zaragoza,activo
450,2006-03-10,1985-04-08,mujer,casado,universitario,empleado,4.4,1211.08,1,hipotecada,Valencia,activo
451,2012-03-27,1973-09-25,mujer,soltero,universitario,estudiante,0,896.92,0,alquiler,Valencia,activo
452,2021-12-31,2002-06-24,hombre,casado,universitario,empleado,1.1,1873.38,0,alquiler,Vizcaya,activo
453,2020-12-25,1957-10-01,hombre,divorciado,universitario,empleado,5.1,2656.57,2,propia,Murcia,activo
454,2016-09-25,1981-08-29,hombre,casado,formacion_profesional,autonomo,18.8,1615.3,0,propia,Barcelona,activo
455,2020-06-30,1978-11-26,hombre,divorciado,secundaria,autonomo,8.5,2630.39,1,alquiler,Madrid,activo
456,2022-07-20,1980-05-12,mujer,divorciado,posgrado,empleado,9.3,2584.07,0,alquiler,Valencia,activo
457,2022-07-07,1963-10-18,hombre,divorciado,bachillerato,autonomo,14.4,1531.78,0,hipotecada,Madrid,activo
458,2025-09-24,1973-05-11,hombre,divorciado,posgrado,empleado,2.5,2220.68,0,alquiler,Vizcaya,inactivo
459,2014-02-21,1970-03-06,hombre,divorciado,universitario,empleado,5.7,3925.56,0,hipotecada,Sevilla,activo
460,2014-02-19,1984-09-20,hombre,viudo,universitario,empleado,15.7,2927.16,0,alquiler,Vizcaya,activo
461,2020-03-05,1971-07-29,hombre,casado,formacion_profesional,empleado,5.0,1492.68,3,hipotecada,Alicante,inactivo
462,2010-07-15,1987-04-30,hombre,viudo,formacion_profesional,desempleado,0,793.57,2,hipotecada,Alicante,activo
463,2022-03-24,1967-04-17,hombre,soltero,universitario,empleado,6.5,1358.19,0,alquiler,Madrid,inactivo
464,2012-05-02,1969-07-18,mujer,viudo,bachillerato,empleado,6.1,2402.34,0,hipotecada,Murcia,activo
465,2024-11-08,2000-09-27,hombre,divorciado,posgrado,empleado,6.8,1763.72,0,propia,Alicante,activo
466,2022-02-19,1968-10-24,hombre,casado,formacion_profesional,empleado,12.9,3077.5,1,alquiler,Murcia,activo
467,2020-06-12,1994-07-20,hombre,soltero,universitario,autonomo,4.8,2173.96,1,hipotecada,Alicante,activo
468,2014-03-29,1972-12-30,mujer,soltero,posgrado,empleado,9.6,2529.86,1,propia,Valencia,activo
469,2019-10-03,1970-11-08,hombre,viudo,universitario,estudiante,0,688.42,1,familiar,Alicante,activo
470,2024-04-19,1995-05-12,hombre,divorciado,formacion_profesional,empleado,5.1,2612.66,1,alquiler,Murcia,activo
471,2026-06-22,2008-05-23,mujer,soltero,universitario,empleado,0,1769.3,1,alquiler,A Coruña,activo
472,2015-08-30,1985-10-02,hombre,divorciado,bachillerato,empleado,8.6,1975.18,2,alquiler,A Coruña,activo
473,2022-09-23,2003-09-24,hombre,viudo,bachillerato,estudiante,0,599.64,1,familiar,Murcia,activo
474,2024-02-16,1985-08-20,hombre,casado,bachillerato,autonomo,16.5,2337.6,1,hipotecada,Málaga,activo
475,2019-03-22,1975-05-30,mujer,viudo,bachillerato,empleado,2.7,1591.48,1,propia,Madrid,activo
476,2015-11-21,1982-11-06,hombre,divorciado,universitario,empleado,16.4,1955.29,0,propia,Vizcaya,activo
477,2022-07-19,1970-10-26,hombre,soltero,formacion_profesional,empleado,15.7,3622.24,3,hipotecada,Valencia,activo
478,2025-12-04,1981-10-17,mujer,soltero,bachillerato,empleado,13.5,2839.42,2,propia,Zaragoza,activo
479,2015-03-25,1991-12-14,hombre,divorciado,formacion_profesional,jubilado,\N,2331.99,0,propia,A Coruña,activo
480,2026-04-12,1966-07-08,mujer,casado,formacion_profesional,empleado,9.1,2328.55,0,hipotecada,Málaga,activo
481,2005-10-13,1946-08-25,hombre,viudo,formacion_profesional,desempleado,0,1005.05,1,familiar,Zaragoza,activo
482,2025-09-11,2007-07-16,hombre,casado,formacion_profesional,empleado,0,1616.49,3,hipotecada,Valencia,activo
483,2019-03-01,1981-11-18,mujer,viudo,posgrado,empleado,8.0,3899.82,0,alquiler,Alicante,activo
484,2015-12-09,1994-05-10,hombre,soltero,universitario,autonomo,0,2725.01,2,propia,Murcia,activo
485,2018-02-10,1998-08-07,mujer,casado,universitario,empleado,4.8,1660.15,0,hipotecada,Zaragoza,activo
486,2015-09-24,1986-11-12,hombre,soltero,formacion_profesional,estudiante,0,794.39,1,propia,Alicante,activo
487,2010-01-13,1976-09-11,hombre,viudo,universitario,empleado,11.7,2418.44,0,propia,Zaragoza,activo
488,2026-03-31,1975-04-05,hombre,viudo,formacion_profesional,empleado,7.5,3354.16,3,alquiler,Sevilla,activo
489,2009-11-01,1973-08-27,hombre,divorciado,posgrado,jubilado,\N,1595.36,0,propia,Murcia,activo
490,2013-04-17,1963-02-24,hombre,viudo,universitario,empleado,0,2443.52,3,hipotecada,Málaga,activo
491,2007-02-20,1978-05-24,mujer,soltero,bachillerato,empleado,1.2,2136.38,2,hipotecada,Málaga,activo
492,2022-04-01,1995-12-11,mujer,viudo,bachillerato,empleado,2.5,1710.3,0,propia,Madrid,activo
493,2016-03-13,1983-04-27,mujer,divorciado,formacion_profesional,estudiante,0,945.12,3,alquiler,Valencia,activo
494,2026-03-05,2004-01-21,mujer,soltero,bachillerato,jubilado,\N,1774.58,2,propia,Valencia,activo
495,2019-12-25,1991-06-13,mujer,viudo,formacion_profesional,empleado,17,2791.84,0,propia,Valencia,activo
496,2012-11-03,1984-04-28,mujer,soltero,universitario,empleado,9.9,2948.77,0,alquiler,Alicante,activo
497,2010-07-10,1969-05-22,mujer,soltero,universitario,autonomo,17.0,11884.62,1,propia,Barcelona,activo
498,2023-08-20,1979-11-08,mujer,viudo,formacion_profesional,autonomo,6.9,2565.38,0,hipotecada,A Coruña,activo
499,2009-09-28,1963-04-26,mujer,viudo,secundaria,estudiante,0,740.87,2,propia,Sevilla,activo
500,2013-12-03,1993-12-08,hombre,viudo,universitario,empleado,1.1,1611.88,3,familiar,A Coruña,activo
501,2013-01-20,1972-04-24,hombre,viudo,universitario,autonomo,0,5135.26,0,hipotecada,Alicante,activo
502,2014-07-22,1981-08-12,mujer,soltero,formacion_profesional,empleado,3.8,3046.08,2,alquiler,Murcia,activo
503,2021-09-23,2002-01-28,mujer,soltero,posgrado,jubilado,\N,1580.48,0,alquiler,Vizcaya,activo
504,2021-02-24,1993-11-25,hombre,viudo,bachillerato,empleado,6.9,2805.16,0,propia,Alicante,activo
505,2006-11-14,1973-06-07,hombre,casado,bachillerato,empleado,5.6,2671.56,0,propia,A Coruña,activo
506,2026-05-06,2007-02-19,hombre,viudo,formacion_profesional,autonomo,1,2533.62,1,hipotecada,A Coruña,activo
507,2020-06-28,1981-12-28,hombre,casado,universitario,autonomo,7.0,3632.88,0,propia,Valencia,activo
508,2010-06-04,1976-08-02,hombre,casado,posgrado,empleado,8.5,3253.73,0,hipotecada,Murcia,activo
509,2015-07-30,1971-10-26,hombre,viudo,posgrado,empleado,4.4,2106.45,0,hipotecada,A Coruña,activo
510,2021-05-25,1957-08-29,mujer,viudo,bachillerato,empleado,0.3,1685.94,1,propia,Madrid,activo
511,2017-12-05,1981-11-26,hombre,divorciado,universitario,empleado,0,1985.54,0,alquiler,Murcia,activo
512,2016-05-21,1982-03-04,hombre,viudo,posgrado,empleado,0,3293.63,1,hipotecada,Zaragoza,activo
513,2019-08-22,1999-11-02,hombre,viudo,posgrado,empleado,5.7,1249.67,0,alquiler,Sevilla,activo
514,2020-09-04,1990-03-15,hombre,casado,bachillerato,empleado,12.0,1969.34,0,propia,Málaga,activo
515,2026-04-03,2008-01-08,hombre,soltero,posgrado,autonomo,0,4799.7,2,alquiler,Murcia,activo
516,2019-07-08,2000-05-05,mujer,casado,universitario,desempleado,0,163.22,0,hipotecada,Zaragoza,activo
517,2022-02-03,1976-11-16,hombre,casado,formacion_profesional,empleado,10.5,2603.28,1,alquiler,Madrid,activo
518,2011-06-08,1983-01-08,mujer,casado,universitario,empleado,16.1,1429.9,2,alquiler,Sevilla,activo
519,2025-02-21,1973-12-03,mujer,soltero,secundaria,empleado,11.0,2004.88,0,alquiler,Valencia,activo
520,2017-10-26,1996-06-12,mujer,divorciado,formacion_profesional,estudiante,0,790.82,0,hipotecada,Vizcaya,activo
521,2025-05-24,1968-01-22,mujer,viudo,universitario,empleado,1.3,2393.64,0,hipotecada,Alicante,activo
522,2005-10-30,1979-05-19,mujer,casado,secundaria,empleado,0,1704.65,2,alquiler,Vizcaya,activo
523,2013-01-28,1994-06-19,mujer,divorciado,universitario,estudiante,0,1068.76,1,familiar,Barcelona,activo
524,2019-03-09,1987-02-19,hombre,casado,universitario,empleado,0,3707.55,1,familiar,A Coruña,activo
525,2020-07-06,1990-07-26,mujer,casado,universitario,desempleado,1.7,0,1,alquiler,Sevilla,activo
526,2012-05-09,1972-05-08,hombre,viudo,posgrado,empleado,4.3,950,0,alquiler,Murcia,activo
527,2013-04-14,1981-05-22,otro,viudo,universitario,autonomo,10.2,2192.85,1,alquiler,Valencia,activo
528,2026-06-17,2008-04-18,hombre,casado,posgrado,empleado,0,2576.84,0,alquiler,Barcelona,activo
529,2026-03-19,2007-08-27,hombre,soltero,universitario,empleado,0,1951.86,0,propia,A Coruña,activo
530,2006-02-03,1983-11-28,hombre,divorciado,secundaria,jubilado,\N,1611.31,0,propia,Murcia,activo
531,2011-12-13,1972-09-10,hombre,viudo,bachillerato,empleado,0.3,2076.69,1,hipotecada,Barcelona,activo
532,2023-01-22,1997-08-15,hombre,soltero,posgrado,empleado,6.2,1052.89,1,hipotecada,A Coruña,activo
533,2022-11-10,1979-08-13,mujer,soltero,posgrado,desempleado,4.2,615.9,1,alquiler,Murcia,activo
534,2025-12-31,1985-07-28,mujer,viudo,secundaria,empleado,7.0,3334.07,0,alquiler,Zaragoza,activo
535,2013-01-28,1987-06-20,hombre,soltero,universitario,empleado,7.9,1481.95,0,alquiler,Valencia,activo
536,2026-05-11,1984-01-25,hombre,viudo,secundaria,empleado,9.2,1257.44,0,propia,Zaragoza,activo
537,2006-03-01,1985-04-30,hombre,soltero,bachillerato,empleado,18.9,3272.34,1,alquiler,Vizcaya,activo
538,2020-02-26,1996-12-04,mujer,soltero,bachillerato,jubilado,\N,2067.14,0,alquiler,Valencia,activo
539,2025-05-07,1988-05-19,hombre,soltero,universitario,empleado,11.8,3273.97,0,familiar,A Coruña,activo
540,2012-10-30,1993-06-30,mujer,viudo,posgrado,jubilado,\N,3047.15,1,hipotecada,Sevilla,activo
541,2018-03-25,1998-06-07,hombre,divorciado,posgrado,autonomo,4.3,2939.85,0,propia,Vizcaya,activo
542,2026-03-16,1971-07-17,otro,divorciado,bachillerato,empleado,5.8,1172.81,0,familiar,Zaragoza,activo
543,2025-09-08,1961-08-04,mujer,viudo,universitario,empleado,7.8,1883.64,1,alquiler,Barcelona,activo
544,2026-03-02,2007-07-23,hombre,soltero,bachillerato,autonomo,0,1287.08,2,alquiler,Sevilla,activo
545,2017-10-05,1993-06-20,mujer,casado,bachillerato,autonomo,9.4,3446.62,2,alquiler,Zaragoza,activo
546,2020-11-09,1967-07-06,hombre,casado,universitario,empleado,8.3,2435.05,0,alquiler,A Coruña,activo
547,2023-01-14,1988-04-26,mujer,casado,universitario,empleado,6.3,1528.24,0,propia,Vizcaya,activo
548,2016-11-14,1998-11-11,hombre,divorciado,formacion_profesional,jubilado,\N,1252.32,1,familiar,Málaga,inactivo
549,2013-02-09,1970-10-21,mujer,soltero,posgrado,empleado,11.2,2269.04,0,propia,Alicante,activo
550,2008-09-09,1953-03-22,mujer,divorciado,bachillerato,empleado,4.1,1279.72,0,alquiler,Zaragoza,activo
551,2022-10-24,1970-10-08,hombre,soltero,secundaria,empleado,0,1096.88,0,propia,Madrid,activo
552,2022-11-16,2004-07-10,hombre,soltero,universitario,desempleado,4.8,1508.54,0,alquiler,Málaga,activo
553,2014-01-04,1973-12-17,mujer,soltero,formacion_profesional,empleado,1.0,2725.47,0,familiar,Madrid,activo
554,2025-06-13,1995-11-11,mujer,divorciado,formacion_profesional,empleado,5.5,1759.52,2,alquiler,A Coruña,activo
555,2009-03-04,1985-11-15,mujer,casado,formacion_profesional,empleado,15.1,1769.74,0,hipotecada,Málaga,activo
556,2007-02-24,1988-12-24,hombre,casado,universitario,empleado,7.7,2480.9,1,propia,Barcelona,activo
557,2009-04-01,1958-01-07,hombre,viudo,posgrado,autonomo,0,3108.02,1,familiar,Murcia,activo
558,2019-03-21,2001-03-10,mujer,viudo,bachillerato,empleado,7,2785.91,2,propia,Madrid,activo
559,2005-03-23,1967-12-28,hombre,casado,bachillerato,empleado,0,1857.05,0,propia,Valencia,activo
560,2026-06-12,1996-01-09,mujer,soltero,formacion_profesional,empleado,6.8,1729.65,2,propia,Murcia,activo
561,2013-04-17,1977-02-28,mujer,soltero,secundaria,desempleado,0,281.23,3,hipotecada,Valencia,bloqueado
562,2020-07-29,1980-12-19,hombre,soltero,universitario,empleado,3.9,2415.09,1,alquiler,Valencia,activo
563,2009-09-11,1961-10-23,hombre,divorciado,formacion_profesional,autonomo,0,9760.75,1,alquiler,Zaragoza,activo
564,2021-01-19,1986-10-27,mujer,soltero,bachillerato,jubilado,\N,1156.37,0,familiar,Murcia,activo
565,2014-07-14,1974-01-25,hombre,soltero,bachillerato,estudiante,0,383.75,1,propia,Murcia,activo
566,2022-11-10,1994-06-09,mujer,divorciado,formacion_profesional,empleado,6.6,1811.42,0,propia,Sevilla,activo
567,2011-08-10,1984-05-19,hombre,soltero,formacion_profesional,desempleado,0,1027.92,2,alquiler,Zaragoza,activo
568,2020-02-22,1985-03-22,otro,divorciado,secundaria,empleado,5.4,1095.42,1,alquiler,Zaragoza,bloqueado
569,2021-01-06,1993-12-06,mujer,viudo,bachillerato,desempleado,1.2,853.41,1,hipotecada,Sevilla,inactivo
570,2026-03-17,1999-09-22,hombre,viudo,bachillerato,empleado,8.0,3002.09,0,alquiler,Vizcaya,activo
571,2011-11-09,1976-04-26,mujer,divorciado,bachillerato,jubilado,\N,1801.42,0,alquiler,Alicante,activo
572,2012-04-25,1982-01-28,otro,viudo,posgrado,empleado,0,2302.46,0,propia,Alicante,inactivo
573,2007-06-09,1970-10-31,mujer,viudo,secundaria,empleado,8.9,1886.57,1,propia,Alicante,activo
574,2016-10-05,1985-07-28,hombre,casado,posgrado,empleado,10.6,1208.35,0,propia,Alicante,activo
575,2010-02-09,1989-03-17,mujer,casado,universitario,estudiante,0,668.0,0,familiar,A Coruña,activo
576,2011-03-07,1976-11-08,hombre,divorciado,posgrado,empleado,14.6,3919.82,2,hipotecada,Murcia,activo
577,2011-10-25,1987-05-16,hombre,casado,formacion_profesional,autonomo,8.4,4944.75,2,propia,A Coruña,activo
578,2009-02-11,1984-07-28,mujer,viudo,formacion_profesional,autonomo,1.4,3004.37,0,hipotecada,Barcelona,activo
579,2016-04-25,1978-05-08,hombre,soltero,universitario,autonomo,7.9,2002.23,0,hipotecada,Murcia,activo
580,2023-08-29,2001-03-23,hombre,viudo,secundaria,empleado,7,1258.06,0,alquiler,Sevilla,activo
581,2023-05-27,1986-11-02,hombre,soltero,universitario,empleado,1.8,2394.63,0,propia,Zaragoza,activo
582,2016-12-09,1973-07-20,mujer,soltero,formacion_profesional,empleado,14.1,4820.64,2,alquiler,Madrid,activo
583,2022-03-17,1986-12-20,hombre,casado,universitario,empleado,6.1,4226.39,0,propia,Vizcaya,inactivo
584,2019-01-22,1973-09-16,hombre,divorciado,formacion_profesional,empleado,9.8,1450.42,3,propia,Zaragoza,activo
585,2006-06-25,1974-03-10,hombre,viudo,posgrado,autonomo,8.3,1548.74,0,propia,Vizcaya,activo
586,2008-11-05,1974-09-13,mujer,casado,formacion_profesional,empleado,0,1488.02,1,hipotecada,Zaragoza,activo
587,2012-07-08,1963-05-28,mujer,soltero,bachillerato,empleado,6.0,3582.09,1,hipotecada,Barcelona,activo
588,2024-01-17,1992-02-27,mujer,casado,posgrado,empleado,14.6,1373.14,0,hipotecada,Murcia,activo
589,2012-02-15,1984-02-09,hombre,soltero,bachillerato,autonomo,2.7,4509.74,3,hipotecada,Zaragoza,activo
590,2010-07-28,1982-07-26,hombre,soltero,secundaria,desempleado,1.0,1409.59,2,alquiler,Sevilla,activo
591,2025-08-21,1993-06-04,mujer,casado,bachillerato,jubilado,\N,1989.77,0,propia,Murcia,activo
592,2008-09-06,1986-01-22,hombre,viudo,secundaria,autonomo,8.0,2015.8,0,familiar,Alicante,activo
593,2008-10-06,1971-12-20,mujer,viudo,universitario,empleado,4.3,1933.72,3,hipotecada,Málaga,activo
594,2017-01-18,1979-08-31,hombre,casado,universitario,empleado,1.6,2684.23,0,propia,Sevilla,activo
595,2005-04-16,1980-06-28,hombre,divorciado,formacion_profesional,estudiante,0,608.3,0,alquiler,A Coruña,activo
596,2019-12-20,1997-05-25,mujer,divorciado,universitario,estudiante,0,830.27,3,hipotecada,Zaragoza,activo
597,2020-11-27,1983-10-14,hombre,divorciado,universitario,empleado,0.3,3297.82,2,hipotecada,Valencia,activo
598,2026-06-09,2008-02-18,hombre,soltero,universitario,jubilado,\N,1976.6,1,hipotecada,Alicante,activo
599,2020-11-02,1974-12-10,hombre,viudo,universitario,empleado,9.0,3786.36,2,hipotecada,Barcelona,activo
600,2019-04-09,1970-05-06,mujer,soltero,secundaria,empleado,6.9,1818.42,0,hipotecada,Vizcaya,activo
601,2024-07-07,2004-11-29,hombre,casado,bachillerato,autonomo,3,1642.63,0,propia,Valencia,inactivo
602,2016-01-12,1992-03-24,mujer,soltero,formacion_profesional,jubilado,\N,2122.97,3,alquiler,Málaga,activo
603,2020-01-25,1994-05-29,mujer,soltero,secundaria,empleado,7.0,1572.41,0,alquiler,Madrid,inactivo
604,2018-07-11,1984-12-20,mujer,divorciado,posgrado,empleado,0,3315.94,1,hipotecada,Zaragoza,activo
605,2013-12-09,1980-07-25,mujer,casado,secundaria,empleado,5.9,1405.29,0,propia,Vizcaya,activo
606,2026-05-02,1978-02-07,hombre,divorciado,secundaria,autonomo,1.5,4322.9,0,alquiler,Madrid,activo
607,2024-12-28,1997-01-15,hombre,soltero,universitario,empleado,8.3,2116.58,3,alquiler,Sevilla,inactivo
608,2016-09-11,1995-07-02,mujer,soltero,formacion_profesional,estudiante,0,1087.19,2,hipotecada,Vizcaya,activo
609,2020-09-17,2000-11-03,hombre,soltero,secundaria,estudiante,0,1035.63,1,familiar,Madrid,activo
610,2013-07-31,1988-04-09,mujer,soltero,universitario,estudiante,0,675.26,0,familiar,Murcia,activo
611,2018-10-27,1993-05-15,hombre,viudo,universitario,estudiante,0,1192.83,1,hipotecada,Alicante,activo
612,2016-03-03,1993-03-03,mujer,casado,universitario,empleado,3.4,1887.24,0,familiar,A Coruña,inactivo
613,2011-12-22,1968-06-30,mujer,casado,secundaria,empleado,11.4,2560.68,0,propia,Murcia,activo
614,2008-03-31,1985-01-20,hombre,soltero,universitario,desempleado,2.8,758.28,1,alquiler,Barcelona,activo
615,2015-09-24,1986-09-11,mujer,casado,universitario,empleado,16.6,1693.63,3,propia,Sevilla,activo
616,2024-03-20,1985-03-31,hombre,viudo,posgrado,empleado,5.4,4365.75,4,hipotecada,Alicante,activo
617,2020-08-14,1963-02-07,hombre,divorciado,universitario,jubilado,\N,2101.25,1,alquiler,Madrid,activo
618,2019-09-07,1970-11-09,hombre,casado,universitario,empleado,0.6,1011.42,0,propia,A Coruña,activo
619,2013-06-12,1964-04-16,mujer,soltero,formacion_profesional,jubilado,\N,2274.33,0,alquiler,Madrid,activo
620,2018-04-24,1971-01-09,hombre,divorciado,universitario,empleado,11.0,963.41,0,familiar,Alicante,activo
621,2019-10-09,1976-07-22,hombre,soltero,bachillerato,empleado,0,1931.32,0,propia,Murcia,activo
622,2021-04-19,2003-03-08,mujer,viudo,formacion_profesional,empleado,0,4050.48,1,hipotecada,Alicante,activo
623,2006-06-05,1986-01-15,hombre,viudo,secundaria,autonomo,11.0,5653.14,0,hipotecada,Vizcaya,activo
624,2024-03-17,1989-04-28,mujer,soltero,secundaria,autonomo,0,1273.38,0,alquiler,Valencia,activo
625,2006-11-25,1974-06-13,mujer,viudo,posgrado,jubilado,\N,1951.92,1,hipotecada,Sevilla,activo
626,2018-05-03,1993-10-08,otro,divorciado,universitario,autonomo,14,2387.8,1,alquiler,Barcelona,activo
627,2009-03-21,1986-06-12,mujer,divorciado,bachillerato,empleado,5.7,2957.21,0,hipotecada,Barcelona,activo
628,2015-03-27,1993-08-02,mujer,soltero,universitario,empleado,5.8,1528.35,0,propia,Sevilla,activo
629,2023-05-28,1986-08-04,hombre,divorciado,bachillerato,empleado,0.7,1251.5,0,propia,Vizcaya,inactivo
630,2020-06-30,1994-05-16,mujer,divorciado,secundaria,estudiante,0,822.95,2,alquiler,Sevilla,activo
631,2010-04-02,1988-04-28,hombre,divorciado,universitario,empleado,8.6,3990.11,2,hipotecada,Madrid,activo
632,2009-01-20,1966-12-14,hombre,soltero,universitario,empleado,17.6,2314.99,2,hipotecada,Valencia,activo
633,2006-03-10,1972-02-15,mujer,viudo,universitario,jubilado,\N,2255.7,1,propia,Zaragoza,activo
634,2026-05-14,1979-02-10,hombre,divorciado,universitario,empleado,1.4,2953.78,2,hipotecada,Barcelona,inactivo
635,2019-02-26,1988-04-07,mujer,viudo,universitario,empleado,0,3140.45,1,familiar,Valencia,activo
636,2023-07-04,1999-07-20,mujer,divorciado,bachillerato,autonomo,8,2140.01,3,hipotecada,Vizcaya,activo
637,2008-10-12,1984-11-13,mujer,divorciado,posgrado,autonomo,6.4,5752.05,0,alquiler,Alicante,activo
638,2025-07-02,1966-01-08,hombre,viudo,bachillerato,autonomo,21.9,4344.0,1,alquiler,Vizcaya,activo
639,2025-01-07,1981-11-05,hombre,soltero,formacion_profesional,empleado,5.8,2174.03,1,hipotecada,Alicante,activo
640,2009-06-07,1986-10-23,hombre,divorciado,bachillerato,empleado,8.8,2224.4,0,alquiler,Málaga,activo
641,2023-10-03,2002-09-30,hombre,divorciado,posgrado,empleado,5,1714.6,0,hipotecada,Barcelona,activo
642,2014-06-12,1981-12-10,mujer,divorciado,secundaria,autonomo,9.6,4236.96,0,alquiler,Murcia,activo
643,2021-11-05,1977-01-15,hombre,soltero,posgrado,autonomo,0,5564.26,3,hipotecada,Valencia,activo
644,2010-04-22,1973-07-15,hombre,divorciado,formacion_profesional,empleado,11.9,3207.41,1,hipotecada,Sevilla,activo
645,2021-01-07,2000-03-27,hombre,viudo,universitario,empleado,1.6,1564.69,1,hipotecada,Vizcaya,activo
646,2021-10-05,1989-09-01,mujer,viudo,secundaria,empleado,4.9,1795.25,0,propia,Madrid,bloqueado
647,2018-09-10,1995-07-08,hombre,divorciado,formacion_profesional,empleado,11.2,2089.9,0,alquiler,Alicante,activo
648,2005-12-01,1983-03-30,mujer,viudo,bachillerato,empleado,17.6,2566.72,0,familiar,Zaragoza,activo
649,2005-04-22,1986-07-24,mujer,divorciado,bachillerato,autonomo,10.5,3620.75,0,propia,A Coruña,activo
650,2023-12-23,2005-04-25,mujer,divorciado,formacion_profesional,empleado,3,2842.94,0,alquiler,Sevilla,activo
651,2013-08-09,1991-04-27,hombre,viudo,secundaria,empleado,6.4,2336.68,0,alquiler,Vizcaya,activo
652,2020-08-17,1981-02-10,hombre,casado,universitario,jubilado,\N,1457.72,0,alquiler,Vizcaya,inactivo
653,2014-10-27,1958-04-07,hombre,casado,universitario,autonomo,0,1645.11,0,hipotecada,Madrid,activo
654,2016-04-20,1965-11-09,mujer,casado,bachillerato,autonomo,0.7,2793.27,0,alquiler,Málaga,activo
655,2025-10-19,1976-02-09,mujer,divorciado,secundaria,empleado,7.7,1776.3,1,hipotecada,Vizcaya,activo
656,2011-08-13,1983-08-22,mujer,soltero,universitario,empleado,9.7,2883.31,3,hipotecada,Málaga,activo
657,2009-08-16,1969-09-21,mujer,casado,formacion_profesional,desempleado,1.8,384.78,1,hipotecada,Alicante,activo
658,2008-04-30,1972-12-24,hombre,viudo,posgrado,estudiante,0,834.24,0,propia,Málaga,activo
659,2011-12-16,1979-06-21,mujer,viudo,secundaria,empleado,5.5,1555.3,0,alquiler,Madrid,activo
660,2007-03-28,1986-08-27,mujer,soltero,universitario,empleado,10.6,3566.3,0,propia,Barcelona,activo
661,2021-07-06,1980-09-26,mujer,casado,formacion_profesional,desempleado,0.8,964.07,0,alquiler,Sevilla,activo
662,2017-03-12,1962-08-14,mujer,casado,secundaria,empleado,9.6,2785.84,0,propia,Sevilla,activo
663,2014-12-31,1990-07-31,hombre,casado,posgrado,empleado,8.2,3287.15,2,propia,Málaga,activo
664,2022-05-28,1996-05-01,mujer,casado,formacion_profesional,jubilado,\N,2290.18,3,alquiler,Valencia,activo
665,2020-05-31,1986-07-25,mujer,divorciado,universitario,empleado,4.4,3022.73,0,hipotecada,Barcelona,activo
666,2022-06-12,1977-04-15,hombre,soltero,secundaria,autonomo,0,2044.09,2,alquiler,Málaga,activo
667,2009-01-29,1976-04-26,mujer,divorciado,bachillerato,autonomo,12.2,2050.94,1,familiar,Sevilla,inactivo
668,2025-10-11,1996-09-28,mujer,casado,universitario,empleado,11,3092.38,1,propia,Madrid,activo
669,2017-07-11,1975-12-28,hombre,viudo,bachillerato,empleado,16.3,3346.89,2,hipotecada,Alicante,activo
670,2021-10-03,1982-06-02,mujer,soltero,formacion_profesional,empleado,16.4,2026.71,3,hipotecada,Valencia,activo
671,2010-07-01,1970-05-21,mujer,divorciado,formacion_profesional,empleado,7.9,2802.63,0,hipotecada,Murcia,activo
672,2007-07-01,1979-02-05,mujer,viudo,universitario,empleado,0,3058.91,0,hipotecada,A Coruña,activo
673,2024-04-30,2005-11-26,hombre,soltero,bachillerato,empleado,2,1434.88,3,propia,Vizcaya,activo
674,2016-01-08,1987-07-12,hombre,viudo,bachillerato,empleado,5.8,2600.72,0,propia,Barcelona,activo
675,2017-04-30,1999-01-11,mujer,casado,universitario,empleado,9,1720.16,0,hipotecada,Madrid,activo
676,2017-09-01,1982-09-13,hombre,divorciado,universitario,empleado,9.1,4066.78,0,familiar,Vizcaya,activo
677,2007-11-28,1975-12-31,mujer,casado,secundaria,autonomo,17.4,1422.36,2,hipotecada,Murcia,activo
678,2025-07-13,2007-02-03,mujer,casado,universitario,empleado,1,1784.16,0,propia,Vizcaya,activo
679,2025-06-26,2005-08-01,hombre,viudo,bachillerato,empleado,2,1567.42,1,familiar,A Coruña,inactivo
680,2016-02-28,1975-08-14,mujer,viudo,formacion_profesional,empleado,8.3,950,2,familiar,Valencia,activo
681,2007-01-01,1967-01-02,mujer,viudo,universitario,empleado,9.7,2838.04,4,propia,Barcelona,inactivo
682,2024-04-07,1967-12-27,mujer,divorciado,formacion_profesional,empleado,6.0,1882.37,1,hipotecada,Vizcaya,activo
683,2025-08-02,2007-07-17,hombre,soltero,formacion_profesional,empleado,0,3160.18,0,propia,Alicante,activo
684,2020-01-04,1976-11-06,hombre,soltero,posgrado,empleado,4.2,2067.29,3,familiar,Alicante,activo
685,2012-09-06,1980-01-20,hombre,divorciado,formacion_profesional,jubilado,\N,2174.1,1,alquiler,Murcia,activo
686,2005-09-14,1977-09-13,mujer,viudo,posgrado,jubilado,\N,2024.47,2,propia,Sevilla,activo
687,2014-06-27,1959-07-16,hombre,viudo,posgrado,empleado,0,2422.94,0,alquiler,Málaga,activo
688,2012-09-02,1981-11-23,mujer,viudo,formacion_profesional,jubilado,\N,1902.14,0,hipotecada,Valencia,activo
689,2017-10-17,1968-07-11,hombre,divorciado,secundaria,empleado,5.9,2356.36,1,familiar,Valencia,activo
690,2022-08-27,1995-07-21,mujer,casado,formacion_profesional,empleado,7.0,2803.62,1,alquiler,Valencia,activo
691,2013-06-23,1991-03-16,mujer,soltero,formacion_profesional,jubilado,\N,1543.23,1,alquiler,Barcelona,activo
692,2017-02-16,1989-11-09,hombre,casado,formacion_profesional,empleado,0.1,1782.27,1,alquiler,Vizcaya,activo
693,2019-02-22,1997-12-17,mujer,soltero,posgrado,desempleado,0.7,533.88,0,hipotecada,Barcelona,activo
694,2022-08-23,1997-05-16,mujer,viudo,bachillerato,empleado,0.2,3392.62,1,hipotecada,Vizcaya,activo
695,2009-07-07,1988-12-17,mujer,viudo,secundaria,empleado,17.8,2150.72,0,alquiler,Sevilla,activo
696,2014-02-18,1989-10-14,mujer,soltero,secundaria,empleado,16.0,2554.39,1,propia,Zaragoza,activo
697,2025-06-26,2000-10-08,hombre,soltero,universitario,empleado,1.2,1331.4,0,alquiler,Valencia,activo
698,2013-10-04,1975-08-10,hombre,casado,formacion_profesional,jubilado,\N,2249.37,1,hipotecada,Alicante,activo
699,2025-07-24,1956-08-13,mujer,soltero,universitario,empleado,7.6,4309.25,0,alquiler,Barcelona,activo
700,2013-07-30,1977-09-11,mujer,viudo,universitario,empleado,9.8,3262.78,0,hipotecada,Málaga,activo
701,2025-12-21,1965-05-19,hombre,soltero,formacion_profesional,empleado,7.8,1603.33,2,propia,Barcelona,activo
702,2019-01-13,1977-10-24,hombre,casado,universitario,empleado,2.7,2674.97,2,hipotecada,Madrid,activo
703,2012-09-09,1955-05-02,mujer,soltero,bachillerato,jubilado,\N,1063.62,1,propia,Madrid,activo
704,2016-06-24,1981-10-08,mujer,casado,bachillerato,autonomo,9.2,1771.43,0,alquiler,Barcelona,activo
705,2020-11-18,1986-01-03,hombre,divorciado,posgrado,empleado,1.0,1299.84,0,propia,A Coruña,activo
706,2008-09-19,1983-01-23,mujer,divorciado,universitario,desempleado,0.8,1348.75,2,hipotecada,Alicante,activo
707,2023-05-19,1978-08-12,mujer,divorciado,formacion_profesional,empleado,11.4,2239.78,0,propia,Zaragoza,activo
708,2011-10-09,1992-02-26,mujer,divorciado,bachillerato,empleado,8.4,1994.91,0,alquiler,Zaragoza,activo
709,2011-05-13,1968-12-15,mujer,soltero,universitario,empleado,3.2,2244.02,0,hipotecada,Alicante,activo
710,2008-04-27,1989-03-22,hombre,divorciado,universitario,desempleado,0,1209.99,0,propia,Madrid,activo
711,2005-05-27,1983-02-06,hombre,soltero,secundaria,autonomo,11.3,4645.92,2,propia,Alicante,activo
712,2019-03-23,1995-01-28,otro,viudo,universitario,empleado,7.9,1972.37,0,familiar,Barcelona,activo
713,2024-11-21,1999-12-22,mujer,soltero,posgrado,empleado,7.3,5169.76,2,hipotecada,Málaga,activo
714,2007-06-27,1978-06-08,mujer,viudo,secundaria,empleado,3.6,1849.98,0,alquiler,Valencia,activo
715,2025-12-24,2005-09-04,mujer,viudo,bachillerato,empleado,2,2767.06,1,propia,Málaga,activo
716,2006-11-10,1967-07-02,mujer,casado,secundaria,empleado,1.1,2936.38,1,propia,Alicante,activo
717,2025-12-14,2005-03-26,hombre,casado,universitario,empleado,0,1383.53,2,propia,Valencia,activo
718,2014-05-01,1988-03-10,mujer,soltero,bachillerato,empleado,8.5,2027.39,0,hipotecada,Barcelona,activo
719,2005-05-16,1970-02-27,hombre,soltero,formacion_profesional,estudiante,0,682.49,1,propia,Alicante,activo
720,2014-08-31,1979-10-17,hombre,viudo,bachillerato,empleado,12.9,1474.03,2,propia,A Coruña,activo
721,2016-08-19,1971-10-22,hombre,soltero,universitario,empleado,10.4,3072.2,0,propia,A Coruña,activo
722,2021-01-21,1985-07-07,hombre,divorciado,universitario,empleado,10.4,2011.63,1,alquiler,Madrid,activo
723,2022-05-23,2003-05-14,hombre,casado,formacion_profesional,empleado,3.3,2824.19,0,alquiler,Madrid,activo
724,2015-08-24,1954-07-25,hombre,casado,formacion_profesional,empleado,7.0,2968.83,0,propia,Madrid,activo
725,2020-04-02,1984-09-13,hombre,divorciado,universitario,jubilado,\N,2061.87,0,alquiler,Murcia,activo
726,2022-02-10,1998-01-02,mujer,viudo,secundaria,empleado,10,2169.74,2,hipotecada,Madrid,activo
727,2014-03-16,1982-04-16,mujer,viudo,formacion_profesional,estudiante,0,545.7,1,hipotecada,Sevilla,activo
728,2022-04-12,1989-12-19,hombre,divorciado,posgrado,empleado,0,1482.09,4,alquiler,Alicante,activo
729,2017-01-12,1992-02-10,mujer,divorciado,formacion_profesional,empleado,8.3,2617.74,2,familiar,Murcia,activo
730,2010-10-28,1989-07-15,hombre,divorciado,universitario,empleado,5.6,2797.91,2,propia,Murcia,activo
731,2005-02-11,1973-01-25,hombre,soltero,universitario,empleado,4.9,1714.43,1,propia,Sevilla,activo
732,2018-02-16,1955-11-22,mujer,viudo,formacion_profesional,jubilado,\N,1717.59,3,familiar,Barcelona,activo
733,2025-08-22,1980-02-18,hombre,casado,formacion_profesional,empleado,5.1,1657.87,1,propia,Málaga,activo
734,2020-01-13,1995-05-19,hombre,divorciado,formacion_profesional,empleado,0,2644.92,0,hipotecada,Zaragoza,activo
735,2012-12-11,1962-11-04,mujer,divorciado,universitario,empleado,13.3,2014.93,3,alquiler,Zaragoza,activo
736,2018-12-05,1980-04-26,mujer,viudo,universitario,empleado,7.2,2337.19,0,propia,Málaga,activo
737,2016-12-21,1996-08-02,mujer,soltero,universitario,empleado,2.5,1519.68,0,alquiler,Vizcaya,activo
738,2008-01-23,1981-10-20,hombre,casado,secundaria,empleado,5.6,4776.1,4,propia,A Coruña,activo
739,2016-08-29,1972-04-30,hombre,casado,universitario,empleado,9.7,1525.24,0,hipotecada,Vizcaya,activo
740,2024-12-19,1997-02-17,mujer,casado,bachillerato,estudiante,0,373.97,1,hipotecada,Vizcaya,activo
741,2022-11-18,1994-03-20,mujer,viudo,formacion_profesional,empleado,2.9,1888.81,0,alquiler,Madrid,activo
742,2019-05-04,1991-02-06,mujer,divorciado,posgrado,empleado,14.1,1852.65,1,alquiler,Murcia,activo
743,2005-03-16,1979-02-10,mujer,viudo,formacion_profesional,jubilado,\N,1133.52,1,propia,Valencia,activo
744,2019-09-18,1962-01-01,hombre,viudo,formacion_profesional,autonomo,9.1,1585.43,2,alquiler,Valencia,activo
745,2024-01-19,1994-09-10,hombre,viudo,secundaria,desempleado,1.3,616.1,0,propia,Valencia,inactivo
746,2025-12-15,1980-10-18,mujer,soltero,posgrado,autonomo,16.8,2174.36,2,propia,Alicante,activo
747,2006-05-23,1983-05-30,mujer,viudo,bachillerato,empleado,1.8,3402.01,3,hipotecada,Vizcaya,activo
748,2020-03-24,1979-11-19,hombre,soltero,universitario,empleado,10.6,1743.65,2,hipotecada,Sevilla,activo
749,2013-01-24,1976-06-28,mujer,viudo,bachillerato,desempleado,0,901.35,0,propia,Murcia,activo
750,2020-09-05,1994-10-18,mujer,soltero,secundaria,empleado,0,3123.16,1,propia,A Coruña,activo
751,2023-08-01,2003-09-28,hombre,divorciado,secundaria,empleado,4,2954.85,0,alquiler,Vizcaya,activo
752,2024-11-04,1995-08-23,mujer,soltero,formacion_profesional,empleado,12,2608.56,3,propia,Zaragoza,inactivo
753,2016-07-11,1995-06-01,mujer,soltero,formacion_profesional,empleado,7.5,2993.62,0,propia,Alicante,activo
754,2025-10-04,2007-08-29,mujer,casado,universitario,estudiante,0,467.33,2,alquiler,Málaga,activo
755,2005-06-25,1983-03-07,hombre,soltero,universitario,jubilado,\N,2610.55,0,propia,Alicante,activo
756,2007-10-23,1978-07-10,hombre,viudo,posgrado,empleado,0,2081.6,4,propia,Barcelona,activo
757,2005-03-24,1971-09-03,hombre,casado,formacion_profesional,empleado,7.9,3424.4,2,alquiler,Zaragoza,activo
758,2018-07-06,1984-01-03,hombre,casado,formacion_profesional,autonomo,2.6,1919.78,0,hipotecada,Zaragoza,activo
759,2021-02-14,1993-03-10,hombre,viudo,universitario,autonomo,3.3,1534.93,1,hipotecada,Málaga,activo
760,2009-07-26,1985-05-21,hombre,casado,secundaria,jubilado,\N,2079.63,0,propia,Murcia,activo
761,2024-02-22,1997-08-02,hombre,divorciado,universitario,empleado,10,1331.89,0,alquiler,Madrid,activo
762,2013-08-18,1980-12-17,mujer,soltero,posgrado,empleado,3.7,1647.14,1,hipotecada,Zaragoza,activo
763,2025-03-14,1998-02-16,mujer,viudo,posgrado,autonomo,10,4740.52,3,familiar,Málaga,activo
764,2024-12-06,2001-09-30,hombre,soltero,formacion_profesional,empleado,6,4084.29,0,hipotecada,Málaga,bloqueado
765,2010-08-10,1948-05-18,hombre,divorciado,universitario,desempleado,4.0,683.73,0,hipotecada,A Coruña,activo
766,2012-03-14,1971-07-28,hombre,divorciado,formacion_profesional,desempleado,2.7,879.84,0,hipotecada,Sevilla,activo
767,2015-03-23,1995-12-04,mujer,casado,universitario,empleado,3.4,4511.06,2,propia,A Coruña,activo
768,2006-02-11,1979-07-31,hombre,divorciado,posgrado,empleado,1.6,2489.31,0,propia,Zaragoza,activo
769,2021-02-10,1983-09-28,mujer,viudo,secundaria,empleado,4.6,1811.79,0,alquiler,Málaga,activo
770,2005-07-22,1984-04-18,mujer,casado,formacion_profesional,empleado,0.9,2918.12,0,alquiler,Valencia,inactivo
771,2005-07-29,1971-09-02,mujer,viudo,universitario,empleado,5.2,1673.03,2,propia,Valencia,activo
772,2026-01-31,2005-12-17,mujer,viudo,universitario,jubilado,\N,1926.7,3,propia,Vizcaya,activo
773,2018-08-14,1981-06-04,hombre,divorciado,bachillerato,empleado,5.9,2263.63,0,alquiler,Barcelona,activo
774,2010-05-29,1956-07-11,hombre,casado,formacion_profesional,empleado,12.6,3647.39,0,alquiler,A Coruña,activo
775,2025-10-06,1975-04-28,hombre,soltero,formacion_profesional,empleado,4.7,2982.26,0,alquiler,Valencia,activo
776,2016-02-01,1986-09-10,hombre,viudo,secundaria,empleado,0,1572.81,2,propia,Barcelona,activo
777,2023-11-06,1994-04-24,mujer,divorciado,secundaria,estudiante,0,1311.19,0,familiar,Zaragoza,activo
778,2022-06-25,1997-09-01,hombre,viudo,universitario,empleado,2.1,2800.35,0,hipotecada,A Coruña,activo
779,2006-11-18,1978-10-14,mujer,casado,formacion_profesional,empleado,5.7,2707.2,2,alquiler,A Coruña,activo
780,2025-02-15,1975-10-09,hombre,casado,formacion_profesional,empleado,5.9,2370.26,2,propia,A Coruña,inactivo
781,2007-03-26,1970-01-21,hombre,soltero,posgrado,empleado,3.5,1619.87,0,hipotecada,Valencia,activo
782,2009-08-22,1983-05-13,hombre,viudo,universitario,empleado,5.8,2215.06,2,propia,Sevilla,activo
783,2026-02-15,1986-02-06,mujer,soltero,formacion_profesional,jubilado,\N,1264.38,0,alquiler,Málaga,activo
784,2024-05-23,1977-05-17,hombre,casado,formacion_profesional,empleado,15.8,1422.62,2,propia,Vizcaya,activo
785,2022-12-20,1987-07-22,mujer,soltero,bachillerato,empleado,9.3,2908.88,2,alquiler,Sevilla,activo
786,2009-05-22,1966-07-22,mujer,soltero,formacion_profesional,empleado,10.2,2720.17,3,alquiler,A Coruña,activo
787,2020-12-04,1956-03-16,mujer,casado,posgrado,empleado,2.2,2046.35,1,hipotecada,Málaga,activo
788,2015-11-18,1970-07-24,mujer,divorciado,formacion_profesional,empleado,3.0,2716.2,0,alquiler,Sevilla,inactivo
789,2014-07-13,1986-07-27,hombre,viudo,universitario,empleado,12.8,2126.98,1,hipotecada,Madrid,activo
790,2011-01-04,1969-02-02,hombre,casado,formacion_profesional,empleado,2.8,1751.92,0,hipotecada,Málaga,activo
791,2014-03-12,1973-11-13,hombre,soltero,posgrado,empleado,7.4,3729.24,3,propia,Alicante,activo
792,2025-11-10,1990-05-15,mujer,casado,formacion_profesional,autonomo,2.3,3120.16,0,propia,Zaragoza,activo
793,2014-04-10,1985-01-12,hombre,divorciado,universitario,empleado,9.3,1933.42,0,hipotecada,Alicante,activo
794,2013-12-27,1973-07-30,hombre,soltero,universitario,empleado,8.7,2727.13,2,alquiler,Valencia,activo
795,2021-07-04,1981-05-13,hombre,viudo,bachillerato,empleado,12.6,1443.84,0,propia,A Coruña,activo
796,2024-01-17,2001-11-01,mujer,viudo,posgrado,empleado,6,2376.01,0,hipotecada,Barcelona,activo
797,2015-11-16,1992-11-11,hombre,casado,bachillerato,empleado,10.3,2059.63,0,familiar,A Coruña,activo
798,2006-11-19,1976-02-24,hombre,divorciado,universitario,empleado,5.9,2541.35,0,hipotecada,Madrid,activo
799,2025-05-16,2001-01-17,mujer,casado,formacion_profesional,empleado,7,3062.73,1,hipotecada,Vizcaya,activo
800,2024-04-05,1965-09-19,hombre,soltero,secundaria,autonomo,8.7,2502.42,1,alquiler,Valencia,activo
801,2023-01-06,1981-08-14,hombre,divorciado,universitario,empleado,19.2,2084.65,2,alquiler,Valencia,activo
802,2011-07-06,1952-04-19,mujer,casado,bachillerato,empleado,5.7,1335.54,0,hipotecada,Murcia,activo
803,2022-01-12,2000-06-25,hombre,viudo,universitario,empleado,8,3456.66,1,propia,Vizcaya,activo
804,2012-09-26,1964-03-07,mujer,viudo,posgrado,empleado,11.3,3231.58,1,alquiler,Sevilla,activo
805,2026-06-24,2008-05-22,mujer,divorciado,universitario,empleado,0,2710.94,2,hipotecada,A Coruña,activo
806,2023-02-09,1977-02-09,mujer,casado,bachillerato,autonomo,8.1,9005.88,0,alquiler,Madrid,activo
807,2006-09-30,1983-01-17,hombre,soltero,bachillerato,estudiante,0,1046.75,0,alquiler,Alicante,activo
808,2015-08-23,1977-07-04,mujer,divorciado,universitario,empleado,13.0,3039.44,0,hipotecada,Vizcaya,activo
809,2015-12-29,1973-11-16,mujer,divorciado,universitario,autonomo,15.0,2066.19,0,propia,Vizcaya,activo
810,2021-10-18,1995-03-26,mujer,soltero,universitario,empleado,9.3,1613.1,0,propia,Málaga,activo
811,2015-09-27,1965-08-06,mujer,viudo,formacion_profesional,empleado,5.9,1881.94,2,alquiler,Vizcaya,activo
812,2005-11-09,1985-05-08,mujer,soltero,secundaria,empleado,6.1,2844.04,2,hipotecada,Madrid,activo
813,2012-03-25,1992-01-22,hombre,divorciado,posgrado,estudiante,0,532.34,1,propia,A Coruña,activo
814,2016-07-31,1956-12-25,hombre,divorciado,secundaria,empleado,6.1,2643.75,0,alquiler,Málaga,activo
815,2010-02-01,1987-08-24,hombre,viudo,universitario,autonomo,15.8,2135.01,0,hipotecada,A Coruña,activo
816,2025-11-23,2007-11-06,hombre,soltero,posgrado,empleado,0,1332.76,2,familiar,Málaga,activo
817,2020-12-07,1988-07-17,hombre,divorciado,bachillerato,jubilado,\N,2296.91,2,propia,Zaragoza,activo
818,2021-06-09,2000-12-01,hombre,soltero,formacion_profesional,desempleado,2.8,807.18,3,alquiler,Zaragoza,activo
819,2020-05-30,1980-08-11,hombre,viudo,formacion_profesional,desempleado,5.2,307.83,0,hipotecada,Málaga,activo
820,2012-09-04,1977-03-16,hombre,soltero,posgrado,autonomo,8.7,2756.97,2,alquiler,Valencia,activo
821,2009-12-14,1988-10-30,hombre,soltero,bachillerato,empleado,1.1,1688.66,0,alquiler,Zaragoza,activo
822,2025-09-19,2007-08-04,mujer,viudo,universitario,empleado,0,1969.73,0,alquiler,Sevilla,activo
823,2024-05-08,1990-02-21,mujer,soltero,formacion_profesional,empleado,2.9,1583.55,2,hipotecada,A Coruña,activo
824,2018-04-21,1947-12-08,mujer,casado,bachillerato,empleado,16.8,2437.38,3,alquiler,Madrid,activo
825,2025-10-16,2007-05-16,mujer,casado,posgrado,desempleado,2.9,1111.45,0,alquiler,Barcelona,activo
826,2007-01-09,1971-11-20,hombre,soltero,formacion_profesional,autonomo,18.9,1296.08,2,hipotecada,Sevilla,activo
827,2020-11-03,1965-11-05,hombre,divorciado,posgrado,empleado,3.1,3429.05,0,hipotecada,Alicante,activo
828,2021-06-22,1998-01-04,mujer,soltero,universitario,autonomo,3.8,4203.59,0,hipotecada,Barcelona,activo
829,2007-03-19,1988-03-26,hombre,viudo,universitario,empleado,4.8,2064.09,1,alquiler,Málaga,activo
830,2013-12-07,1969-04-08,hombre,viudo,universitario,autonomo,6.4,4867.73,0,propia,Zaragoza,activo
831,2015-03-14,1971-07-15,hombre,soltero,universitario,empleado,11.3,2981.71,0,hipotecada,Murcia,activo
832,2025-12-15,2007-07-02,mujer,soltero,bachillerato,desempleado,2.5,839.84,0,alquiler,A Coruña,activo
833,2009-06-07,1985-02-18,hombre,soltero,posgrado,empleado,1.9,3945.76,0,hipotecada,Málaga,activo
834,2012-07-27,1976-11-25,hombre,soltero,universitario,autonomo,2.3,1978.83,0,alquiler,Valencia,activo
835,2016-12-31,1976-05-18,hombre,viudo,secundaria,empleado,3.4,3291.06,3,alquiler,Madrid,activo
836,2018-09-01,1979-04-17,hombre,divorciado,formacion_profesional,jubilado,\N,1080.17,0,propia,Málaga,inactivo
837,2024-01-05,2005-07-31,hombre,casado,universitario,desempleado,1.9,645.4,0,propia,A Coruña,activo
838,2025-08-23,2006-11-20,mujer,divorciado,bachillerato,autonomo,1,3882.12,1,alquiler,Madrid,activo
839,2010-12-28,1979-02-11,mujer,casado,secundaria,empleado,0,3693.83,0,alquiler,A Coruña,activo
840,2018-05-09,1974-08-10,hombre,viudo,bachillerato,empleado,1.1,950,0,hipotecada,Murcia,activo
841,2013-10-01,1977-07-21,hombre,divorciado,universitario,empleado,14.5,2338.53,0,alquiler,Murcia,inactivo
842,2019-01-01,1964-04-06,hombre,soltero,secundaria,empleado,8.3,2364.83,0,propia,Barcelona,activo
843,2026-06-18,1991-04-11,hombre,divorciado,formacion_profesional,desempleado,1.3,728.61,0,alquiler,Barcelona,activo
844,2025-06-21,1997-07-25,mujer,divorciado,universitario,autonomo,0.6,3813.42,0,alquiler,Valencia,activo
845,2011-06-21,1983-12-09,hombre,viudo,formacion_profesional,empleado,2.8,5449.64,0,hipotecada,A Coruña,activo
846,2020-09-21,2001-03-08,hombre,viudo,universitario,empleado,2.4,2205.25,0,familiar,Madrid,activo
847,2025-05-10,1989-08-27,hombre,casado,formacion_profesional,autonomo,10.1,3868.74,0,alquiler,Madrid,activo
848,2021-02-23,1990-03-17,hombre,divorciado,posgrado,empleado,15.9,1447.08,3,familiar,Sevilla,activo
849,2021-03-13,1984-11-06,otro,viudo,secundaria,jubilado,\N,1878.05,1,alquiler,Málaga,activo
850,2007-09-19,1982-09-29,mujer,soltero,formacion_profesional,autonomo,9.0,3873.48,2,hipotecada,Vizcaya,activo
851,2020-03-03,1987-08-13,mujer,divorciado,formacion_profesional,empleado,11.8,2711.47,1,alquiler,Sevilla,activo
852,2023-03-01,2002-10-27,hombre,viudo,formacion_profesional,empleado,0,1532.16,2,alquiler,Málaga,activo
853,2011-03-06,1977-09-13,hombre,casado,universitario,empleado,6.2,2686.96,0,alquiler,Murcia,activo
854,2011-08-13,1973-07-21,mujer,divorciado,bachillerato,empleado,0,2764.24,0,propia,Zaragoza,activo
855,2024-07-25,2000-10-13,hombre,viudo,universitario,empleado,5.4,2414.63,2,hipotecada,Murcia,activo
856,2015-11-09,1977-04-02,hombre,divorciado,universitario,estudiante,0,1494.81,0,hipotecada,Barcelona,activo
857,2009-06-02,1979-08-03,mujer,casado,universitario,empleado,15.0,1623.67,2,alquiler,Madrid,activo
858,2022-12-12,1997-12-08,mujer,soltero,formacion_profesional,empleado,1.2,1952.89,2,alquiler,Sevilla,activo
859,2025-01-02,1989-02-19,mujer,divorciado,secundaria,autonomo,8.3,4507.89,0,propia,Barcelona,activo
860,2016-09-20,1962-04-24,hombre,soltero,bachillerato,empleado,7.4,1709.93,0,propia,Barcelona,activo
861,2019-01-12,1998-10-31,mujer,viudo,universitario,empleado,6.8,2543.39,0,propia,A Coruña,activo
862,2005-01-05,1981-11-09,mujer,divorciado,posgrado,empleado,4.0,2024.8,1,propia,Málaga,activo
863,2023-02-13,1992-07-18,mujer,viudo,bachillerato,empleado,7.1,2412.94,0,propia,Alicante,activo
864,2016-05-16,1991-07-22,hombre,divorciado,formacion_profesional,empleado,3.4,3149.89,0,alquiler,Vizcaya,activo
865,2025-11-23,2007-11-02,hombre,casado,universitario,autonomo,0,4500.05,0,propia,Vizcaya,activo
866,2026-06-23,1993-10-31,hombre,divorciado,formacion_profesional,empleado,7.5,1804.76,3,alquiler,Zaragoza,activo
867,2011-11-29,1972-11-12,mujer,viudo,universitario,empleado,7.4,1953.05,3,propia,Sevilla,activo
868,2023-08-13,1998-03-16,hombre,casado,universitario,autonomo,3.4,1982.22,0,alquiler,Málaga,activo
869,2006-09-02,1961-05-07,mujer,viudo,bachillerato,empleado,6.0,1767.93,3,familiar,A Coruña,activo
870,2017-08-15,1998-12-21,mujer,divorciado,posgrado,empleado,0,2494.75,0,hipotecada,Valencia,activo
871,2018-03-25,1960-04-14,mujer,divorciado,universitario,empleado,7.2,1775.37,2,propia,Barcelona,activo
872,2020-12-15,1964-07-07,hombre,divorciado,formacion_profesional,autonomo,9.4,5304.69,0,hipotecada,Málaga,activo
873,2025-10-26,2006-02-20,mujer,soltero,universitario,autonomo,2,2348.56,1,familiar,Vizcaya,activo
874,2022-09-21,1983-01-15,hombre,casado,universitario,empleado,8.8,1778.52,0,hipotecada,Barcelona,activo
875,2025-09-10,1980-09-10,mujer,casado,universitario,empleado,13.8,2482.96,2,propia,A Coruña,activo
876,2015-03-09,1974-01-08,mujer,soltero,secundaria,empleado,6.1,4422.7,1,alquiler,Valencia,activo
877,2024-03-10,1982-02-18,hombre,casado,bachillerato,empleado,0,2604.99,2,propia,Málaga,activo
878,2007-04-07,1978-03-30,hombre,casado,universitario,empleado,8.1,3374.63,3,propia,Valencia,activo
879,2021-12-05,2000-11-25,mujer,soltero,bachillerato,empleado,7,2092.72,0,propia,Murcia,inactivo
880,2023-08-27,2001-08-25,hombre,viudo,secundaria,autonomo,6,2180.78,0,alquiler,Alicante,activo
881,2024-03-26,1985-12-08,mujer,viudo,posgrado,empleado,18.1,1928.15,1,propia,Málaga,activo
882,2025-02-15,1969-08-03,mujer,soltero,universitario,empleado,4.6,1610.59,0,propia,Málaga,activo
883,2018-11-08,1985-12-22,hombre,soltero,universitario,empleado,18.9,1679.76,2,propia,Sevilla,activo
884,2020-07-31,1998-01-25,hombre,casado,posgrado,empleado,3.2,3162.26,0,propia,Alicante,activo
885,2021-03-16,1960-08-28,mujer,divorciado,formacion_profesional,empleado,10.8,950,0,familiar,Málaga,activo
886,2018-12-04,1997-04-26,hombre,casado,formacion_profesional,autonomo,6.6,1944.52,2,hipotecada,Valencia,activo
887,2024-07-24,1999-03-08,mujer,divorciado,universitario,empleado,8.8,1412.5,0,alquiler,A Coruña,activo
888,2017-05-07,1987-10-08,mujer,viudo,universitario,empleado,3.5,1452.17,3,hipotecada,Valencia,activo
889,2019-01-25,1999-06-24,hombre,viudo,formacion_profesional,empleado,6.4,2930.91,1,propia,A Coruña,activo
890,2017-03-30,1982-02-16,hombre,viudo,universitario,empleado,2.5,3497.14,4,alquiler,Barcelona,activo
891,2024-03-16,1984-07-23,hombre,viudo,universitario,empleado,2.2,2229.39,3,propia,Málaga,activo
892,2024-08-03,1968-04-27,mujer,casado,bachillerato,empleado,19.1,2052.86,3,hipotecada,Madrid,activo
893,2023-02-22,1997-03-21,mujer,casado,formacion_profesional,empleado,5.5,3339.92,1,propia,Valencia,activo
894,2019-03-25,1983-08-10,mujer,viudo,universitario,estudiante,0,770.18,2,propia,Alicante,activo
895,2013-09-29,1952-01-31,mujer,soltero,secundaria,estudiante,0,1379.69,0,hipotecada,Málaga,activo
896,2023-08-23,1989-03-16,hombre,casado,universitario,empleado,10.7,2054.88,2,alquiler,Sevilla,inactivo
897,2025-02-05,2005-02-23,hombre,viudo,bachillerato,empleado,3,3339.42,2,propia,Zaragoza,inactivo
898,2020-10-01,1988-06-25,hombre,viudo,bachillerato,empleado,3.1,1917.99,1,hipotecada,Zaragoza,activo
899,2014-01-08,1995-02-12,hombre,soltero,secundaria,empleado,12.5,2087.31,2,hipotecada,A Coruña,activo
900,2019-09-07,1998-12-28,mujer,divorciado,universitario,estudiante,0,310.49,3,hipotecada,Málaga,activo
901,2026-06-08,2005-08-07,mujer,casado,universitario,empleado,2,2544.25,2,hipotecada,Barcelona,activo
902,2015-12-11,1981-07-03,mujer,soltero,universitario,empleado,0,3129.44,0,propia,Sevilla,activo
903,2018-01-05,1986-12-29,mujer,soltero,posgrado,autonomo,0.2,5218.51,0,hipotecada,Alicante,activo
904,2025-05-15,1968-07-23,mujer,divorciado,formacion_profesional,empleado,9.2,2300.6,3,hipotecada,Zaragoza,activo
905,2011-03-17,1986-02-23,mujer,divorciado,universitario,empleado,10.9,1276.8,2,hipotecada,Valencia,activo
906,2024-03-19,1983-10-19,mujer,soltero,universitario,empleado,11.4,1784.68,0,alquiler,Murcia,activo
907,2025-11-06,2007-08-08,hombre,casado,universitario,autonomo,0,2644.63,0,familiar,Vizcaya,activo
908,2021-12-22,1978-01-30,mujer,divorciado,bachillerato,empleado,9.0,1268.85,2,alquiler,Zaragoza,activo
909,2007-12-26,1980-12-09,hombre,soltero,formacion_profesional,jubilado,\N,2744.31,2,propia,Madrid,activo
910,2017-04-17,1962-02-25,hombre,divorciado,bachillerato,empleado,9.0,1220.66,0,propia,A Coruña,activo
911,2023-10-18,1954-10-27,hombre,divorciado,universitario,empleado,2.0,1719.38,1,familiar,Málaga,activo
912,2013-04-21,1984-11-22,mujer,casado,universitario,empleado,5.1,3161.09,1,alquiler,Barcelona,activo
913,2020-11-20,1984-10-14,mujer,casado,formacion_profesional,empleado,0.7,1170.74,2,alquiler,Madrid,activo
914,2024-08-29,1996-11-07,hombre,casado,secundaria,empleado,10.0,950,1,alquiler,Málaga,activo
915,2010-08-27,1967-09-13,mujer,viudo,bachillerato,jubilado,\N,1639.87,1,alquiler,Vizcaya,activo
916,2026-04-16,2004-07-09,mujer,soltero,posgrado,empleado,1.9,950,2,propia,Zaragoza,inactivo
917,2007-09-08,1983-09-04,hombre,casado,universitario,desempleado,1.8,997.2,0,propia,Murcia,activo
918,2026-03-22,1985-05-13,hombre,divorciado,bachillerato,empleado,2.6,3335.93,2,alquiler,Valencia,activo
919,2010-10-27,1990-10-19,hombre,soltero,universitario,empleado,0,2024.59,4,propia,A Coruña,activo
920,2013-05-15,1966-07-17,mujer,divorciado,universitario,empleado,9.4,1372.2,0,familiar,Sevilla,activo
921,2016-08-17,1993-09-29,hombre,divorciado,universitario,jubilado,\N,1305.96,0,familiar,Valencia,activo
922,2025-11-18,2007-11-16,hombre,casado,universitario,empleado,0,2734.81,3,propia,Barcelona,activo
923,2024-05-29,2002-08-22,hombre,viudo,posgrado,jubilado,\N,1760.04,3,hipotecada,Barcelona,activo
924,2020-02-27,1991-03-01,mujer,soltero,universitario,empleado,11.1,1996.14,3,propia,Zaragoza,activo
925,2016-12-06,1967-07-07,mujer,divorciado,posgrado,empleado,3.6,3517.93,0,alquiler,Alicante,activo
926,2015-02-19,1994-10-23,hombre,soltero,universitario,empleado,11.1,2163.02,1,propia,Barcelona,activo
927,2019-11-09,1989-09-11,hombre,divorciado,posgrado,empleado,13.2,1936.45,0,propia,Alicante,inactivo
928,2016-05-30,1985-03-31,hombre,viudo,bachillerato,empleado,0.9,1551.0,0,hipotecada,Málaga,activo
929,2008-12-21,1973-01-12,mujer,soltero,bachillerato,jubilado,\N,1761.04,2,hipotecada,A Coruña,activo
930,2023-07-09,1997-11-26,mujer,divorciado,formacion_profesional,empleado,0,4148.73,0,propia,Alicante,activo
931,2025-10-18,2003-03-26,mujer,casado,universitario,desempleado,1.5,1453.68,1,propia,Barcelona,activo
932,2008-07-25,1981-05-02,hombre,viudo,formacion_profesional,estudiante,0,427.81,0,alquiler,A Coruña,inactivo
933,2007-06-08,1983-02-18,mujer,soltero,formacion_profesional,autonomo,8.8,1134.82,2,propia,Sevilla,activo
934,2023-09-08,1978-06-11,mujer,casado,universitario,empleado,1.4,1334.4,0,hipotecada,Madrid,activo
935,2005-04-27,1966-09-13,hombre,soltero,formacion_profesional,jubilado,\N,1084.57,3,propia,Málaga,activo
936,2006-06-06,1954-10-16,mujer,divorciado,universitario,empleado,6.8,2492.61,0,propia,Zaragoza,activo
937,2007-11-26,1987-06-02,hombre,soltero,universitario,autonomo,5.3,2249.62,3,propia,Madrid,activo
938,2008-01-02,1988-09-15,mujer,soltero,secundaria,desempleado,0.5,876.62,0,hipotecada,Murcia,activo
939,2020-05-18,1965-02-06,hombre,viudo,formacion_profesional,empleado,4.2,1931.36,1,familiar,Murcia,activo
940,2020-09-18,1996-04-18,hombre,casado,posgrado,empleado,5.9,2015.0,2,propia,Zaragoza,activo
941,2015-05-02,1979-11-30,hombre,casado,bachillerato,autonomo,13.9,2476.11,0,hipotecada,A Coruña,activo
942,2022-08-03,1973-07-28,mujer,casado,formacion_profesional,empleado,16.6,3920.17,2,alquiler,Vizcaya,activo
943,2016-11-07,1989-08-15,mujer,casado,posgrado,empleado,3.5,1458.19,0,propia,Sevilla,activo
944,2025-06-20,1999-02-12,hombre,divorciado,formacion_profesional,autonomo,9,5481.34,1,hipotecada,Valencia,activo
945,2025-12-05,1981-08-22,hombre,soltero,secundaria,autonomo,1.1,2917.87,0,hipotecada,Madrid,activo
946,2009-07-22,1985-12-30,hombre,viudo,formacion_profesional,autonomo,10.3,5039.36,0,hipotecada,Málaga,activo
947,2013-09-02,1992-04-10,hombre,casado,posgrado,empleado,15.5,1923.47,1,hipotecada,Valencia,activo
948,2008-01-16,1978-06-10,mujer,divorciado,posgrado,estudiante,0,564.57,0,alquiler,Valencia,activo
949,2026-03-26,1985-10-22,hombre,divorciado,universitario,autonomo,8.4,2159.9,0,familiar,Barcelona,activo
950,2009-06-03,1958-07-24,mujer,soltero,formacion_profesional,jubilado,\N,1710.53,0,familiar,Murcia,activo
951,2008-10-16,1953-11-29,hombre,divorciado,posgrado,empleado,8.1,1579.57,4,propia,Sevilla,activo
952,2012-07-27,1986-11-22,mujer,casado,posgrado,empleado,3.3,4335.56,0,familiar,Madrid,activo
953,2009-06-24,1983-12-19,mujer,viudo,formacion_profesional,estudiante,0,581.38,0,hipotecada,Alicante,activo
954,2017-11-11,1994-01-04,hombre,divorciado,posgrado,empleado,9.5,2178.26,3,familiar,Madrid,activo
955,2010-06-14,1974-05-07,mujer,soltero,universitario,empleado,0,1995.5,2,hipotecada,Zaragoza,activo
956,2018-01-26,1970-04-12,hombre,soltero,secundaria,empleado,2.0,3446.62,2,propia,Barcelona,activo
957,2005-02-01,1975-05-16,mujer,casado,formacion_profesional,empleado,14.3,2564.22,2,propia,Murcia,activo
958,2025-06-27,1991-02-04,mujer,soltero,universitario,autonomo,5.6,1844.17,0,propia,Valencia,activo
959,2008-08-23,1970-03-06,hombre,divorciado,universitario,empleado,0.2,3004.01,0,hipotecada,Vizcaya,activo
960,2010-08-24,1953-07-16,hombre,viudo,secundaria,empleado,7.5,2112.23,0,hipotecada,Barcelona,activo
961,2025-07-22,1993-12-27,mujer,viudo,formacion_profesional,autonomo,14,1549.44,2,alquiler,Murcia,activo
962,2023-07-01,2004-03-25,mujer,viudo,formacion_profesional,empleado,4,1387.87,0,familiar,Murcia,activo
963,2014-05-31,1969-12-15,hombre,casado,formacion_profesional,jubilado,\N,2419.95,2,propia,Valencia,activo
964,2007-02-16,1964-03-11,hombre,divorciado,bachillerato,empleado,16.8,2146.16,0,alquiler,Murcia,activo
965,2026-06-07,2008-04-10,hombre,divorciado,universitario,jubilado,\N,2246.77,0,hipotecada,Valencia,inactivo
966,2014-05-04,1980-03-12,mujer,divorciado,formacion_profesional,empleado,18.9,1888.56,1,alquiler,Valencia,activo
967,2026-05-26,2008-05-29,mujer,divorciado,universitario,empleado,0,2054.46,0,familiar,Murcia,activo
968,2022-10-21,1978-09-09,mujer,casado,universitario,empleado,0.8,1751.03,0,hipotecada,Sevilla,activo
969,2020-12-21,1999-06-22,mujer,divorciado,secundaria,empleado,7.4,2401.68,1,alquiler,Sevilla,activo
970,2013-02-28,1981-04-18,mujer,viudo,universitario,desempleado,2.9,500.28,1,hipotecada,Zaragoza,activo
971,2012-01-18,1979-10-26,mujer,casado,universitario,empleado,0,2516.97,1,alquiler,Sevilla,activo
972,2026-04-03,2007-12-21,hombre,divorciado,formacion_profesional,autonomo,0,4338.06,0,familiar,Valencia,activo
973,2019-01-15,1971-11-15,mujer,divorciado,bachillerato,empleado,2.4,1471.33,0,propia,Madrid,activo
974,2006-03-06,1953-04-28,mujer,viudo,universitario,estudiante,0,332.38,0,alquiler,Zaragoza,activo
975,2024-05-18,1987-08-22,mujer,viudo,secundaria,autonomo,8.1,3299.32,1,propia,Valencia,activo
976,2017-01-24,1987-05-10,hombre,viudo,universitario,empleado,4.0,2565.03,0,alquiler,Alicante,activo
977,2008-06-23,1972-07-10,hombre,soltero,secundaria,empleado,11.6,1569.67,2,hipotecada,Sevilla,activo
978,2005-12-14,1963-10-29,hombre,viudo,universitario,empleado,3.7,1815.38,1,propia,A Coruña,activo
979,2017-02-11,1994-06-12,hombre,casado,universitario,empleado,14,2181.27,1,familiar,A Coruña,activo
980,2010-12-17,1969-02-06,hombre,soltero,universitario,empleado,9.0,2218.65,0,alquiler,Murcia,activo
981,2019-08-12,1964-08-26,hombre,divorciado,universitario,autonomo,12.5,3719.37,0,hipotecada,A Coruña,activo
982,2013-02-04,1974-01-26,hombre,casado,posgrado,empleado,14.4,2493.24,0,propia,Alicante,activo
983,2024-02-28,2001-01-14,hombre,casado,secundaria,jubilado,\N,1508.9,1,propia,Madrid,activo
984,2021-05-01,1989-06-15,hombre,soltero,formacion_profesional,empleado,0,1452.05,2,propia,Barcelona,activo
985,2026-02-28,2008-01-28,mujer,viudo,bachillerato,empleado,0,2814.57,1,propia,Sevilla,activo
986,2025-11-06,1994-11-10,hombre,viudo,universitario,autonomo,6.5,2877.56,0,alquiler,Madrid,activo
987,2011-08-30,1992-09-08,hombre,viudo,universitario,autonomo,9.4,5461.56,1,familiar,Madrid,inactivo
988,2023-09-27,1972-09-15,mujer,divorciado,formacion_profesional,estudiante,0,141.64,2,hipotecada,Murcia,activo
989,2021-01-14,1990-11-02,hombre,viudo,formacion_profesional,empleado,4.3,2593.23,2,familiar,Málaga,activo
990,2023-04-07,1986-04-16,hombre,divorciado,universitario,autonomo,0,8383.96,0,alquiler,Vizcaya,activo
991,2008-09-07,1963-07-18,hombre,casado,universitario,estudiante,0,216.0,4,alquiler,Sevilla,activo
992,2013-11-21,1956-07-11,mujer,casado,universitario,empleado,5.5,2072.97,0,hipotecada,Zaragoza,activo
993,2007-08-16,1983-10-24,hombre,viudo,universitario,empleado,12.6,3121.98,2,familiar,Sevilla,activo
994,2022-01-10,1989-08-07,hombre,viudo,formacion_profesional,empleado,9.2,3237.27,0,propia,Barcelona,inactivo
995,2005-07-12,1979-03-26,hombre,divorciado,universitario,empleado,10.5,1859.97,0,propia,A Coruña,activo
996,2023-11-29,2002-01-28,mujer,soltero,formacion_profesional,empleado,2.2,1577.55,1,alquiler,Málaga,activo
997,2020-02-15,1991-07-08,mujer,divorciado,posgrado,estudiante,0,325.53,0,hipotecada,Madrid,activo
998,2005-11-13,1971-12-19,hombre,soltero,formacion_profesional,jubilado,\N,1762.11,0,hipotecada,Sevilla,activo
999,2017-02-28,1988-08-25,hombre,soltero,posgrado,empleado,9.1,1261.21,0,alquiler,Vizcaya,activo
1000,2019-08-15,1991-03-31,mujer,casado,posgrado,empleado,0,2723.41,0,alquiler,Valencia,activo
1001,2012-12-09,1988-06-10,hombre,casado,universitario,empleado,9.0,1888.82,1,propia,Valencia,activo
1002,2012-08-17,1985-03-08,mujer,soltero,secundaria,estudiante,0,296.84,2,propia,A Coruña,activo
1003,2010-03-23,1991-09-16,hombre,viudo,secundaria,empleado,13.1,1648.36,1,alquiler,Alicante,activo
1004,2006-06-18,1981-05-27,hombre,soltero,bachillerato,empleado,1.1,4585.76,0,alquiler,Sevilla,activo
1005,2019-10-20,1980-11-14,hombre,viudo,secundaria,jubilado,\N,1476.72,0,propia,Sevilla,activo
1006,2011-09-27,1976-04-16,mujer,viudo,universitario,empleado,6.4,1033.37,2,propia,Murcia,activo
1007,2015-09-27,1983-10-30,mujer,casado,posgrado,empleado,0.1,1364.35,0,propia,Vizcaya,activo
1008,2024-07-22,2003-05-25,mujer,soltero,posgrado,empleado,0,2533.38,2,hipotecada,Madrid,activo
1009,2026-02-26,2007-03-25,mujer,viudo,universitario,autonomo,1,2174.11,3,hipotecada,Valencia,activo
1010,2023-07-31,1992-02-28,mujer,soltero,formacion_profesional,empleado,2.8,2195.56,1,alquiler,Murcia,activo
1011,2017-03-26,1991-08-03,mujer,casado,formacion_profesional,empleado,2.6,2276.52,1,propia,Murcia,activo
1012,2016-12-13,1952-01-07,hombre,divorciado,posgrado,empleado,6.5,2466.71,0,alquiler,Zaragoza,activo
1013,2009-04-21,1972-01-26,mujer,casado,universitario,desempleado,1.3,389.44,0,hipotecada,Sevilla,activo
1014,2019-02-15,1988-09-26,mujer,casado,bachillerato,empleado,2.6,3500.75,0,hipotecada,Zaragoza,activo
1015,2013-05-30,1974-10-20,hombre,soltero,bachillerato,empleado,13.6,2169.42,1,familiar,Vizcaya,activo
1016,2023-03-19,1982-03-26,otro,divorciado,formacion_profesional,jubilado,\N,1745.91,3,alquiler,Málaga,activo
1017,2018-05-09,1968-10-23,mujer,soltero,secundaria,empleado,8.7,2072.65,0,propia,Barcelona,activo
1018,2021-11-03,1994-05-12,mujer,divorciado,formacion_profesional,empleado,5.8,3963.02,0,propia,Sevilla,activo
1019,2023-01-15,1997-02-14,mujer,viudo,bachillerato,desempleado,3.0,453.99,0,hipotecada,Valencia,activo
1020,2017-10-24,1969-05-15,hombre,casado,bachillerato,autonomo,10.4,2661.56,0,propia,Málaga,activo
1021,2022-11-16,1991-11-21,hombre,viudo,formacion_profesional,estudiante,0,872.85,0,hipotecada,Alicante,activo
1022,2022-02-24,1995-08-21,hombre,viudo,universitario,empleado,4.5,2734.2,2,hipotecada,Zaragoza,activo
1023,2017-01-06,1997-04-18,hombre,divorciado,posgrado,empleado,7.8,2709.7,0,alquiler,Murcia,activo
1024,2024-01-31,1993-06-18,mujer,viudo,posgrado,empleado,8.5,2783.21,0,propia,Málaga,activo
1025,2020-02-14,1997-01-03,mujer,casado,universitario,empleado,8.9,3161.3,1,familiar,Zaragoza,activo
1026,2022-01-23,1975-06-07,hombre,casado,formacion_profesional,empleado,2.3,2582.99,0,hipotecada,Málaga,activo
1027,2018-05-12,1995-03-28,mujer,divorciado,universitario,empleado,0,4169.92,2,familiar,Valencia,activo
1028,2012-07-15,1994-03-02,mujer,casado,universitario,desempleado,4.5,1089.07,0,hipotecada,Vizcaya,activo
1029,2016-12-20,1982-04-13,mujer,divorciado,formacion_profesional,jubilado,\N,950.46,0,propia,Vizcaya,activo
1030,2006-02-01,1972-04-06,mujer,viudo,bachillerato,empleado,3.9,2963.76,1,propia,Barcelona,activo
1031,2021-12-03,1984-08-24,mujer,viudo,posgrado,empleado,4.1,1638.85,1,alquiler,Vizcaya,activo
1032,2018-07-22,1994-12-06,hombre,divorciado,universitario,empleado,12.4,1949.02,1,propia,Alicante,activo
1033,2017-07-03,1992-06-18,hombre,casado,universitario,empleado,9.8,2708.73,2,alquiler,Sevilla,activo
1034,2010-09-03,1964-11-18,hombre,soltero,bachillerato,empleado,15.4,2111.58,2,propia,Barcelona,activo
1035,2025-05-25,1984-11-04,mujer,viudo,secundaria,empleado,8.6,2624.74,1,familiar,Murcia,activo
1036,2025-09-05,1972-01-24,mujer,divorciado,secundaria,empleado,8.9,3163.82,0,alquiler,A Coruña,activo
1037,2024-03-18,2002-02-05,mujer,soltero,universitario,empleado,6,2227.98,0,alquiler,A Coruña,activo
1038,2026-05-27,2008-04-13,mujer,casado,secundaria,empleado,0,3700.98,1,alquiler,Alicante,activo
1039,2026-05-22,1983-06-25,hombre,divorciado,posgrado,empleado,8.5,2059.51,2,propia,Barcelona,activo
1040,2022-08-27,1980-10-26,hombre,viudo,universitario,empleado,8.2,950,3,alquiler,Zaragoza,activo
1041,2017-12-11,1963-02-19,mujer,divorciado,universitario,empleado,0,1582.28,1,hipotecada,Sevilla,activo
1042,2011-02-08,1982-10-27,mujer,divorciado,universitario,empleado,8.0,2225.43,2,propia,Valencia,activo
1043,2026-06-26,2008-03-10,hombre,divorciado,formacion_profesional,jubilado,\N,1423.16,0,alquiler,A Coruña,activo
1044,2018-12-23,1986-04-08,hombre,viudo,posgrado,empleado,8.8,950,0,alquiler,Zaragoza,activo
1045,2025-10-23,1975-10-23,mujer,divorciado,bachillerato,jubilado,\N,1997.95,1,hipotecada,Zaragoza,activo
1046,2024-02-20,1976-12-20,mujer,soltero,secundaria,empleado,10.7,2188.41,3,propia,Valencia,activo
1047,2022-11-28,1989-07-18,hombre,casado,posgrado,jubilado,\N,2680.69,1,alquiler,Madrid,activo
1048,2018-10-12,1978-06-10,hombre,divorciado,bachillerato,empleado,7.0,2181.21,0,alquiler,Málaga,activo
1049,2007-02-27,1969-10-10,hombre,viudo,universitario,empleado,14.2,1711.01,0,alquiler,Vizcaya,activo
1050,2018-04-19,1990-12-08,hombre,casado,universitario,desempleado,2.0,1464.45,0,propia,Madrid,activo
1051,2024-08-18,1943-09-04,mujer,viudo,formacion_profesional,empleado,8.2,1383.14,2,propia,Vizcaya,activo
1052,2011-10-15,1978-09-04,hombre,soltero,secundaria,jubilado,\N,1891.57,0,hipotecada,Málaga,activo
1053,2009-03-09,1967-12-14,hombre,divorciado,universitario,desempleado,2.7,0,2,hipotecada,Zaragoza,activo
1054,2009-02-16,1960-07-07,mujer,casado,formacion_profesional,empleado,4.8,1976.81,4,alquiler,Málaga,activo
1055,2005-11-11,1964-11-29,hombre,viudo,universitario,desempleado,0,454.63,2,familiar,Sevilla,activo
1056,2019-11-05,2000-03-14,mujer,casado,formacion_profesional,empleado,0.9,3257.84,2,familiar,Madrid,bloqueado
1057,2021-02-16,1983-11-11,mujer,viudo,posgrado,empleado,13.6,2114.39,3,familiar,A Coruña,activo
1058,2010-03-07,1980-09-11,mujer,casado,universitario,jubilado,\N,1930.38,0,alquiler,Alicante,activo
1059,2010-03-18,1992-02-16,mujer,viudo,secundaria,empleado,0,2082.55,2,hipotecada,Málaga,activo
1060,2019-11-17,1967-08-28,hombre,casado,secundaria,empleado,9.7,2549.86,4,alquiler,Zaragoza,activo
1061,2010-07-05,1976-08-03,mujer,divorciado,formacion_profesional,jubilado,\N,2011.52,2,familiar,Sevilla,activo
1062,2013-02-08,1983-04-09,mujer,soltero,posgrado,empleado,0.9,3307.06,0,propia,Málaga,inactivo
1063,2008-10-10,1988-03-31,mujer,soltero,formacion_profesional,autonomo,11.8,1986.5,1,propia,Valencia,activo
1064,2024-12-25,1997-12-14,hombre,casado,formacion_profesional,empleado,10,4455.04,4,familiar,Zaragoza,activo
1065,2014-01-26,1988-06-15,hombre,casado,bachillerato,estudiante,0,748.66,2,hipotecada,A Coruña,activo
1066,2016-04-03,1997-07-08,mujer,viudo,formacion_profesional,jubilado,\N,1718.13,3,hipotecada,Sevilla,activo
1067,2026-06-06,2008-06-09,mujer,divorciado,posgrado,empleado,0,1331.81,1,propia,Barcelona,activo
1068,2016-09-04,1985-08-30,mujer,soltero,universitario,empleado,0,1647.36,2,hipotecada,Sevilla,activo
1069,2017-01-17,1982-01-22,mujer,casado,universitario,desempleado,5.3,609.98,0,hipotecada,Valencia,activo
1070,2019-04-15,1989-05-23,hombre,casado,universitario,empleado,16.6,2190.62,0,hipotecada,Vizcaya,activo
1071,2023-08-12,2004-12-27,hombre,soltero,bachillerato,empleado,1.1,1746.69,2,propia,Vizcaya,activo
1072,2023-03-16,1983-05-22,hombre,soltero,formacion_profesional,autonomo,0,4293.96,1,hipotecada,Barcelona,activo
1073,2011-06-25,1990-06-04,hombre,divorciado,formacion_profesional,empleado,3.7,4479.01,0,propia,Valencia,activo
1074,2018-01-21,1999-02-25,mujer,casado,bachillerato,empleado,3.5,2545.83,2,familiar,Vizcaya,activo
1075,2016-09-24,1981-07-17,mujer,viudo,universitario,estudiante,0,1007.41,1,propia,Sevilla,activo
1076,2018-04-22,1993-10-03,hombre,soltero,universitario,empleado,3.8,1889.59,3,propia,A Coruña,activo
1077,2026-05-01,2007-12-06,hombre,casado,bachillerato,empleado,0,1828.9,0,propia,Sevilla,activo
1078,2013-11-08,1983-07-16,hombre,soltero,formacion_profesional,empleado,0,2529.69,2,alquiler,Valencia,activo
1079,2012-04-17,1986-12-25,hombre,casado,universitario,jubilado,\N,883.93,0,propia,Alicante,activo
1080,2021-04-11,2000-07-26,hombre,soltero,universitario,empleado,7,3702.24,0,alquiler,Sevilla,activo
1081,2026-05-21,2008-04-19,mujer,divorciado,formacion_profesional,empleado,0,2095.19,2,propia,Sevilla,activo
1082,2014-07-29,1987-10-30,mujer,viudo,bachillerato,empleado,3.3,2150.41,0,familiar,Vizcaya,activo
1083,2022-04-14,1988-02-14,hombre,viudo,secundaria,empleado,4.8,1842.44,2,alquiler,Barcelona,activo
1084,2021-12-30,1983-02-26,mujer,casado,universitario,jubilado,\N,2157.07,3,familiar,Madrid,activo
1085,2022-04-07,1981-07-12,hombre,divorciado,universitario,empleado,7.8,1758.18,0,hipotecada,A Coruña,activo
1086,2024-07-14,1995-12-19,mujer,divorciado,formacion_profesional,empleado,5.1,3206.56,2,alquiler,Vizcaya,activo
1087,2025-02-04,1977-09-14,mujer,soltero,universitario,empleado,7.2,2070.1,0,familiar,Murcia,activo
1088,2009-11-25,1985-03-13,hombre,casado,secundaria,empleado,3.5,2347.37,0,familiar,A Coruña,activo
1089,2017-01-16,1964-08-28,hombre,soltero,posgrado,autonomo,15.4,4656.36,0,alquiler,Sevilla,activo
1090,2006-12-28,1975-05-11,mujer,viudo,universitario,empleado,0,1451.53,0,propia,Barcelona,activo
1091,2011-03-05,1964-07-24,mujer,casado,bachillerato,empleado,6.2,2894.58,0,alquiler,Murcia,activo
1092,2021-04-12,1982-05-01,mujer,divorciado,universitario,jubilado,\N,2015.62,0,alquiler,Barcelona,activo
1093,2005-03-04,1978-12-20,hombre,viudo,secundaria,empleado,4.5,3235.27,0,propia,Valencia,activo
1094,2024-10-28,1984-09-19,mujer,viudo,bachillerato,autonomo,15.2,2900.49,3,propia,Sevilla,activo
1095,2009-05-27,1961-06-20,hombre,casado,posgrado,empleado,3.0,1847.41,3,propia,Vizcaya,activo
1096,2013-11-07,1976-10-28,hombre,casado,universitario,estudiante,0,596.55,1,propia,Valencia,activo
1097,2017-03-12,1982-08-25,hombre,soltero,bachillerato,estudiante,0,762.77,0,alquiler,Valencia,activo
1098,2024-01-27,1981-10-22,hombre,viudo,secundaria,desempleado,3.8,730.91,1,hipotecada,Vizcaya,activo
1099,2021-07-19,1964-05-20,hombre,soltero,posgrado,autonomo,13.4,2404.82,0,hipotecada,Barcelona,activo
1100,2008-09-13,1984-01-17,mujer,divorciado,secundaria,autonomo,11.4,5445.97,3,hipotecada,A Coruña,activo
1101,2021-02-17,1979-06-18,hombre,soltero,universitario,empleado,15.3,1886.05,1,propia,A Coruña,activo
1102,2015-09-11,1962-09-28,hombre,viudo,formacion_profesional,empleado,12.5,2341.74,0,alquiler,Murcia,activo
1103,2005-12-28,1962-06-17,hombre,soltero,bachillerato,empleado,4.4,1707.68,1,propia,Málaga,activo
1104,2010-02-10,1971-10-13,mujer,soltero,universitario,jubilado,\N,1641.82,0,propia,Murcia,activo
1105,2014-02-14,1980-06-03,mujer,casado,bachillerato,empleado,0.5,1464.89,2,propia,Madrid,activo
1106,2017-02-04,1990-04-29,mujer,casado,universitario,empleado,14.1,2606.8,0,alquiler,Sevilla,activo
1107,2017-02-09,1994-10-10,mujer,divorciado,universitario,empleado,10.6,3168.08,0,alquiler,Málaga,activo
1108,2011-09-04,1978-12-05,hombre,divorciado,posgrado,empleado,6.0,1647.7,2,propia,Murcia,activo
1109,2024-08-24,1997-06-10,hombre,casado,formacion_profesional,empleado,9.3,1958.86,2,familiar,Madrid,activo
1110,2009-06-11,1989-07-23,mujer,soltero,universitario,empleado,10.9,1203.92,3,hipotecada,Zaragoza,activo
1111,2025-05-19,1996-02-28,mujer,divorciado,secundaria,empleado,6.6,2961.62,1,hipotecada,Madrid,activo
1112,2014-06-07,1991-02-02,mujer,casado,universitario,empleado,0.4,2859.28,2,propia,A Coruña,activo
1113,2016-10-20,1986-11-11,otro,soltero,posgrado,empleado,4.5,1827.04,0,hipotecada,Barcelona,activo
1114,2024-10-11,1998-05-19,hombre,soltero,secundaria,empleado,4.7,2229.2,0,propia,Madrid,activo
1115,2018-02-23,1971-06-16,hombre,viudo,universitario,empleado,11.7,2699.35,3,alquiler,Málaga,activo
1116,2007-09-08,1969-08-29,hombre,divorciado,bachillerato,jubilado,\N,2683.32,2,propia,Málaga,activo
1117,2019-06-07,2000-08-25,hombre,casado,formacion_profesional,desempleado,0,1292.38,1,alquiler,Madrid,activo
1118,2023-01-02,2003-12-05,hombre,viudo,secundaria,empleado,2.7,2532.09,0,propia,Madrid,activo
1119,2013-12-27,1993-01-31,mujer,divorciado,bachillerato,empleado,0,1732.09,2,familiar,Alicante,activo
1120,2025-11-15,2006-06-07,mujer,soltero,formacion_profesional,autonomo,2,1705.22,2,hipotecada,Barcelona,activo
1121,2015-04-12,1993-05-10,mujer,viudo,universitario,autonomo,15,1898.99,0,alquiler,Murcia,activo
1122,2024-04-01,1999-04-19,hombre,soltero,universitario,empleado,9,2248.23,2,familiar,Sevilla,activo
1123,2018-11-21,1988-07-24,mujer,soltero,secundaria,autonomo,11.7,2825.84,0,hipotecada,Murcia,activo
1124,2016-05-19,1984-06-06,hombre,soltero,universitario,empleado,6.1,2539.96,2,alquiler,Málaga,activo
1125,2024-06-25,1990-08-29,mujer,divorciado,universitario,empleado,5.5,3620.27,1,hipotecada,A Coruña,activo
1126,2007-01-05,1983-11-10,hombre,viudo,universitario,estudiante,0,124.76,0,alquiler,Valencia,activo
1127,2022-10-11,1987-06-21,hombre,casado,secundaria,empleado,9.0,1588.6,3,hipotecada,Sevilla,activo
1128,2014-01-25,1985-11-22,mujer,viudo,universitario,empleado,9.7,2386.92,1,familiar,Madrid,activo
1129,2014-02-14,1989-03-12,mujer,casado,universitario,empleado,4.6,2439.16,1,alquiler,Madrid,activo
1130,2025-02-15,1963-06-30,mujer,viudo,formacion_profesional,empleado,0,1838.88,4,alquiler,Valencia,activo
1131,2022-05-14,2002-09-26,hombre,soltero,posgrado,empleado,5,1087.25,0,propia,Vizcaya,activo
1132,2024-11-08,1997-07-21,otro,soltero,bachillerato,autonomo,8.7,1786.78,1,propia,Málaga,activo
1133,2025-07-09,1989-09-03,mujer,casado,formacion_profesional,desempleado,2.4,1001.95,2,propia,Madrid,activo
1134,2022-01-27,1992-07-24,mujer,soltero,secundaria,empleado,8.6,1182.29,2,propia,A Coruña,activo
1135,2023-06-22,1982-01-10,mujer,divorciado,secundaria,jubilado,\N,1845.61,0,hipotecada,Barcelona,activo
1136,2006-04-03,1987-01-18,hombre,divorciado,bachillerato,empleado,13.8,2458.09,1,familiar,Murcia,activo
1137,2021-04-17,1989-11-16,mujer,casado,formacion_profesional,empleado,4.4,1018.05,0,alquiler,Barcelona,activo
1138,2021-04-06,1980-10-22,mujer,divorciado,secundaria,empleado,9.8,2140.56,1,familiar,Vizcaya,activo
1139,2006-07-05,1981-02-16,mujer,divorciado,universitario,jubilado,\N,1925.07,0,propia,Zaragoza,activo
1140,2007-06-10,1968-12-07,hombre,casado,secundaria,empleado,11.7,3699.65,3,propia,Alicante,activo
1141,2023-07-05,1944-03-01,hombre,soltero,posgrado,empleado,0.5,2499.05,0,alquiler,Málaga,activo
1142,2018-04-17,1983-02-16,hombre,soltero,bachillerato,empleado,2.3,1923.55,3,propia,Málaga,activo
1143,2013-12-08,1973-05-09,hombre,soltero,posgrado,empleado,5.5,1961.53,0,familiar,A Coruña,activo
1144,2012-10-28,1990-09-30,mujer,viudo,bachillerato,empleado,10.0,1451.41,1,alquiler,Sevilla,activo
1145,2010-06-14,1984-09-27,hombre,casado,universitario,estudiante,0,776.35,1,alquiler,Madrid,activo
1146,2026-05-31,1990-10-22,hombre,viudo,bachillerato,autonomo,0,3031.52,0,alquiler,Valencia,activo
1147,2013-03-10,1965-06-23,mujer,soltero,posgrado,autonomo,6.0,2355.51,0,hipotecada,Zaragoza,activo
1148,2016-12-23,1991-06-24,mujer,casado,secundaria,empleado,6.4,2117.13,2,alquiler,Zaragoza,activo
1149,2013-12-04,1964-09-13,mujer,casado,formacion_profesional,jubilado,\N,1788.81,1,hipotecada,Málaga,activo
1150,2025-09-28,2007-09-25,mujer,casado,universitario,jubilado,\N,2532.49,2,alquiler,A Coruña,activo
1151,2010-08-17,1960-07-11,mujer,soltero,formacion_profesional,empleado,10.4,1882.32,2,alquiler,Vizcaya,activo
1152,2020-01-16,1991-10-15,mujer,casado,posgrado,jubilado,\N,1751.0,1,alquiler,Alicante,activo
1153,2009-05-25,1986-10-30,mujer,viudo,formacion_profesional,empleado,5.5,3686.35,1,alquiler,Alicante,activo
1154,2008-05-13,1979-09-27,mujer,casado,formacion_profesional,estudiante,0,315.57,1,alquiler,Murcia,activo
1155,2026-02-28,1990-06-11,hombre,divorciado,posgrado,autonomo,4.9,1882.68,1,hipotecada,Zaragoza,activo
1156,2013-07-18,1977-12-13,hombre,divorciado,universitario,autonomo,16.7,2016.39,0,propia,Valencia,activo
1157,2013-10-26,1978-10-06,mujer,divorciado,universitario,empleado,10.2,2030.18,0,hipotecada,Sevilla,activo
1158,2025-05-03,2001-03-23,hombre,divorciado,bachillerato,jubilado,\N,2786.15,0,hipotecada,Murcia,activo
1159,2021-01-31,1999-04-01,hombre,soltero,universitario,empleado,5.4,3196.5,1,alquiler,Zaragoza,activo
1160,2025-06-06,1996-06-17,hombre,casado,formacion_profesional,empleado,4.5,2287.18,1,hipotecada,Vizcaya,activo
1161,2006-09-03,1968-09-08,mujer,divorciado,universitario,jubilado,\N,2183.95,1,propia,Madrid,activo
1162,2023-10-23,1973-05-17,hombre,casado,formacion_profesional,empleado,6.4,2040.21,2,hipotecada,Alicante,activo
1163,2021-04-29,1976-10-30,hombre,divorciado,posgrado,desempleado,1.3,522.03,0,propia,Barcelona,activo
1164,2008-02-25,1989-05-17,mujer,viudo,universitario,desempleado,2.4,1604.23,1,hipotecada,Valencia,bloqueado
1165,2005-02-25,1970-10-30,mujer,viudo,formacion_profesional,empleado,5.3,2484.55,0,familiar,A Coruña,activo
1166,2014-04-27,1976-10-14,mujer,divorciado,formacion_profesional,desempleado,2.2,387.77,0,familiar,Málaga,activo
1167,2023-02-14,1995-09-03,mujer,divorciado,bachillerato,jubilado,\N,1633.01,2,propia,A Coruña,activo
1168,2014-08-09,1951-07-12,hombre,soltero,secundaria,jubilado,\N,1051.61,0,hipotecada,Zaragoza,activo
1169,2014-10-16,1995-03-05,mujer,soltero,universitario,jubilado,\N,1240.35,0,hipotecada,Barcelona,activo
1170,2005-10-04,1979-10-28,hombre,divorciado,universitario,empleado,11.3,2559.72,2,alquiler,Alicante,activo
1171,2017-05-30,1997-10-22,mujer,viudo,bachillerato,empleado,10,1583.52,1,propia,Zaragoza,activo
1172,2008-10-05,1960-07-05,hombre,casado,universitario,jubilado,\N,700,0,propia,Vizcaya,inactivo
1173,2009-04-09,1981-04-23,mujer,soltero,secundaria,desempleado,3.4,650.97,2,hipotecada,Barcelona,activo
1174,2010-06-28,1969-10-07,hombre,soltero,universitario,empleado,2.7,2181.23,1,propia,Valencia,activo
1175,2016-10-04,1988-01-03,hombre,soltero,formacion_profesional,empleado,8.9,2324.56,1,hipotecada,Murcia,activo
1176,2025-03-06,1976-12-17,mujer,casado,secundaria,autonomo,19.4,2056.77,2,hipotecada,Sevilla,inactivo
1177,2022-08-28,1973-11-16,hombre,casado,universitario,autonomo,4.7,1463.34,2,alquiler,A Coruña,activo
1178,2022-10-21,1988-03-13,hombre,casado,bachillerato,empleado,3.0,1733.39,2,propia,Zaragoza,activo
1179,2010-06-27,1977-07-06,hombre,soltero,formacion_profesional,desempleado,0,1195.74,0,hipotecada,Murcia,activo
1180,2010-07-18,1979-02-03,hombre,viudo,universitario,jubilado,\N,2641.38,1,hipotecada,Valencia,activo
1181,2014-11-04,1968-09-05,mujer,viudo,universitario,empleado,2.8,2389.73,0,familiar,Barcelona,activo
1182,2008-02-07,1979-01-15,mujer,soltero,bachillerato,empleado,14.6,3440.36,0,alquiler,Madrid,activo
1183,2016-05-16,1992-06-08,mujer,viudo,formacion_profesional,autonomo,6.9,2555.16,1,propia,Zaragoza,activo
1184,2022-06-12,1990-03-01,mujer,divorciado,secundaria,empleado,2.9,1661.33,0,propia,Valencia,activo
1185,2025-02-25,1955-09-12,mujer,casado,universitario,jubilado,\N,1461.61,0,hipotecada,A Coruña,activo
1186,2011-10-17,1984-05-14,mujer,viudo,secundaria,empleado,0,2217.37,2,hipotecada,Murcia,activo
1187,2013-12-03,1953-04-17,mujer,viudo,formacion_profesional,empleado,14.2,1682.33,0,hipotecada,Valencia,activo
1188,2007-01-02,1964-07-21,mujer,soltero,formacion_profesional,empleado,9.3,2019.76,3,hipotecada,Vizcaya,activo
1189,2025-10-04,1981-03-21,mujer,viudo,universitario,empleado,0,2389.01,0,hipotecada,Málaga,activo
1190,2008-12-13,1982-02-06,hombre,divorciado,universitario,empleado,4.7,1127.33,1,alquiler,Zaragoza,activo
1191,2013-06-04,1976-02-05,mujer,viudo,universitario,empleado,6.7,3784.44,1,propia,Madrid,activo
1192,2017-10-05,1979-07-25,hombre,viudo,secundaria,empleado,3.7,994.94,1,propia,Alicante,activo
1193,2013-03-23,1966-09-28,hombre,casado,secundaria,empleado,4.5,2678.56,2,familiar,Madrid,activo
1194,2024-01-04,1995-04-10,mujer,soltero,formacion_profesional,empleado,9.2,2192.16,1,hipotecada,Madrid,activo
1195,2019-12-31,1990-02-06,mujer,soltero,bachillerato,autonomo,9.7,4800.79,0,hipotecada,Málaga,activo
1196,2018-10-27,1979-06-23,mujer,soltero,formacion_profesional,empleado,7.4,2637.46,0,hipotecada,Zaragoza,activo
1197,2017-10-05,1994-04-03,hombre,soltero,universitario,empleado,10.8,2847.5,2,hipotecada,Vizcaya,activo
1198,2017-06-04,1976-12-01,hombre,soltero,universitario,empleado,9.4,2101.85,3,alquiler,Zaragoza,activo
1199,2025-08-02,1991-06-16,hombre,soltero,bachillerato,empleado,7.9,1972.47,0,alquiler,Sevilla,activo
1200,2024-02-17,2002-02-03,hombre,viudo,bachillerato,jubilado,\N,2895.06,3,hipotecada,Madrid,activo
1201,2016-12-04,1969-01-03,mujer,divorciado,formacion_profesional,estudiante,0,690.88,1,propia,Vizcaya,activo
1202,2023-01-10,1973-07-22,mujer,viudo,posgrado,estudiante,0,658.01,0,hipotecada,Alicante,activo
1203,2022-02-11,1991-01-02,hombre,divorciado,formacion_profesional,empleado,8.1,1807.95,2,alquiler,Málaga,activo
1204,2021-12-08,1964-06-18,mujer,soltero,secundaria,empleado,5.5,1399.9,1,hipotecada,A Coruña,activo
1205,2006-07-11,1980-09-21,mujer,divorciado,bachillerato,desempleado,0,1616.54,1,familiar,Barcelona,activo
1206,2013-11-25,1992-01-20,mujer,viudo,universitario,empleado,8.5,2542.47,2,alquiler,Murcia,activo
1207,2016-08-08,1993-08-07,hombre,viudo,posgrado,autonomo,3.6,1348.84,0,familiar,Valencia,activo
1208,2025-11-11,2007-03-13,hombre,divorciado,universitario,empleado,1,1250.2,0,familiar,A Coruña,activo
1209,2023-02-07,1972-11-14,mujer,casado,secundaria,empleado,14.3,1499.24,0,alquiler,Valencia,activo
1210,2019-12-04,1984-07-27,mujer,soltero,bachillerato,autonomo,7.3,3883.65,3,hipotecada,A Coruña,activo
1211,2016-07-04,1955-09-12,mujer,divorciado,posgrado,empleado,17.4,2115.26,3,alquiler,Barcelona,activo
1212,2025-10-25,1958-09-25,mujer,casado,universitario,empleado,8.3,1571.4,3,alquiler,Vizcaya,activo
1213,2014-10-26,1976-12-21,hombre,divorciado,formacion_profesional,jubilado,\N,1576.89,0,propia,Valencia,activo
1214,2013-07-13,1985-03-26,mujer,divorciado,universitario,empleado,7.7,1767.38,3,hipotecada,Alicante,activo
1215,2024-07-12,2003-09-18,hombre,soltero,universitario,empleado,4,2803.97,2,propia,Barcelona,activo
1216,2011-02-08,1991-02-19,mujer,casado,formacion_profesional,desempleado,2.4,476.56,0,hipotecada,Vizcaya,activo
1217,2020-11-23,1994-12-20,mujer,casado,formacion_profesional,empleado,5.4,4302.08,2,propia,A Coruña,activo
1218,2023-09-25,1964-02-07,hombre,viudo,formacion_profesional,empleado,3.5,1988.89,0,propia,Murcia,activo
1219,2013-08-28,1966-05-09,hombre,casado,secundaria,empleado,7.5,3579.64,2,familiar,Sevilla,activo
1220,2016-04-03,1984-07-09,hombre,viudo,universitario,empleado,12.0,1294.48,4,propia,Madrid,activo
1221,2006-09-21,1987-01-29,hombre,casado,posgrado,empleado,5.7,3699.64,2,hipotecada,Alicante,activo
1222,2025-01-23,1975-12-05,mujer,viudo,formacion_profesional,empleado,9.2,1676.2,3,hipotecada,Madrid,activo
1223,2021-10-31,1972-02-09,hombre,casado,universitario,empleado,4.5,1688.49,0,propia,A Coruña,activo
1224,2026-03-08,2006-11-03,mujer,divorciado,universitario,estudiante,0,989.01,3,alquiler,Vizcaya,activo
1225,2023-06-20,1996-06-29,mujer,soltero,universitario,empleado,2.4,2282.75,0,hipotecada,A Coruña,activo
1226,2026-03-31,1977-12-20,mujer,viudo,universitario,empleado,11.6,1892.42,1,alquiler,Málaga,activo
1227,2020-06-12,1971-01-23,hombre,divorciado,universitario,estudiante,0,504.61,0,propia,Barcelona,activo
1228,2019-07-23,1999-07-19,hombre,soltero,formacion_profesional,empleado,1.8,2779.99,0,propia,Barcelona,activo
1229,2025-11-01,2003-03-07,hombre,casado,secundaria,empleado,5,3186.29,0,alquiler,Zaragoza,activo
1230,2005-03-04,1986-10-26,mujer,divorciado,bachillerato,empleado,8.2,2623.28,0,alquiler,Alicante,activo
1231,2022-08-14,1962-02-10,hombre,viudo,secundaria,estudiante,0,645.47,2,hipotecada,Málaga,activo
1232,2012-01-23,1970-01-22,mujer,divorciado,universitario,empleado,14.9,1529.91,0,familiar,Sevilla,activo
1233,2014-07-15,1979-06-17,mujer,casado,universitario,empleado,0,3182.38,2,alquiler,Málaga,activo
1234,2018-07-17,1970-01-10,hombre,divorciado,bachillerato,empleado,8.7,3252.76,0,hipotecada,Murcia,activo
1235,2026-06-07,2007-07-11,hombre,casado,formacion_profesional,empleado,0,1675.08,1,familiar,Barcelona,activo
1236,2026-02-17,2007-10-17,mujer,soltero,secundaria,empleado,0,2240.38,0,alquiler,Alicante,activo
1237,2019-02-18,1999-09-18,mujer,soltero,posgrado,empleado,7.7,1148.61,2,propia,Valencia,activo
1238,2024-02-16,1969-02-16,hombre,casado,formacion_profesional,empleado,6.8,1186.18,0,hipotecada,Alicante,activo
1239,2017-06-06,1971-11-07,hombre,casado,bachillerato,empleado,2.4,2825.39,4,alquiler,Sevilla,inactivo
1240,2026-03-01,2007-12-28,mujer,divorciado,universitario,empleado,0,2689.28,0,hipotecada,Barcelona,activo
1241,2025-12-18,1958-04-13,mujer,soltero,formacion_profesional,autonomo,17.3,2176.9,1,familiar,Alicante,activo
1242,2019-06-21,1983-02-01,mujer,viudo,universitario,autonomo,3.5,4224.19,0,hipotecada,Murcia,activo
1243,2006-05-13,1984-09-26,hombre,casado,secundaria,desempleado,4.7,907.04,3,hipotecada,Sevilla,activo
1244,2021-02-17,1973-01-15,hombre,soltero,formacion_profesional,empleado,10.5,2949.47,0,hipotecada,Alicante,activo
1245,2019-07-03,1990-11-18,mujer,divorciado,bachillerato,empleado,0,2221.92,0,alquiler,Vizcaya,activo
1246,2023-05-19,1964-03-15,hombre,divorciado,bachillerato,empleado,4.2,1997.48,1,hipotecada,Valencia,activo
1247,2016-12-20,1988-09-29,mujer,viudo,posgrado,jubilado,\N,1367.14,1,alquiler,Valencia,activo
1248,2018-06-07,1983-07-13,hombre,soltero,universitario,empleado,3.0,2334.22,0,hipotecada,A Coruña,activo
1249,2021-10-09,1981-09-27,mujer,casado,universitario,jubilado,\N,1673.76,0,propia,Sevilla,activo
1250,2022-11-22,1992-03-01,hombre,casado,posgrado,desempleado,2.3,978.3,1,alquiler,Valencia,activo
1251,2026-05-25,2000-06-05,mujer,viudo,universitario,empleado,6.4,2696.44,0,propia,Vizcaya,activo
1252,2013-08-10,1972-12-22,mujer,casado,universitario,desempleado,0.4,1038.88,0,propia,Vizcaya,activo
1253,2022-08-20,1953-06-06,mujer,divorciado,universitario,empleado,11.4,1789.5,0,hipotecada,Madrid,activo
1254,2019-09-16,1999-06-30,hombre,divorciado,posgrado,autonomo,8.1,6377.23,0,alquiler,Murcia,activo
1255,2026-06-09,2008-05-23,hombre,viudo,posgrado,empleado,0,2737.15,0,alquiler,Barcelona,activo
1256,2007-01-10,1986-07-04,mujer,soltero,universitario,autonomo,0,2507.57,3,propia,Vizcaya,activo
1257,2014-08-23,1968-03-23,hombre,viudo,universitario,empleado,1.2,1423.85,1,alquiler,Vizcaya,activo
1258,2017-07-08,1967-11-22,mujer,divorciado,secundaria,empleado,0,3996.83,1,hipotecada,Alicante,activo
1259,2013-02-21,1976-03-30,hombre,viudo,posgrado,empleado,1.5,1327.92,0,hipotecada,Zaragoza,activo
1260,2024-01-19,1967-11-11,hombre,soltero,universitario,jubilado,\N,1116.22,2,propia,A Coruña,activo
1261,2025-12-17,1985-12-24,hombre,soltero,universitario,empleado,4.8,1312.37,3,propia,Málaga,activo
1262,2018-07-04,1972-12-15,mujer,viudo,posgrado,empleado,9.1,1201.11,0,alquiler,Valencia,activo
1263,2022-01-17,2003-04-09,mujer,divorciado,bachillerato,empleado,5,2134.91,1,propia,Vizcaya,bloqueado
1264,2020-04-10,1981-01-04,hombre,divorciado,formacion_profesional,empleado,3.3,2082.49,0,propia,A Coruña,activo
1265,2026-01-15,1961-06-21,hombre,casado,universitario,autonomo,19.4,1359.92,0,propia,Murcia,inactivo
1266,2018-11-21,1997-04-01,hombre,viudo,universitario,jubilado,\N,949.11,2,familiar,Vizcaya,activo
1267,2022-01-12,2002-03-29,mujer,divorciado,secundaria,autonomo,6,3535.6,0,propia,Zaragoza,activo
1268,2019-05-23,1971-09-17,hombre,soltero,universitario,autonomo,10.2,5261.51,2,propia,Zaragoza,activo
1269,2024-06-27,1988-03-06,hombre,viudo,universitario,estudiante,0,45.67,0,hipotecada,Madrid,activo
1270,2010-10-02,1973-10-26,hombre,divorciado,universitario,estudiante,0,895.48,2,propia,Valencia,activo
1271,2024-07-16,2000-09-13,mujer,soltero,formacion_profesional,empleado,7,2536.08,0,hipotecada,A Coruña,activo
1272,2014-12-06,1993-10-10,mujer,soltero,secundaria,jubilado,\N,1877.68,1,alquiler,Valencia,activo
1273,2022-05-18,1972-01-02,mujer,divorciado,formacion_profesional,empleado,9.3,2413.92,0,alquiler,Sevilla,inactivo
1274,2024-07-18,1969-01-09,hombre,viudo,formacion_profesional,jubilado,\N,1594.88,2,alquiler,Sevilla,inactivo
1275,2024-12-26,1981-02-22,otro,divorciado,formacion_profesional,empleado,6.0,2276.03,2,propia,Madrid,activo
1276,2012-06-29,1975-01-13,hombre,casado,universitario,empleado,2.7,2741.37,0,propia,Madrid,inactivo
1277,2026-01-06,1979-09-28,mujer,casado,secundaria,empleado,0,2670.92,2,propia,Barcelona,activo
1278,2022-06-21,1982-11-07,hombre,viudo,secundaria,empleado,5.9,1831.79,2,hipotecada,Valencia,activo
1279,2009-02-16,1990-08-11,mujer,soltero,posgrado,empleado,2.5,5851.51,0,hipotecada,Valencia,inactivo
1280,2025-03-18,1954-11-19,mujer,soltero,secundaria,empleado,8.2,3420.49,0,propia,Sevilla,activo
1281,2025-07-24,1987-03-30,mujer,divorciado,secundaria,estudiante,0,1149.2,1,alquiler,Murcia,activo
1282,2023-07-02,1988-05-10,mujer,soltero,posgrado,empleado,5.7,1746.03,0,hipotecada,Barcelona,activo
1283,2005-03-21,1986-06-06,mujer,casado,universitario,jubilado,\N,1572.8,0,alquiler,Madrid,activo
1284,2012-10-23,1963-02-09,hombre,divorciado,posgrado,empleado,10.8,3382.47,1,hipotecada,Valencia,activo
1285,2013-01-21,1977-09-24,hombre,soltero,universitario,empleado,11.8,2644.1,0,alquiler,Alicante,activo
1286,2006-04-27,1979-09-24,mujer,casado,universitario,empleado,6.3,1928.86,2,familiar,Sevilla,bloqueado
1287,2024-01-11,1958-09-13,hombre,divorciado,secundaria,empleado,12.8,1980.37,0,propia,Zaragoza,activo
1288,2006-08-21,1983-06-26,hombre,soltero,universitario,empleado,10.4,3487.19,0,hipotecada,A Coruña,activo
1289,2022-06-23,1972-07-06,hombre,viudo,universitario,empleado,8.2,2888.85,2,propia,Sevilla,activo
1290,2020-10-07,1988-06-28,hombre,viudo,formacion_profesional,autonomo,3.5,4223.89,0,hipotecada,A Coruña,activo
1291,2011-04-26,1984-06-27,mujer,viudo,formacion_profesional,estudiante,0,167.86,3,alquiler,Valencia,activo
1292,2008-11-01,1951-05-18,mujer,casado,universitario,empleado,7.8,2445.61,3,hipotecada,Valencia,activo
1293,2013-04-20,1979-11-09,mujer,soltero,secundaria,empleado,17.4,1671.73,1,alquiler,Valencia,activo
1294,2021-03-05,1987-03-08,mujer,soltero,universitario,autonomo,3.1,3389.27,1,familiar,Madrid,activo
1295,2020-08-17,1998-07-15,hombre,divorciado,universitario,empleado,3.6,1819.06,0,alquiler,Murcia,activo
1296,2020-10-15,1984-04-06,hombre,casado,secundaria,autonomo,5.4,2143.21,2,familiar,A Coruña,activo
1297,2025-09-09,2006-04-12,mujer,soltero,universitario,estudiante,0,436.47,1,familiar,Valencia,activo
1298,2021-03-15,1982-04-05,mujer,casado,secundaria,autonomo,0,3061.01,2,propia,Málaga,activo
1299,2012-01-20,1987-10-25,mujer,casado,secundaria,autonomo,5.7,7480.56,1,propia,Madrid,activo
1300,2023-12-07,2005-02-09,hombre,casado,secundaria,empleado,0,950,0,hipotecada,Valencia,activo
1301,2007-02-06,1982-10-17,mujer,casado,posgrado,empleado,6.7,3364.5,4,alquiler,Murcia,activo
1302,2013-12-04,1982-12-31,hombre,casado,posgrado,estudiante,0,1007.91,0,propia,Barcelona,activo
1303,2011-09-12,1973-11-02,mujer,divorciado,bachillerato,empleado,11.5,3647.61,1,familiar,Vizcaya,activo
1304,2006-07-02,1964-02-10,hombre,soltero,formacion_profesional,empleado,15.8,2024.77,3,alquiler,Zaragoza,activo
1305,2023-11-16,1969-11-29,hombre,viudo,posgrado,jubilado,\N,777.82,2,propia,Vizcaya,activo
1306,2013-02-13,1961-12-11,hombre,casado,universitario,empleado,7.3,1837.74,1,hipotecada,Sevilla,activo
1307,2024-11-23,1994-03-07,hombre,divorciado,posgrado,empleado,9.1,1899.55,0,propia,Alicante,activo
1308,2008-01-31,1976-07-25,mujer,soltero,universitario,jubilado,\N,1666.72,1,hipotecada,Madrid,activo
1309,2026-06-05,2007-10-01,hombre,casado,universitario,jubilado,\N,1117.12,0,familiar,Barcelona,activo
1310,2026-01-14,1994-07-30,mujer,divorciado,posgrado,empleado,0,1990.35,2,familiar,Valencia,activo
1311,2025-12-03,1992-12-25,hombre,soltero,universitario,empleado,6.8,2259.31,2,alquiler,Vizcaya,activo
1312,2014-02-06,1973-10-18,mujer,divorciado,universitario,empleado,4.3,1747.38,2,familiar,Zaragoza,activo
1313,2020-03-30,1998-03-20,hombre,viudo,posgrado,jubilado,\N,1155.96,4,propia,Sevilla,activo
1314,2007-11-03,1976-02-08,mujer,divorciado,formacion_profesional,empleado,0,1870.64,1,hipotecada,Valencia,activo
1315,2021-04-15,1989-12-08,mujer,soltero,formacion_profesional,empleado,3.9,2960.97,0,familiar,Valencia,activo
1316,2013-04-03,1975-03-01,mujer,soltero,posgrado,desempleado,1.0,657.9,0,familiar,Vizcaya,activo
1317,2020-07-31,1993-04-11,hombre,viudo,bachillerato,desempleado,1.0,679.85,0,hipotecada,Sevilla,activo
1318,2025-05-09,1972-05-08,hombre,divorciado,universitario,autonomo,18.4,3298.31,3,alquiler,Vizcaya,activo
1319,2018-03-25,1993-02-07,mujer,soltero,secundaria,empleado,8.1,1382.92,2,propia,Valencia,activo
1320,2012-02-22,1993-08-03,hombre,viudo,formacion_profesional,autonomo,7.8,2376.5,3,alquiler,Sevilla,activo
1321,2019-09-17,1991-03-24,hombre,viudo,posgrado,empleado,12.3,1886.33,1,propia,Zaragoza,activo
1322,2026-06-26,2008-01-16,hombre,casado,secundaria,empleado,0,3743.02,0,propia,Málaga,activo
1323,2025-05-19,2004-03-06,hombre,casado,formacion_profesional,autonomo,4,4573.76,4,alquiler,Valencia,activo
1324,2023-02-25,1987-10-09,hombre,divorciado,universitario,empleado,3.1,2748.35,0,hipotecada,Sevilla,activo
1325,2016-06-25,1995-03-03,mujer,soltero,formacion_profesional,empleado,0,3275.83,0,hipotecada,Sevilla,activo
1326,2010-01-22,1976-01-01,mujer,viudo,secundaria,empleado,6.2,2082.63,0,propia,A Coruña,activo
1327,2022-09-03,1979-10-20,hombre,soltero,formacion_profesional,jubilado,\N,1832.45,2,propia,Barcelona,activo
1328,2026-06-10,2008-01-01,mujer,casado,universitario,desempleado,0,1105.07,2,familiar,Murcia,activo
1329,2020-10-02,1996-11-20,hombre,casado,bachillerato,empleado,0,1689.96,0,familiar,Sevilla,activo
1330,2026-05-12,1944-04-19,mujer,casado,universitario,empleado,5.4,1143.85,0,hipotecada,Valencia,activo
1331,2006-04-14,1967-12-06,mujer,viudo,bachillerato,empleado,18.4,3804.76,4,familiar,Murcia,activo
1332,2007-07-29,1976-08-03,hombre,viudo,universitario,empleado,4.2,1373.92,1,propia,Vizcaya,activo
1333,2017-08-07,1960-07-31,mujer,viudo,bachillerato,empleado,4.3,1634.3,0,hipotecada,Murcia,activo
1334,2025-06-06,1991-01-22,hombre,soltero,formacion_profesional,empleado,2.9,2147.06,0,alquiler,Málaga,activo
1335,2012-09-04,1966-07-22,hombre,casado,universitario,empleado,9.8,1556.69,1,alquiler,Murcia,activo
1336,2024-10-31,1988-10-29,hombre,viudo,secundaria,empleado,9.5,1602.37,0,hipotecada,Barcelona,activo
1337,2017-10-27,1980-03-19,hombre,viudo,bachillerato,empleado,8.6,2545.78,1,propia,Murcia,activo
1338,2022-04-13,1975-08-27,hombre,viudo,universitario,empleado,4.7,2058.76,2,alquiler,Sevilla,activo
1339,2020-05-13,1965-08-11,hombre,soltero,posgrado,empleado,0,1351.56,1,hipotecada,A Coruña,activo
1340,2010-07-22,1989-04-28,hombre,divorciado,formacion_profesional,empleado,4.6,2168.61,4,hipotecada,Madrid,activo
1341,2013-11-16,1959-11-06,hombre,viudo,posgrado,empleado,17.1,2487.58,1,hipotecada,Barcelona,activo
1342,2019-07-26,1992-01-05,hombre,soltero,universitario,autonomo,9.9,1284.8,0,alquiler,Málaga,activo
1343,2023-10-13,2000-11-05,hombre,divorciado,bachillerato,empleado,4.2,3906.33,0,hipotecada,A Coruña,activo
1344,2012-11-05,1984-12-24,hombre,soltero,universitario,empleado,7.1,2278.83,1,hipotecada,Vizcaya,activo
1345,2022-03-17,1996-09-12,mujer,divorciado,posgrado,empleado,2.6,1917.7,1,familiar,Málaga,activo
1346,2022-08-15,1984-02-20,mujer,casado,universitario,empleado,2.7,4284.19,0,familiar,Málaga,activo
1347,2017-11-23,1986-03-07,mujer,casado,bachillerato,estudiante,0,1028.21,2,propia,Zaragoza,activo
1348,2025-01-16,1990-10-30,mujer,divorciado,secundaria,jubilado,\N,1749.17,4,propia,Madrid,activo
1349,2007-11-24,1959-11-15,hombre,divorciado,universitario,empleado,6.9,3052.15,0,hipotecada,Zaragoza,activo
1350,2024-12-07,1997-04-24,mujer,viudo,posgrado,desempleado,1.8,1540.93,0,propia,A Coruña,activo
1351,2017-09-16,1983-03-09,mujer,viudo,bachillerato,empleado,10.0,2764.3,0,alquiler,Murcia,activo
1352,2023-12-08,1993-06-29,hombre,divorciado,universitario,jubilado,\N,1949.3,1,propia,Zaragoza,activo
1353,2013-09-13,1984-12-09,mujer,casado,secundaria,empleado,10.0,2277.77,0,propia,Málaga,activo
1354,2011-07-27,1954-11-09,mujer,viudo,universitario,empleado,10.6,1843.02,0,alquiler,Madrid,activo
1355,2017-05-21,1982-06-14,mujer,divorciado,formacion_profesional,desempleado,1.3,1501.37,2,alquiler,Madrid,activo
1356,2019-07-04,1969-05-16,otro,divorciado,bachillerato,autonomo,16.9,2422.98,0,alquiler,Valencia,activo
1357,2026-03-31,1979-12-26,hombre,viudo,universitario,empleado,15.8,1334.69,3,hipotecada,Valencia,activo
1358,2018-12-27,1981-04-13,hombre,casado,posgrado,desempleado,1.9,1078.6,0,propia,Sevilla,activo
1359,2010-09-09,1983-03-22,mujer,viudo,universitario,empleado,14.7,1903.63,2,propia,Murcia,activo
1360,2018-09-06,1962-08-23,hombre,casado,posgrado,empleado,7.0,2889.03,1,hipotecada,Vizcaya,activo
1361,2021-01-21,1992-02-19,hombre,soltero,secundaria,empleado,14.7,1443.97,0,hipotecada,Valencia,activo
1362,2016-07-11,1995-07-28,mujer,soltero,universitario,empleado,10.3,4600.2,2,alquiler,Murcia,activo
1363,2025-07-14,1989-01-17,mujer,viudo,bachillerato,empleado,8.4,3543.69,0,hipotecada,Valencia,activo
1364,2016-05-06,1986-01-08,mujer,divorciado,formacion_profesional,estudiante,0,837.25,1,hipotecada,Málaga,activo
1365,2010-09-18,1979-07-02,hombre,soltero,universitario,jubilado,\N,1705.31,0,propia,Barcelona,activo
1366,2010-06-03,1991-05-18,mujer,soltero,universitario,empleado,7.4,2079.29,1,familiar,Barcelona,activo
1367,2024-03-06,1970-11-11,hombre,divorciado,universitario,empleado,13.9,2964.95,0,propia,Zaragoza,activo
1368,2016-01-30,1979-05-06,hombre,casado,formacion_profesional,empleado,7.4,1521.61,2,alquiler,Málaga,activo
1369,2024-09-19,1980-09-01,hombre,divorciado,formacion_profesional,autonomo,11.3,4063.89,1,alquiler,Madrid,activo
1370,2016-04-07,1962-01-25,hombre,casado,secundaria,desempleado,1.5,241.48,3,alquiler,Alicante,activo
1371,2018-09-24,1981-05-25,mujer,casado,formacion_profesional,autonomo,0,1175.71,0,hipotecada,Sevilla,activo
1372,2014-04-16,1968-01-20,hombre,viudo,secundaria,empleado,15.7,2026.66,0,alquiler,Vizcaya,activo
1373,2005-08-16,1961-04-23,hombre,viudo,bachillerato,autonomo,13.5,6950.1,0,propia,Zaragoza,activo
1374,2018-09-10,1991-09-07,hombre,divorciado,universitario,empleado,13.8,1331.0,2,familiar,Madrid,activo
1375,2012-05-14,1988-07-26,mujer,soltero,secundaria,empleado,7.8,1932.23,2,alquiler,Sevilla,activo
1376,2006-11-17,1985-08-06,hombre,casado,posgrado,empleado,4.2,3067.6,3,alquiler,Vizcaya,activo
1377,2017-08-20,1998-06-26,hombre,divorciado,universitario,autonomo,8.0,1562.57,1,hipotecada,Madrid,activo
1378,2025-10-25,1969-09-12,hombre,divorciado,universitario,empleado,8.3,3646.94,1,familiar,Alicante,activo
1379,2024-06-06,1989-01-22,hombre,casado,universitario,autonomo,19,3747.15,0,alquiler,Valencia,activo
1380,2011-11-09,1980-06-22,hombre,soltero,secundaria,autonomo,11.5,2004.81,3,hipotecada,Murcia,activo
1381,2018-09-02,1969-09-02,mujer,casado,secundaria,empleado,13.9,2616.62,1,alquiler,Madrid,activo
1382,2005-06-21,1980-12-03,hombre,casado,universitario,autonomo,14.3,5933.16,0,propia,Alicante,activo
1383,2019-03-04,1981-01-17,mujer,soltero,posgrado,empleado,9.1,2900.85,2,alquiler,Valencia,activo
1384,2008-11-01,1959-08-20,mujer,casado,universitario,autonomo,2.8,3158.26,0,hipotecada,Sevilla,activo
1385,2024-12-14,1977-09-19,mujer,casado,universitario,empleado,4.6,4093.79,0,alquiler,Barcelona,activo
1386,2025-02-10,2002-08-12,hombre,soltero,bachillerato,empleado,5,2115.62,1,hipotecada,Valencia,inactivo
1387,2008-06-02,1979-08-24,hombre,soltero,universitario,empleado,10.4,2321.51,3,alquiler,Madrid,activo
1388,2026-05-02,2007-10-22,mujer,soltero,universitario,empleado,0,5068.09,0,hipotecada,Sevilla,activo
1389,2018-08-11,1980-11-03,mujer,viudo,universitario,empleado,0.1,1972.65,1,alquiler,Sevilla,activo
1390,2023-09-19,1994-07-28,mujer,viudo,universitario,empleado,5.9,2816.62,0,hipotecada,A Coruña,activo
1391,2008-02-08,1971-05-14,hombre,divorciado,bachillerato,empleado,2.2,1330.05,1,propia,Alicante,activo
1392,2021-07-23,1984-11-15,otro,soltero,universitario,empleado,6.5,2053.72,0,alquiler,Alicante,activo
1393,2025-05-20,2000-09-20,mujer,divorciado,formacion_profesional,empleado,7,2801.11,1,propia,Vizcaya,activo
1394,2023-12-31,1976-10-15,mujer,casado,formacion_profesional,empleado,13.4,2037.7,2,alquiler,Vizcaya,activo
1395,2016-12-21,1972-09-04,hombre,casado,secundaria,empleado,10.0,2694.9,1,hipotecada,Madrid,activo
1396,2005-11-17,1979-11-09,hombre,divorciado,formacion_profesional,empleado,9.4,1559.61,0,propia,Sevilla,activo
1397,2017-06-18,1954-09-11,mujer,casado,universitario,empleado,7.0,2462.38,1,hipotecada,Málaga,activo
1398,2017-05-30,1972-05-07,mujer,divorciado,universitario,empleado,0,3343.58,2,propia,Zaragoza,activo
1399,2023-04-30,1988-02-18,hombre,viudo,posgrado,empleado,8.5,6262.69,0,familiar,Barcelona,activo
1400,2010-05-14,1991-08-06,hombre,divorciado,posgrado,empleado,6.4,2449.22,0,alquiler,Málaga,activo
1401,2013-10-28,1971-06-09,hombre,soltero,formacion_profesional,empleado,11.9,3772.35,2,hipotecada,Valencia,activo
1402,2018-05-26,1960-08-22,mujer,casado,bachillerato,empleado,14.4,2153.75,0,propia,Sevilla,activo
1403,2011-08-13,1978-07-29,mujer,divorciado,formacion_profesional,empleado,13.9,1192.71,1,propia,Alicante,activo
1404,2016-12-26,1986-03-04,hombre,soltero,secundaria,empleado,9.0,3380.29,2,propia,Valencia,activo
1405,2025-09-07,2002-05-27,hombre,divorciado,universitario,empleado,0,2719.86,3,alquiler,Sevilla,activo
1406,2021-09-09,1996-07-01,hombre,divorciado,secundaria,empleado,2.7,1312.95,0,propia,Vizcaya,activo
1407,2018-06-05,1990-05-18,hombre,soltero,bachillerato,empleado,11.2,1965.3,2,alquiler,Málaga,activo
1408,2025-03-11,2006-08-09,mujer,soltero,universitario,empleado,1,1450.53,1,hipotecada,Barcelona,activo
1409,2018-12-27,1990-09-12,hombre,soltero,universitario,empleado,10.3,1645.74,1,alquiler,Barcelona,activo
1410,2016-09-09,1986-08-06,hombre,viudo,formacion_profesional,jubilado,\N,1407.28,4,hipotecada,Vizcaya,activo
1411,2017-03-09,1960-10-28,hombre,divorciado,formacion_profesional,empleado,10.7,2067.45,0,hipotecada,Sevilla,activo
1412,2023-03-21,1962-10-27,hombre,viudo,bachillerato,desempleado,0.6,526.36,1,propia,Alicante,activo
1413,2006-12-19,1983-10-20,hombre,casado,universitario,autonomo,13.7,2474.89,1,propia,A Coruña,activo
1414,2010-10-06,1961-09-09,mujer,soltero,universitario,estudiante,0,394.44,3,propia,Vizcaya,activo
1415,2024-01-29,1993-08-30,hombre,divorciado,bachillerato,empleado,8.7,2638.12,1,alquiler,Málaga,activo
1416,2022-06-01,1979-10-11,hombre,viudo,formacion_profesional,empleado,2.4,3908.71,0,hipotecada,Zaragoza,activo
1417,2007-11-02,1979-10-08,hombre,viudo,universitario,jubilado,\N,1701.07,0,hipotecada,Barcelona,activo
1418,2026-05-25,2008-04-21,mujer,divorciado,posgrado,empleado,0,1307.66,0,propia,Zaragoza,activo
1419,2026-06-15,2007-05-12,hombre,casado,universitario,empleado,1,3567.17,4,hipotecada,Sevilla,inactivo
1420,2021-01-07,1991-10-04,mujer,soltero,bachillerato,empleado,8.0,2006.2,1,familiar,A Coruña,inactivo
1421,2020-09-20,2002-06-25,hombre,viudo,universitario,autonomo,6,10218.87,1,alquiler,Valencia,activo
1422,2025-01-07,1987-09-18,mujer,soltero,universitario,empleado,9.1,2064.87,1,alquiler,Madrid,activo
1423,2020-09-08,1995-07-24,mujer,viudo,formacion_profesional,empleado,7.4,2637.68,0,hipotecada,Zaragoza,inactivo
1424,2007-09-21,1965-01-03,mujer,soltero,secundaria,empleado,5.4,1966.25,1,alquiler,Valencia,activo
1425,2017-10-28,1995-01-29,mujer,soltero,bachillerato,autonomo,9.6,1656.78,0,alquiler,A Coruña,activo
1426,2023-04-18,1998-12-08,mujer,viudo,secundaria,empleado,7.6,1368.44,0,hipotecada,Málaga,activo
1427,2019-12-07,1982-11-13,hombre,soltero,secundaria,empleado,8.6,4454.45,1,alquiler,Alicante,activo
1428,2024-04-16,1992-07-18,mujer,viudo,posgrado,empleado,7.4,1354.57,0,hipotecada,Alicante,activo
1429,2012-09-11,1967-06-29,hombre,viudo,secundaria,jubilado,\N,1580.75,0,familiar,A Coruña,activo
1430,2015-05-12,1966-07-10,mujer,divorciado,formacion_profesional,jubilado,\N,1281.32,0,propia,Zaragoza,activo
1431,2005-11-03,1957-04-28,mujer,soltero,bachillerato,empleado,6.5,2182.58,0,propia,Málaga,activo
1432,2007-08-09,1966-11-11,hombre,viudo,formacion_profesional,empleado,10.1,2496.01,1,hipotecada,A Coruña,activo
1433,2025-08-11,2007-08-15,mujer,divorciado,secundaria,empleado,0,1389.09,1,hipotecada,Zaragoza,activo
1434,2026-05-14,2007-09-29,mujer,soltero,universitario,empleado,0,2176.4,3,hipotecada,Málaga,activo
1435,2009-07-22,1985-06-13,hombre,divorciado,posgrado,empleado,5.2,1499.48,1,propia,Sevilla,activo
1436,2014-01-29,1984-03-13,mujer,divorciado,bachillerato,empleado,7.0,2163.79,0,hipotecada,Alicante,activo
1437,2009-03-07,1973-06-19,mujer,casado,posgrado,empleado,10.1,1982.31,3,hipotecada,Zaragoza,activo
1438,2026-03-06,2007-11-13,mujer,soltero,universitario,empleado,0,1784.3,1,propia,Zaragoza,activo
1439,2023-11-05,1981-02-28,hombre,divorciado,universitario,empleado,6.1,1058.85,3,alquiler,A Coruña,activo
1440,2023-05-08,1994-09-19,otro,divorciado,universitario,empleado,11.7,1997.52,0,propia,Madrid,activo
1441,2025-10-12,1989-02-15,mujer,soltero,secundaria,estudiante,0,501.97,0,alquiler,Vizcaya,activo
1442,2011-02-08,1990-11-23,mujer,casado,universitario,autonomo,11.6,1618.26,1,propia,Zaragoza,activo
1443,2013-10-08,1972-03-01,mujer,soltero,secundaria,estudiante,0,487.95,1,alquiler,A Coruña,activo
1444,2005-09-03,1980-01-22,hombre,viudo,secundaria,empleado,13.2,2191.6,0,hipotecada,Madrid,activo
1445,2015-09-10,1987-07-31,hombre,viudo,formacion_profesional,empleado,9.5,1576.94,2,propia,Madrid,activo
1446,2021-09-04,2000-02-22,mujer,casado,universitario,estudiante,0,579.45,0,familiar,Barcelona,activo
1447,2011-12-17,1993-10-31,mujer,casado,bachillerato,empleado,9.8,1778.19,0,propia,Alicante,activo
1448,2008-03-26,1984-06-23,mujer,divorciado,formacion_profesional,empleado,7.1,1401.17,2,hipotecada,Murcia,activo
1449,2017-08-29,1991-03-31,hombre,soltero,universitario,empleado,4.1,1743.27,0,hipotecada,Málaga,activo
1450,2012-03-29,1993-09-18,mujer,divorciado,secundaria,jubilado,\N,1574.52,0,propia,Barcelona,activo
1451,2024-03-25,1993-05-07,mujer,viudo,bachillerato,autonomo,11.0,4385.74,2,alquiler,Vizcaya,bloqueado
1452,2014-06-14,1969-07-20,hombre,soltero,posgrado,empleado,6.3,3745.04,0,propia,Madrid,activo
1453,2011-07-17,1967-10-23,mujer,casado,formacion_profesional,empleado,6.5,2308.07,1,familiar,Valencia,activo
1454,2022-08-14,1979-03-22,hombre,casado,universitario,empleado,3.0,1501.1,3,alquiler,Zaragoza,activo
1455,2014-09-07,1984-02-11,hombre,casado,universitario,empleado,9.6,3006.28,0,propia,Madrid,activo
1456,2017-04-21,1986-06-21,hombre,soltero,bachillerato,empleado,5.9,1745.67,0,propia,Madrid,activo
1457,2021-12-14,1997-06-19,mujer,casado,universitario,jubilado,\N,2040.53,2,propia,Murcia,activo
1458,2024-08-07,1994-09-07,hombre,divorciado,formacion_profesional,jubilado,\N,1259.04,2,familiar,Barcelona,activo
1459,2018-04-03,1990-09-24,mujer,casado,bachillerato,empleado,17,1785.2,2,propia,Barcelona,inactivo
1460,2026-05-18,1974-02-25,mujer,divorciado,formacion_profesional,empleado,8.9,3959.1,1,hipotecada,Málaga,activo
1461,2005-05-29,1980-04-15,hombre,soltero,formacion_profesional,empleado,11.7,950,0,alquiler,A Coruña,activo
1462,2018-05-25,1981-08-24,hombre,casado,bachillerato,empleado,10.5,2635.56,0,hipotecada,Madrid,activo
1463,2025-05-19,1995-04-21,hombre,divorciado,posgrado,jubilado,\N,1642.08,0,propia,Alicante,activo
1464,2010-01-15,1991-04-20,mujer,casado,formacion_profesional,empleado,6.7,2201.23,0,propia,Sevilla,activo
1465,2015-03-12,1971-01-06,hombre,soltero,universitario,empleado,14.1,1876.11,3,familiar,Valencia,activo
1466,2012-05-05,1969-08-11,hombre,casado,universitario,empleado,7.8,1243.85,0,alquiler,Madrid,activo
1467,2021-03-24,1979-05-17,otro,viudo,secundaria,estudiante,0,845.6,3,propia,Madrid,activo
1468,2012-06-30,1988-07-30,hombre,divorciado,formacion_profesional,jubilado,\N,1733.54,2,hipotecada,Málaga,activo
1469,2008-12-26,1985-07-30,hombre,soltero,secundaria,estudiante,0,1011.39,0,propia,Sevilla,activo
1470,2013-03-17,1985-06-27,hombre,viudo,secundaria,empleado,9.3,3363.02,1,familiar,Vizcaya,activo
1471,2008-08-29,1962-04-05,mujer,viudo,formacion_profesional,jubilado,\N,1785.86,0,propia,Alicante,activo
1472,2025-12-25,2006-11-29,hombre,soltero,posgrado,jubilado,\N,2545.4,3,hipotecada,Murcia,activo
1473,2024-02-25,1993-12-03,mujer,casado,formacion_profesional,empleado,3.0,3023.49,2,propia,Barcelona,activo
1474,2019-07-28,1994-10-13,hombre,divorciado,universitario,empleado,9.2,2166.13,2,hipotecada,Alicante,activo
1475,2008-06-02,1974-09-24,mujer,divorciado,bachillerato,jubilado,\N,2014.22,1,propia,Valencia,activo
1476,2013-12-19,1973-06-22,mujer,casado,universitario,autonomo,12.3,2011.74,0,propia,Valencia,activo
1477,2024-03-25,2004-11-05,mujer,casado,universitario,empleado,3,2539.4,2,alquiler,Málaga,activo
1478,2022-12-22,1962-09-04,hombre,soltero,bachillerato,empleado,6.5,1304.64,0,propia,Zaragoza,activo
1479,2009-05-26,1959-01-23,hombre,viudo,secundaria,autonomo,12.6,940.98,0,familiar,Murcia,activo
1480,2007-04-04,1958-04-19,hombre,viudo,universitario,autonomo,10.0,3538.8,0,hipotecada,A Coruña,bloqueado
1481,2006-10-19,1982-06-05,hombre,viudo,secundaria,empleado,13.0,2159.53,2,hipotecada,Alicante,activo
1482,2022-01-22,1970-04-12,mujer,divorciado,secundaria,jubilado,\N,1265.11,3,hipotecada,Murcia,bloqueado
1483,2012-05-16,1965-10-05,hombre,divorciado,universitario,estudiante,0,1083.6,0,hipotecada,Madrid,inactivo
1484,2014-07-22,1992-11-01,mujer,casado,formacion_profesional,empleado,6.6,4449.78,0,familiar,Barcelona,activo
1485,2005-08-14,1983-11-25,mujer,viudo,bachillerato,empleado,0,2279.24,0,alquiler,Barcelona,activo
1486,2009-06-10,1978-09-30,hombre,divorciado,universitario,empleado,15.5,3851.71,0,alquiler,Vizcaya,activo
1487,2005-05-01,1965-06-14,hombre,soltero,universitario,empleado,8.1,950,0,alquiler,Alicante,inactivo
1488,2012-11-26,1969-09-21,mujer,divorciado,secundaria,desempleado,4.5,809.88,0,hipotecada,Barcelona,activo
1489,2020-08-19,1982-12-27,mujer,divorciado,universitario,autonomo,19.7,4089.3,0,alquiler,Madrid,activo
1490,2013-03-01,1985-03-21,hombre,soltero,universitario,empleado,7.1,2244.28,2,hipotecada,A Coruña,activo
1491,2016-04-16,1972-02-02,mujer,soltero,universitario,empleado,11.7,1410.4,0,alquiler,Sevilla,activo
1492,2013-06-16,1977-05-25,hombre,casado,bachillerato,empleado,7.7,1391.33,1,hipotecada,A Coruña,activo
1493,2007-01-14,1976-09-22,mujer,divorciado,universitario,empleado,4.2,1170.11,2,propia,Vizcaya,activo
1494,2024-03-10,1975-11-26,hombre,soltero,bachillerato,jubilado,\N,1150.28,0,hipotecada,Murcia,activo
1495,2008-01-03,1973-05-11,hombre,viudo,universitario,empleado,4.5,1818.07,1,hipotecada,A Coruña,activo
1496,2011-05-15,1992-12-16,mujer,viudo,universitario,empleado,7.9,3063.04,2,alquiler,Madrid,bloqueado
1497,2021-10-11,1993-06-17,mujer,viudo,universitario,empleado,11.2,3273.77,0,hipotecada,Sevilla,activo
1498,2024-06-15,2006-03-12,hombre,soltero,universitario,empleado,2,1868.88,0,alquiler,Zaragoza,activo
1499,2008-01-24,1988-12-16,hombre,casado,posgrado,empleado,0,1649.29,2,propia,Vizcaya,activo
1500,2014-05-06,1958-11-14,hombre,soltero,universitario,empleado,0,1434.45,2,hipotecada,Zaragoza,activo
1501,2015-09-04,1978-12-08,mujer,viudo,universitario,empleado,13.1,1213.51,0,alquiler,Madrid,activo
1502,2013-10-28,1978-10-07,hombre,soltero,formacion_profesional,empleado,1.2,1829.97,0,propia,Vizcaya,activo
1503,2015-08-22,1966-04-17,hombre,divorciado,universitario,empleado,4.6,2075.49,3,alquiler,Zaragoza,activo
1504,2017-01-14,1987-11-01,mujer,soltero,bachillerato,empleado,7.9,2025.73,0,hipotecada,Málaga,activo
1505,2024-04-18,1978-03-15,hombre,casado,formacion_profesional,empleado,9.5,3294.44,0,propia,Barcelona,activo
1506,2024-11-23,1969-08-01,mujer,divorciado,secundaria,empleado,0,1618.59,2,propia,Vizcaya,activo
1507,2020-08-22,1998-06-14,mujer,casado,bachillerato,empleado,10,1403.73,1,familiar,Alicante,activo
1508,2005-04-24,1943-09-23,mujer,soltero,formacion_profesional,empleado,6.5,2579.67,2,hipotecada,Madrid,activo
1509,2013-12-22,1961-05-20,mujer,soltero,posgrado,jubilado,\N,1321.57,0,alquiler,Sevilla,activo
1510,2009-02-12,1979-11-09,hombre,divorciado,universitario,empleado,12.0,1565.85,2,alquiler,Sevilla,activo
1511,2026-06-27,1982-03-09,mujer,divorciado,secundaria,empleado,6.7,4195.92,0,hipotecada,A Coruña,activo
1512,2022-01-02,1981-04-11,hombre,divorciado,universitario,empleado,12.5,2265.22,2,alquiler,A Coruña,activo
1513,2021-02-12,1980-11-22,mujer,divorciado,formacion_profesional,empleado,5.4,1986.26,0,propia,Murcia,activo
1514,2013-05-19,1985-09-03,hombre,viudo,posgrado,empleado,15.3,2951.33,1,hipotecada,Madrid,activo
1515,2021-01-13,1974-07-26,hombre,soltero,bachillerato,jubilado,\N,2299.68,1,hipotecada,Zaragoza,activo
1516,2018-11-25,1978-03-01,mujer,divorciado,posgrado,empleado,0,1523.63,0,propia,Valencia,activo
1517,2006-07-05,1974-12-30,mujer,casado,posgrado,empleado,7.1,2980.03,3,alquiler,Madrid,activo
1518,2023-03-29,1980-10-15,mujer,casado,posgrado,empleado,12.0,2502.58,0,alquiler,Sevilla,activo
1519,2010-11-07,1989-11-24,mujer,soltero,bachillerato,empleado,8.8,2283.68,2,familiar,Málaga,activo
1520,2006-04-17,1982-09-08,mujer,casado,posgrado,empleado,4.8,1678.49,0,propia,Sevilla,activo
1521,2015-10-17,1970-05-23,hombre,divorciado,universitario,empleado,6.0,2381.89,0,alquiler,Murcia,activo
1522,2025-12-27,2006-05-11,hombre,viudo,bachillerato,empleado,2,2043.67,0,alquiler,Málaga,activo
1523,2022-11-22,1990-10-14,mujer,soltero,posgrado,jubilado,\N,1797.52,0,alquiler,Murcia,activo
1524,2017-10-23,1980-06-28,hombre,soltero,bachillerato,empleado,3.6,5218.47,3,hipotecada,Barcelona,activo
1525,2015-12-22,1990-01-12,mujer,divorciado,bachillerato,empleado,9.9,1573.89,2,hipotecada,Vizcaya,activo
1526,2015-05-05,1973-09-01,hombre,casado,bachillerato,empleado,2.4,1482.06,0,propia,Vizcaya,activo
1527,2022-11-24,1980-08-13,mujer,soltero,formacion_profesional,autonomo,19.0,4071.72,0,alquiler,Murcia,activo
1528,2023-08-10,1967-12-18,hombre,soltero,bachillerato,empleado,8.5,3309.79,4,alquiler,Vizcaya,activo
1529,2019-09-28,2001-02-10,mujer,casado,universitario,estudiante,0,0,0,alquiler,Zaragoza,activo
1530,2010-11-03,1989-10-29,mujer,casado,formacion_profesional,empleado,0,967.44,0,familiar,Zaragoza,activo
1531,2013-10-15,1983-09-05,mujer,divorciado,universitario,empleado,5.0,1675.64,0,hipotecada,Alicante,activo
1532,2015-01-12,1969-01-28,hombre,casado,universitario,empleado,16.0,1910.94,0,propia,Málaga,activo
1533,2018-04-29,1968-04-02,hombre,soltero,bachillerato,empleado,10.4,2061.94,1,hipotecada,Zaragoza,activo
1534,2013-02-07,1980-09-06,mujer,soltero,secundaria,empleado,5.5,1485.57,0,hipotecada,A Coruña,activo
1535,2017-01-31,1981-03-20,mujer,viudo,universitario,empleado,11.7,1566.86,0,hipotecada,Alicante,activo
1536,2015-05-08,1952-04-18,mujer,soltero,formacion_profesional,empleado,4.5,1330.73,0,alquiler,Valencia,activo
1537,2024-09-28,1990-10-05,hombre,casado,bachillerato,jubilado,\N,1972.16,0,alquiler,Murcia,activo
1538,2020-02-07,1974-03-08,hombre,soltero,posgrado,empleado,0.5,2716.7,1,alquiler,Sevilla,activo
1539,2025-03-09,1986-02-09,mujer,viudo,universitario,desempleado,4.0,413.76,0,alquiler,Alicante,activo
1540,2014-06-19,1968-06-14,hombre,divorciado,posgrado,estudiante,0,718.72,0,hipotecada,Murcia,activo
1541,2024-04-02,1973-01-14,hombre,divorciado,universitario,empleado,16.5,2229.98,1,propia,Valencia,activo
1542,2017-07-27,1984-02-05,mujer,casado,formacion_profesional,empleado,12.2,1270.88,0,alquiler,Málaga,activo
1543,2017-10-16,1975-11-14,mujer,viudo,universitario,autonomo,6.0,1314.17,2,propia,Murcia,activo
1544,2009-06-09,1967-04-04,mujer,divorciado,universitario,empleado,0,2708.23,0,alquiler,Málaga,activo
1545,2026-04-09,2008-04-02,hombre,soltero,bachillerato,empleado,0,1778.43,2,alquiler,Málaga,activo
1546,2023-12-26,1984-10-23,hombre,soltero,formacion_profesional,autonomo,9.2,2459.91,3,alquiler,Vizcaya,activo
1547,2023-11-30,1966-11-12,mujer,soltero,formacion_profesional,autonomo,0,1823.89,0,alquiler,Barcelona,activo
1548,2013-05-12,1978-10-09,hombre,casado,universitario,desempleado,0,837.29,3,propia,Vizcaya,activo
1549,2019-07-30,1984-11-10,mujer,viudo,secundaria,desempleado,1.1,971.66,3,familiar,Sevilla,activo
1550,2010-07-25,1984-07-04,hombre,viudo,formacion_profesional,empleado,7.0,4269.62,1,hipotecada,Barcelona,activo
1551,2025-12-05,1979-09-24,hombre,soltero,universitario,empleado,11.3,2865.55,1,alquiler,Vizcaya,activo
1552,2019-04-05,1993-11-22,hombre,divorciado,universitario,empleado,7.6,3713.04,0,propia,Vizcaya,activo
1553,2019-05-15,1987-07-11,hombre,divorciado,universitario,estudiante,0,248.92,0,hipotecada,Málaga,activo
1554,2008-02-05,1983-09-12,hombre,viudo,universitario,empleado,6.2,1392.53,0,alquiler,Alicante,activo
1555,2009-08-15,1955-12-13,mujer,casado,universitario,empleado,17.3,3302.34,0,alquiler,A Coruña,activo
1556,2024-06-18,1991-05-21,hombre,divorciado,posgrado,jubilado,\N,2217.86,1,hipotecada,Sevilla,activo
1557,2025-11-24,2007-11-06,hombre,casado,posgrado,empleado,0,1635.52,1,propia,Sevilla,activo
1558,2013-10-22,1989-01-14,hombre,viudo,universitario,autonomo,12.3,4144.47,1,propia,Zaragoza,inactivo
1559,2014-11-07,1974-09-29,mujer,casado,universitario,empleado,6.1,3556.0,1,hipotecada,Barcelona,activo
1560,2021-04-03,1965-11-04,mujer,soltero,formacion_profesional,empleado,11.4,1966.5,0,hipotecada,A Coruña,activo
1561,2010-09-20,1990-06-04,hombre,viudo,universitario,empleado,13.1,2660.99,1,propia,Madrid,activo
1562,2008-07-02,1961-08-28,mujer,soltero,formacion_profesional,empleado,8.2,1735.08,1,alquiler,Vizcaya,activo
1563,2018-06-22,1982-04-07,mujer,divorciado,universitario,jubilado,\N,1060.13,2,propia,Madrid,activo
1564,2011-02-22,1989-11-08,mujer,viudo,universitario,empleado,11.4,2852.31,0,propia,Murcia,activo
1565,2013-10-16,1975-12-06,mujer,casado,posgrado,empleado,9.0,2382.7,0,alquiler,Málaga,activo
1566,2016-02-18,1992-02-08,mujer,viudo,posgrado,empleado,2.8,3027.95,0,propia,Madrid,activo
1567,2025-06-29,2000-01-31,mujer,soltero,posgrado,jubilado,\N,1935.91,2,propia,Sevilla,activo
1568,2013-03-03,1976-11-08,mujer,soltero,bachillerato,empleado,10.2,2375.06,0,hipotecada,Sevilla,activo
1569,2022-09-28,2002-12-21,mujer,soltero,universitario,empleado,5,3837.78,1,hipotecada,Zaragoza,activo
1570,2020-03-30,1980-02-09,hombre,viudo,posgrado,empleado,4.1,1664.05,2,propia,Zaragoza,activo
1571,2026-05-18,2008-02-10,hombre,divorciado,universitario,empleado,0,1955.91,0,alquiler,Valencia,activo
1572,2026-04-24,2008-04-22,mujer,casado,secundaria,jubilado,\N,1988.6,0,alquiler,Barcelona,inactivo
1573,2026-04-12,1967-11-11,otro,casado,universitario,jubilado,\N,1479.86,2,hipotecada,Vizcaya,activo
1574,2010-12-20,1988-02-25,mujer,divorciado,posgrado,empleado,13.3,2349.93,0,alquiler,Málaga,activo
1575,2010-11-08,1987-04-30,hombre,casado,posgrado,empleado,9.6,1406.16,1,hipotecada,Valencia,activo
1576,2018-05-02,1991-04-28,mujer,soltero,posgrado,empleado,3.9,1504.85,0,alquiler,Sevilla,activo
1577,2025-03-14,1997-06-13,hombre,viudo,universitario,empleado,2.3,2256.68,2,hipotecada,Alicante,activo
1578,2008-08-01,1956-01-30,hombre,casado,bachillerato,autonomo,7.7,4545.78,1,hipotecada,Madrid,activo
1579,2025-11-30,1980-09-12,hombre,soltero,universitario,empleado,9.2,1946.9,0,hipotecada,Alicante,activo
1580,2021-03-18,2001-09-30,hombre,viudo,formacion_profesional,estudiante,0,1091.55,0,familiar,Alicante,activo
1581,2012-06-22,1972-09-11,mujer,soltero,formacion_profesional,jubilado,\N,2237.01,3,hipotecada,Málaga,activo
1582,2010-10-12,1963-10-23,hombre,soltero,secundaria,empleado,10.0,1657.15,1,alquiler,Sevilla,activo
1583,2008-10-21,1978-08-07,mujer,casado,universitario,empleado,7.3,3597.28,1,hipotecada,A Coruña,activo
1584,2021-03-14,1977-08-29,hombre,divorciado,bachillerato,empleado,7.4,1502.4,0,alquiler,Vizcaya,activo
1585,2005-01-01,1979-08-24,mujer,casado,formacion_profesional,desempleado,1.5,747.46,2,propia,Madrid,activo
1586,2008-09-28,1989-01-17,mujer,divorciado,secundaria,desempleado,0,376.11,1,hipotecada,Valencia,inactivo
1587,2023-05-20,1998-09-29,hombre,soltero,formacion_profesional,empleado,8.4,1721.35,2,alquiler,Barcelona,activo
1588,2012-03-14,1984-05-13,hombre,soltero,posgrado,estudiante,0,384.19,2,propia,Murcia,activo
1589,2005-01-23,1979-11-01,mujer,casado,secundaria,empleado,15.4,1558.41,1,alquiler,Sevilla,activo
1590,2013-08-01,1980-09-02,hombre,soltero,universitario,empleado,0.6,2681.97,1,alquiler,Madrid,activo
1591,2013-10-15,1965-04-14,hombre,casado,universitario,empleado,11.8,2447.04,1,alquiler,Alicante,activo
1592,2009-06-28,1986-04-24,hombre,soltero,formacion_profesional,empleado,1.1,950,0,familiar,Vizcaya,activo
1593,2005-12-15,1983-10-27,mujer,casado,secundaria,empleado,15.0,960.03,2,propia,Valencia,activo
1594,2013-06-29,1968-12-13,hombre,soltero,secundaria,empleado,6.2,1896.88,0,hipotecada,Madrid,activo
1595,2015-03-15,1980-01-31,mujer,soltero,formacion_profesional,desempleado,0.5,725.72,0,familiar,Zaragoza,activo
1596,2022-09-20,1985-07-08,mujer,soltero,formacion_profesional,empleado,2.9,2664.54,2,propia,Alicante,activo
1597,2012-08-08,1983-09-11,otro,casado,posgrado,autonomo,0,3059.02,2,propia,Zaragoza,activo
1598,2015-08-18,1989-06-29,mujer,viudo,secundaria,empleado,0.7,1210.77,0,familiar,Vizcaya,activo
1599,2021-03-26,1994-06-04,hombre,soltero,universitario,empleado,9.6,2012.94,2,alquiler,Madrid,activo
1600,2025-02-08,1997-06-25,hombre,viudo,universitario,empleado,2.3,2010.21,0,alquiler,A Coruña,activo
1601,2021-10-08,2001-09-09,mujer,soltero,bachillerato,jubilado,\N,2483.45,0,familiar,Zaragoza,activo
1602,2019-11-03,1954-01-30,mujer,divorciado,universitario,empleado,1.0,2355.73,0,familiar,Sevilla,activo
1603,2023-08-10,1991-06-23,hombre,divorciado,universitario,empleado,6.8,3127.26,0,alquiler,Alicante,activo
1604,2013-04-28,1978-07-15,hombre,viudo,secundaria,empleado,9.5,2181.12,0,alquiler,Valencia,activo
1605,2007-02-02,1988-11-13,hombre,casado,formacion_profesional,empleado,11.9,2911.87,0,familiar,Zaragoza,activo
1606,2026-06-02,1986-12-22,hombre,viudo,universitario,empleado,7.0,1233.96,1,alquiler,Madrid,activo
1607,2018-10-10,1992-05-30,hombre,divorciado,secundaria,empleado,11.4,1851.96,0,alquiler,Málaga,activo
1608,2020-04-02,1985-05-12,mujer,soltero,universitario,desempleado,0,423.63,0,hipotecada,Vizcaya,activo
1609,2026-05-25,2007-08-09,hombre,soltero,universitario,empleado,0,1863.59,1,propia,Zaragoza,activo
1610,2016-02-07,1961-08-24,hombre,casado,posgrado,empleado,6.4,2702.98,1,hipotecada,Murcia,activo
1611,2017-02-27,1984-05-16,mujer,casado,universitario,empleado,11.7,1597.56,1,hipotecada,Murcia,activo
1612,2022-08-20,1981-03-14,hombre,viudo,posgrado,autonomo,11.0,2391.95,0,familiar,Murcia,activo
1613,2018-11-06,1966-12-21,mujer,casado,bachillerato,estudiante,0,494.76,0,alquiler,Zaragoza,activo
1614,2012-09-22,1991-08-02,mujer,casado,universitario,empleado,3.6,1785.69,4,propia,Málaga,activo
1615,2009-03-04,1988-02-01,mujer,divorciado,universitario,empleado,2.2,1490.73,2,hipotecada,Zaragoza,activo
1616,2019-10-12,1994-02-13,hombre,casado,bachillerato,empleado,2.0,950,1,propia,Alicante,activo
1617,2010-07-08,1978-02-05,hombre,soltero,formacion_profesional,empleado,9.0,1956.15,1,hipotecada,Madrid,activo
1618,2026-03-17,2007-12-10,mujer,soltero,bachillerato,jubilado,\N,1735.07,2,hipotecada,Zaragoza,activo
1619,2012-01-10,1986-08-21,mujer,divorciado,universitario,empleado,5.6,2207.07,2,propia,Murcia,activo
1620,2006-07-09,1988-02-13,hombre,soltero,universitario,autonomo,8.4,5224.68,0,alquiler,Valencia,activo
1621,2018-11-29,2000-06-23,hombre,divorciado,posgrado,empleado,4.5,1600.9,2,hipotecada,Málaga,activo
1622,2022-09-22,1994-09-11,mujer,viudo,universitario,empleado,8.6,2620.26,0,hipotecada,Málaga,activo
1623,2022-09-17,1966-08-29,hombre,divorciado,universitario,empleado,1.0,2738.61,1,hipotecada,Sevilla,activo
1624,2023-06-22,1975-04-19,hombre,casado,secundaria,empleado,12.8,3106.78,3,hipotecada,A Coruña,activo
1625,2025-12-17,1966-07-06,mujer,divorciado,bachillerato,estudiante,0,697.17,2,propia,Barcelona,activo
1626,2022-08-04,1989-03-29,mujer,divorciado,bachillerato,empleado,9.3,2922.37,1,hipotecada,Valencia,activo
1627,2013-12-02,1966-01-07,mujer,casado,formacion_profesional,autonomo,14.6,5804.35,1,hipotecada,Murcia,activo
1628,2012-05-25,1977-06-01,hombre,divorciado,universitario,autonomo,6.5,5059.77,1,alquiler,Málaga,inactivo
1629,2021-10-08,1980-11-03,mujer,divorciado,formacion_profesional,jubilado,\N,700,3,hipotecada,A Coruña,activo
1630,2026-04-15,2005-02-13,mujer,viudo,bachillerato,desempleado,4.2,142.92,1,alquiler,Barcelona,inactivo
1631,2024-09-27,1966-09-11,hombre,divorciado,universitario,empleado,9.0,1398.69,0,hipotecada,Alicante,activo
1632,2025-10-15,1971-07-26,hombre,casado,bachillerato,empleado,5.6,1993.95,2,alquiler,Madrid,activo
1633,2012-07-28,1969-11-14,hombre,divorciado,formacion_profesional,empleado,7.2,3051.75,0,propia,Málaga,activo
1634,2018-03-16,1975-10-12,mujer,casado,universitario,empleado,4.0,1585.13,1,hipotecada,Madrid,activo
1635,2014-02-27,1985-02-25,hombre,viudo,secundaria,empleado,1.6,3136.95,3,propia,Zaragoza,activo
1636,2010-01-04,1985-09-30,mujer,soltero,universitario,empleado,0.8,3838.03,2,alquiler,Barcelona,activo
1637,2024-06-20,1975-10-26,hombre,casado,universitario,desempleado,2.6,392.49,1,propia,Zaragoza,activo
1638,2024-10-09,1999-12-14,mujer,divorciado,posgrado,empleado,8,1381.65,2,familiar,Madrid,activo
1639,2012-03-21,1980-09-10,mujer,soltero,bachillerato,empleado,7.0,2472.37,0,familiar,Madrid,activo
1640,2021-02-01,1981-04-05,mujer,casado,formacion_profesional,empleado,7.5,1432.95,0,alquiler,Madrid,activo
1641,2009-04-16,1986-11-04,hombre,divorciado,universitario,desempleado,2.7,1034.07,1,alquiler,A Coruña,activo
1642,2025-04-17,2005-07-29,hombre,divorciado,universitario,empleado,2,2636.35,1,alquiler,Alicante,activo
1643,2012-06-22,1992-02-10,hombre,divorciado,universitario,empleado,0,1173.0,0,alquiler,A Coruña,inactivo
1644,2023-10-24,1982-11-28,mujer,viudo,formacion_profesional,empleado,4.0,3131.84,2,hipotecada,Sevilla,activo
1645,2014-06-21,1994-07-18,hombre,divorciado,universitario,empleado,1.0,2112.02,0,alquiler,Alicante,activo
1646,2025-12-02,1997-06-19,hombre,viudo,universitario,empleado,2.3,1694.2,2,familiar,Madrid,activo
1647,2015-07-30,1955-03-07,hombre,divorciado,posgrado,autonomo,6.5,2900.55,2,hipotecada,Murcia,activo
1648,2023-03-02,1956-02-08,hombre,viudo,formacion_profesional,empleado,10.6,2089.8,0,propia,Vizcaya,activo
1649,2017-02-17,1960-09-25,hombre,soltero,formacion_profesional,empleado,11.3,1271.96,0,hipotecada,Vizcaya,activo
1650,2021-05-23,1994-08-24,hombre,soltero,posgrado,empleado,4.7,2881.01,0,familiar,Murcia,activo
1651,2016-08-08,1989-08-31,hombre,soltero,bachillerato,autonomo,10.0,5329.07,1,alquiler,Vizcaya,activo
1652,2016-10-08,1996-07-30,mujer,soltero,posgrado,empleado,6.3,2659.55,3,propia,A Coruña,activo
1653,2018-03-23,1973-04-16,mujer,viudo,universitario,empleado,11.2,1826.12,0,hipotecada,Murcia,activo
1654,2005-12-29,1974-01-20,mujer,casado,posgrado,empleado,5.2,1748.95,0,propia,Zaragoza,activo
1655,2014-12-02,1983-10-25,hombre,divorciado,formacion_profesional,empleado,6.2,1608.35,2,hipotecada,Zaragoza,activo
1656,2026-01-26,2007-12-30,mujer,divorciado,bachillerato,autonomo,0,2870.48,1,alquiler,Vizcaya,activo
1657,2015-05-11,1990-05-22,mujer,divorciado,universitario,empleado,6.5,3062.32,2,propia,Vizcaya,activo
1658,2021-10-28,1976-08-13,mujer,viudo,universitario,empleado,6.9,4038.62,0,alquiler,Valencia,activo
1659,2010-12-28,1978-08-14,hombre,casado,universitario,empleado,20.4,2224.23,3,alquiler,Alicante,activo
1660,2014-09-09,1959-05-29,mujer,soltero,formacion_profesional,empleado,4.4,1550.57,0,familiar,Zaragoza,activo
1661,2025-11-06,2007-08-28,hombre,soltero,bachillerato,autonomo,0,1617.89,3,hipotecada,Zaragoza,activo
1662,2025-12-25,2007-07-28,hombre,divorciado,universitario,autonomo,0,1927.36,2,propia,Sevilla,activo
1663,2026-01-24,2005-06-18,mujer,divorciado,formacion_profesional,jubilado,\N,1304.72,0,hipotecada,Zaragoza,activo
1664,2011-05-11,1983-09-26,mujer,viudo,secundaria,autonomo,0.2,5863.39,2,propia,Madrid,activo
1665,2016-07-09,1955-05-23,mujer,soltero,bachillerato,autonomo,3.9,2208.21,1,hipotecada,Málaga,inactivo
1666,2024-03-21,1990-06-01,hombre,casado,universitario,empleado,2.7,2852.28,1,hipotecada,Valencia,activo
1667,2018-01-02,1994-08-09,hombre,divorciado,posgrado,jubilado,\N,1657.42,2,hipotecada,A Coruña,activo
1668,2023-05-17,1985-07-03,mujer,viudo,posgrado,empleado,0.4,2304.63,0,alquiler,Barcelona,activo
1669,2025-07-12,1943-12-12,mujer,soltero,secundaria,empleado,7.2,2837.73,1,familiar,Murcia,activo
1670,2015-12-14,1965-11-27,hombre,divorciado,bachillerato,empleado,5.9,2615.28,2,alquiler,Málaga,activo
1671,2012-09-08,1989-03-14,hombre,divorciado,bachillerato,desempleado,0.2,1449.85,2,hipotecada,Madrid,activo
1672,2017-04-30,1971-05-06,mujer,viudo,posgrado,empleado,8.3,2182.98,2,hipotecada,Zaragoza,activo
1673,2021-12-31,1965-09-05,hombre,casado,posgrado,empleado,0,1140.16,2,familiar,Vizcaya,activo
1674,2005-01-21,1963-01-17,hombre,divorciado,universitario,jubilado,\N,1730.02,0,familiar,Málaga,activo
1675,2022-09-02,1995-09-23,mujer,soltero,formacion_profesional,empleado,7.4,2141.85,0,alquiler,A Coruña,activo
1676,2008-05-04,1973-03-21,hombre,casado,posgrado,empleado,1.8,960.63,0,propia,Madrid,activo
1677,2017-11-22,1992-09-05,hombre,soltero,secundaria,empleado,1.7,1969.97,0,hipotecada,Vizcaya,activo
1678,2010-06-16,1975-10-29,hombre,soltero,posgrado,empleado,8.5,1784.69,0,propia,Vizcaya,activo
1679,2017-04-23,1981-05-22,mujer,soltero,bachillerato,empleado,5.6,2494.1,0,alquiler,A Coruña,activo
1680,2009-06-10,1971-07-30,hombre,casado,bachillerato,empleado,0,2057.55,3,hipotecada,Barcelona,activo
1681,2026-03-09,2008-02-03,hombre,viudo,formacion_profesional,empleado,0,2068.41,2,propia,Vizcaya,activo
1682,2007-11-21,1974-04-19,mujer,soltero,universitario,empleado,1.8,2462.65,0,propia,Sevilla,activo
1683,2016-12-25,1969-02-19,mujer,casado,bachillerato,empleado,7.4,1800.46,0,hipotecada,Málaga,activo
1684,2023-09-03,1975-01-11,hombre,divorciado,universitario,estudiante,0,514.52,0,alquiler,Madrid,activo
1685,2019-02-27,1995-04-04,hombre,viudo,universitario,empleado,7.8,2079.08,2,alquiler,Sevilla,inactivo
1686,2019-11-06,1979-02-10,hombre,casado,posgrado,empleado,0.2,2529.68,0,familiar,Alicante,activo
1687,2023-09-10,2001-12-23,mujer,soltero,universitario,empleado,6,1266.65,0,alquiler,Málaga,activo
1688,2024-10-30,2005-05-08,hombre,viudo,formacion_profesional,empleado,3,1895.3,0,alquiler,Sevilla,bloqueado
1689,2009-09-04,1975-01-09,mujer,casado,bachillerato,empleado,0,3386.87,2,propia,Alicante,activo
1690,2025-09-20,1970-10-22,hombre,casado,universitario,empleado,13.2,1802.41,2,alquiler,Sevilla,activo
1691,2011-02-02,1974-01-16,hombre,soltero,formacion_profesional,empleado,3.1,2624.19,0,alquiler,Málaga,activo
1692,2015-07-21,1962-09-15,hombre,casado,universitario,empleado,11.8,1418.44,1,alquiler,Barcelona,activo
1693,2024-06-28,1994-12-12,hombre,casado,universitario,autonomo,8.2,3302.59,0,hipotecada,Barcelona,activo
1694,2017-01-11,1967-02-11,hombre,casado,universitario,empleado,6.5,3352.02,0,alquiler,Murcia,activo
1695,2009-02-15,1973-12-09,hombre,viudo,bachillerato,empleado,0,1857.7,0,hipotecada,A Coruña,activo
1696,2024-08-25,1996-05-06,mujer,soltero,bachillerato,empleado,12,3904.4,1,alquiler,Alicante,activo
1697,2017-09-21,1982-02-01,hombre,soltero,secundaria,empleado,4.6,2538.52,2,familiar,Barcelona,activo
1698,2022-02-04,1996-04-05,mujer,soltero,universitario,desempleado,1.1,650.78,2,propia,Sevilla,activo
1699,2015-09-07,1979-03-13,mujer,divorciado,universitario,jubilado,\N,3078.59,0,propia,Madrid,activo
1700,2010-12-14,1974-07-13,mujer,soltero,secundaria,empleado,1.4,1975.9,0,propia,Málaga,bloqueado
1701,2021-06-27,2002-07-27,mujer,casado,universitario,desempleado,3.2,515.2,2,hipotecada,Alicante,activo
1702,2025-10-07,1979-11-30,mujer,casado,bachillerato,empleado,6.0,2618.84,0,familiar,Zaragoza,activo
1703,2017-06-01,1986-01-27,mujer,soltero,bachillerato,empleado,12.3,1936.95,4,alquiler,Madrid,activo
1704,2012-04-07,1977-05-21,hombre,casado,universitario,desempleado,3.3,1419.29,0,propia,Málaga,activo
1705,2011-10-22,1960-04-22,mujer,soltero,formacion_profesional,estudiante,0,361.62,1,propia,Vizcaya,activo
1706,2021-10-21,2003-01-20,mujer,casado,posgrado,estudiante,0,774.95,3,alquiler,Vizcaya,activo
1707,2015-02-02,1992-11-23,mujer,soltero,universitario,empleado,10.6,983.19,0,alquiler,A Coruña,activo
1708,2008-05-28,1974-08-07,hombre,divorciado,secundaria,empleado,7.0,1897.5,1,hipotecada,Alicante,activo
1709,2014-02-13,1975-05-28,mujer,divorciado,posgrado,empleado,6.3,2996.39,4,propia,Zaragoza,activo
1710,2022-04-06,1988-05-28,mujer,viudo,formacion_profesional,empleado,14.8,2418.09,0,alquiler,A Coruña,activo
1711,2005-09-08,1965-06-01,hombre,viudo,bachillerato,empleado,6.2,2580.4,2,alquiler,Vizcaya,activo
1712,2015-01-21,1986-03-28,hombre,soltero,formacion_profesional,empleado,9.7,1695.2,0,hipotecada,Barcelona,activo
1713,2017-05-06,1998-02-10,hombre,casado,bachillerato,desempleado,5.2,2451.57,1,hipotecada,Vizcaya,inactivo
1714,2022-06-14,1982-11-16,hombre,soltero,universitario,desempleado,1.4,876.7,1,familiar,Barcelona,activo
1715,2024-10-06,2001-06-27,mujer,casado,bachillerato,empleado,7,1074.09,0,alquiler,Valencia,activo
1716,2017-01-09,1980-06-24,mujer,divorciado,secundaria,empleado,9.6,1924.58,0,propia,Madrid,bloqueado
1717,2018-07-30,1985-11-11,hombre,soltero,universitario,desempleado,2.1,284.29,0,familiar,Zaragoza,activo
1718,2012-02-24,1954-03-23,mujer,soltero,universitario,jubilado,\N,2824.9,0,alquiler,Barcelona,activo
1719,2020-08-25,1994-08-08,hombre,soltero,universitario,jubilado,\N,1614.46,2,propia,Málaga,activo
1720,2018-12-14,1985-05-09,mujer,divorciado,formacion_profesional,empleado,2.8,1834.2,2,alquiler,Murcia,activo
1721,2021-06-08,1963-02-04,mujer,casado,secundaria,estudiante,0,715.74,0,propia,Zaragoza,activo
1722,2025-06-22,1980-10-19,mujer,divorciado,posgrado,empleado,9.2,2342.53,1,familiar,Alicante,activo
1723,2017-11-30,1975-08-30,hombre,soltero,universitario,empleado,17.7,3477.8,2,propia,A Coruña,activo
1724,2019-11-19,1992-06-30,mujer,soltero,formacion_profesional,empleado,5.2,1939.43,0,hipotecada,Alicante,activo
1725,2023-06-13,1996-01-13,hombre,soltero,posgrado,empleado,0,1079.06,0,alquiler,Vizcaya,activo
1726,2011-09-15,1962-05-26,hombre,casado,universitario,empleado,7.2,2288.17,0,hipotecada,Málaga,activo
1727,2011-10-05,1981-02-13,hombre,soltero,universitario,empleado,5.3,3394.07,0,propia,Murcia,activo
1728,2013-04-25,1992-07-02,hombre,divorciado,universitario,empleado,11.7,2736.19,0,alquiler,Madrid,activo
1729,2010-11-07,1988-12-16,hombre,casado,posgrado,desempleado,0.7,444.93,0,propia,Valencia,activo
1730,2017-03-03,1992-08-27,hombre,divorciado,secundaria,empleado,3.9,1711.92,2,hipotecada,A Coruña,activo
1731,2023-05-12,1991-07-13,hombre,casado,secundaria,empleado,8.3,2110.52,0,propia,Murcia,activo
1732,2025-10-26,2007-05-01,mujer,soltero,formacion_profesional,autonomo,1,6323.97,0,familiar,Zaragoza,activo
1733,2023-10-27,1983-04-30,hombre,soltero,universitario,empleado,0,3062.11,0,propia,A Coruña,activo
1734,2018-11-19,1982-12-22,hombre,divorciado,formacion_profesional,empleado,10.7,2369.48,0,alquiler,Valencia,activo
1735,2011-04-20,1975-07-20,otro,casado,bachillerato,autonomo,3.1,1913.39,0,alquiler,Zaragoza,activo
1736,2023-12-15,1989-04-22,hombre,divorciado,formacion_profesional,empleado,0,1725.62,1,alquiler,Sevilla,activo
1737,2026-01-15,2006-05-01,mujer,viudo,posgrado,empleado,2,2709.43,1,alquiler,Alicante,activo
1738,2008-12-19,1987-01-06,mujer,soltero,universitario,autonomo,2.7,4829.27,0,hipotecada,Murcia,activo
1739,2024-04-27,1997-05-24,mujer,viudo,universitario,autonomo,6.2,2581.52,3,propia,Sevilla,activo
1740,2007-10-06,1976-10-25,mujer,divorciado,universitario,empleado,9.5,2336.58,0,alquiler,Sevilla,activo
1741,2023-12-21,1979-02-05,mujer,casado,posgrado,empleado,5.9,2101.84,3,hipotecada,Barcelona,activo
1742,2018-06-12,1981-01-05,hombre,divorciado,secundaria,autonomo,12.5,2709.08,1,hipotecada,Sevilla,activo
1743,2017-10-15,1978-01-06,mujer,viudo,formacion_profesional,empleado,1.4,2461.9,0,alquiler,Sevilla,activo
1744,2015-12-11,1974-04-18,hombre,viudo,formacion_profesional,empleado,3.5,950,0,hipotecada,A Coruña,inactivo
1745,2020-09-09,1997-10-03,hombre,divorciado,universitario,empleado,8.0,2356.69,0,propia,Alicante,activo
1746,2022-11-18,1991-12-02,hombre,soltero,posgrado,empleado,3.9,2348.61,1,hipotecada,Murcia,activo
1747,2018-05-25,1968-03-31,mujer,casado,bachillerato,jubilado,\N,1195.82,2,hipotecada,Valencia,activo
1748,2014-10-21,1967-01-28,hombre,casado,formacion_profesional,estudiante,0,852.74,1,alquiler,Vizcaya,activo
1749,2019-12-27,1961-07-07,hombre,soltero,formacion_profesional,autonomo,7.1,2041.81,0,propia,A Coruña,activo
1750,2020-04-22,1989-11-11,hombre,soltero,posgrado,autonomo,7.5,1732.46,0,hipotecada,Málaga,activo
1751,2021-11-17,1992-12-10,mujer,viudo,bachillerato,empleado,14.3,1289.99,1,propia,Valencia,activo
1752,2023-06-07,1964-06-17,mujer,divorciado,formacion_profesional,jubilado,\N,1124.66,0,propia,Alicante,activo
1753,2009-07-26,1973-09-25,hombre,casado,posgrado,empleado,0,2926.87,0,hipotecada,A Coruña,activo
1754,2020-07-20,2001-08-08,mujer,viudo,posgrado,autonomo,6,1267.09,1,hipotecada,Madrid,activo
1755,2020-03-05,1995-11-29,hombre,soltero,posgrado,empleado,5.2,2812.54,0,familiar,Zaragoza,activo
1756,2006-09-27,1964-06-30,mujer,soltero,universitario,empleado,9.2,1837.24,0,propia,Vizcaya,activo
1757,2011-05-31,1985-06-12,hombre,divorciado,secundaria,empleado,0.5,1486.52,0,propia,Zaragoza,activo
1758,2011-02-27,1976-05-09,hombre,soltero,secundaria,empleado,13.6,1684.04,0,alquiler,Zaragoza,activo
1759,2022-11-29,1994-10-25,hombre,casado,formacion_profesional,empleado,10.7,2391.47,0,propia,Barcelona,activo
1760,2014-07-08,1969-12-13,hombre,viudo,universitario,jubilado,\N,2124.24,1,alquiler,Zaragoza,activo
1761,2024-12-03,2003-03-20,hombre,casado,formacion_profesional,empleado,3.2,1976.14,0,propia,Vizcaya,activo
1762,2014-11-12,1972-01-15,mujer,casado,formacion_profesional,autonomo,10.3,2858.15,3,alquiler,Valencia,inactivo
1763,2015-10-24,1957-07-07,mujer,casado,secundaria,empleado,13.1,2278.58,0,hipotecada,Sevilla,activo
1764,2009-08-03,1959-01-08,mujer,casado,bachillerato,empleado,7.4,2849.17,2,propia,Zaragoza,activo
1765,2012-03-05,1975-04-08,hombre,viudo,universitario,empleado,0,2702.31,0,familiar,Madrid,inactivo
1766,2020-03-23,2000-11-01,mujer,casado,universitario,estudiante,0,551.11,2,hipotecada,Valencia,activo
1767,2015-03-24,1959-11-03,mujer,divorciado,bachillerato,jubilado,\N,1476.32,3,propia,Murcia,activo
1768,2020-03-20,2002-03-21,mujer,divorciado,bachillerato,desempleado,3.5,19.44,0,alquiler,Málaga,activo
1769,2009-11-10,1977-10-23,mujer,viudo,posgrado,estudiante,0,966.06,1,propia,A Coruña,activo
1770,2025-04-05,1985-07-01,hombre,viudo,formacion_profesional,empleado,5.4,1220.98,0,alquiler,Málaga,activo
1771,2020-01-18,1988-06-10,mujer,casado,bachillerato,empleado,7.4,2819.92,0,hipotecada,Málaga,activo
1772,2020-02-17,1972-04-21,hombre,soltero,universitario,empleado,3.8,2614.14,1,propia,A Coruña,activo
1773,2005-04-19,1980-07-05,mujer,soltero,secundaria,empleado,4.5,1939.79,2,familiar,Madrid,activo
1774,2015-08-28,1995-07-07,hombre,casado,universitario,empleado,7.4,1486.03,1,hipotecada,Zaragoza,activo
1775,2015-03-23,1981-08-28,mujer,divorciado,formacion_profesional,estudiante,0,855.72,0,propia,Valencia,activo
1776,2012-09-10,1988-05-06,hombre,viudo,universitario,empleado,6.9,2156.24,2,hipotecada,Sevilla,activo
1777,2005-07-07,1973-04-12,mujer,viudo,formacion_profesional,estudiante,0,1604.18,1,hipotecada,Valencia,activo
1778,2013-10-24,1959-01-24,mujer,soltero,universitario,empleado,16.1,2196.81,1,hipotecada,Barcelona,activo
1779,2019-12-14,1983-01-27,hombre,soltero,formacion_profesional,autonomo,1.5,4036.19,0,hipotecada,Madrid,activo
1780,2026-03-11,1992-08-04,mujer,casado,universitario,autonomo,0.3,5318.21,0,propia,Madrid,activo
1781,2021-03-15,1974-06-01,mujer,soltero,bachillerato,empleado,4.7,2340.41,0,hipotecada,Sevilla,inactivo
1782,2020-09-05,1981-01-10,mujer,soltero,universitario,jubilado,\N,2325.7,3,propia,Málaga,activo
1783,2009-12-13,1976-07-04,mujer,soltero,bachillerato,empleado,7.6,2073.44,1,propia,Alicante,activo
1784,2016-04-02,1996-10-07,hombre,casado,secundaria,empleado,5.8,1735.43,0,hipotecada,Barcelona,activo
1785,2020-04-03,1994-06-12,hombre,soltero,universitario,autonomo,9.9,3336.97,1,propia,Alicante,inactivo
1786,2010-03-22,1968-08-24,hombre,soltero,formacion_profesional,empleado,2.0,1419.0,0,alquiler,Valencia,activo
1787,2025-07-07,2001-07-29,hombre,viudo,posgrado,empleado,6,3647.37,3,hipotecada,Valencia,activo
1788,2025-09-25,1965-11-07,mujer,casado,formacion_profesional,empleado,2.1,2368.04,2,alquiler,Alicante,activo
1789,2008-10-16,1977-01-15,mujer,casado,universitario,empleado,11.8,4355.77,1,alquiler,Barcelona,activo
1790,2019-07-19,1994-04-22,hombre,casado,posgrado,empleado,0,2138.23,2,alquiler,Vizcaya,activo
1791,2012-02-11,1968-06-18,hombre,casado,universitario,empleado,7.9,1539.43,1,familiar,Zaragoza,activo
1792,2021-10-19,1995-12-11,hombre,viudo,secundaria,desempleado,1.0,375.65,1,hipotecada,Zaragoza,activo
1793,2009-02-13,1982-08-27,mujer,viudo,formacion_profesional,empleado,6.5,2608.24,1,alquiler,Madrid,activo
1794,2022-11-24,1998-04-19,mujer,soltero,formacion_profesional,empleado,1.9,1180.06,0,propia,Madrid,activo
1795,2019-09-04,2000-01-06,hombre,casado,universitario,jubilado,\N,2166.4,0,hipotecada,Madrid,activo
1796,2026-04-05,2005-06-24,hombre,viudo,formacion_profesional,empleado,3,1823.3,0,alquiler,Málaga,activo
1797,2016-02-06,1962-01-14,mujer,divorciado,formacion_profesional,estudiante,0,630.09,1,hipotecada,A Coruña,activo
1798,2016-07-10,1992-10-20,hombre,divorciado,bachillerato,empleado,10.8,983.2,2,alquiler,Barcelona,activo
1799,2017-01-12,1986-09-23,mujer,casado,universitario,autonomo,16.6,939.16,1,alquiler,Sevilla,activo
1800,2023-09-13,1999-07-31,mujer,casado,formacion_profesional,jubilado,\N,779.39,1,alquiler,Málaga,activo
1801,2022-10-10,1994-06-15,hombre,viudo,universitario,empleado,6.6,2235.62,1,hipotecada,Sevilla,activo
1802,2018-07-14,1995-01-29,mujer,soltero,formacion_profesional,estudiante,0,227.86,2,hipotecada,Málaga,bloqueado
1803,2018-05-14,1986-06-14,hombre,divorciado,bachillerato,empleado,8.6,1661.88,2,familiar,A Coruña,activo
1804,2015-06-27,1982-07-10,hombre,divorciado,universitario,empleado,0.5,3737.95,0,familiar,Madrid,inactivo
1805,2014-06-17,1982-05-29,mujer,soltero,formacion_profesional,empleado,18.4,2334.58,0,alquiler,Valencia,activo
1806,2012-09-14,1977-03-15,mujer,viudo,universitario,empleado,6.4,2899.28,1,hipotecada,Zaragoza,activo
1807,2007-07-04,1974-05-10,hombre,casado,posgrado,empleado,15.3,2800.02,0,hipotecada,Valencia,activo
1808,2026-01-29,2007-12-19,mujer,divorciado,formacion_profesional,desempleado,0,576.55,1,alquiler,Barcelona,activo
1809,2019-03-05,1966-02-18,mujer,divorciado,universitario,autonomo,3.4,6108.75,0,alquiler,Sevilla,activo
1810,2017-09-11,1989-07-13,hombre,divorciado,formacion_profesional,autonomo,0.6,5366.55,0,familiar,Valencia,activo
1811,2019-12-24,1981-05-17,hombre,soltero,bachillerato,empleado,5.4,1426.56,2,alquiler,Vizcaya,activo
1812,2025-11-11,2007-02-20,mujer,casado,secundaria,empleado,1,2048.71,1,hipotecada,A Coruña,activo
1813,2012-07-15,1986-08-29,mujer,casado,posgrado,jubilado,\N,1213.13,0,propia,Alicante,activo
1814,2010-02-08,1976-11-17,mujer,soltero,formacion_profesional,autonomo,8.3,1710.36,0,alquiler,Barcelona,activo
1815,2019-02-09,1994-07-30,hombre,casado,universitario,autonomo,10.4,1392.07,0,propia,Sevilla,activo
1816,2017-02-05,1996-02-21,hombre,soltero,universitario,empleado,0.3,3004.98,0,hipotecada,Sevilla,activo
1817,2016-09-10,1980-05-18,hombre,soltero,posgrado,estudiante,0,735.67,0,hipotecada,Valencia,activo
1818,2018-02-16,1971-07-26,mujer,viudo,universitario,empleado,4.8,1097.6,1,alquiler,Zaragoza,activo
1819,2025-05-28,1971-05-30,mujer,viudo,bachillerato,empleado,8.5,3535.95,1,hipotecada,Valencia,activo
1820,2021-08-29,1990-05-11,hombre,soltero,formacion_profesional,empleado,8.2,1125.44,1,alquiler,Murcia,activo
1821,2015-10-24,1997-10-24,hombre,divorciado,formacion_profesional,empleado,6.4,950,0,propia,Valencia,activo
1822,2026-06-25,2008-06-27,mujer,casado,universitario,desempleado,4.0,264.68,0,alquiler,Zaragoza,activo
1823,2016-04-13,1977-01-20,mujer,divorciado,formacion_profesional,empleado,4.9,2435.48,0,hipotecada,Zaragoza,activo
1824,2021-03-25,1984-07-01,hombre,casado,formacion_profesional,empleado,8.8,3317.69,0,propia,Zaragoza,activo
1825,2006-05-08,1974-12-21,mujer,divorciado,universitario,empleado,9.2,1902.78,0,propia,Vizcaya,activo
1826,2024-10-09,1985-05-22,hombre,soltero,bachillerato,autonomo,0,2390.72,2,alquiler,Barcelona,activo
1827,2022-09-03,1996-02-26,hombre,casado,secundaria,empleado,0.8,2102.25,1,propia,Valencia,activo
1828,2022-07-05,1965-05-10,mujer,soltero,universitario,empleado,10.8,2162.54,0,hipotecada,A Coruña,activo
1829,2005-02-22,1986-11-09,hombre,divorciado,posgrado,empleado,9.8,4626.2,1,alquiler,Murcia,activo
1830,2013-09-26,1975-01-09,hombre,soltero,universitario,desempleado,0,1201.03,1,hipotecada,Vizcaya,activo
1831,2014-01-27,1992-11-30,mujer,viudo,posgrado,desempleado,3.4,875.07,0,alquiler,Sevilla,activo
1832,2009-08-27,1970-10-21,mujer,casado,universitario,empleado,5.2,2345.15,2,familiar,Málaga,activo
1833,2022-05-24,2001-01-27,hombre,soltero,secundaria,desempleado,2.4,0,0,alquiler,Barcelona,activo
1834,2013-03-18,1988-07-15,mujer,casado,posgrado,empleado,6.0,2629.1,1,alquiler,Murcia,bloqueado
1835,2023-11-18,1974-06-17,hombre,casado,secundaria,empleado,0.9,1689.61,3,propia,Sevilla,activo
1836,2024-02-13,1990-10-25,hombre,casado,universitario,empleado,8.4,2564.4,2,hipotecada,A Coruña,activo
1837,2019-11-01,1957-05-03,hombre,casado,universitario,autonomo,6.0,2653.25,0,propia,Murcia,activo
1838,2007-11-17,1975-04-05,mujer,viudo,universitario,empleado,7.8,1868.79,0,hipotecada,Murcia,activo
1839,2020-03-10,1978-01-10,hombre,viudo,universitario,empleado,6.0,3122.98,2,propia,Valencia,activo
1840,2022-11-22,2004-04-22,hombre,soltero,posgrado,empleado,3.2,1256.9,0,familiar,Madrid,activo
1841,2006-09-23,1976-11-21,otro,casado,universitario,empleado,14.6,2889.43,0,propia,Murcia,activo
1842,2025-08-25,1988-12-25,hombre,soltero,secundaria,empleado,7.0,4957.32,1,hipotecada,Sevilla,activo
1843,2023-03-20,1989-10-04,hombre,casado,universitario,autonomo,15.0,9317.99,3,propia,Barcelona,activo
1844,2016-01-28,1977-11-24,mujer,casado,secundaria,empleado,9.7,4141.18,4,hipotecada,Vizcaya,activo
1845,2011-01-03,1977-01-13,hombre,divorciado,formacion_profesional,empleado,7.3,4642.36,1,alquiler,Alicante,activo
1846,2020-04-03,1963-03-03,mujer,casado,bachillerato,empleado,11.1,2774.86,0,alquiler,Zaragoza,activo
1847,2014-10-28,1972-05-07,mujer,soltero,universitario,desempleado,2.6,1401.77,2,hipotecada,Málaga,activo
1848,2025-04-16,1970-03-31,mujer,viudo,universitario,jubilado,\N,875.21,2,propia,Vizcaya,bloqueado
1849,2020-02-18,1998-02-17,hombre,viudo,bachillerato,empleado,10,4729.37,1,propia,Sevilla,activo
1850,2018-05-30,1958-11-03,mujer,divorciado,formacion_profesional,empleado,7.5,2578.98,3,hipotecada,Vizcaya,activo
1851,2024-08-04,2003-06-15,mujer,viudo,formacion_profesional,jubilado,\N,1904.53,1,hipotecada,Sevilla,activo
1852,2023-01-18,2000-05-14,hombre,casado,bachillerato,empleado,8,1348.11,0,hipotecada,Málaga,activo
1853,2011-11-09,1962-03-30,mujer,casado,universitario,empleado,5.8,1699.5,2,propia,Sevilla,activo
1854,2011-12-03,1979-01-22,mujer,divorciado,formacion_profesional,estudiante,0,884.83,0,propia,Vizcaya,activo
1855,2019-12-27,1975-07-24,mujer,divorciado,formacion_profesional,empleado,4.1,2599.02,2,alquiler,Barcelona,activo
1856,2019-09-30,1966-11-25,mujer,soltero,posgrado,empleado,12.5,1796.16,0,alquiler,Zaragoza,activo
1857,2016-05-07,1991-01-29,mujer,casado,formacion_profesional,jubilado,\N,2409.45,1,propia,Barcelona,activo
1858,2012-03-02,1973-12-16,mujer,casado,formacion_profesional,empleado,7.6,1344.67,4,hipotecada,Alicante,activo
1859,2026-04-24,2007-11-27,mujer,soltero,universitario,empleado,0,1579.19,0,hipotecada,Vizcaya,activo
1860,2005-05-14,1981-07-19,mujer,casado,formacion_profesional,desempleado,2.4,562.34,0,alquiler,Valencia,activo
1861,2025-04-17,2006-10-12,mujer,viudo,formacion_profesional,empleado,1,2815.6,0,hipotecada,Madrid,activo
1862,2014-10-01,1972-10-14,hombre,casado,universitario,desempleado,2.8,610.07,0,alquiler,Murcia,activo
1863,2017-12-15,1985-06-19,mujer,divorciado,universitario,estudiante,0,966.81,0,hipotecada,Murcia,activo
1864,2017-10-08,1968-02-24,mujer,viudo,formacion_profesional,empleado,0,2039.86,0,propia,Barcelona,activo
1865,2005-11-05,1978-06-28,hombre,divorciado,posgrado,autonomo,1.1,4135.72,0,hipotecada,A Coruña,activo
1866,2023-06-27,1995-10-10,mujer,viudo,universitario,empleado,1.1,2554.33,0,hipotecada,Madrid,activo
1867,2018-02-08,1963-11-22,mujer,casado,universitario,empleado,0,3992.55,3,propia,Murcia,activo
1868,2014-05-25,1971-12-30,hombre,soltero,universitario,empleado,10.0,1586.51,0,alquiler,Málaga,activo
1869,2009-01-20,1984-07-16,hombre,divorciado,formacion_profesional,empleado,17.4,1022.83,4,familiar,Zaragoza,activo
1870,2017-12-07,1980-07-03,mujer,divorciado,posgrado,desempleado,1.7,397.85,0,hipotecada,Alicante,activo
1871,2015-07-31,1971-05-26,hombre,soltero,universitario,desempleado,1.2,584.6,0,alquiler,Sevilla,activo
1872,2026-05-25,2007-10-23,hombre,casado,universitario,autonomo,0,1358.33,2,alquiler,Vizcaya,activo
1873,2012-03-31,1969-03-22,mujer,casado,formacion_profesional,empleado,1.5,1148.04,0,alquiler,A Coruña,activo
1874,2021-12-18,2001-08-22,hombre,viudo,universitario,empleado,6,2896.37,2,propia,Sevilla,activo
1875,2017-10-08,1995-06-05,hombre,viudo,universitario,autonomo,12.0,1836.24,0,hipotecada,Sevilla,activo
1876,2009-05-27,1979-04-15,mujer,viudo,posgrado,empleado,8.2,2055.53,0,hipotecada,Murcia,activo
1877,2020-03-10,1991-11-07,hombre,casado,posgrado,estudiante,0,1315.86,0,alquiler,Zaragoza,activo
1878,2020-04-14,1988-09-20,mujer,divorciado,universitario,empleado,1.4,2172.99,3,familiar,Vizcaya,activo
1879,2024-01-12,1984-12-31,mujer,casado,formacion_profesional,empleado,4.3,4730.67,2,alquiler,Vizcaya,activo
1880,2005-10-12,1987-04-16,hombre,viudo,formacion_profesional,jubilado,\N,1767.39,1,alquiler,Barcelona,activo
1881,2022-10-23,1990-03-16,hombre,divorciado,universitario,desempleado,4.0,1313.5,2,hipotecada,Zaragoza,activo
1882,2013-01-04,1976-12-09,hombre,divorciado,posgrado,autonomo,0,3716.47,0,familiar,Valencia,activo
1883,2016-07-19,1988-12-02,mujer,divorciado,formacion_profesional,jubilado,\N,995.88,1,hipotecada,A Coruña,activo
1884,2024-07-26,2006-05-21,mujer,viudo,universitario,empleado,2,1731.23,2,familiar,Barcelona,activo
1885,2007-04-14,1984-09-23,hombre,divorciado,formacion_profesional,autonomo,18.3,2170.21,0,alquiler,Barcelona,activo
1886,2021-03-09,1988-10-12,mujer,viudo,universitario,autonomo,17.6,2281.32,2,propia,A Coruña,activo
1887,2021-08-10,1983-06-23,hombre,casado,universitario,empleado,13.6,1472.76,0,hipotecada,Madrid,activo
1888,2017-11-18,1986-03-30,mujer,viudo,bachillerato,autonomo,11.2,2601.3,2,propia,Málaga,activo
1889,2019-05-11,1993-06-02,hombre,soltero,bachillerato,empleado,3.9,3712.38,0,hipotecada,Vizcaya,activo
1890,2008-10-05,1975-01-09,hombre,casado,posgrado,empleado,9.2,1823.63,1,propia,Vizcaya,activo
1891,2019-06-21,1976-10-27,hombre,viudo,formacion_profesional,empleado,13.5,1988.03,2,propia,Barcelona,activo
1892,2020-06-01,1994-03-18,mujer,divorciado,bachillerato,empleado,5.7,1892.39,0,hipotecada,Vizcaya,activo
1893,2013-03-07,1949-09-28,mujer,divorciado,universitario,empleado,3.3,2816.89,1,hipotecada,Barcelona,activo
1894,2021-09-02,1991-04-05,hombre,viudo,formacion_profesional,jubilado,\N,1311.17,2,hipotecada,Sevilla,inactivo
1895,2009-08-11,1960-09-28,hombre,soltero,universitario,jubilado,\N,2039.13,1,familiar,Vizcaya,inactivo
1896,2023-05-17,1978-05-28,hombre,divorciado,universitario,empleado,2.9,1988.59,0,hipotecada,Sevilla,activo
1897,2026-06-26,2008-06-04,hombre,casado,bachillerato,empleado,0,2225.62,4,alquiler,Zaragoza,activo
1898,2012-05-13,1989-12-27,hombre,soltero,formacion_profesional,desempleado,1.0,1228.1,0,alquiler,Barcelona,activo
1899,2013-02-01,1967-12-05,mujer,viudo,bachillerato,empleado,2.7,1264.91,0,hipotecada,Zaragoza,activo
1900,2021-08-23,1971-09-19,hombre,divorciado,formacion_profesional,jubilado,\N,1717.84,1,propia,Málaga,activo
1901,2015-08-06,1997-05-09,hombre,casado,bachillerato,empleado,0,1777.42,1,propia,Barcelona,activo
1902,2010-08-08,1989-10-16,mujer,viudo,posgrado,empleado,8.6,1696.93,0,propia,Sevilla,activo
1903,2014-06-06,1994-07-04,hombre,casado,bachillerato,autonomo,2.8,3460.59,2,propia,Murcia,activo
1904,2018-10-23,1974-01-08,hombre,casado,posgrado,empleado,4.9,4035.05,0,hipotecada,Zaragoza,activo
1905,2009-02-06,1990-08-07,hombre,divorciado,universitario,autonomo,1.6,1094.02,1,propia,Valencia,activo
1906,2024-01-02,1984-12-29,mujer,divorciado,secundaria,empleado,12.2,2140.98,2,alquiler,Málaga,activo
1907,2016-04-30,1969-09-04,hombre,divorciado,formacion_profesional,empleado,1.8,1756.34,0,propia,Vizcaya,activo
1908,2022-09-25,1999-10-13,mujer,casado,secundaria,autonomo,5.3,2220.32,4,alquiler,Madrid,inactivo
1909,2021-07-23,1990-04-21,hombre,divorciado,universitario,empleado,8.3,2642.91,0,alquiler,Barcelona,activo
1910,2016-06-01,1983-03-14,mujer,divorciado,universitario,empleado,0.1,1383.83,2,alquiler,A Coruña,activo
1911,2021-11-25,1984-07-01,hombre,casado,universitario,empleado,8.9,2071.23,0,alquiler,Barcelona,activo
1912,2019-05-07,1970-03-12,mujer,divorciado,posgrado,empleado,5.6,2568.21,0,hipotecada,Alicante,activo
1913,2023-09-21,1976-12-01,mujer,casado,posgrado,desempleado,0,342.99,1,propia,Valencia,activo
1914,2025-03-18,1968-09-29,mujer,viudo,universitario,empleado,9.7,3165.1,0,alquiler,Alicante,activo
1915,2025-05-03,1971-10-26,mujer,divorciado,universitario,empleado,10.8,2193.01,2,hipotecada,Murcia,activo
1916,2008-04-20,1987-01-11,hombre,casado,posgrado,empleado,11.1,1958.48,0,hipotecada,Murcia,activo
1917,2018-02-25,1988-02-11,hombre,viudo,formacion_profesional,autonomo,6.1,4899.56,1,propia,Barcelona,inactivo
1918,2018-11-18,1966-08-20,mujer,viudo,formacion_profesional,empleado,3.4,1794.02,0,propia,Alicante,activo
1919,2021-09-27,1991-11-18,mujer,casado,secundaria,empleado,8.4,1187.33,3,propia,Sevilla,activo
1920,2006-12-05,1986-06-11,hombre,casado,formacion_profesional,autonomo,5.6,1979.02,0,hipotecada,Valencia,activo
1921,2016-05-14,1989-10-28,mujer,divorciado,secundaria,empleado,2.7,2992.75,2,propia,Málaga,activo
1922,2025-09-18,2007-09-21,hombre,divorciado,formacion_profesional,empleado,0,2086.9,0,propia,Madrid,activo
1923,2020-09-30,2000-01-06,hombre,casado,secundaria,empleado,6.1,3605.19,4,alquiler,Sevilla,activo
1924,2025-10-02,1959-12-11,otro,viudo,formacion_profesional,autonomo,15.5,5637.18,0,hipotecada,Valencia,activo
1925,2013-03-05,1975-10-18,hombre,casado,posgrado,autonomo,2.6,4725.86,2,hipotecada,Murcia,activo
1926,2024-08-14,1957-01-07,hombre,viudo,secundaria,empleado,8.4,1937.39,0,alquiler,Madrid,activo
1927,2023-08-15,1964-10-27,hombre,divorciado,secundaria,empleado,3.1,6100.93,1,alquiler,Málaga,activo
1928,2026-02-17,2008-01-29,mujer,casado,universitario,desempleado,0.8,635.3,0,hipotecada,Sevilla,activo
1929,2024-10-02,2003-07-27,mujer,viudo,secundaria,empleado,4,2052.95,0,alquiler,A Coruña,activo
1930,2019-04-29,1986-03-15,hombre,viudo,universitario,desempleado,2.1,1646.85,1,propia,Valencia,activo
1931,2023-08-14,1960-06-29,hombre,viudo,formacion_profesional,empleado,10.5,1349.35,2,familiar,Madrid,activo
1932,2008-02-03,1987-05-06,mujer,divorciado,bachillerato,jubilado,\N,1404.33,2,propia,Málaga,activo
1933,2025-07-18,1995-07-11,mujer,viudo,formacion_profesional,empleado,5.1,2110.84,0,alquiler,Zaragoza,activo
1934,2013-05-23,1979-08-03,mujer,divorciado,formacion_profesional,empleado,7.2,2464.77,0,hipotecada,Murcia,activo
1935,2025-10-24,1975-12-28,mujer,soltero,universitario,empleado,13.0,2601.41,1,alquiler,Sevilla,activo
1936,2021-08-20,1959-03-14,mujer,viudo,universitario,autonomo,3.2,5707.25,0,propia,Murcia,activo
1937,2018-03-26,1978-07-24,mujer,casado,formacion_profesional,empleado,0,1741.17,1,alquiler,Alicante,bloqueado
1938,2012-03-08,1991-06-13,mujer,viudo,universitario,empleado,6.2,1617.34,0,hipotecada,A Coruña,activo
1939,2016-05-26,1987-06-14,hombre,divorciado,universitario,empleado,2.7,2579.69,0,hipotecada,Vizcaya,activo
1940,2014-07-08,1985-09-04,mujer,divorciado,universitario,empleado,8.7,2629.09,4,hipotecada,Madrid,activo
1941,2006-04-19,1968-10-23,mujer,casado,universitario,empleado,6.7,1309.97,0,propia,Sevilla,activo
1942,2018-07-16,1978-06-06,mujer,casado,formacion_profesional,empleado,0,2907.74,0,hipotecada,A Coruña,activo
1943,2026-03-20,2007-12-02,mujer,casado,universitario,autonomo,0,800,1,hipotecada,Alicante,activo
1944,2017-07-30,1986-12-27,hombre,viudo,bachillerato,desempleado,1.8,771.75,0,hipotecada,A Coruña,activo
1945,2008-03-05,1963-05-28,hombre,soltero,secundaria,estudiante,0,467.26,2,propia,Valencia,activo
1946,2006-09-11,1959-04-07,mujer,viudo,universitario,empleado,4.6,2560.3,0,alquiler,Valencia,activo
1947,2013-11-05,1969-01-25,hombre,divorciado,formacion_profesional,jubilado,\N,989.63,2,alquiler,Sevilla,activo
1948,2011-04-15,1975-01-20,mujer,divorciado,secundaria,empleado,13.9,1236.45,2,alquiler,Murcia,activo
1949,2012-08-01,1969-07-14,mujer,viudo,formacion_profesional,empleado,19.0,2441.0,1,hipotecada,Vizcaya,activo
1950,2026-01-24,1980-10-19,mujer,casado,bachillerato,empleado,3.0,2012.89,0,alquiler,Madrid,activo
1951,2008-10-16,1977-11-16,hombre,viudo,formacion_profesional,empleado,5.6,2114.91,2,familiar,Sevilla,activo
1952,2013-05-16,1980-08-25,hombre,soltero,formacion_profesional,empleado,2.2,1991.67,2,propia,Vizcaya,activo
1953,2018-04-02,1999-09-17,mujer,casado,formacion_profesional,autonomo,6.9,1461.13,1,alquiler,Zaragoza,activo
1954,2015-06-25,1979-11-24,mujer,casado,universitario,empleado,3.3,2343.45,0,propia,Málaga,activo
1955,2021-02-18,1977-09-14,mujer,soltero,universitario,autonomo,0.5,2665.4,0,hipotecada,Madrid,activo
1956,2017-07-13,1979-12-22,hombre,divorciado,posgrado,empleado,8.3,1499.74,3,propia,Sevilla,activo
1957,2018-12-08,1993-04-21,hombre,viudo,universitario,jubilado,\N,1366.73,0,familiar,Madrid,activo
1958,2025-11-10,1998-12-26,hombre,divorciado,bachillerato,empleado,5.1,3163.75,2,hipotecada,Barcelona,activo
1959,2024-11-10,1970-02-28,mujer,divorciado,bachillerato,desempleado,2.9,861.42,0,hipotecada,Barcelona,activo
1960,2015-02-11,1996-01-27,mujer,divorciado,formacion_profesional,estudiante,0,669.01,1,hipotecada,Murcia,activo
1961,2021-08-29,1990-09-15,mujer,soltero,bachillerato,empleado,10.6,950,1,alquiler,Vizcaya,activo
1962,2014-02-16,1994-11-12,hombre,soltero,posgrado,estudiante,0,589.22,3,propia,Sevilla,activo
1963,2019-02-27,1976-08-10,mujer,viudo,formacion_profesional,empleado,4.1,1886.83,2,hipotecada,Madrid,activo
1964,2013-09-12,1976-06-26,hombre,soltero,universitario,empleado,0.2,3141.41,1,alquiler,Sevilla,activo
1965,2018-07-12,1995-06-09,otro,divorciado,posgrado,empleado,6.9,1053.47,0,alquiler,Madrid,activo
1966,2025-07-31,2006-01-27,mujer,soltero,posgrado,empleado,2,2250.53,0,alquiler,Zaragoza,activo
1967,2008-08-21,1957-02-02,hombre,viudo,formacion_profesional,empleado,0,1926.08,2,propia,Barcelona,activo
1968,2023-11-03,2000-06-04,mujer,divorciado,formacion_profesional,jubilado,\N,1307.05,2,alquiler,Vizcaya,activo
1969,2025-05-31,1989-09-14,hombre,casado,universitario,empleado,8.5,1107.6,0,hipotecada,Málaga,inactivo
1970,2013-07-12,1966-07-16,mujer,viudo,secundaria,empleado,9.7,1858.02,1,alquiler,Alicante,activo
1971,2023-05-27,1994-09-24,mujer,casado,universitario,empleado,1.9,3008.64,1,familiar,Alicante,activo
1972,2013-06-10,1978-04-18,hombre,viudo,universitario,empleado,6.8,2145.23,0,familiar,Barcelona,activo
1973,2026-01-29,2007-04-26,hombre,casado,bachillerato,empleado,1,1172.38,3,hipotecada,Sevilla,activo
1974,2022-09-02,1980-06-04,mujer,viudo,universitario,empleado,6.9,6435.54,2,familiar,Sevilla,activo
1975,2025-07-28,1969-07-17,hombre,divorciado,secundaria,empleado,9.0,2717.32,2,alquiler,Sevilla,activo
1976,2021-01-17,1969-10-27,mujer,divorciado,formacion_profesional,desempleado,1.9,1282.42,3,alquiler,Zaragoza,activo
1977,2019-03-04,1982-09-08,mujer,casado,universitario,autonomo,11.0,9950.06,0,propia,Sevilla,activo
1978,2007-12-18,1969-01-27,mujer,viudo,universitario,empleado,6.2,3206.6,2,propia,Valencia,inactivo
1979,2008-10-14,1962-04-25,hombre,casado,posgrado,empleado,9.1,2910.32,0,hipotecada,Valencia,activo
1980,2025-06-17,1998-10-06,hombre,casado,universitario,empleado,5.6,3887.34,0,alquiler,Alicante,activo
1981,2025-07-16,1971-11-01,mujer,soltero,formacion_profesional,autonomo,17.8,2334.97,0,propia,Barcelona,activo
1982,2012-01-02,1985-10-24,hombre,viudo,formacion_profesional,empleado,4.0,1673.42,1,alquiler,Málaga,activo
1983,2018-11-24,1972-10-18,hombre,soltero,universitario,empleado,8.6,3055.86,0,alquiler,Alicante,activo
1984,2015-04-26,1991-02-22,mujer,casado,bachillerato,empleado,1.1,1935.9,3,alquiler,Zaragoza,activo
1985,2025-11-16,2000-03-01,hombre,divorciado,formacion_profesional,empleado,6.7,1752.63,0,familiar,Valencia,activo
1986,2011-01-04,1982-05-23,hombre,divorciado,secundaria,autonomo,14.0,2865.55,0,propia,Alicante,activo
1987,2026-04-11,2007-10-27,mujer,casado,universitario,empleado,0,2475.14,1,hipotecada,Valencia,activo
1988,2015-02-04,1981-09-14,mujer,casado,universitario,desempleado,2.8,1551.27,2,propia,Vizcaya,activo
1989,2020-10-08,1998-08-12,mujer,soltero,formacion_profesional,jubilado,\N,1824.49,2,propia,Madrid,activo
1990,2014-04-30,1988-11-04,hombre,casado,formacion_profesional,desempleado,2.3,177.94,0,hipotecada,Sevilla,activo
1991,2017-01-22,1991-04-26,mujer,viudo,universitario,empleado,5.5,2254.72,1,propia,Alicante,activo
1992,2026-01-09,1988-04-04,mujer,viudo,formacion_profesional,autonomo,1.6,1597.03,0,propia,Alicante,activo
1993,2022-10-18,1987-12-06,mujer,casado,bachillerato,autonomo,10.2,7204.07,2,alquiler,Madrid,activo
1994,2018-11-10,1987-11-02,mujer,divorciado,secundaria,estudiante,0,509.91,3,propia,Zaragoza,activo
1995,2020-07-14,1999-04-27,mujer,casado,bachillerato,estudiante,0,692.72,0,propia,Valencia,activo
1996,2010-03-07,1974-08-29,mujer,soltero,universitario,empleado,5.4,4015.81,0,propia,Sevilla,activo
1997,2009-02-19,1965-11-07,hombre,soltero,posgrado,desempleado,0,1297.44,0,hipotecada,Vizcaya,inactivo
1998,2007-10-29,1965-02-14,mujer,viudo,universitario,jubilado,\N,1852.29,0,propia,A Coruña,activo
1999,2025-01-09,1992-09-28,hombre,viudo,universitario,empleado,7.5,4915.61,1,propia,Zaragoza,activo
2000,2025-12-22,2003-02-24,hombre,divorciado,secundaria,empleado,5,2759.1,0,hipotecada,Valencia,activo
2001,2022-04-05,1991-08-26,hombre,viudo,bachillerato,empleado,5.2,1453.87,2,hipotecada,Zaragoza,activo
2002,2010-10-30,1982-01-19,hombre,viudo,formacion_profesional,autonomo,2.3,1797.61,0,alquiler,Málaga,activo
2003,2010-01-15,1973-09-11,mujer,casado,universitario,empleado,1.1,1865.94,0,hipotecada,Valencia,activo
2004,2020-04-12,1991-10-12,hombre,viudo,bachillerato,empleado,7.1,1576.84,1,alquiler,Sevilla,activo
2005,2009-01-21,1958-06-05,hombre,divorciado,secundaria,jubilado,\N,1545.18,0,alquiler,Zaragoza,activo
2006,2021-01-10,1980-03-25,hombre,soltero,bachillerato,desempleado,2.7,1034.18,0,hipotecada,Zaragoza,activo
2007,2007-01-06,1980-07-03,mujer,divorciado,universitario,empleado,7.7,1799.6,1,hipotecada,Málaga,activo
2008,2020-02-22,1965-07-14,hombre,divorciado,universitario,empleado,15.7,1894.77,0,propia,Sevilla,activo
2009,2026-05-06,2007-10-26,mujer,soltero,formacion_profesional,empleado,0,3159.94,2,hipotecada,Málaga,activo
2010,2024-03-19,1992-05-26,hombre,soltero,posgrado,autonomo,5.0,2589.42,1,alquiler,Sevilla,activo
2011,2007-12-13,1975-08-03,mujer,soltero,universitario,jubilado,\N,2283.6,0,propia,Barcelona,activo
2012,2022-09-28,1996-07-29,hombre,soltero,formacion_profesional,estudiante,0,24.5,2,familiar,Zaragoza,activo
2013,2018-08-14,1976-01-22,hombre,soltero,formacion_profesional,empleado,7.7,1488.88,1,hipotecada,Alicante,activo
2014,2021-09-18,1951-06-10,hombre,soltero,universitario,autonomo,10.1,2477.48,0,propia,Málaga,activo
2015,2007-07-28,1973-07-29,mujer,divorciado,secundaria,empleado,0,1548.55,0,hipotecada,Zaragoza,activo
2016,2012-11-11,1954-06-07,mujer,casado,formacion_profesional,empleado,2.2,2606.65,4,propia,Madrid,activo
2017,2008-07-06,1948-10-24,mujer,viudo,bachillerato,desempleado,0.6,932.98,0,propia,Sevilla,activo
2018,2026-04-14,2008-01-02,mujer,viudo,posgrado,empleado,0,2138.31,3,alquiler,A Coruña,activo
2019,2026-06-18,2007-09-05,hombre,viudo,bachillerato,empleado,0,2533.73,0,propia,Alicante,activo
2020,2016-10-25,1965-12-18,hombre,divorciado,formacion_profesional,empleado,10.1,2020.02,1,alquiler,A Coruña,activo
2021,2019-12-28,1992-12-25,mujer,divorciado,formacion_profesional,empleado,4.6,2546.28,2,hipotecada,Sevilla,activo
2022,2023-06-07,1988-02-29,hombre,casado,universitario,empleado,10.3,2043.94,0,propia,Málaga,activo
2023,2015-10-12,1981-09-23,mujer,divorciado,formacion_profesional,autonomo,22.3,2128.87,0,familiar,Vizcaya,activo
2024,2026-05-14,1993-06-12,hombre,viudo,bachillerato,empleado,4.5,2402.34,1,propia,Málaga,activo
2025,2020-12-08,1991-02-24,mujer,casado,posgrado,empleado,3.4,2467.62,0,alquiler,Málaga,activo
2026,2017-02-24,1989-05-07,mujer,casado,formacion_profesional,jubilado,\N,1093.17,0,alquiler,Sevilla,activo
2027,2012-03-21,1991-12-30,hombre,casado,bachillerato,empleado,4.2,2770.93,0,propia,Málaga,activo
2028,2013-05-08,1970-06-11,mujer,soltero,universitario,empleado,9.3,1909.55,0,propia,Vizcaya,activo
2029,2008-09-21,1983-08-13,hombre,soltero,universitario,desempleado,1.3,0,0,propia,Valencia,activo
2030,2024-07-18,2001-02-09,mujer,divorciado,formacion_profesional,empleado,7,3074.43,0,propia,Valencia,activo
2031,2017-06-16,1962-07-11,mujer,casado,formacion_profesional,empleado,18.6,2546.33,0,alquiler,Madrid,activo
2032,2025-06-27,1983-05-06,hombre,divorciado,universitario,empleado,8.9,2702.16,0,hipotecada,Sevilla,activo
2033,2009-11-09,1989-12-16,mujer,soltero,universitario,empleado,2.5,1917.8,0,hipotecada,A Coruña,activo
2034,2026-06-14,1974-12-20,mujer,casado,formacion_profesional,autonomo,11.7,6248.16,2,familiar,Sevilla,activo
2035,2021-12-13,1984-03-21,mujer,soltero,formacion_profesional,empleado,11.0,2601.02,0,alquiler,Vizcaya,activo
2036,2022-10-10,1984-02-11,mujer,casado,secundaria,empleado,7.2,3739.46,0,propia,Málaga,activo
2037,2011-02-05,1978-12-14,hombre,divorciado,secundaria,empleado,2.6,2028.03,0,propia,Murcia,activo
2038,2018-10-05,1984-09-06,mujer,casado,universitario,jubilado,\N,2440.59,1,hipotecada,Alicante,activo
2039,2006-12-30,1984-02-04,mujer,soltero,formacion_profesional,empleado,0,2992.32,0,familiar,Alicante,activo
2040,2006-10-28,1982-06-12,hombre,divorciado,bachillerato,empleado,14.6,2283.19,0,propia,Málaga,activo
2041,2026-04-28,1972-02-03,mujer,divorciado,formacion_profesional,empleado,7.5,2127.19,1,alquiler,Murcia,activo
2042,2023-02-16,1962-12-06,mujer,casado,universitario,empleado,7.6,2084.4,2,alquiler,Málaga,activo
2043,2025-12-03,2005-06-12,otro,divorciado,universitario,empleado,1.9,2014.34,2,propia,Barcelona,activo
2044,2012-06-30,1984-12-30,mujer,viudo,posgrado,desempleado,0.1,1222.87,0,familiar,Zaragoza,activo
2045,2010-02-18,1978-04-09,mujer,casado,formacion_profesional,empleado,18.8,1749.38,0,alquiler,Zaragoza,activo
2046,2021-02-18,1983-03-14,hombre,viudo,universitario,empleado,8.5,2017.58,0,propia,Vizcaya,activo
2047,2021-02-05,1943-10-21,mujer,casado,universitario,autonomo,7.8,4467.67,0,propia,Murcia,activo
2048,2022-11-29,2000-07-28,mujer,viudo,posgrado,empleado,7,2541.85,0,alquiler,Madrid,activo
2049,2005-02-18,1967-11-23,mujer,soltero,formacion_profesional,empleado,13.5,2296.55,0,alquiler,Alicante,activo
2050,2026-02-03,2001-07-08,hombre,divorciado,universitario,empleado,0,2878.12,1,hipotecada,Zaragoza,activo
2051,2015-11-26,1967-12-29,hombre,viudo,formacion_profesional,empleado,7.6,4042.27,0,hipotecada,Valencia,activo
2052,2012-03-24,1962-12-28,hombre,soltero,universitario,empleado,3.7,4085.1,0,hipotecada,Barcelona,inactivo
2053,2022-04-15,1965-07-24,hombre,divorciado,posgrado,autonomo,10.1,1505.48,1,hipotecada,Vizcaya,activo
2054,2008-02-16,1981-05-20,hombre,casado,universitario,jubilado,\N,1765.11,1,alquiler,Alicante,activo
2055,2019-01-03,1983-09-11,hombre,soltero,formacion_profesional,empleado,10.8,3417.76,0,hipotecada,Murcia,activo
2056,2010-07-01,1952-08-13,hombre,soltero,universitario,empleado,4.2,1237.74,0,alquiler,Valencia,activo
2057,2005-06-21,1974-04-20,mujer,casado,universitario,empleado,16.2,3106.14,0,propia,Alicante,activo
2058,2022-02-24,1986-02-16,hombre,viudo,formacion_profesional,empleado,4.1,2720.27,3,propia,Sevilla,activo
2059,2010-01-20,1979-04-17,mujer,casado,universitario,desempleado,0,493.55,2,alquiler,Alicante,activo
2060,2013-07-15,1973-04-02,mujer,divorciado,universitario,estudiante,0,0,0,propia,Valencia,activo
2061,2018-09-03,1994-12-01,mujer,viudo,universitario,empleado,13,2597.38,3,hipotecada,Alicante,activo
2062,2026-05-07,2008-05-02,mujer,viudo,secundaria,empleado,0,2093.99,1,alquiler,Zaragoza,activo
2063,2019-02-19,2000-07-10,hombre,soltero,bachillerato,desempleado,4.1,482.52,0,alquiler,Barcelona,activo
2064,2015-12-05,1994-07-14,mujer,casado,bachillerato,empleado,9.3,3835.85,2,alquiler,Málaga,activo
2065,2017-01-02,1978-05-24,mujer,viudo,universitario,desempleado,3.1,1028.78,1,hipotecada,A Coruña,activo
2066,2024-02-16,1974-10-24,hombre,viudo,bachillerato,empleado,15.9,2645.22,3,propia,Barcelona,activo
2067,2021-02-28,1992-12-12,mujer,viudo,secundaria,empleado,7.4,2793.74,3,propia,Vizcaya,activo
2068,2013-11-10,1991-03-18,hombre,casado,universitario,empleado,16.4,2013.39,2,familiar,Vizcaya,activo
2069,2022-12-06,1973-04-04,hombre,viudo,bachillerato,empleado,11.3,4885.13,1,alquiler,Zaragoza,activo
2070,2008-05-08,1983-01-04,mujer,casado,universitario,empleado,2.9,2159.86,1,propia,Barcelona,activo
2071,2025-03-27,2003-10-24,mujer,divorciado,formacion_profesional,autonomo,4,3691.2,0,propia,Madrid,activo
2072,2005-09-23,1970-05-20,hombre,casado,bachillerato,empleado,7.5,2819.17,2,propia,Sevilla,activo
2073,2026-05-05,2008-04-23,mujer,divorciado,bachillerato,empleado,0,2242.03,3,alquiler,Sevilla,activo
2074,2025-11-17,2007-09-11,hombre,soltero,formacion_profesional,desempleado,0,281.14,0,familiar,Alicante,activo
2075,2020-04-09,1993-08-21,hombre,divorciado,bachillerato,desempleado,2.0,185.34,0,propia,Madrid,activo
2076,2026-02-16,1995-02-16,mujer,soltero,formacion_profesional,empleado,10.4,1120.3,0,hipotecada,Murcia,activo
2077,2023-06-15,1989-12-01,mujer,viudo,universitario,empleado,8.5,1458.91,0,familiar,Alicante,activo
2078,2007-09-28,1965-03-23,hombre,soltero,formacion_profesional,empleado,11.6,1582.98,0,hipotecada,Sevilla,activo
2079,2011-10-28,1962-08-10,hombre,soltero,secundaria,empleado,6.3,1595.01,2,familiar,Valencia,activo
2080,2014-10-07,1977-07-14,hombre,soltero,posgrado,desempleado,0,489.82,1,propia,A Coruña,activo
2081,2010-05-04,1978-06-21,mujer,soltero,universitario,empleado,15.6,3332.47,1,alquiler,Málaga,activo
2082,2020-04-18,2000-04-24,hombre,casado,secundaria,empleado,3.3,3299.22,2,hipotecada,Zaragoza,activo
2083,2026-04-07,2007-09-16,otro,casado,secundaria,empleado,0,2011.3,1,alquiler,Zaragoza,activo
2084,2014-03-27,1983-11-04,hombre,viudo,secundaria,jubilado,\N,1395.42,2,alquiler,Zaragoza,activo
2085,2017-10-18,1979-10-03,hombre,viudo,secundaria,empleado,9.7,1487.61,0,familiar,Sevilla,activo
2086,2015-05-22,1987-02-12,hombre,viudo,formacion_profesional,empleado,0.4,2649.88,1,familiar,Barcelona,activo
2087,2021-05-21,1984-02-25,mujer,viudo,secundaria,desempleado,0,340.66,1,familiar,Zaragoza,activo
2088,2016-11-29,1994-03-10,mujer,divorciado,universitario,empleado,0,2155.92,1,familiar,Vizcaya,activo
2089,2019-08-16,1972-10-11,hombre,casado,secundaria,empleado,2.4,2796.43,0,familiar,A Coruña,activo
2090,2016-02-19,1982-03-01,mujer,divorciado,posgrado,empleado,7.0,2536.57,0,alquiler,Barcelona,activo
2091,2018-01-16,1980-12-06,hombre,divorciado,formacion_profesional,estudiante,0,565.83,0,propia,Murcia,activo
2092,2020-06-18,1962-05-06,mujer,divorciado,posgrado,empleado,0,1491.62,3,hipotecada,A Coruña,activo
2093,2020-10-16,1983-08-25,mujer,viudo,formacion_profesional,desempleado,3.4,349.74,2,hipotecada,Vizcaya,activo
2094,2013-06-27,1986-05-25,hombre,viudo,universitario,empleado,14.5,1086.92,1,propia,Murcia,inactivo
2095,2026-06-22,1984-11-04,mujer,casado,formacion_profesional,empleado,9.8,4844.88,0,propia,Sevilla,activo
2096,2022-06-11,1993-03-21,mujer,casado,secundaria,empleado,0.3,1904.46,0,familiar,Valencia,activo
2097,2022-12-21,1953-07-16,mujer,casado,bachillerato,empleado,4.1,1524.84,0,hipotecada,Sevilla,activo
2098,2007-11-15,1964-04-20,mujer,divorciado,formacion_profesional,empleado,0.9,2172.38,2,hipotecada,Madrid,activo
2099,2005-10-29,1975-04-16,hombre,divorciado,universitario,empleado,11.6,1571.28,0,hipotecada,Barcelona,activo
2100,2007-06-02,1948-04-10,mujer,viudo,formacion_profesional,empleado,12.9,1355.18,0,alquiler,Alicante,activo
2101,2025-04-28,1973-05-09,mujer,divorciado,bachillerato,empleado,6.7,2278.46,0,propia,Málaga,activo
2102,2013-04-17,1986-12-24,hombre,viudo,formacion_profesional,empleado,19.5,4356.96,0,alquiler,Málaga,activo
2103,2010-03-17,1972-03-12,hombre,soltero,formacion_profesional,autonomo,11.4,2495.94,0,hipotecada,Sevilla,activo
2104,2017-09-08,1962-12-09,hombre,casado,bachillerato,empleado,15.0,3932.15,2,alquiler,Zaragoza,activo
2105,2020-03-05,1956-01-10,hombre,viudo,universitario,empleado,13.2,2531.67,0,familiar,Barcelona,activo
2106,2009-02-02,1976-12-17,mujer,soltero,universitario,autonomo,8.7,2866.81,0,propia,Alicante,activo
2107,2018-09-02,1961-08-02,hombre,viudo,formacion_profesional,empleado,14.1,1525.96,0,propia,Murcia,activo
2108,2025-04-17,2006-06-03,mujer,soltero,formacion_profesional,empleado,0,2374.69,2,propia,Vizcaya,activo
2109,2025-04-09,1990-07-11,hombre,divorciado,formacion_profesional,autonomo,7.5,4504.27,0,propia,A Coruña,activo
2110,2023-05-11,1961-11-29,mujer,divorciado,bachillerato,autonomo,10.3,1224.48,0,alquiler,Murcia,activo
2111,2021-02-27,1992-09-22,mujer,viudo,formacion_profesional,autonomo,7.0,2532.45,0,alquiler,Madrid,activo
2112,2006-12-09,1983-11-21,mujer,casado,formacion_profesional,empleado,0,2555.37,1,familiar,Alicante,activo
2113,2021-02-20,1973-07-14,hombre,viudo,secundaria,empleado,7.9,2557.92,0,alquiler,Alicante,activo
2114,2016-07-23,1980-09-26,mujer,divorciado,universitario,empleado,11.9,1173.86,0,propia,A Coruña,activo
2115,2009-04-13,1986-10-06,mujer,casado,posgrado,estudiante,0,1081.95,4,hipotecada,Málaga,activo
2116,2022-11-03,2000-05-19,hombre,soltero,universitario,desempleado,2.9,1377.67,3,propia,Barcelona,activo
2117,2024-10-07,2004-07-15,hombre,soltero,formacion_profesional,empleado,3,3316.06,0,alquiler,Málaga,activo
2118,2017-12-27,1980-09-23,hombre,soltero,universitario,empleado,12.2,2071.36,1,alquiler,Barcelona,activo
2119,2025-10-01,1956-09-11,hombre,casado,secundaria,empleado,13.2,2483.21,0,propia,Zaragoza,activo
2120,2025-04-24,1993-04-08,hombre,viudo,formacion_profesional,empleado,1.4,2541.91,0,hipotecada,A Coruña,inactivo
2121,2024-04-13,2002-07-21,hombre,divorciado,bachillerato,autonomo,5,4925.91,1,hipotecada,Zaragoza,activo
2122,2018-10-22,1971-07-18,hombre,divorciado,universitario,autonomo,15.2,1409.9,0,propia,Málaga,activo
2123,2024-01-31,1958-07-18,mujer,viudo,universitario,empleado,9.2,3027.96,1,hipotecada,Alicante,activo
2124,2012-03-08,1982-10-03,hombre,divorciado,universitario,empleado,6.5,5452.0,0,hipotecada,Alicante,activo
2125,2020-04-17,1989-02-11,hombre,divorciado,universitario,empleado,6.8,2228.39,2,hipotecada,Murcia,activo
2126,2018-11-05,1983-09-15,hombre,viudo,universitario,empleado,11.5,2091.74,0,propia,Barcelona,activo
2127,2016-08-15,1952-07-07,hombre,divorciado,universitario,empleado,13.9,2518.97,1,hipotecada,Barcelona,activo
2128,2007-08-23,1981-12-02,mujer,soltero,posgrado,empleado,16.4,1994.17,1,propia,Valencia,activo
2129,2008-06-22,1967-02-16,mujer,divorciado,universitario,empleado,14.9,4025.91,3,propia,A Coruña,activo
2130,2026-06-14,2007-10-27,mujer,divorciado,formacion_profesional,desempleado,3.6,750.1,0,hipotecada,A Coruña,activo
2131,2020-11-13,1999-09-28,mujer,divorciado,universitario,empleado,0,1981.08,3,familiar,Valencia,activo
2132,2021-04-24,2000-05-20,mujer,casado,formacion_profesional,empleado,0,2083.02,0,hipotecada,Alicante,activo
2133,2017-11-27,1988-08-17,hombre,divorciado,posgrado,empleado,1.6,2656.42,0,hipotecada,Barcelona,activo
2134,2012-05-19,1988-03-02,hombre,soltero,posgrado,empleado,11.5,1333.72,1,alquiler,Málaga,activo
2135,2025-02-03,1982-12-21,hombre,casado,formacion_profesional,empleado,12.2,2372.25,1,hipotecada,Zaragoza,activo
2136,2024-03-30,2005-12-04,mujer,casado,posgrado,jubilado,\N,2177.65,1,propia,Murcia,activo
2137,2019-09-29,1978-06-16,mujer,viudo,universitario,empleado,15.8,2564.66,0,alquiler,Sevilla,activo
2138,2026-06-12,2008-06-03,mujer,viudo,secundaria,desempleado,1.2,1121.53,2,alquiler,Valencia,activo
2139,2014-05-21,1987-01-02,mujer,soltero,posgrado,empleado,12.4,2264.37,1,alquiler,Zaragoza,activo
2140,2024-04-30,1986-08-17,mujer,soltero,universitario,empleado,3.0,2231.52,0,propia,Vizcaya,activo
2141,2006-12-29,1987-04-21,mujer,viudo,universitario,jubilado,\N,1467.93,3,familiar,Zaragoza,activo
2142,2018-03-21,1973-12-13,hombre,casado,posgrado,jubilado,\N,1154.82,1,hipotecada,Málaga,activo
2143,2006-04-08,1987-04-14,mujer,viudo,secundaria,empleado,7.4,4390.06,0,hipotecada,Valencia,activo
2144,2009-08-31,1981-06-22,otro,casado,universitario,estudiante,0,849.61,3,familiar,Murcia,activo
2145,2024-06-24,1990-09-27,otro,casado,bachillerato,autonomo,7.1,2021.95,1,alquiler,Murcia,activo
2146,2020-12-03,1993-02-13,hombre,casado,universitario,jubilado,\N,1863.23,3,propia,Zaragoza,activo
2147,2020-10-18,1973-08-09,hombre,casado,formacion_profesional,empleado,0,3422.84,2,alquiler,A Coruña,activo
2148,2023-09-17,1988-04-27,mujer,viudo,posgrado,empleado,7.3,3568.62,0,propia,Valencia,activo
2149,2012-06-05,1983-04-14,mujer,viudo,posgrado,empleado,5.6,1744.73,1,familiar,Madrid,activo
2150,2017-07-07,1984-10-29,mujer,viudo,posgrado,empleado,9.3,3493.9,1,alquiler,Vizcaya,activo
2151,2023-02-19,2003-01-07,mujer,casado,bachillerato,empleado,5,2515.07,0,hipotecada,A Coruña,activo
2152,2011-05-11,1963-04-09,hombre,viudo,posgrado,empleado,0,1734.49,3,propia,A Coruña,activo
2153,2020-03-12,1983-09-01,mujer,divorciado,bachillerato,desempleado,3.5,1238.7,0,propia,Madrid,activo
2154,2024-06-11,1987-03-08,mujer,soltero,posgrado,jubilado,\N,1642.36,0,alquiler,Vizcaya,activo
2155,2010-07-23,1985-03-08,mujer,soltero,formacion_profesional,empleado,11.9,2276.64,4,propia,Murcia,activo
2156,2017-07-11,1995-02-08,otro,viudo,formacion_profesional,empleado,3.8,2132.51,1,alquiler,A Coruña,activo
2157,2025-05-06,1996-12-24,hombre,divorciado,secundaria,autonomo,3.8,5730.07,1,alquiler,Sevilla,activo
2158,2019-02-11,1969-07-13,mujer,soltero,universitario,empleado,3.0,2460.04,0,hipotecada,Valencia,activo
2159,2012-01-08,1978-07-13,hombre,soltero,universitario,empleado,0,3637.48,0,hipotecada,Barcelona,activo
2160,2023-09-01,1984-01-29,hombre,casado,formacion_profesional,estudiante,0,99.68,0,alquiler,A Coruña,activo
2161,2015-05-23,1982-02-16,mujer,casado,bachillerato,empleado,14.7,2283.57,0,familiar,Valencia,activo
2162,2024-09-11,1957-02-05,hombre,divorciado,universitario,jubilado,\N,2526.86,1,hipotecada,Madrid,bloqueado
2163,2010-08-15,1981-09-09,hombre,divorciado,universitario,empleado,5.7,2721.1,2,propia,Madrid,activo
2164,2025-10-01,1985-02-06,hombre,casado,formacion_profesional,desempleado,0.5,582.22,0,alquiler,Barcelona,activo
2165,2021-08-11,2001-05-03,mujer,viudo,secundaria,desempleado,1.3,649.93,0,propia,A Coruña,activo
2166,2025-10-25,2005-11-21,mujer,casado,secundaria,empleado,2,2082.0,0,propia,Barcelona,activo
2167,2020-11-15,1974-07-10,mujer,soltero,universitario,empleado,12.6,1550.74,0,hipotecada,Barcelona,activo
2168,2013-07-09,1972-09-07,mujer,casado,secundaria,autonomo,12.2,2016.09,0,propia,Zaragoza,activo
2169,2017-08-06,1958-12-13,hombre,soltero,posgrado,autonomo,12.2,3312.14,0,familiar,Barcelona,activo
2170,2006-11-28,1985-10-26,mujer,divorciado,secundaria,empleado,8.8,3051.53,0,hipotecada,Madrid,activo
2171,2010-09-10,1987-05-05,mujer,divorciado,posgrado,autonomo,12.5,4392.62,0,alquiler,Alicante,activo
2172,2006-04-21,1987-01-06,mujer,viudo,bachillerato,desempleado,1.5,434.87,1,propia,Alicante,activo
2173,2005-08-02,1982-12-12,mujer,soltero,formacion_profesional,desempleado,0,542.09,1,hipotecada,Murcia,activo
2174,2026-06-17,2008-06-15,hombre,divorciado,formacion_profesional,autonomo,0,3018.29,0,hipotecada,Alicante,activo
2175,2021-04-28,1987-12-10,hombre,divorciado,universitario,empleado,7.3,2890.28,0,propia,Madrid,activo
2176,2021-10-13,1992-09-07,hombre,divorciado,bachillerato,estudiante,0,1118.34,1,propia,Alicante,activo
2177,2024-12-14,1975-01-10,mujer,casado,formacion_profesional,empleado,4.4,2181.85,1,hipotecada,Madrid,activo
2178,2024-06-09,2003-09-09,mujer,divorciado,formacion_profesional,empleado,4,2543.07,0,familiar,Barcelona,activo
2179,2017-10-01,1997-03-14,mujer,casado,universitario,estudiante,0,1236.2,3,propia,Murcia,activo
2180,2020-04-20,1989-09-26,mujer,casado,posgrado,estudiante,0,262.56,0,alquiler,Madrid,activo
2181,2021-09-15,1988-02-19,mujer,divorciado,secundaria,empleado,5.0,1711.96,2,propia,Barcelona,activo
2182,2005-11-13,1970-04-25,hombre,divorciado,secundaria,empleado,12.0,1496.43,1,propia,Málaga,activo
2183,2014-11-30,1995-02-22,hombre,viudo,secundaria,empleado,5.7,1736.84,0,alquiler,Madrid,activo
2184,2024-09-06,1974-03-21,mujer,divorciado,formacion_profesional,empleado,0.3,1112.1,2,alquiler,Málaga,activo
2185,2021-08-19,1970-04-02,otro,viudo,formacion_profesional,empleado,7.2,3604.65,3,familiar,Madrid,inactivo
2186,2026-04-23,2008-03-21,mujer,divorciado,universitario,estudiante,0,429.97,0,hipotecada,Madrid,bloqueado
2187,2022-01-22,2001-06-26,hombre,viudo,universitario,jubilado,\N,1881.02,3,familiar,Vizcaya,activo
2188,2023-11-24,1987-12-21,hombre,casado,universitario,empleado,5.8,3142.05,2,hipotecada,Madrid,activo
2189,2025-07-31,2006-09-07,hombre,soltero,formacion_profesional,desempleado,1.2,786.23,2,familiar,Zaragoza,activo
2190,2014-03-28,1977-03-26,hombre,divorciado,universitario,desempleado,2.5,895.67,2,propia,Murcia,inactivo
2191,2025-11-09,2007-11-06,mujer,divorciado,universitario,empleado,0,1670.62,1,hipotecada,Zaragoza,activo
2192,2013-07-09,1989-02-20,hombre,divorciado,universitario,empleado,4.4,1849.64,4,propia,Zaragoza,activo
2193,2016-03-24,1958-04-05,hombre,viudo,bachillerato,empleado,16.5,1277.26,2,alquiler,A Coruña,activo
2194,2019-12-09,1995-07-27,hombre,casado,formacion_profesional,autonomo,6.8,2189.87,0,familiar,Vizcaya,activo
2195,2015-11-29,1976-08-24,mujer,casado,universitario,autonomo,10.5,4712.96,0,hipotecada,Zaragoza,activo
2196,2014-02-01,1981-11-13,mujer,divorciado,universitario,jubilado,\N,1721.36,2,propia,Málaga,activo
2197,2026-04-09,1994-04-03,mujer,casado,universitario,autonomo,8.3,8709.59,2,alquiler,Vizcaya,activo
2198,2020-12-28,1960-11-01,hombre,divorciado,formacion_profesional,empleado,9.6,1948.49,0,hipotecada,Murcia,activo
2199,2023-07-28,1984-05-12,mujer,soltero,universitario,empleado,5.1,2229.29,2,alquiler,A Coruña,activo
2200,2026-02-22,2008-02-09,hombre,soltero,formacion_profesional,jubilado,\N,2282.13,1,alquiler,Málaga,activo
2201,2023-12-06,1989-12-17,mujer,viudo,bachillerato,autonomo,8.3,4204.68,2,hipotecada,Vizcaya,activo
2202,2026-05-05,1998-09-25,mujer,viudo,formacion_profesional,autonomo,9,1584.72,1,propia,Vizcaya,inactivo
2203,2024-11-26,1943-09-18,mujer,soltero,universitario,empleado,5.9,1623.84,0,propia,Valencia,activo
2204,2015-11-02,1977-12-05,hombre,casado,universitario,empleado,4.4,2542.48,0,propia,A Coruña,activo
2205,2021-09-03,1995-08-04,hombre,soltero,bachillerato,empleado,9.8,1993.95,3,familiar,Murcia,activo
2206,2025-12-17,1999-06-27,hombre,viudo,universitario,autonomo,5.9,1531.05,1,familiar,Sevilla,activo
2207,2005-10-27,1984-04-07,mujer,casado,universitario,empleado,19.6,5395.55,2,hipotecada,Murcia,activo
2208,2017-02-17,1976-01-27,mujer,divorciado,universitario,empleado,3.5,1824.7,2,alquiler,Murcia,activo
2209,2019-11-16,1992-04-23,mujer,viudo,formacion_profesional,empleado,7.9,1940.17,1,alquiler,Madrid,activo
2210,2021-08-28,2000-03-23,hombre,casado,bachillerato,empleado,8,1659.95,0,hipotecada,Málaga,bloqueado
2211,2008-11-08,1949-01-05,mujer,soltero,posgrado,jubilado,\N,1376.54,0,alquiler,Málaga,activo
2212,2021-06-06,1973-06-10,hombre,soltero,bachillerato,empleado,3.0,1820.06,0,hipotecada,Sevilla,activo
2213,2022-01-18,1966-10-28,mujer,viudo,universitario,empleado,6.1,2341.97,2,propia,Valencia,activo
2214,2023-07-16,1995-10-22,hombre,casado,formacion_profesional,empleado,0.0,2274.13,2,propia,Zaragoza,activo
2215,2009-08-31,1968-09-07,hombre,divorciado,bachillerato,empleado,0,1755.3,1,propia,Madrid,activo
2216,2021-09-01,1979-03-19,mujer,casado,universitario,empleado,9.5,1823.51,0,alquiler,Barcelona,activo
2217,2016-05-18,1990-04-26,mujer,divorciado,universitario,autonomo,14.7,7236.52,0,hipotecada,Barcelona,activo
2218,2026-04-19,1981-10-29,mujer,divorciado,formacion_profesional,empleado,12.7,2755.43,0,hipotecada,Valencia,activo
2219,2022-08-05,1996-05-12,hombre,casado,universitario,empleado,0,4070.24,0,alquiler,A Coruña,activo
2220,2016-09-19,1978-11-24,mujer,casado,universitario,empleado,12.9,2439.34,1,hipotecada,A Coruña,activo
2221,2026-04-28,1987-11-04,hombre,casado,bachillerato,jubilado,\N,1281.88,1,hipotecada,Zaragoza,activo
2222,2026-04-05,2007-09-07,hombre,soltero,formacion_profesional,jubilado,\N,2007.52,1,alquiler,Vizcaya,activo
2223,2025-01-07,2006-12-06,hombre,divorciado,universitario,empleado,1,2184.36,1,propia,Madrid,activo
2224,2024-02-13,2003-03-05,hombre,viudo,formacion_profesional,empleado,4.9,950,0,alquiler,Alicante,activo
2225,2018-05-20,1978-03-06,mujer,viudo,formacion_profesional,empleado,6.2,5429.63,1,hipotecada,Zaragoza,activo
2226,2006-09-03,1974-03-21,mujer,viudo,posgrado,empleado,14.7,2224.96,0,alquiler,Alicante,activo
2227,2020-04-26,1976-03-09,hombre,casado,formacion_profesional,autonomo,4.3,824.09,2,alquiler,Málaga,activo
2228,2018-06-28,1995-09-16,hombre,viudo,bachillerato,empleado,5.0,1185.85,0,hipotecada,Valencia,inactivo
2229,2011-12-11,1966-12-02,mujer,divorciado,universitario,empleado,0.9,4589.88,1,propia,Murcia,activo
2230,2025-09-16,1989-11-22,mujer,divorciado,universitario,empleado,2.3,4114.75,3,alquiler,Madrid,activo
2231,2018-12-07,1993-02-04,mujer,casado,universitario,autonomo,0,7672.56,2,familiar,Vizcaya,activo
2232,2022-03-25,1965-11-17,mujer,divorciado,universitario,empleado,0,1390.9,0,alquiler,A Coruña,activo
2233,2025-09-08,1970-10-04,hombre,divorciado,universitario,autonomo,6.4,2981.99,0,alquiler,Alicante,activo
2234,2021-10-02,1958-04-11,mujer,divorciado,posgrado,empleado,9.4,4265.04,0,alquiler,Sevilla,activo
2235,2019-08-13,1995-12-30,mujer,viudo,secundaria,empleado,12,2371.64,1,alquiler,Madrid,activo
2236,2012-05-28,1967-03-16,mujer,soltero,bachillerato,estudiante,0,396.12,0,alquiler,Murcia,activo
2237,2015-04-23,1978-02-09,mujer,viudo,universitario,empleado,9.7,2611.87,2,familiar,Vizcaya,activo
2238,2020-12-05,1978-12-04,hombre,casado,formacion_profesional,empleado,16.1,2465.08,0,hipotecada,Alicante,activo
2239,2013-12-30,1976-07-27,hombre,viudo,bachillerato,empleado,6.9,3361.2,2,alquiler,Barcelona,activo
2240,2006-07-16,1983-06-16,hombre,soltero,universitario,empleado,0,1787.72,0,hipotecada,A Coruña,activo
2241,2009-04-03,1976-05-02,hombre,soltero,universitario,jubilado,\N,1184.36,0,hipotecada,A Coruña,activo
2242,2023-08-21,1999-03-10,mujer,casado,universitario,empleado,8.6,2028.67,1,propia,Valencia,activo
2243,2024-09-22,1998-09-19,mujer,viudo,secundaria,jubilado,\N,2615.25,0,familiar,Sevilla,activo
2244,2026-06-24,2008-03-16,mujer,divorciado,secundaria,empleado,0,2789.5,0,propia,Sevilla,activo
2245,2024-07-29,1954-10-30,hombre,soltero,formacion_profesional,autonomo,3.0,5873.98,0,propia,Valencia,activo
2246,2022-09-12,1969-11-30,hombre,divorciado,posgrado,jubilado,\N,1837.65,0,alquiler,Murcia,activo
2247,2007-02-04,1980-07-21,mujer,casado,posgrado,empleado,7.9,1419.33,0,hipotecada,A Coruña,activo
2248,2010-07-24,1988-03-09,hombre,casado,bachillerato,empleado,6.8,1671.46,1,hipotecada,Zaragoza,activo
2249,2025-11-06,2006-08-28,mujer,soltero,universitario,empleado,1,3311.71,2,alquiler,Vizcaya,activo
2250,2011-06-19,1984-06-06,mujer,viudo,universitario,empleado,8.0,1967.3,0,hipotecada,Vizcaya,activo
2251,2010-09-05,1980-06-24,mujer,divorciado,secundaria,empleado,13.0,3047.03,0,hipotecada,Sevilla,activo
2252,2014-07-13,1979-02-12,mujer,divorciado,universitario,empleado,1.4,1542.42,0,familiar,Madrid,activo
2253,2023-07-26,1962-12-02,mujer,divorciado,universitario,empleado,1.6,3258.91,0,propia,Málaga,activo
2254,2018-08-24,1972-04-19,mujer,viudo,posgrado,jubilado,\N,1995.0,1,familiar,Murcia,activo
2255,2009-01-07,1979-11-23,mujer,divorciado,bachillerato,empleado,1.6,950,2,propia,Málaga,activo
2256,2008-02-13,1986-10-21,mujer,soltero,bachillerato,empleado,14.5,2423.35,0,hipotecada,Alicante,activo
2257,2018-08-27,1985-04-25,mujer,viudo,formacion_profesional,desempleado,1.3,1032.67,2,hipotecada,Málaga,activo
2258,2020-03-22,1989-12-08,hombre,divorciado,formacion_profesional,empleado,5.5,3282.81,0,hipotecada,Murcia,activo
2259,2006-05-31,1978-04-11,hombre,soltero,universitario,estudiante,0,386.22,2,propia,Valencia,activo
2260,2010-05-27,1989-01-07,mujer,divorciado,universitario,empleado,19,5616.53,0,hipotecada,Murcia,activo
2261,2012-08-13,1978-06-02,hombre,soltero,bachillerato,desempleado,3.4,1235.72,2,propia,Málaga,activo
2262,2025-08-08,1982-12-23,hombre,soltero,posgrado,empleado,8.7,2463.83,2,familiar,A Coruña,activo
2263,2025-07-22,1977-02-12,hombre,soltero,universitario,empleado,8.1,3929.09,1,alquiler,Murcia,activo
2264,2016-10-02,1993-10-11,mujer,soltero,universitario,empleado,11.1,3039.61,2,propia,Barcelona,activo
2265,2024-10-17,1994-11-25,mujer,soltero,posgrado,empleado,13,1304.38,3,hipotecada,A Coruña,activo
2266,2015-04-28,1993-12-16,mujer,viudo,universitario,estudiante,0,837.14,4,hipotecada,Zaragoza,activo
2267,2015-08-15,1970-10-16,hombre,viudo,universitario,empleado,8.8,1962.1,1,propia,Málaga,inactivo
2268,2021-10-10,1962-01-30,mujer,soltero,formacion_profesional,empleado,15.0,2465.55,3,familiar,Málaga,activo
2269,2013-03-14,1963-01-10,hombre,viudo,posgrado,empleado,9.9,2658.58,4,hipotecada,Vizcaya,activo
2270,2017-02-13,1985-04-26,hombre,viudo,formacion_profesional,empleado,5.0,2189.77,0,propia,Sevilla,activo
2271,2023-03-03,1998-12-14,hombre,divorciado,universitario,empleado,7.0,1594.44,0,familiar,Málaga,activo
2272,2014-01-18,1991-02-17,mujer,divorciado,universitario,empleado,6.4,1988.02,2,alquiler,Sevilla,activo
2273,2006-07-21,1976-03-13,hombre,divorciado,universitario,empleado,9.8,2531.88,0,familiar,Valencia,activo
2274,2025-06-17,2002-08-17,mujer,divorciado,bachillerato,desempleado,1.7,656.17,2,alquiler,A Coruña,activo
2275,2025-09-08,2005-09-26,mujer,viudo,formacion_profesional,empleado,2,2329.7,0,propia,Valencia,activo
2276,2016-03-12,1970-04-13,mujer,divorciado,universitario,empleado,11.3,1585.84,3,propia,Sevilla,activo
2277,2010-02-20,1982-03-27,mujer,viudo,secundaria,estudiante,0,851.65,0,alquiler,Barcelona,activo
2278,2009-11-24,1960-10-05,hombre,viudo,secundaria,desempleado,0,761.05,0,alquiler,Alicante,activo
2279,2015-01-04,1988-01-02,hombre,casado,universitario,empleado,9.7,2697.45,2,hipotecada,Valencia,activo
2280,2018-01-12,1985-04-30,hombre,divorciado,universitario,desempleado,5.3,1056.82,0,propia,Málaga,inactivo
2281,2009-06-07,1986-03-17,hombre,viudo,universitario,estudiante,0,414.47,3,hipotecada,Madrid,activo
2282,2005-09-23,1971-12-10,hombre,casado,bachillerato,estudiante,0,442.0,1,familiar,Sevilla,inactivo
2283,2017-12-21,1967-02-10,mujer,divorciado,posgrado,estudiante,0,645.95,1,hipotecada,Zaragoza,activo
2284,2007-08-28,1954-03-30,mujer,soltero,formacion_profesional,empleado,14.5,2001.09,1,hipotecada,Sevilla,activo
2285,2007-02-16,1980-10-03,otro,divorciado,universitario,empleado,3.3,2014.92,0,propia,Barcelona,activo
2286,2015-07-20,1995-03-22,mujer,viudo,formacion_profesional,empleado,2.9,2926.78,1,alquiler,Murcia,activo
2287,2023-04-14,1997-03-15,hombre,soltero,universitario,desempleado,0.3,913.91,2,propia,Vizcaya,activo
2288,2017-04-14,1979-06-19,hombre,viudo,universitario,autonomo,10.7,3809.35,0,propia,Madrid,activo
2289,2026-06-13,2008-06-14,hombre,divorciado,formacion_profesional,empleado,0,1798.76,0,propia,Barcelona,activo
2290,2018-02-14,1949-02-17,mujer,soltero,formacion_profesional,empleado,8.5,2258.91,2,hipotecada,A Coruña,activo
2291,2016-09-09,1996-09-11,hombre,casado,formacion_profesional,empleado,6.4,3093.75,0,propia,Madrid,activo
2292,2020-02-26,1985-09-04,hombre,viudo,posgrado,empleado,4.4,1723.86,0,familiar,Zaragoza,activo
2293,2015-07-09,1963-08-18,mujer,viudo,secundaria,empleado,2.1,4144.14,1,propia,Zaragoza,activo
2294,2020-03-15,1967-01-25,hombre,viudo,formacion_profesional,empleado,0,3307.03,0,alquiler,Vizcaya,activo
2295,2017-01-09,1982-07-14,mujer,viudo,bachillerato,estudiante,0,508.41,0,alquiler,Alicante,activo
2296,2021-05-23,1996-10-28,hombre,viudo,secundaria,desempleado,0.1,1799.94,4,alquiler,Valencia,activo
2297,2026-02-27,2007-07-30,hombre,divorciado,universitario,estudiante,0,692.04,2,alquiler,Alicante,activo
2298,2023-11-12,1991-09-06,mujer,divorciado,universitario,empleado,9.6,2112.5,0,familiar,Zaragoza,activo
2299,2018-02-21,1997-04-25,mujer,divorciado,universitario,empleado,0.6,1877.64,0,hipotecada,A Coruña,activo
2300,2026-05-02,2006-08-07,mujer,soltero,universitario,empleado,1,3037.47,2,alquiler,Madrid,activo
2301,2026-03-05,1996-03-21,hombre,viudo,formacion_profesional,empleado,11.4,2034.94,2,hipotecada,Madrid,activo
2302,2016-02-03,1987-06-17,hombre,soltero,universitario,empleado,3.2,950,1,hipotecada,Alicante,activo
2303,2017-11-15,1989-10-01,hombre,viudo,bachillerato,empleado,9.8,2080.91,0,familiar,Alicante,activo
2304,2009-11-25,1968-02-25,hombre,viudo,bachillerato,estudiante,0,212.68,3,alquiler,Valencia,activo
2305,2011-05-13,1978-09-10,hombre,viudo,universitario,desempleado,5.2,157.95,0,propia,A Coruña,activo
2306,2007-07-31,1971-01-15,mujer,viudo,secundaria,empleado,4.8,3534.04,0,propia,Zaragoza,activo
2307,2023-07-23,1990-11-15,hombre,casado,formacion_profesional,empleado,0,2837.94,0,propia,Murcia,activo
2308,2024-08-02,1998-06-16,mujer,soltero,posgrado,empleado,7.1,2260.83,0,hipotecada,Sevilla,activo
2309,2008-01-20,1987-12-09,mujer,divorciado,posgrado,estudiante,0,484.68,1,propia,Sevilla,activo
2310,2016-04-23,1987-02-24,hombre,soltero,universitario,empleado,12.1,2200.79,3,hipotecada,Zaragoza,activo
2311,2010-12-28,1992-05-01,mujer,divorciado,formacion_profesional,desempleado,3.8,792.76,3,hipotecada,Vizcaya,activo
2312,2010-09-15,1959-03-07,mujer,soltero,posgrado,empleado,5.2,3047.73,0,hipotecada,A Coruña,activo
2313,2018-10-12,1977-06-01,mujer,viudo,universitario,empleado,9.3,1396.42,2,propia,Barcelona,activo
2314,2026-03-19,2004-01-16,mujer,soltero,bachillerato,empleado,4,2424.49,3,propia,Madrid,bloqueado
2315,2025-11-16,2007-11-20,hombre,divorciado,bachillerato,desempleado,2.0,1077.23,1,hipotecada,Madrid,activo
2316,2022-12-01,1991-04-26,mujer,casado,posgrado,jubilado,\N,1473.93,0,alquiler,Alicante,activo
2317,2018-12-05,1995-01-02,mujer,divorciado,universitario,jubilado,\N,1870.93,1,hipotecada,Valencia,activo
2318,2015-05-21,1983-07-17,mujer,divorciado,secundaria,empleado,11.7,1715.64,0,alquiler,Sevilla,activo
2319,2023-10-27,1998-05-21,mujer,casado,universitario,jubilado,\N,1839.86,4,propia,Vizcaya,activo
2320,2022-07-15,1980-04-28,hombre,divorciado,formacion_profesional,autonomo,22.3,5430.35,0,hipotecada,A Coruña,activo
2321,2024-11-06,1970-11-15,hombre,casado,universitario,empleado,7.8,1554.62,0,propia,Vizcaya,activo
2322,2014-10-17,1957-04-21,hombre,divorciado,formacion_profesional,jubilado,\N,2147.35,2,alquiler,Alicante,activo
2323,2024-07-11,1997-10-03,mujer,divorciado,universitario,empleado,6.2,2741.15,0,propia,Vizcaya,activo
2324,2013-09-11,1979-11-11,hombre,soltero,formacion_profesional,empleado,0.8,2667.46,0,propia,Málaga,activo
2325,2017-03-18,1990-02-03,hombre,divorciado,formacion_profesional,autonomo,4.8,831.5,1,propia,Madrid,activo
2326,2021-12-21,1972-10-14,mujer,viudo,bachillerato,autonomo,8.8,3571.44,2,alquiler,Valencia,activo
2327,2019-05-02,1994-12-24,mujer,casado,formacion_profesional,estudiante,0,831.02,0,alquiler,Madrid,activo
2328,2016-01-26,1977-06-22,mujer,viudo,formacion_profesional,empleado,0,1784.25,1,propia,Barcelona,activo
2329,2014-07-25,1952-11-19,mujer,divorciado,posgrado,empleado,0,2622.86,0,familiar,Murcia,activo
2330,2015-01-08,1970-11-23,hombre,casado,universitario,empleado,19.4,1213.0,1,familiar,Zaragoza,activo
2331,2024-06-16,2005-05-04,mujer,divorciado,formacion_profesional,empleado,3,2129.29,0,hipotecada,Zaragoza,activo
2332,2015-09-25,1987-12-27,hombre,divorciado,universitario,desempleado,1.0,1306.45,1,familiar,Murcia,inactivo
2333,2019-03-16,1991-12-01,otro,soltero,secundaria,empleado,0,2636.92,0,alquiler,Madrid,activo
2334,2013-04-24,1985-05-16,mujer,soltero,universitario,jubilado,\N,1945.84,1,alquiler,A Coruña,activo
2335,2024-11-24,1981-12-16,mujer,divorciado,universitario,empleado,11.9,1837.28,1,propia,Barcelona,activo
2336,2009-06-02,1969-09-21,hombre,soltero,secundaria,empleado,8.0,1444.15,0,hipotecada,Sevilla,activo
2337,2015-04-30,1991-11-22,mujer,soltero,universitario,empleado,0,5845.77,1,hipotecada,Vizcaya,activo
2338,2023-07-05,1993-11-12,mujer,casado,universitario,empleado,14,4586.74,0,alquiler,Málaga,activo
2339,2012-04-01,1990-01-31,hombre,divorciado,universitario,autonomo,7.8,2378.11,0,propia,Vizcaya,activo
2340,2022-01-31,1976-04-06,hombre,soltero,universitario,empleado,14.1,3128.01,0,alquiler,Murcia,activo
2341,2017-09-15,1977-08-22,hombre,casado,posgrado,empleado,3.2,1928.8,0,alquiler,Zaragoza,activo
2342,2023-02-15,1983-01-13,hombre,viudo,universitario,empleado,16.1,1904.95,1,alquiler,Madrid,activo
2343,2011-01-07,1964-12-20,hombre,soltero,universitario,autonomo,0,3099.54,1,alquiler,Valencia,activo
2344,2023-11-28,2005-02-26,hombre,viudo,universitario,empleado,2.9,2302.37,3,hipotecada,Madrid,activo
2345,2009-07-28,1963-05-30,hombre,casado,secundaria,empleado,6.1,2183.53,2,propia,Zaragoza,activo
2346,2023-03-08,1990-01-15,hombre,viudo,formacion_profesional,desempleado,0,1241.7,1,alquiler,Madrid,activo
2347,2023-05-13,2001-06-03,hombre,divorciado,bachillerato,empleado,0.4,2860.64,1,alquiler,Sevilla,activo
2348,2015-06-22,1969-04-07,hombre,divorciado,bachillerato,empleado,4.0,2035.25,0,familiar,Vizcaya,activo
2349,2014-12-09,1979-11-23,mujer,divorciado,universitario,empleado,9.5,6246.05,0,hipotecada,Zaragoza,activo
2350,2013-05-23,1974-12-04,otro,casado,universitario,empleado,9.6,1709.3,1,hipotecada,Vizcaya,activo
2351,2020-04-23,1992-10-30,hombre,viudo,secundaria,empleado,5.2,2165.1,0,familiar,Vizcaya,activo
2352,2024-11-02,2006-08-20,mujer,divorciado,universitario,autonomo,1,2676.44,1,hipotecada,Zaragoza,activo
2353,2018-06-05,1967-08-19,hombre,divorciado,bachillerato,empleado,5.7,3380.65,1,familiar,Vizcaya,activo
2354,2015-03-20,1996-03-23,hombre,soltero,secundaria,empleado,0,4184.38,2,hipotecada,Valencia,activo
2355,2014-01-02,1980-05-06,hombre,casado,secundaria,empleado,15.6,2106.08,0,propia,A Coruña,bloqueado
2356,2022-04-02,1994-04-27,hombre,soltero,posgrado,empleado,2.9,2791.91,2,familiar,Zaragoza,activo
2357,2005-07-01,1977-10-12,hombre,casado,formacion_profesional,empleado,5.6,1441.23,0,familiar,Madrid,activo
2358,2015-03-14,1977-04-18,mujer,casado,secundaria,autonomo,15.6,6557.03,0,alquiler,Alicante,inactivo
2359,2024-07-02,1978-11-11,mujer,casado,secundaria,autonomo,8.6,1917.38,0,hipotecada,Málaga,activo
2360,2011-04-29,1957-10-02,hombre,soltero,universitario,autonomo,6.0,4929.0,0,propia,Valencia,activo
2361,2008-12-18,1983-02-13,mujer,casado,universitario,empleado,8.5,1192.61,1,alquiler,Barcelona,activo
2362,2025-01-05,2003-01-17,hombre,casado,bachillerato,empleado,5,2228.91,0,alquiler,Sevilla,activo
2363,2012-01-31,1972-06-27,mujer,divorciado,secundaria,empleado,9.7,3974.33,0,hipotecada,Málaga,activo
2364,2015-02-11,1963-03-04,mujer,divorciado,formacion_profesional,jubilado,\N,2455.87,0,propia,Valencia,activo
2365,2020-10-14,1979-01-08,mujer,viudo,secundaria,autonomo,3.4,3493.57,2,hipotecada,Vizcaya,activo
2366,2025-01-09,2005-12-21,hombre,casado,secundaria,empleado,2,2039.16,0,hipotecada,Madrid,inactivo
2367,2012-10-14,1973-07-14,mujer,viudo,universitario,autonomo,9.3,6657.4,1,familiar,Alicante,activo
2368,2025-09-06,2002-02-03,mujer,divorciado,universitario,empleado,6,3163.33,0,familiar,Zaragoza,activo
2369,2010-03-24,1987-09-12,hombre,divorciado,secundaria,jubilado,\N,1679.38,1,propia,Valencia,inactivo
2370,2015-07-09,1981-06-24,mujer,viudo,secundaria,empleado,2.4,2602.31,0,propia,Alicante,activo
2371,2021-10-01,2002-05-28,hombre,soltero,universitario,empleado,6,2337.37,1,propia,Málaga,activo
2372,2005-01-29,1986-09-12,hombre,viudo,universitario,desempleado,2.4,1310.67,0,alquiler,Zaragoza,activo
2373,2020-06-26,1960-07-24,hombre,viudo,bachillerato,empleado,3.1,2103.41,1,alquiler,Valencia,activo
2374,2012-07-14,1978-09-16,hombre,viudo,formacion_profesional,empleado,5.4,3230.61,3,hipotecada,A Coruña,activo
2375,2017-03-17,1996-09-15,hombre,soltero,posgrado,jubilado,\N,2337.73,2,alquiler,Sevilla,activo
2376,2025-12-11,1969-09-12,hombre,soltero,secundaria,autonomo,0.4,2560.21,1,alquiler,Alicante,activo
2377,2021-01-29,1993-10-05,mujer,viudo,bachillerato,empleado,7.8,1414.28,1,alquiler,Málaga,activo
2378,2025-10-20,2002-12-22,mujer,divorciado,bachillerato,jubilado,\N,1753.75,3,propia,Alicante,activo
2379,2018-04-19,1998-04-28,mujer,soltero,bachillerato,empleado,2.9,2377.4,0,hipotecada,Barcelona,activo
2380,2024-02-12,1999-09-05,mujer,viudo,universitario,empleado,4.0,1689.07,0,propia,Alicante,activo
2381,2022-01-03,1999-10-30,hombre,divorciado,universitario,empleado,5.9,1862.88,0,familiar,Málaga,activo
2382,2021-10-01,1991-03-28,hombre,casado,universitario,empleado,7.3,2624.89,0,propia,Valencia,activo
2383,2019-06-19,1976-11-17,mujer,viudo,formacion_profesional,empleado,9.7,1370.39,0,hipotecada,Madrid,activo
2384,2022-12-01,1997-07-11,hombre,casado,universitario,empleado,10,2044.0,0,propia,Zaragoza,activo
2385,2006-09-19,1980-07-09,mujer,casado,secundaria,empleado,10.6,1855.1,2,propia,Madrid,activo
2386,2020-09-28,1983-09-02,hombre,divorciado,bachillerato,estudiante,0,425.33,0,alquiler,Alicante,activo
2387,2025-11-04,2007-11-08,hombre,divorciado,bachillerato,desempleado,0,638.91,0,propia,Barcelona,activo
2388,2011-09-23,1986-06-22,hombre,soltero,secundaria,empleado,0.1,2125.86,0,alquiler,Barcelona,activo
2389,2017-03-29,1979-10-16,hombre,casado,universitario,estudiante,0,288.99,3,hipotecada,A Coruña,activo
2390,2022-06-07,1996-02-26,mujer,divorciado,formacion_profesional,empleado,5.5,1707.44,0,alquiler,Barcelona,activo
2391,2012-04-30,1987-12-03,hombre,divorciado,formacion_profesional,desempleado,0.7,1043.22,0,familiar,Madrid,activo
2392,2012-08-31,1953-03-04,hombre,divorciado,secundaria,autonomo,0,5621.76,1,hipotecada,Barcelona,activo
2393,2010-02-20,1983-01-31,hombre,divorciado,formacion_profesional,empleado,3.2,2028.21,3,propia,Madrid,activo
2394,2026-05-02,2005-02-23,hombre,divorciado,universitario,empleado,3,2755.23,0,hipotecada,Valencia,activo
2395,2019-03-15,1975-02-02,hombre,divorciado,universitario,empleado,7.0,1964.4,1,propia,Zaragoza,activo
2396,2009-06-03,1984-07-20,mujer,soltero,formacion_profesional,empleado,10.2,1380.68,0,alquiler,Zaragoza,activo
2397,2016-09-25,1997-08-21,hombre,divorciado,universitario,autonomo,5.9,4340.59,1,propia,A Coruña,activo
2398,2019-08-04,1970-05-09,hombre,soltero,universitario,empleado,1.6,3674.37,0,propia,Vizcaya,activo
2399,2025-03-20,1962-12-10,hombre,soltero,universitario,empleado,5.2,1747.57,2,hipotecada,Madrid,activo
2400,2008-05-31,1974-06-09,mujer,viudo,formacion_profesional,empleado,9.7,4619.69,1,hipotecada,Vizcaya,activo
2401,2009-03-09,1967-11-06,hombre,divorciado,posgrado,jubilado,\N,2030.72,1,familiar,Alicante,activo
2402,2018-07-10,1987-08-08,mujer,soltero,posgrado,empleado,10.7,3243.42,2,propia,Madrid,activo
2403,2026-03-20,2008-03-11,hombre,divorciado,posgrado,empleado,0,3483.65,0,familiar,Valencia,inactivo
2404,2013-11-07,1970-02-22,hombre,casado,formacion_profesional,empleado,13.4,1446.93,1,familiar,Málaga,bloqueado
2405,2022-12-10,1973-11-17,mujer,casado,universitario,empleado,12.2,2082.46,0,hipotecada,A Coruña,activo
2406,2025-05-30,1982-07-05,hombre,viudo,formacion_profesional,estudiante,0,241.78,1,propia,Madrid,activo
2407,2015-03-28,1996-02-02,hombre,viudo,posgrado,empleado,8.4,4520.44,2,propia,Murcia,activo
2408,2009-02-06,1981-02-09,mujer,casado,universitario,empleado,4.4,1899.56,2,alquiler,Alicante,activo
2409,2020-12-31,1982-07-03,mujer,casado,universitario,empleado,0,2456.72,0,alquiler,Sevilla,activo
2410,2019-01-20,1966-07-23,mujer,soltero,bachillerato,empleado,3.0,3567.37,0,hipotecada,Sevilla,activo
2411,2022-02-28,2001-08-01,mujer,casado,universitario,empleado,6,2474.66,0,hipotecada,Zaragoza,activo
2412,2012-10-06,1983-06-02,hombre,divorciado,universitario,empleado,14.8,1916.82,1,hipotecada,A Coruña,activo
2413,2026-04-21,2007-03-22,hombre,soltero,universitario,empleado,0,1919.59,3,familiar,Zaragoza,activo
2414,2017-05-23,1962-02-19,hombre,soltero,bachillerato,empleado,10.9,1527.03,0,hipotecada,Sevilla,activo
2415,2009-02-18,1989-08-21,mujer,soltero,secundaria,empleado,0,1404.56,1,alquiler,Málaga,activo
2416,2018-01-11,1994-11-24,hombre,soltero,formacion_profesional,empleado,13,1732.74,3,alquiler,Valencia,activo
2417,2024-06-05,1976-11-28,mujer,casado,bachillerato,autonomo,11.6,1201.02,0,hipotecada,Barcelona,activo
2418,2024-11-22,1980-05-29,hombre,divorciado,universitario,desempleado,0,991.7,2,hipotecada,Zaragoza,activo
2419,2023-09-15,1987-04-21,mujer,casado,secundaria,empleado,4.3,3521.25,0,alquiler,Sevilla,activo
2420,2007-05-12,1967-03-01,mujer,divorciado,universitario,estudiante,0,1064.28,0,alquiler,Málaga,activo
2421,2023-08-18,1983-07-22,hombre,soltero,formacion_profesional,empleado,2.4,1650.96,0,alquiler,Málaga,activo
2422,2017-08-26,1987-06-19,hombre,casado,bachillerato,empleado,8.8,1190.13,1,propia,A Coruña,activo
2423,2017-11-15,1983-08-25,hombre,soltero,formacion_profesional,empleado,5.0,1470.4,2,propia,Madrid,activo
2424,2018-01-20,1993-06-20,hombre,divorciado,formacion_profesional,desempleado,1.5,919.88,0,hipotecada,A Coruña,activo
2425,2022-01-16,1984-11-01,mujer,divorciado,formacion_profesional,jubilado,\N,1896.99,0,hipotecada,Murcia,activo
2426,2022-10-30,1978-12-20,mujer,viudo,universitario,desempleado,0.6,988.73,1,familiar,Murcia,activo
2427,2026-05-22,2007-10-23,mujer,soltero,universitario,empleado,0,2062.97,0,alquiler,A Coruña,activo
2428,2019-06-06,1976-11-09,hombre,viudo,posgrado,empleado,5.6,1619.71,0,hipotecada,Barcelona,activo
2429,2021-07-09,1982-08-05,mujer,viudo,posgrado,desempleado,0.2,1001.13,0,alquiler,Alicante,activo
2430,2010-07-25,1979-06-11,hombre,casado,posgrado,empleado,0,2955.59,1,propia,Vizcaya,activo
2431,2024-02-02,1989-12-12,hombre,casado,formacion_profesional,empleado,4.2,1941.42,0,hipotecada,Zaragoza,activo
2432,2016-08-02,1984-03-06,hombre,soltero,universitario,empleado,19.0,2000.0,0,propia,Vizcaya,activo
2433,2025-08-08,1987-07-15,hombre,divorciado,posgrado,empleado,4.3,2640.42,0,hipotecada,Murcia,activo
2434,2018-04-24,1981-07-03,mujer,casado,universitario,autonomo,0,2352.87,1,familiar,Valencia,activo
2435,2021-08-09,1959-06-15,mujer,divorciado,formacion_profesional,empleado,5.6,3882.87,0,familiar,Barcelona,activo
2436,2020-06-07,1981-05-07,hombre,soltero,posgrado,empleado,2.9,2790.31,0,familiar,Vizcaya,inactivo
2437,2020-06-10,1997-10-06,hombre,divorciado,universitario,empleado,9.5,1558.93,2,alquiler,Barcelona,inactivo
2438,2016-04-06,1982-05-01,hombre,divorciado,universitario,empleado,7.6,2785.99,0,propia,Madrid,activo
2439,2023-09-30,1990-12-21,mujer,casado,universitario,empleado,7.6,4488.3,0,propia,Sevilla,activo
2440,2017-10-02,1989-11-05,hombre,casado,formacion_profesional,empleado,6.8,3603.69,1,propia,Vizcaya,activo
2441,2009-04-19,1959-07-18,hombre,divorciado,posgrado,empleado,14.9,2273.2,0,hipotecada,Zaragoza,activo
2442,2015-05-27,1963-04-07,hombre,casado,formacion_profesional,empleado,12.0,1500.0,0,alquiler,Murcia,activo
2443,2018-12-07,1993-07-13,hombre,soltero,secundaria,empleado,14,2468.71,0,hipotecada,Madrid,activo
2444,2015-12-19,1986-06-25,hombre,casado,bachillerato,empleado,6.1,3419.22,0,familiar,Málaga,activo
2445,2022-08-03,1984-11-25,mujer,divorciado,universitario,jubilado,\N,2468.18,1,alquiler,Valencia,inactivo
2446,2025-12-24,1989-04-28,mujer,divorciado,universitario,empleado,11.8,3414.04,2,alquiler,Barcelona,activo
2447,2026-03-30,2008-01-14,mujer,divorciado,universitario,empleado,0,2043.91,1,alquiler,Málaga,activo
2448,2007-12-31,1975-03-25,mujer,divorciado,posgrado,empleado,6.4,2403.3,2,propia,Vizcaya,activo
2449,2012-02-03,1979-10-21,mujer,viudo,universitario,empleado,7.2,2187.49,0,alquiler,Málaga,activo
2450,2020-10-14,1972-02-08,mujer,divorciado,universitario,autonomo,5.0,2662.56,0,propia,Málaga,activo
2451,2025-08-20,2006-06-06,mujer,casado,posgrado,empleado,2,3130.65,3,hipotecada,Zaragoza,activo
2452,2015-05-18,1974-10-20,hombre,soltero,bachillerato,empleado,0,3350.9,2,propia,Málaga,activo
2453,2010-09-06,1974-12-29,hombre,casado,bachillerato,desempleado,0.7,890.12,0,hipotecada,Málaga,activo
2454,2005-09-12,1975-11-04,hombre,soltero,universitario,empleado,6.3,4228.55,0,propia,A Coruña,activo
2455,2010-07-13,1977-01-29,hombre,casado,formacion_profesional,autonomo,7.7,10978.03,0,hipotecada,Murcia,activo
2456,2025-06-02,1971-09-02,mujer,divorciado,universitario,empleado,10.8,2039.2,1,hipotecada,Barcelona,activo
2457,2017-04-21,1989-04-03,hombre,soltero,universitario,autonomo,14.4,4109.07,2,propia,Valencia,activo
2458,2019-09-01,1998-07-17,mujer,viudo,formacion_profesional,estudiante,0,900.24,0,alquiler,Málaga,activo
2459,2005-09-07,1966-07-03,hombre,viudo,bachillerato,autonomo,7.2,2167.89,1,propia,Barcelona,activo
2460,2019-05-22,1997-06-22,hombre,divorciado,bachillerato,empleado,10.0,950,1,familiar,Vizcaya,activo
2461,2014-12-03,1970-04-22,mujer,divorciado,universitario,desempleado,0.1,1272.55,2,propia,Sevilla,activo
2462,2009-05-05,1963-11-10,mujer,casado,secundaria,autonomo,0,1454.57,3,familiar,Barcelona,activo
2463,2015-12-26,1976-06-30,mujer,viudo,posgrado,empleado,7.7,1639.62,2,alquiler,Alicante,activo
2464,2009-11-10,1952-01-07,hombre,soltero,posgrado,estudiante,0,506.34,0,alquiler,Madrid,activo
2465,2024-08-17,2000-05-28,mujer,soltero,posgrado,empleado,4.6,3641.72,0,hipotecada,Sevilla,activo
2466,2021-08-24,1975-05-19,hombre,divorciado,universitario,empleado,4.4,950,2,hipotecada,Madrid,activo
2467,2016-06-17,1998-06-21,hombre,casado,posgrado,empleado,6.2,2152.1,1,propia,A Coruña,activo
2468,2009-01-14,1962-01-04,mujer,viudo,posgrado,empleado,0,2690.29,0,propia,Zaragoza,activo
2469,2022-01-30,2002-03-21,mujer,divorciado,posgrado,empleado,6,3495.51,1,alquiler,Madrid,activo
2470,2007-09-25,1971-02-08,mujer,viudo,formacion_profesional,jubilado,\N,2528.51,3,alquiler,Murcia,activo
2471,2011-02-13,1993-01-08,mujer,viudo,bachillerato,empleado,13.8,2322.46,0,propia,Alicante,activo
2472,2022-04-20,1999-04-27,mujer,casado,secundaria,empleado,1.8,2051.7,1,hipotecada,Sevilla,activo
2473,2014-10-26,1989-07-26,mujer,casado,secundaria,jubilado,\N,1426.91,1,hipotecada,Málaga,activo
2474,2019-11-23,1999-08-26,mujer,viudo,formacion_profesional,estudiante,0,0,3,familiar,Murcia,activo
2475,2025-03-31,2002-07-22,hombre,soltero,posgrado,empleado,4.4,4802.34,0,propia,Alicante,activo
2476,2025-06-08,2003-11-09,mujer,viudo,universitario,empleado,0,950,1,familiar,Sevilla,activo
2477,2012-07-06,1988-04-10,hombre,divorciado,posgrado,empleado,7.5,2806.91,1,familiar,Murcia,activo
2478,2019-01-17,1994-06-29,mujer,divorciado,formacion_profesional,empleado,5.9,2442.68,0,alquiler,Alicante,activo
2479,2021-12-23,1959-04-21,otro,soltero,bachillerato,empleado,0.7,2698.35,0,propia,Madrid,activo
2480,2024-11-27,1995-07-29,hombre,casado,universitario,estudiante,0,546.26,0,propia,Alicante,activo
2481,2022-08-06,1984-09-27,hombre,divorciado,secundaria,autonomo,8.5,1235.72,0,familiar,Sevilla,inactivo
2482,2009-03-29,1976-07-31,mujer,viudo,posgrado,empleado,2.4,2239.82,3,hipotecada,Madrid,activo
2483,2005-12-27,1985-11-24,hombre,viudo,secundaria,empleado,0,1733.47,2,propia,Málaga,activo
2484,2015-12-14,1983-07-28,hombre,viudo,secundaria,jubilado,\N,1547.81,2,hipotecada,Alicante,activo
2485,2014-10-18,1980-11-08,hombre,soltero,universitario,empleado,18.0,1435.41,0,propia,Zaragoza,activo
2486,2016-09-28,1976-04-29,hombre,divorciado,posgrado,empleado,2.4,4072.56,0,hipotecada,Málaga,activo
2487,2016-03-24,1965-10-16,mujer,casado,bachillerato,empleado,12.1,1832.13,1,propia,A Coruña,activo
2488,2007-10-02,1975-04-11,mujer,divorciado,universitario,empleado,1.7,2550.09,2,familiar,Málaga,activo
2489,2025-09-19,1971-11-11,mujer,viudo,formacion_profesional,desempleado,4.9,655.32,1,alquiler,Alicante,activo
2490,2018-03-19,1971-09-24,hombre,viudo,universitario,desempleado,0,8.91,0,alquiler,Murcia,activo
2491,2023-04-25,1982-12-23,hombre,divorciado,bachillerato,empleado,2.0,2045.38,0,alquiler,Zaragoza,inactivo
2492,2011-12-22,1978-11-20,mujer,viudo,universitario,empleado,4.8,1905.98,1,hipotecada,Vizcaya,activo
2493,2015-09-09,1990-12-29,mujer,viudo,universitario,autonomo,8.3,2356.91,2,propia,Vizcaya,activo
2494,2021-10-13,2003-06-14,mujer,casado,bachillerato,empleado,5,2156.98,2,hipotecada,Málaga,activo
2495,2020-08-14,1982-09-26,hombre,soltero,universitario,empleado,10.3,3365.38,0,alquiler,Madrid,activo
2496,2016-12-28,1991-10-02,mujer,soltero,formacion_profesional,empleado,9.2,2195.79,1,propia,Alicante,activo
2497,2026-04-26,2008-01-05,mujer,casado,universitario,autonomo,0,2788.3,3,alquiler,Barcelona,inactivo
2498,2017-06-10,1989-12-09,mujer,casado,universitario,jubilado,\N,1378.45,0,alquiler,A Coruña,activo
2499,2023-08-20,2000-09-28,mujer,soltero,universitario,autonomo,7,4888.6,1,familiar,Alicante,activo
2500,2011-11-17,1963-08-27,mujer,divorciado,bachillerato,empleado,14.2,950,1,alquiler,Zaragoza,activo
2501,2015-04-07,1974-09-02,hombre,soltero,bachillerato,empleado,2.1,2104.4,1,familiar,Murcia,inactivo
2502,2020-03-30,1976-06-01,mujer,casado,universitario,desempleado,0,283.04,2,hipotecada,Valencia,activo
2503,2021-10-13,2002-05-10,mujer,casado,universitario,empleado,6,3185.79,0,hipotecada,Málaga,activo
2504,2020-06-12,1981-11-29,otro,divorciado,secundaria,empleado,3.9,1338.64,2,propia,Sevilla,activo
2505,2013-08-06,1979-04-25,hombre,divorciado,secundaria,empleado,7.8,1525.08,0,propia,Valencia,activo
2506,2008-03-02,1984-05-30,hombre,soltero,universitario,estudiante,0,426.85,3,hipotecada,Sevilla,activo
2507,2026-02-14,1985-02-24,hombre,soltero,formacion_profesional,empleado,13.0,1093.39,2,hipotecada,Barcelona,activo
2508,2022-05-07,1990-06-18,mujer,viudo,formacion_profesional,empleado,10.5,2132.61,1,hipotecada,Murcia,activo
2509,2012-12-14,1964-11-19,hombre,soltero,formacion_profesional,empleado,10.3,2111.11,3,familiar,Valencia,activo
2510,2014-02-11,1973-12-13,mujer,casado,formacion_profesional,empleado,0,1581.25,1,propia,Valencia,activo
2511,2022-02-21,1996-05-26,hombre,viudo,universitario,empleado,6.7,2471.98,1,hipotecada,A Coruña,activo
2512,2024-11-09,1955-08-06,hombre,casado,universitario,empleado,3.9,1642.66,1,hipotecada,Madrid,activo
2513,2015-02-03,1981-03-09,hombre,divorciado,formacion_profesional,jubilado,\N,1659.4,4,hipotecada,Barcelona,activo
2514,2026-01-25,1990-02-03,mujer,divorciado,universitario,empleado,10.0,2707.28,0,propia,Málaga,activo
2515,2009-05-21,1987-02-23,mujer,viudo,universitario,empleado,6.1,3294.96,0,propia,Valencia,activo
2516,2022-01-19,1973-07-12,mujer,viudo,formacion_profesional,jubilado,\N,1563.75,0,alquiler,Zaragoza,activo
2517,2023-11-08,2003-04-12,hombre,casado,bachillerato,empleado,5,3482.63,1,hipotecada,Sevilla,activo
2518,2012-09-29,1994-06-10,hombre,viudo,posgrado,empleado,10.8,1917.94,2,alquiler,Zaragoza,activo
2519,2014-04-08,1969-09-21,hombre,casado,bachillerato,empleado,14.1,1163.11,0,hipotecada,Alicante,activo
2520,2020-07-13,1988-01-01,mujer,soltero,formacion_profesional,desempleado,0,881.26,2,hipotecada,Sevilla,activo
2521,2013-05-14,1990-10-21,mujer,viudo,formacion_profesional,empleado,11.9,3639.94,2,hipotecada,Zaragoza,activo
2522,2005-04-14,1970-12-03,hombre,viudo,universitario,empleado,4.3,3133.19,0,alquiler,Valencia,activo
2523,2024-11-25,1968-03-28,mujer,casado,formacion_profesional,empleado,10.4,1532.38,0,propia,Murcia,activo
2524,2011-10-10,1987-05-27,hombre,soltero,bachillerato,empleado,7.9,2075.3,0,alquiler,Valencia,activo
2525,2022-05-13,1990-06-22,hombre,casado,bachillerato,desempleado,0,715.73,0,hipotecada,Madrid,inactivo
2526,2021-01-24,1966-05-17,mujer,soltero,formacion_profesional,jubilado,\N,1167.43,1,alquiler,A Coruña,activo
2527,2026-02-28,2008-01-14,hombre,soltero,secundaria,empleado,0,3685.35,1,familiar,Vizcaya,activo
2528,2017-03-27,1992-04-12,mujer,divorciado,bachillerato,empleado,1.0,2042.95,0,alquiler,Valencia,activo
2529,2022-07-06,1996-07-16,mujer,casado,universitario,estudiante,0,959.82,1,hipotecada,Alicante,activo
2530,2017-09-08,1981-12-18,mujer,viudo,posgrado,autonomo,7.7,3988.12,0,hipotecada,A Coruña,inactivo
2531,2013-03-14,1991-07-02,mujer,viudo,formacion_profesional,empleado,5.3,2143.08,1,propia,Barcelona,activo
2532,2024-07-06,1993-01-29,mujer,viudo,posgrado,autonomo,15,2130.98,0,hipotecada,Valencia,activo
2533,2010-09-21,1987-02-12,mujer,viudo,universitario,empleado,9.1,3691.44,3,alquiler,Barcelona,activo
2534,2024-11-26,2003-03-06,hombre,soltero,bachillerato,empleado,0,1122.05,0,alquiler,Sevilla,activo
2535,2017-08-16,1989-02-13,hombre,casado,bachillerato,empleado,10.7,2182.95,3,hipotecada,Barcelona,activo
2536,2009-10-28,1985-12-15,hombre,casado,bachillerato,empleado,9.9,2714.86,1,hipotecada,Sevilla,activo
2537,2006-06-30,1982-07-19,hombre,soltero,bachillerato,empleado,8.0,1292.02,1,alquiler,Madrid,activo
2538,2007-03-12,1977-02-25,hombre,soltero,universitario,autonomo,1.7,2412.38,1,hipotecada,Barcelona,activo
2539,2013-06-09,1972-11-05,hombre,divorciado,universitario,estudiante,0,1050.02,2,propia,Sevilla,activo
2540,2026-06-11,2007-10-13,mujer,soltero,posgrado,empleado,0,3255.27,1,hipotecada,Murcia,activo
2541,2016-06-17,1995-06-26,otro,soltero,posgrado,empleado,10.7,2259.02,0,alquiler,Sevilla,activo
2542,2019-01-25,1981-02-06,hombre,casado,bachillerato,autonomo,8.8,3176.66,1,hipotecada,Vizcaya,activo
2543,2008-02-12,1977-03-03,mujer,soltero,bachillerato,autonomo,4.6,3626.08,0,propia,Murcia,activo
2544,2012-10-08,1980-09-15,hombre,soltero,secundaria,autonomo,1.2,3564.58,0,alquiler,Murcia,activo
2545,2014-03-25,1969-09-29,hombre,soltero,bachillerato,autonomo,0,2092.56,2,propia,A Coruña,activo
2546,2006-11-17,1985-01-28,hombre,divorciado,secundaria,empleado,4.9,1425.81,1,alquiler,Zaragoza,activo
2547,2016-11-01,1976-06-29,mujer,viudo,formacion_profesional,empleado,2.1,1697.01,0,alquiler,Madrid,activo
2548,2019-09-11,1974-09-18,mujer,soltero,secundaria,autonomo,10.7,2004.9,1,familiar,Murcia,activo
2549,2023-06-12,1995-04-07,hombre,divorciado,secundaria,autonomo,5.2,4321.61,1,hipotecada,Barcelona,activo
2550,2010-09-26,1986-03-24,hombre,soltero,secundaria,empleado,6.0,2253.49,0,alquiler,Málaga,activo
2551,2022-12-27,1985-10-30,mujer,casado,universitario,empleado,16.2,1889.65,1,propia,Málaga,activo
2552,2022-06-13,1994-06-02,mujer,soltero,universitario,autonomo,5.3,3111.99,3,familiar,Barcelona,activo
2553,2023-06-01,1963-02-11,hombre,soltero,universitario,estudiante,0,519.49,1,alquiler,Málaga,activo
2554,2021-03-02,1998-09-15,hombre,casado,universitario,autonomo,9,2419.25,3,alquiler,Málaga,activo
2555,2015-05-07,1989-07-05,hombre,casado,universitario,jubilado,\N,1548.03,0,propia,Zaragoza,activo
2556,2018-03-11,1967-08-10,mujer,viudo,posgrado,autonomo,1.7,1793.62,0,hipotecada,Sevilla,activo
2557,2022-04-12,1990-03-12,mujer,viudo,bachillerato,autonomo,9.2,3115.86,2,hipotecada,Vizcaya,activo
2558,2022-03-06,1986-01-24,mujer,divorciado,bachillerato,empleado,5.3,2266.93,1,propia,Barcelona,activo
2559,2023-02-09,1992-09-20,hombre,casado,universitario,empleado,12.6,2122.26,0,familiar,Alicante,inactivo
2560,2008-07-18,1985-08-12,hombre,divorciado,formacion_profesional,empleado,7.2,1405.77,0,propia,Zaragoza,activo
2561,2024-08-06,1959-04-02,hombre,divorciado,bachillerato,empleado,1.9,1594.76,2,alquiler,Barcelona,activo
2562,2026-02-27,1985-07-31,mujer,divorciado,posgrado,empleado,8.2,1782.39,0,alquiler,Málaga,activo
2563,2022-03-02,1979-04-07,mujer,viudo,bachillerato,desempleado,0,475.2,0,propia,Zaragoza,activo
2564,2025-05-29,1966-04-29,hombre,casado,universitario,empleado,10.2,3482.37,0,hipotecada,Murcia,activo
2565,2012-04-01,1977-03-18,mujer,soltero,formacion_profesional,empleado,11.8,4411.94,2,hipotecada,Madrid,activo
2566,2026-05-18,2008-02-18,hombre,divorciado,formacion_profesional,jubilado,\N,1950.21,1,alquiler,Sevilla,activo
2567,2008-11-06,1949-09-18,hombre,casado,universitario,empleado,10.8,1180.73,0,alquiler,Alicante,activo
2568,2023-05-07,1972-06-06,mujer,viudo,secundaria,empleado,5.4,4636.24,0,propia,A Coruña,activo
2569,2015-10-20,1990-11-15,mujer,soltero,formacion_profesional,empleado,4.3,2943.53,2,propia,Barcelona,activo
2570,2012-11-07,1977-05-19,hombre,divorciado,universitario,empleado,3.8,1917.47,4,propia,Murcia,activo
2571,2017-02-19,1966-08-18,hombre,divorciado,bachillerato,empleado,16.9,1621.55,1,propia,Murcia,activo
2572,2025-05-25,2000-08-18,mujer,soltero,formacion_profesional,desempleado,1.5,332.74,2,propia,Málaga,activo
2573,2020-03-07,1999-04-23,hombre,divorciado,universitario,empleado,3.2,2477.54,2,propia,Zaragoza,activo
2574,2020-11-23,1982-08-29,hombre,viudo,universitario,estudiante,0,511.34,1,hipotecada,Valencia,activo
2575,2010-02-25,1945-08-31,hombre,viudo,formacion_profesional,empleado,0,1744.94,1,alquiler,Barcelona,activo
2576,2013-04-11,1979-06-11,hombre,soltero,posgrado,empleado,2.7,2835.85,2,alquiler,Alicante,activo
2577,2024-08-13,1986-06-17,mujer,viudo,bachillerato,empleado,1.0,1783.36,0,alquiler,Murcia,activo
2578,2005-05-21,1972-12-11,mujer,casado,formacion_profesional,estudiante,0,582.98,0,hipotecada,Alicante,activo
2579,2023-10-22,1978-01-22,hombre,divorciado,posgrado,autonomo,10.3,6170.58,0,hipotecada,Sevilla,activo
2580,2016-02-15,1989-01-17,mujer,soltero,universitario,empleado,3.4,1286.77,0,hipotecada,Alicante,activo
2581,2021-08-28,1995-07-17,mujer,divorciado,universitario,desempleado,5.3,427.43,1,hipotecada,Zaragoza,activo
2582,2026-01-16,1976-01-13,mujer,soltero,universitario,desempleado,0,976.54,0,hipotecada,Valencia,activo
2583,2024-05-15,1987-04-12,mujer,viudo,formacion_profesional,empleado,8.1,2635.43,0,hipotecada,A Coruña,activo
2584,2025-10-08,2007-09-16,mujer,divorciado,universitario,empleado,0,4098.48,0,propia,Valencia,activo
2585,2008-03-21,1980-02-07,otro,viudo,formacion_profesional,empleado,2.9,2954.37,1,propia,Valencia,activo
2586,2011-05-19,1958-08-21,hombre,casado,bachillerato,empleado,7.0,1414.36,0,hipotecada,Barcelona,activo
2587,2016-10-28,1986-05-26,mujer,casado,universitario,empleado,8.9,2245.69,0,hipotecada,Madrid,activo
2588,2007-04-19,1977-02-04,otro,casado,secundaria,autonomo,11.6,3315.53,0,hipotecada,Málaga,activo
2589,2025-05-01,2007-02-07,mujer,casado,secundaria,empleado,1,1760.03,1,alquiler,Vizcaya,activo
2590,2015-10-23,1996-09-27,mujer,viudo,posgrado,autonomo,0,3252.58,1,hipotecada,Murcia,inactivo
2591,2021-10-25,1999-03-01,hombre,soltero,universitario,empleado,4.4,3539.62,1,hipotecada,Málaga,activo
2592,2013-01-13,1974-03-19,hombre,divorciado,formacion_profesional,desempleado,0.6,812.26,0,propia,Madrid,activo
2593,2024-10-30,2006-04-22,mujer,divorciado,formacion_profesional,autonomo,2,1451.06,2,hipotecada,Murcia,activo
2594,2014-09-11,1970-06-22,mujer,divorciado,formacion_profesional,empleado,7.7,1915.8,0,alquiler,Alicante,bloqueado
2595,2011-05-30,1965-11-27,hombre,soltero,bachillerato,empleado,16.7,2665.19,2,alquiler,Alicante,activo
2596,2025-09-24,2007-04-06,hombre,casado,universitario,empleado,1,2213.13,0,alquiler,Vizcaya,activo
2597,2025-07-07,1987-07-24,hombre,divorciado,universitario,desempleado,0,736.29,2,propia,A Coruña,activo
2598,2023-08-12,2002-02-09,mujer,casado,bachillerato,desempleado,6.6,0,4,alquiler,Madrid,activo
2599,2011-10-20,1985-04-05,mujer,viudo,formacion_profesional,estudiante,0,1569.44,3,alquiler,Málaga,activo
2600,2016-04-06,1985-05-26,mujer,divorciado,formacion_profesional,empleado,7.0,3369.15,0,familiar,A Coruña,activo
2601,2009-01-04,1987-10-24,hombre,soltero,universitario,autonomo,4.1,3290.72,1,alquiler,Málaga,activo
2602,2011-02-09,1987-07-22,mujer,soltero,formacion_profesional,empleado,2.0,1008.92,0,propia,Murcia,activo
2603,2011-06-23,1987-01-06,hombre,viudo,formacion_profesional,autonomo,11.4,5501.92,1,familiar,Zaragoza,activo
2604,2006-03-04,1951-07-18,mujer,soltero,universitario,empleado,0.9,3712.99,1,alquiler,Alicante,activo
2605,2014-04-20,1985-11-27,mujer,casado,formacion_profesional,empleado,5.2,2375.57,0,alquiler,Madrid,activo
2606,2018-05-21,1999-01-22,hombre,divorciado,posgrado,autonomo,9,1421.13,0,alquiler,Zaragoza,activo
2607,2015-07-16,1994-09-01,mujer,divorciado,universitario,empleado,10.1,993.87,3,hipotecada,Alicante,activo
2608,2022-02-24,1998-10-05,hombre,viudo,posgrado,empleado,4.0,3900.77,4,propia,Valencia,activo
2609,2010-02-01,1987-07-04,hombre,casado,secundaria,empleado,7.1,1598.65,1,propia,Murcia,activo
2610,2007-12-14,1987-06-26,mujer,viudo,bachillerato,empleado,13.5,1771.82,1,familiar,Madrid,activo
2611,2010-01-28,1977-01-04,hombre,viudo,formacion_profesional,desempleado,5.0,484.81,0,hipotecada,Zaragoza,activo
2612,2015-03-15,1982-10-23,hombre,soltero,universitario,empleado,7.6,2456.77,2,hipotecada,Sevilla,activo
2613,2023-07-09,2000-04-10,otro,casado,universitario,empleado,7.3,1782.06,0,alquiler,Sevilla,activo
2614,2019-04-10,1992-01-08,mujer,viudo,universitario,empleado,14.5,2479.54,2,hipotecada,A Coruña,activo
2615,2016-05-04,1954-01-13,mujer,soltero,secundaria,autonomo,12.9,2454.75,3,familiar,Vizcaya,inactivo
2616,2015-06-20,1978-05-21,mujer,divorciado,formacion_profesional,empleado,8.3,3128.79,0,alquiler,Sevilla,activo
2617,2014-04-16,1970-04-10,mujer,viudo,universitario,jubilado,\N,1472.16,0,hipotecada,A Coruña,activo
2618,2005-09-10,1969-02-08,mujer,casado,bachillerato,desempleado,1.6,534.4,1,propia,Zaragoza,activo
2619,2012-05-27,1967-07-14,mujer,casado,secundaria,empleado,12.4,3683.65,0,alquiler,Murcia,activo
2620,2017-10-19,1998-05-27,hombre,soltero,formacion_profesional,autonomo,5.7,3964.53,0,propia,A Coruña,activo
2621,2025-03-05,1973-10-16,hombre,soltero,bachillerato,empleado,6.0,1884.15,0,hipotecada,Alicante,activo
2622,2008-02-02,1974-01-04,mujer,divorciado,universitario,empleado,2.8,4338.0,0,alquiler,Madrid,activo
2623,2011-11-03,1956-09-15,mujer,divorciado,formacion_profesional,empleado,0,1096.27,0,hipotecada,Alicante,activo
2624,2025-08-08,1980-03-01,mujer,soltero,universitario,empleado,5.5,3096.16,0,alquiler,Barcelona,activo
2625,2024-08-17,1989-12-08,mujer,casado,formacion_profesional,empleado,0.6,2481.0,2,propia,Barcelona,activo
2626,2022-07-30,1994-04-13,hombre,viudo,universitario,empleado,5.0,1848.08,0,familiar,Murcia,activo
2627,2025-03-29,1970-06-16,hombre,soltero,posgrado,estudiante,0,1042.12,0,propia,A Coruña,activo
2628,2021-06-05,1993-10-29,hombre,viudo,bachillerato,jubilado,\N,1411.37,0,hipotecada,Vizcaya,inactivo
2629,2014-06-07,1978-12-28,hombre,divorciado,formacion_profesional,empleado,17.5,2137.13,1,alquiler,Sevilla,activo
2630,2018-12-31,1997-06-13,mujer,soltero,universitario,empleado,3.9,2853.53,0,hipotecada,Zaragoza,activo
2631,2019-08-31,1984-09-22,mujer,viudo,universitario,empleado,12.2,2718.27,1,propia,Valencia,activo
2632,2024-08-07,2003-04-23,mujer,soltero,universitario,desempleado,0,1958.4,0,alquiler,Vizcaya,activo
2633,2011-11-11,1970-06-04,hombre,soltero,secundaria,empleado,10.1,1507.59,2,alquiler,Madrid,activo
2634,2015-02-10,1975-06-14,mujer,divorciado,bachillerato,empleado,0,2213.69,1,alquiler,A Coruña,activo
2635,2023-05-26,1964-03-04,mujer,casado,secundaria,empleado,3.1,1828.88,1,familiar,Zaragoza,activo
2636,2009-11-22,1989-01-31,mujer,soltero,secundaria,jubilado,\N,1380.95,2,familiar,Madrid,activo
2637,2021-12-13,1986-03-22,hombre,viudo,universitario,empleado,4.3,1312.19,1,hipotecada,A Coruña,activo
2638,2021-10-11,1987-06-13,hombre,viudo,secundaria,autonomo,0,3592.02,1,hipotecada,Valencia,inactivo
2639,2021-09-11,1990-10-06,mujer,soltero,universitario,jubilado,\N,2507.84,2,alquiler,Murcia,activo
2640,2020-02-27,1999-09-23,hombre,casado,universitario,empleado,6.4,1445.35,0,hipotecada,Murcia,activo
2641,2005-03-11,1985-07-04,mujer,divorciado,secundaria,empleado,7.2,2732.95,0,propia,Barcelona,activo
2642,2023-03-25,1982-05-22,hombre,casado,universitario,empleado,9.4,2022.47,0,hipotecada,Madrid,activo
2643,2026-03-03,1996-04-12,mujer,casado,bachillerato,jubilado,\N,2188.08,0,hipotecada,Sevilla,activo
2644,2005-04-17,1983-11-30,mujer,casado,formacion_profesional,empleado,1.1,2169.21,0,alquiler,Murcia,activo
2645,2017-08-23,1995-05-30,hombre,divorciado,formacion_profesional,jubilado,\N,1559.49,0,alquiler,Valencia,activo
2646,2014-12-12,1956-12-31,hombre,viudo,universitario,autonomo,12.2,5091.95,1,familiar,A Coruña,inactivo
2647,2026-06-24,2008-06-06,hombre,casado,universitario,empleado,0,2853.16,0,alquiler,Zaragoza,activo
2648,2015-07-20,1990-05-23,mujer,soltero,posgrado,empleado,14.2,1730.99,0,alquiler,Vizcaya,activo
2649,2006-07-09,1984-03-15,hombre,viudo,secundaria,estudiante,0,712.25,1,familiar,Málaga,activo
2650,2013-06-14,1969-01-05,hombre,divorciado,universitario,empleado,4.2,1778.36,0,alquiler,Zaragoza,inactivo
2651,2012-02-09,1986-05-22,mujer,viudo,bachillerato,estudiante,0,1043.24,2,alquiler,Sevilla,activo
2652,2020-04-09,1999-04-07,mujer,viudo,universitario,jubilado,\N,1674.47,0,hipotecada,Vizcaya,activo
2653,2026-02-16,2007-08-12,hombre,viudo,secundaria,empleado,0,2006.5,0,hipotecada,Zaragoza,activo
2654,2011-04-06,1980-08-01,hombre,soltero,universitario,empleado,5.3,4329.28,0,propia,A Coruña,bloqueado
2655,2017-02-11,1997-02-07,mujer,soltero,posgrado,desempleado,0.3,785.08,3,hipotecada,Alicante,activo
2656,2010-08-16,1978-09-08,hombre,divorciado,bachillerato,estudiante,0,888.62,0,hipotecada,A Coruña,activo
2657,2024-11-29,1974-10-03,hombre,casado,formacion_profesional,jubilado,\N,2283.79,0,propia,Sevilla,activo
2658,2014-09-02,1977-04-14,hombre,viudo,formacion_profesional,empleado,5.3,1870.36,1,propia,Vizcaya,activo
2659,2016-05-11,1996-04-20,mujer,viudo,posgrado,empleado,4.3,5321.65,0,alquiler,Málaga,activo
2660,2013-09-03,1973-11-18,hombre,casado,universitario,empleado,6.2,4286.64,3,alquiler,Valencia,activo
2661,2025-12-29,2007-08-08,mujer,viudo,secundaria,empleado,0,2039.6,0,alquiler,Alicante,activo
2662,2010-04-15,1976-06-23,mujer,divorciado,universitario,jubilado,\N,1691.63,1,hipotecada,Málaga,activo
2663,2021-07-25,2000-11-21,mujer,soltero,universitario,empleado,4.0,2499.05,4,hipotecada,Alicante,activo
2664,2022-11-19,2003-11-23,hombre,divorciado,formacion_profesional,jubilado,\N,2199.04,3,alquiler,Madrid,activo
2665,2022-02-08,1995-08-20,hombre,divorciado,universitario,empleado,6.1,3273.62,2,propia,Alicante,activo
2666,2021-08-05,1986-06-08,hombre,divorciado,bachillerato,autonomo,0,4560.58,1,hipotecada,A Coruña,activo
2667,2024-12-27,1962-12-19,mujer,divorciado,formacion_profesional,desempleado,2.8,1367.07,3,alquiler,Sevilla,activo
2668,2009-12-25,1990-04-16,hombre,soltero,formacion_profesional,empleado,8.5,2533.27,0,hipotecada,Madrid,activo
2669,2015-05-30,1966-07-15,mujer,soltero,universitario,autonomo,12.3,3219.28,0,alquiler,Barcelona,activo
2670,2017-02-17,1966-02-21,mujer,soltero,bachillerato,empleado,11.8,3152.81,2,familiar,Vizcaya,activo
2671,2008-09-20,1975-07-11,mujer,divorciado,universitario,empleado,15.7,2700.29,1,propia,Vizcaya,activo
2672,2024-04-12,1982-09-04,hombre,casado,formacion_profesional,jubilado,\N,1602.53,0,alquiler,Zaragoza,activo
2673,2024-02-02,1978-06-07,mujer,casado,formacion_profesional,empleado,7.8,3306.11,0,hipotecada,Valencia,activo
2674,2010-08-15,1964-10-24,mujer,casado,formacion_profesional,empleado,11.1,1764.71,2,alquiler,Málaga,activo
2675,2018-05-16,1986-03-15,otro,viudo,universitario,empleado,2.7,950,1,hipotecada,Málaga,activo
2676,2015-12-07,1988-09-19,mujer,divorciado,posgrado,autonomo,13.0,5771.66,0,alquiler,Murcia,inactivo
2677,2007-05-17,1979-07-28,hombre,soltero,formacion_profesional,empleado,0,1403.6,0,alquiler,Murcia,activo
2678,2016-11-14,1993-09-10,mujer,divorciado,formacion_profesional,empleado,3.2,2787.47,2,hipotecada,Vizcaya,activo
2679,2011-03-20,1981-07-13,hombre,divorciado,universitario,jubilado,\N,1310.79,3,alquiler,Madrid,activo
2680,2008-01-12,1985-11-16,hombre,soltero,universitario,empleado,4.3,2022.5,0,propia,Vizcaya,activo
2681,2009-09-23,1955-08-31,hombre,divorciado,secundaria,empleado,13.6,1316.91,0,propia,Alicante,activo
2682,2024-12-28,1989-08-23,mujer,soltero,bachillerato,autonomo,17.0,2624.27,0,hipotecada,Alicante,activo
2683,2013-12-24,1960-03-22,hombre,divorciado,bachillerato,empleado,6.5,1460.38,0,hipotecada,Vizcaya,activo
2684,2021-12-15,1963-03-06,hombre,divorciado,bachillerato,empleado,4.8,2872.95,1,hipotecada,Vizcaya,activo
2685,2025-07-23,1987-11-04,hombre,viudo,bachillerato,empleado,0,1079.04,0,hipotecada,Murcia,inactivo
2686,2017-04-01,1998-11-06,hombre,viudo,posgrado,empleado,2.4,2556.46,1,alquiler,Murcia,activo
2687,2013-01-28,1989-11-12,mujer,soltero,posgrado,empleado,7.0,3518.88,0,alquiler,Madrid,activo
2688,2023-03-06,1971-02-01,hombre,soltero,posgrado,empleado,6.4,1591.7,0,alquiler,Vizcaya,activo
2689,2019-11-05,1973-11-09,hombre,soltero,secundaria,empleado,10.5,4415.22,0,propia,Zaragoza,activo
2690,2017-06-21,1975-11-18,hombre,viudo,universitario,jubilado,\N,732.61,0,alquiler,Barcelona,activo
2691,2008-03-22,1967-09-21,mujer,divorciado,posgrado,desempleado,1.0,657.53,2,propia,A Coruña,activo
2692,2024-09-20,1965-08-15,otro,divorciado,posgrado,empleado,5.2,2498.58,2,propia,Sevilla,activo
2693,2015-03-23,1960-03-13,hombre,viudo,posgrado,estudiante,0,885.53,0,propia,Barcelona,activo
2694,2021-12-27,2001-02-20,mujer,soltero,secundaria,empleado,7,1276.5,0,alquiler,Madrid,activo
2695,2025-11-30,2007-10-26,mujer,divorciado,bachillerato,empleado,0,2241.52,2,familiar,Málaga,activo
2696,2017-11-30,1984-10-25,mujer,viudo,universitario,desempleado,0,1448.96,0,hipotecada,Alicante,activo
2697,2022-03-16,2000-08-11,mujer,casado,posgrado,jubilado,\N,700,1,alquiler,Barcelona,activo
2698,2023-10-31,1972-05-31,hombre,viudo,formacion_profesional,autonomo,6.1,1322.34,2,alquiler,Sevilla,activo
2699,2013-12-19,1995-12-08,hombre,soltero,secundaria,autonomo,8.2,1601.8,0,propia,Barcelona,activo
2700,2020-04-19,1980-12-03,mujer,viudo,secundaria,empleado,0,2187.2,0,alquiler,Zaragoza,bloqueado
2701,2014-03-17,1977-06-26,mujer,soltero,universitario,estudiante,0,665.26,1,propia,Vizcaya,activo
2702,2011-11-10,1991-08-13,hombre,divorciado,formacion_profesional,empleado,13.6,2869.4,2,familiar,Alicante,activo
2703,2010-03-17,1961-08-07,mujer,viudo,universitario,empleado,0,1853.91,0,familiar,Vizcaya,activo
2704,2019-08-28,1970-04-11,hombre,casado,formacion_profesional,empleado,0,1323.75,0,propia,Málaga,activo
2705,2020-09-26,1964-06-15,hombre,viudo,posgrado,empleado,7.2,2915.56,2,alquiler,Madrid,activo
2706,2011-04-14,1988-01-16,hombre,divorciado,bachillerato,autonomo,10.9,1884.75,2,propia,Vizcaya,inactivo
2707,2025-06-28,1984-11-20,mujer,viudo,bachillerato,empleado,5.2,2274.02,3,propia,Alicante,activo
2708,2024-03-24,1984-11-15,hombre,divorciado,universitario,empleado,8.3,1957.62,0,familiar,Madrid,activo
2709,2011-06-25,1989-12-26,mujer,divorciado,posgrado,empleado,0,1822.3,0,alquiler,Vizcaya,activo
2710,2016-05-23,1988-09-02,hombre,viudo,universitario,autonomo,5.3,4913.39,0,alquiler,Zaragoza,activo
2711,2013-03-19,1979-05-30,mujer,divorciado,bachillerato,empleado,8.9,3412.46,1,hipotecada,Valencia,activo
2712,2023-01-02,1984-11-10,otro,viudo,universitario,empleado,11.2,2771.42,0,propia,Málaga,activo
2713,2015-11-25,1995-11-30,hombre,casado,bachillerato,empleado,11.6,2503.95,3,hipotecada,Málaga,activo
2714,2005-11-17,1965-11-12,mujer,soltero,universitario,autonomo,12.8,4362.97,1,alquiler,Madrid,activo
2715,2018-06-26,1982-09-20,mujer,soltero,universitario,estudiante,0,506.61,2,familiar,Vizcaya,inactivo
2716,2021-04-06,1992-05-05,mujer,soltero,formacion_profesional,autonomo,16,2973.67,0,hipotecada,Vizcaya,activo
2717,2017-04-04,1981-06-09,hombre,viudo,universitario,empleado,10.6,3682.24,4,hipotecada,Madrid,activo
2718,2012-09-24,1990-08-11,mujer,viudo,secundaria,jubilado,\N,2097.8,0,propia,Barcelona,activo
2719,2026-05-12,2008-04-09,hombre,divorciado,universitario,estudiante,0,1290.39,2,hipotecada,Alicante,activo
2720,2009-06-01,1990-04-10,mujer,soltero,universitario,empleado,10.9,3746.19,0,alquiler,A Coruña,activo
2721,2023-04-11,2005-04-15,mujer,viudo,formacion_profesional,empleado,3,2834.43,2,hipotecada,Vizcaya,activo
2722,2007-03-02,1985-08-11,mujer,viudo,formacion_profesional,empleado,6.0,1583.33,0,propia,Málaga,activo
2723,2005-11-20,1980-01-02,mujer,casado,secundaria,empleado,16.3,950,0,familiar,Málaga,activo
2724,2023-09-07,1994-09-22,mujer,divorciado,formacion_profesional,empleado,9.8,1589.13,2,alquiler,Alicante,activo
2725,2016-04-21,1978-05-01,hombre,divorciado,universitario,autonomo,9.4,9184.53,2,familiar,Valencia,activo
2726,2019-05-03,1973-07-20,hombre,viudo,universitario,empleado,9.3,2302.45,0,propia,A Coruña,activo
2727,2023-03-05,1986-12-01,hombre,casado,posgrado,empleado,10.3,2017.01,0,propia,Sevilla,activo
2728,2021-08-03,1971-08-22,mujer,soltero,bachillerato,empleado,0,2828.14,2,familiar,Valencia,activo
2729,2005-05-26,1946-10-11,mujer,casado,universitario,empleado,12.1,2129.93,1,hipotecada,A Coruña,activo
2730,2011-01-01,1986-02-04,hombre,soltero,secundaria,empleado,4.2,3783.06,2,propia,Sevilla,activo
2731,2007-10-11,1943-07-08,mujer,soltero,posgrado,desempleado,2.7,247.39,0,alquiler,Murcia,activo
2732,2019-06-28,1972-10-27,hombre,soltero,universitario,empleado,6.0,3887.67,0,alquiler,Sevilla,activo
2733,2013-11-04,1985-04-03,mujer,divorciado,universitario,empleado,0,1211.82,0,propia,Málaga,activo
2734,2010-01-26,1975-09-02,hombre,viudo,formacion_profesional,jubilado,\N,2095.59,0,hipotecada,Murcia,activo
2735,2021-02-21,1995-07-21,mujer,divorciado,formacion_profesional,empleado,8.3,2461.76,0,propia,Alicante,activo
2736,2020-12-16,1979-12-11,mujer,divorciado,formacion_profesional,autonomo,12.0,2540.73,2,familiar,A Coruña,activo
2737,2016-04-13,1981-07-26,mujer,casado,universitario,desempleado,0.2,514.56,0,propia,Zaragoza,activo
2738,2007-12-08,1962-02-27,mujer,divorciado,formacion_profesional,autonomo,13.5,4887.82,1,familiar,Murcia,activo
2739,2019-11-27,1975-10-06,mujer,soltero,posgrado,desempleado,1.1,93.74,1,hipotecada,Zaragoza,activo
2740,2016-12-12,1991-08-09,hombre,divorciado,universitario,jubilado,\N,1469.44,1,propia,Zaragoza,activo
2741,2011-04-20,1978-08-19,mujer,viudo,posgrado,empleado,6.6,2181.13,0,alquiler,A Coruña,activo
2742,2015-06-05,1956-07-18,mujer,soltero,secundaria,empleado,3.4,2981.58,1,hipotecada,Barcelona,activo
2743,2008-12-28,1980-02-21,hombre,viudo,formacion_profesional,empleado,7.2,1984.76,0,alquiler,Málaga,activo
2744,2017-09-03,1967-06-10,hombre,soltero,secundaria,autonomo,0.4,2346.29,2,propia,Zaragoza,bloqueado
2745,2021-04-15,2000-03-29,mujer,viudo,formacion_profesional,empleado,6.5,3180.71,3,hipotecada,A Coruña,activo
2746,2014-03-02,1988-06-08,mujer,divorciado,bachillerato,empleado,12.8,1392.19,2,familiar,Zaragoza,activo
2747,2020-02-25,1981-12-21,mujer,viudo,universitario,empleado,12.3,2159.25,0,hipotecada,Vizcaya,activo
2748,2019-12-06,1976-03-17,hombre,viudo,secundaria,empleado,3.5,1519.27,0,familiar,Valencia,activo
2749,2006-12-01,1980-12-01,hombre,divorciado,posgrado,jubilado,\N,1658.94,4,alquiler,Alicante,activo
2750,2020-09-01,1996-07-23,mujer,divorciado,formacion_profesional,empleado,3.4,2974.1,2,alquiler,Sevilla,activo
2751,2008-06-12,1979-03-12,hombre,viudo,universitario,empleado,0,3739.18,2,hipotecada,Murcia,activo
2752,2017-07-26,1976-10-31,mujer,divorciado,universitario,autonomo,17.3,5358.31,0,hipotecada,Málaga,activo
2753,2026-01-28,1969-07-18,mujer,viudo,universitario,empleado,5.3,2501.9,1,propia,A Coruña,activo
2754,2024-09-26,2004-11-17,hombre,divorciado,formacion_profesional,empleado,3,1857.22,2,familiar,Sevilla,activo
2755,2009-07-04,1978-12-12,hombre,divorciado,secundaria,empleado,7.0,2571.37,4,alquiler,Madrid,activo
2756,2007-06-05,1964-10-17,mujer,viudo,universitario,empleado,0.1,2816.1,2,familiar,Sevilla,activo
2757,2023-02-01,1994-04-10,mujer,viudo,formacion_profesional,jubilado,\N,1459.53,2,alquiler,Madrid,activo
2758,2019-10-08,1988-08-31,mujer,soltero,formacion_profesional,autonomo,12.4,1304.28,1,hipotecada,Valencia,activo
2759,2006-02-11,1951-06-27,otro,viudo,formacion_profesional,autonomo,5.7,2951.37,1,propia,Málaga,activo
2760,2018-11-18,1991-02-24,mujer,soltero,universitario,autonomo,9.7,4258.71,0,propia,Zaragoza,activo
2761,2021-11-20,1965-12-01,hombre,casado,universitario,empleado,9.6,1801.74,0,alquiler,Murcia,activo
2762,2019-03-31,1996-11-19,hombre,casado,universitario,empleado,0,3514.8,1,alquiler,Valencia,activo
2763,2021-03-17,1997-08-21,hombre,viudo,posgrado,empleado,5.6,2641.6,2,alquiler,Málaga,activo
2764,2011-03-20,1973-12-01,hombre,soltero,posgrado,autonomo,2.3,1980.54,0,propia,Vizcaya,activo
2765,2016-10-21,1962-06-05,mujer,divorciado,universitario,empleado,4.5,3794.4,0,hipotecada,Zaragoza,activo
2766,2024-01-03,2003-01-19,mujer,divorciado,bachillerato,empleado,5,2466.54,0,alquiler,A Coruña,activo
2767,2026-06-01,1978-09-24,hombre,casado,bachillerato,empleado,13.0,1591.1,1,hipotecada,Murcia,activo
2768,2009-08-14,1987-03-06,hombre,viudo,posgrado,jubilado,\N,2394.22,1,propia,Barcelona,activo
2769,2010-07-20,1988-06-30,otro,soltero,formacion_profesional,empleado,5.7,1623.98,1,propia,A Coruña,activo
2770,2005-02-01,1986-08-11,mujer,viudo,bachillerato,empleado,11.3,1455.82,1,propia,Zaragoza,activo
2771,2014-03-11,1968-03-02,mujer,soltero,formacion_profesional,empleado,5.2,2657.49,3,alquiler,Sevilla,activo
2772,2021-07-08,1993-08-20,mujer,divorciado,posgrado,autonomo,11.7,2849.3,2,hipotecada,Murcia,activo
2773,2018-09-24,1977-08-11,hombre,viudo,bachillerato,empleado,8.6,3304.05,2,alquiler,Valencia,activo
2774,2017-08-27,1988-10-29,mujer,viudo,formacion_profesional,empleado,10.2,2097.87,0,familiar,Barcelona,activo
2775,2025-10-23,1977-05-20,mujer,casado,bachillerato,empleado,0,2395.46,0,propia,A Coruña,activo
2776,2012-04-05,1960-05-31,hombre,divorciado,formacion_profesional,empleado,9.2,1835.71,0,alquiler,A Coruña,activo
2777,2025-10-05,1974-01-26,otro,casado,universitario,empleado,8.5,1439.62,2,propia,Madrid,activo
2778,2010-04-24,1980-01-10,hombre,soltero,universitario,empleado,0,2985.87,2,familiar,Valencia,activo
2779,2025-12-24,2006-04-30,mujer,casado,universitario,empleado,2,2157.09,1,hipotecada,Sevilla,activo
2780,2026-03-04,2008-02-25,hombre,viudo,universitario,empleado,0,2143.52,1,alquiler,A Coruña,activo
2781,2025-06-05,2001-10-18,mujer,divorciado,bachillerato,desempleado,6.4,851.77,2,alquiler,Madrid,activo
2782,2025-10-04,1999-11-16,mujer,soltero,posgrado,empleado,8,950,3,hipotecada,Valencia,activo
2783,2017-10-28,1996-07-12,mujer,divorciado,formacion_profesional,empleado,4.2,1367.78,0,propia,Murcia,activo
2784,2012-03-02,1971-11-17,hombre,soltero,universitario,empleado,5.6,2544.24,0,hipotecada,Vizcaya,activo
2785,2026-04-23,2007-11-08,mujer,soltero,formacion_profesional,empleado,0,2217.37,0,hipotecada,Zaragoza,activo
2786,2019-01-21,1982-08-19,mujer,divorciado,secundaria,empleado,3.5,2088.25,2,propia,Madrid,activo
2787,2024-07-02,1992-12-03,hombre,divorciado,bachillerato,empleado,0.9,2274.21,2,alquiler,Vizcaya,activo
2788,2009-10-08,1989-04-12,hombre,soltero,universitario,empleado,10.0,1876.22,2,alquiler,Vizcaya,activo
2789,2005-10-01,1977-03-12,hombre,viudo,secundaria,empleado,11.7,4730.36,0,alquiler,Murcia,activo
2790,2015-10-23,1989-12-22,hombre,viudo,formacion_profesional,empleado,14.6,2105.23,0,hipotecada,Zaragoza,activo
2791,2021-01-19,1996-06-24,hombre,divorciado,universitario,empleado,6.9,1159.77,2,alquiler,Valencia,activo
2792,2024-02-09,2004-03-14,mujer,soltero,universitario,empleado,4,1780.01,1,propia,Madrid,activo
2793,2021-06-28,1981-11-03,mujer,soltero,formacion_profesional,jubilado,\N,1802.59,0,hipotecada,Barcelona,activo
2794,2024-03-18,2002-05-17,hombre,divorciado,formacion_profesional,empleado,6,1028.51,1,alquiler,Vizcaya,activo
2795,2008-02-03,1981-09-03,hombre,divorciado,universitario,empleado,12.4,2146.46,0,alquiler,Zaragoza,activo
2796,2024-11-10,1995-07-10,hombre,divorciado,formacion_profesional,jubilado,\N,2063.39,1,hipotecada,Málaga,activo
2797,2013-04-09,1987-12-28,hombre,soltero,universitario,desempleado,1.0,1026.08,0,hipotecada,Valencia,activo
2798,2019-02-23,1984-08-21,hombre,soltero,bachillerato,desempleado,0,1497.87,1,propia,Vizcaya,activo
2799,2011-02-17,1971-06-22,hombre,viudo,secundaria,autonomo,7.4,5776.54,0,alquiler,A Coruña,activo
2800,2023-04-21,1999-09-08,mujer,viudo,posgrado,jubilado,\N,1893.24,0,familiar,Vizcaya,activo
2801,2009-12-31,1968-05-09,mujer,soltero,formacion_profesional,estudiante,0,712.12,0,propia,Málaga,activo
2802,2010-11-10,1964-01-16,mujer,casado,formacion_profesional,jubilado,\N,1533.44,0,propia,Alicante,activo
2803,2016-03-24,1977-08-31,hombre,soltero,universitario,empleado,8.9,4701.06,3,hipotecada,A Coruña,activo
2804,2022-03-12,2002-11-12,mujer,casado,formacion_profesional,empleado,5,1757.6,0,familiar,Barcelona,activo
2805,2026-04-16,2008-02-16,hombre,divorciado,universitario,empleado,0,3241.75,0,alquiler,Valencia,activo
2806,2018-12-07,1991-08-29,mujer,viudo,universitario,autonomo,13.7,1375.81,0,propia,Vizcaya,activo
2807,2025-03-16,2004-10-25,mujer,divorciado,posgrado,empleado,3,3135.35,1,hipotecada,Alicante,activo
2808,2024-05-20,1998-06-29,mujer,divorciado,secundaria,desempleado,4.4,717.94,0,propia,Barcelona,activo
2809,2012-04-20,1980-04-12,mujer,soltero,bachillerato,empleado,10.0,1858.56,0,propia,Barcelona,inactivo
2810,2023-11-24,1975-05-25,hombre,casado,posgrado,empleado,3.4,2555.51,0,alquiler,Zaragoza,inactivo
2811,2016-04-12,1997-08-08,hombre,casado,universitario,empleado,10,2039.74,0,propia,Vizcaya,activo
2812,2008-05-25,1963-02-24,hombre,viudo,formacion_profesional,empleado,3.8,1636.41,0,alquiler,A Coruña,activo
2813,2012-07-17,1991-10-14,mujer,casado,posgrado,empleado,12.1,2299.12,1,alquiler,A Coruña,activo
2814,2024-11-16,2002-03-19,mujer,viudo,formacion_profesional,empleado,1.4,2626.21,4,propia,A Coruña,activo
2815,2012-05-30,1981-07-14,hombre,casado,secundaria,empleado,6.9,5683.43,1,propia,Sevilla,activo
2816,2005-05-02,1971-08-30,hombre,soltero,formacion_profesional,empleado,2.9,2374.56,0,propia,Alicante,activo
2817,2011-11-11,1988-04-11,mujer,divorciado,posgrado,empleado,16.1,2653.51,2,propia,Zaragoza,activo
2818,2018-10-13,1988-02-28,mujer,soltero,secundaria,empleado,17.3,3336.14,0,alquiler,Alicante,activo
2819,2010-04-15,1969-03-29,mujer,casado,universitario,autonomo,8.5,2221.69,0,alquiler,Murcia,activo
2820,2024-01-21,2002-04-17,hombre,viudo,bachillerato,empleado,4.8,1924.13,3,propia,Málaga,activo
2821,2023-12-09,1970-10-29,mujer,soltero,secundaria,empleado,7.9,4411.46,0,familiar,Murcia,activo
2822,2018-10-19,1988-11-26,mujer,casado,secundaria,empleado,4.5,2283.97,0,propia,Sevilla,activo
2823,2026-02-16,1992-10-04,hombre,soltero,bachillerato,jubilado,\N,1809.75,0,propia,Valencia,activo
2824,2013-10-10,1978-07-26,mujer,viudo,formacion_profesional,empleado,7.3,3194.27,1,hipotecada,Murcia,inactivo
2825,2023-08-26,1998-10-03,mujer,casado,universitario,empleado,1.4,1588.27,1,hipotecada,Valencia,activo
2826,2008-12-01,1972-07-18,hombre,casado,universitario,jubilado,\N,2162.72,0,familiar,Málaga,activo
2827,2026-03-29,2008-02-02,hombre,soltero,secundaria,autonomo,0,2725.07,0,hipotecada,A Coruña,activo
2828,2009-11-11,1964-11-23,mujer,divorciado,universitario,empleado,19.6,1707.5,0,alquiler,Zaragoza,activo
2829,2021-10-08,1955-10-19,mujer,casado,universitario,empleado,9.5,2609.8,2,familiar,Vizcaya,activo
2830,2007-06-21,1974-03-01,hombre,divorciado,formacion_profesional,desempleado,0.0,854.38,0,propia,A Coruña,activo
2831,2009-06-26,1972-07-19,hombre,casado,universitario,jubilado,\N,2137.94,0,alquiler,A Coruña,activo
2832,2009-12-03,1990-03-16,hombre,soltero,formacion_profesional,jubilado,\N,1738.78,0,alquiler,Vizcaya,activo
2833,2013-07-14,1991-04-13,hombre,soltero,universitario,empleado,3.2,2023.26,3,hipotecada,Zaragoza,activo
2834,2020-11-14,1990-06-16,otro,divorciado,universitario,empleado,8.1,1365.48,0,propia,Alicante,activo
2835,2019-04-04,1993-02-28,mujer,viudo,formacion_profesional,empleado,14.7,1058.09,2,propia,Alicante,inactivo
2836,2012-04-28,1979-12-01,hombre,divorciado,universitario,autonomo,9.9,1423.69,2,alquiler,Barcelona,activo
2837,2012-07-24,1975-10-19,mujer,divorciado,bachillerato,empleado,2.2,1360.64,2,familiar,Zaragoza,activo
2838,2026-05-25,2007-10-05,mujer,soltero,formacion_profesional,jubilado,\N,978.61,2,hipotecada,Sevilla,activo
2839,2016-01-20,1987-05-12,mujer,soltero,bachillerato,jubilado,\N,1235.45,0,hipotecada,Vizcaya,activo
2840,2013-03-04,1951-01-23,hombre,soltero,posgrado,estudiante,0,1018.18,0,alquiler,Málaga,activo
2841,2018-03-20,1987-05-15,mujer,soltero,universitario,estudiante,0,1009.46,1,alquiler,Madrid,activo
2842,2010-09-14,1983-03-25,mujer,soltero,secundaria,empleado,8.6,1299.97,0,hipotecada,Murcia,activo
2843,2018-02-14,1988-03-13,mujer,divorciado,posgrado,empleado,5.8,2810.34,0,alquiler,Madrid,activo
2844,2006-06-06,1983-06-16,hombre,soltero,universitario,empleado,16.9,4566.57,0,hipotecada,Vizcaya,activo
2845,2021-10-19,1997-04-15,otro,soltero,universitario,empleado,6.0,2048.37,0,propia,Murcia,activo
2846,2024-09-07,1962-01-19,mujer,viudo,posgrado,empleado,5.7,1950.06,0,hipotecada,Valencia,activo
2847,2022-11-13,1960-05-24,hombre,divorciado,universitario,empleado,12.7,3189.33,3,propia,Alicante,activo
2848,2012-02-23,1977-12-12,mujer,divorciado,universitario,empleado,3.1,3437.28,2,alquiler,Alicante,activo
2849,2022-06-23,1978-06-13,hombre,casado,universitario,empleado,5.7,2779.4,4,alquiler,Alicante,activo
2850,2025-05-03,1993-02-27,mujer,viudo,universitario,empleado,12.5,2648.65,0,propia,Vizcaya,activo
2851,2010-02-07,1978-10-05,hombre,divorciado,formacion_profesional,jubilado,\N,1632.78,0,hipotecada,Sevilla,activo
2852,2011-01-01,1962-03-01,hombre,soltero,universitario,autonomo,3.3,1899.13,0,alquiler,Zaragoza,activo
2853,2021-05-03,1999-04-13,hombre,divorciado,posgrado,desempleado,3.2,1575.63,1,hipotecada,Sevilla,activo
2854,2018-12-12,1989-05-02,mujer,divorciado,bachillerato,empleado,7.3,1882.74,0,propia,Zaragoza,activo
2855,2008-06-08,1970-09-12,hombre,casado,universitario,empleado,7.9,2280.9,0,hipotecada,Valencia,activo
2856,2007-02-17,1986-08-10,mujer,viudo,bachillerato,empleado,12.1,1918.11,2,alquiler,A Coruña,activo
2857,2006-03-18,1945-07-30,mujer,viudo,posgrado,empleado,9.2,2725.0,0,alquiler,Valencia,inactivo
2858,2009-09-14,1978-04-09,hombre,casado,formacion_profesional,empleado,5.0,1464.46,1,alquiler,Alicante,activo
2859,2020-09-07,1976-11-07,hombre,divorciado,universitario,empleado,9.2,1848.09,1,propia,Murcia,activo
2860,2020-03-02,1978-05-10,hombre,soltero,formacion_profesional,estudiante,0,482.76,2,propia,Murcia,activo
2861,2015-03-20,1983-10-14,mujer,casado,universitario,empleado,11.8,2663.38,0,hipotecada,Zaragoza,inactivo
2862,2023-02-04,1978-08-07,hombre,viudo,formacion_profesional,estudiante,0,1349.0,2,hipotecada,A Coruña,activo
2863,2015-12-17,1982-03-29,hombre,soltero,bachillerato,empleado,11.1,2434.83,0,propia,Sevilla,activo
2864,2006-08-27,1985-08-09,mujer,soltero,bachillerato,empleado,9.1,1777.02,0,propia,A Coruña,activo
2865,2021-01-14,1987-02-04,hombre,casado,posgrado,autonomo,15.2,1680.54,2,alquiler,Sevilla,activo
2866,2024-02-21,1995-07-06,mujer,soltero,bachillerato,empleado,6.3,4616.02,1,propia,Vizcaya,activo
2867,2016-08-24,1965-11-17,mujer,casado,bachillerato,empleado,6.0,2401.85,3,hipotecada,Vizcaya,activo
2868,2009-09-10,1943-08-30,mujer,divorciado,universitario,empleado,7.7,1762.68,0,alquiler,Sevilla,activo
2869,2015-10-31,1991-08-09,hombre,soltero,secundaria,jubilado,\N,1666.92,0,hipotecada,Murcia,activo
2870,2013-11-16,1974-02-14,mujer,soltero,secundaria,empleado,8.4,3044.56,0,familiar,Zaragoza,activo
2871,2017-03-20,1997-10-08,hombre,soltero,universitario,estudiante,0,1404.45,3,propia,Vizcaya,activo
2872,2016-08-10,1977-03-04,mujer,divorciado,formacion_profesional,jubilado,\N,1152.15,0,hipotecada,Vizcaya,activo
2873,2015-11-28,1979-10-11,hombre,casado,bachillerato,autonomo,0,2030.53,0,propia,Madrid,activo
2874,2013-02-26,1993-10-21,hombre,soltero,universitario,autonomo,12.2,3488.51,2,hipotecada,Barcelona,activo
2875,2021-09-05,1965-01-09,hombre,soltero,bachillerato,empleado,6.5,2484.0,2,alquiler,Barcelona,activo
2876,2015-11-23,1982-03-12,hombre,soltero,posgrado,empleado,6.9,2436.19,0,alquiler,Zaragoza,activo
2877,2024-05-15,1988-04-18,hombre,divorciado,posgrado,empleado,6.8,1656.69,3,propia,Zaragoza,activo
2878,2022-03-22,1961-05-30,mujer,casado,formacion_profesional,empleado,0,1933.4,1,familiar,Murcia,activo
2879,2025-09-18,1989-06-18,mujer,soltero,universitario,empleado,5.2,3259.21,0,alquiler,Zaragoza,activo
2880,2017-10-01,1945-05-11,hombre,viudo,formacion_profesional,empleado,8.0,1478.13,3,hipotecada,Vizcaya,activo
2881,2010-11-29,1978-11-15,mujer,divorciado,formacion_profesional,empleado,0,5543.82,3,hipotecada,Málaga,activo
2882,2007-08-17,1959-06-07,hombre,soltero,secundaria,autonomo,8.6,5355.85,1,hipotecada,Barcelona,activo
2883,2017-02-01,1984-08-12,mujer,viudo,formacion_profesional,empleado,8.2,2398.65,0,alquiler,Madrid,activo
2884,2005-11-03,1981-01-31,hombre,casado,formacion_profesional,empleado,6.9,2651.14,0,familiar,Murcia,activo
2885,2015-10-14,1991-06-22,mujer,viudo,formacion_profesional,jubilado,\N,2131.25,1,alquiler,Alicante,activo
2886,2005-11-20,1949-10-02,hombre,soltero,universitario,autonomo,13.8,3907.27,0,alquiler,Valencia,activo
2887,2021-11-03,1988-09-18,mujer,viudo,posgrado,empleado,2.6,2451.51,0,familiar,Barcelona,activo
2888,2014-09-16,1981-08-11,mujer,casado,universitario,autonomo,3.4,2464.38,2,hipotecada,Barcelona,inactivo
2889,2025-11-16,1999-03-06,hombre,divorciado,posgrado,desempleado,1.2,359.9,0,propia,Vizcaya,activo
2890,2014-09-08,1990-02-20,hombre,divorciado,secundaria,empleado,7.5,2395.63,1,hipotecada,Sevilla,activo
2891,2025-01-28,2004-03-28,hombre,casado,bachillerato,estudiante,0,787.01,2,hipotecada,Málaga,activo
2892,2025-12-09,1980-10-21,mujer,divorciado,posgrado,autonomo,0,3850.23,0,alquiler,Vizcaya,activo
2893,2018-07-14,1993-09-09,mujer,casado,universitario,empleado,9.5,1328.4,0,alquiler,Vizcaya,activo
2894,2022-05-09,1991-10-21,hombre,casado,formacion_profesional,empleado,4.4,2109.23,2,propia,Sevilla,activo
2895,2025-09-14,1998-02-10,mujer,viudo,formacion_profesional,empleado,10,2263.03,0,familiar,Madrid,activo
2896,2018-09-12,1970-07-12,mujer,casado,secundaria,empleado,3.8,1621.13,0,alquiler,A Coruña,activo
2897,2023-12-19,1972-10-19,hombre,soltero,secundaria,jubilado,\N,2633.96,0,alquiler,Alicante,activo
2898,2022-11-12,1981-03-14,mujer,divorciado,universitario,estudiante,0,211.56,4,alquiler,Murcia,activo
2899,2019-06-04,1995-05-06,hombre,divorciado,posgrado,empleado,10.2,1665.35,3,propia,Málaga,activo
2900,2019-05-10,1974-06-12,hombre,divorciado,formacion_profesional,desempleado,0,394.28,1,hipotecada,Murcia,activo
2901,2011-01-14,1984-09-22,mujer,viudo,bachillerato,empleado,17.9,3707.57,1,hipotecada,Málaga,activo
2902,2005-08-05,1982-01-11,mujer,viudo,bachillerato,jubilado,\N,1742.86,2,familiar,Murcia,inactivo
2903,2022-05-17,1969-07-09,hombre,divorciado,universitario,empleado,12.1,1975.87,1,hipotecada,Alicante,activo
2904,2025-10-01,1981-12-03,hombre,divorciado,bachillerato,empleado,6.0,2369.21,1,propia,A Coruña,activo
2905,2009-05-30,1959-02-05,hombre,viudo,universitario,autonomo,5.5,3173.9,0,propia,Málaga,activo
2906,2022-05-29,1998-02-03,mujer,viudo,universitario,jubilado,\N,1779.59,1,propia,Murcia,activo
2907,2012-09-21,1979-04-02,hombre,casado,bachillerato,empleado,2.7,2033.49,0,alquiler,Madrid,activo
2908,2021-12-01,1978-03-12,mujer,divorciado,bachillerato,desempleado,0.3,871.55,0,hipotecada,Alicante,activo
2909,2024-04-19,1961-09-10,mujer,divorciado,posgrado,autonomo,6.5,3783.35,0,hipotecada,Barcelona,activo
2910,2020-07-28,1965-08-04,mujer,soltero,bachillerato,empleado,6.7,3250.75,4,familiar,A Coruña,activo
2911,2007-02-25,1973-01-03,mujer,soltero,posgrado,jubilado,\N,1682.73,0,hipotecada,Alicante,activo
2912,2020-04-02,1985-11-21,hombre,viudo,formacion_profesional,empleado,0,2339.31,2,hipotecada,Málaga,activo
2913,2022-03-15,1998-04-10,hombre,casado,secundaria,empleado,2.8,1907.52,1,familiar,Valencia,activo
2914,2015-08-27,1981-11-13,hombre,casado,formacion_profesional,desempleado,0.8,776.06,0,familiar,Zaragoza,activo
2915,2019-09-16,1987-11-16,mujer,casado,universitario,empleado,9.3,950,1,propia,Vizcaya,activo
2916,2019-01-06,1987-10-25,mujer,divorciado,posgrado,estudiante,0,68.14,2,propia,Valencia,activo
2917,2008-09-19,1960-11-16,hombre,divorciado,secundaria,empleado,0,2143.97,1,alquiler,Valencia,activo
2918,2025-10-30,2006-12-18,mujer,soltero,bachillerato,empleado,1,2635.66,0,alquiler,Málaga,activo
2919,2023-01-27,1956-11-07,mujer,viudo,secundaria,empleado,12.0,1099.18,2,familiar,Alicante,activo
2920,2019-11-15,1995-05-11,hombre,soltero,universitario,empleado,11.6,1659.24,0,propia,Barcelona,activo
2921,2013-11-16,1986-12-24,mujer,viudo,bachillerato,empleado,1.1,3248.62,1,propia,Murcia,activo
2922,2024-02-03,2004-10-18,mujer,soltero,universitario,empleado,3,2127.15,0,familiar,A Coruña,activo
2923,2018-10-31,1979-09-22,mujer,divorciado,secundaria,estudiante,0,830.04,3,propia,Barcelona,activo
2924,2023-12-27,1980-02-13,mujer,divorciado,bachillerato,autonomo,13.7,2403.41,0,alquiler,Madrid,activo
2925,2006-06-10,1970-05-19,hombre,soltero,posgrado,desempleado,1.4,121.19,2,hipotecada,Barcelona,inactivo
2926,2007-07-11,1986-07-04,mujer,divorciado,universitario,empleado,12.6,2402.36,1,familiar,Murcia,activo
2927,2018-08-13,1986-10-26,hombre,soltero,universitario,empleado,15.2,1421.97,0,propia,Málaga,activo
2928,2025-08-14,1997-12-07,mujer,viudo,formacion_profesional,empleado,6.3,1086.3,1,propia,Barcelona,activo
2929,2008-07-29,1959-10-09,hombre,soltero,posgrado,empleado,5.0,2193.06,2,alquiler,Zaragoza,activo
2930,2025-06-03,1965-12-31,hombre,divorciado,secundaria,empleado,6.6,2340.04,3,alquiler,Málaga,activo
2931,2022-04-16,1997-04-21,hombre,soltero,universitario,jubilado,\N,1731.42,0,hipotecada,Barcelona,activo
2932,2023-05-17,1976-01-14,mujer,viudo,secundaria,empleado,0,2025.89,0,propia,Barcelona,activo
2933,2021-04-11,1970-12-03,mujer,viudo,universitario,empleado,15.0,2210.01,0,propia,Vizcaya,activo
2934,2025-02-12,2006-05-22,hombre,soltero,universitario,empleado,2,1850.41,2,alquiler,Barcelona,activo
2935,2011-09-18,1991-11-08,mujer,soltero,secundaria,empleado,14.6,1199.2,2,alquiler,Murcia,activo
2936,2010-08-14,1981-09-20,hombre,soltero,formacion_profesional,empleado,4.8,1760.68,1,alquiler,Barcelona,activo
2937,2021-04-15,1981-08-25,mujer,casado,secundaria,empleado,7.7,3548.25,0,propia,Valencia,activo
2938,2018-12-15,1964-12-26,mujer,soltero,bachillerato,empleado,12.2,1607.24,0,hipotecada,Zaragoza,activo
2939,2026-06-22,2007-09-01,mujer,soltero,secundaria,desempleado,0,1095.35,1,hipotecada,Valencia,activo
2940,2010-09-01,1991-04-26,hombre,viudo,universitario,empleado,11.3,1773.07,2,propia,Barcelona,activo
2941,2021-02-05,1967-04-06,hombre,divorciado,universitario,empleado,0,3140.15,0,hipotecada,A Coruña,activo
2942,2025-03-01,1977-11-18,mujer,viudo,posgrado,empleado,8.6,1293.35,2,hipotecada,Alicante,inactivo
2943,2010-06-18,1980-12-28,mujer,soltero,universitario,jubilado,\N,1618.49,0,propia,Málaga,activo
2944,2022-10-19,2000-06-20,hombre,viudo,posgrado,empleado,8,1256.79,2,hipotecada,Vizcaya,activo
2945,2025-01-03,1966-02-03,otro,casado,universitario,empleado,3.4,1296.04,1,hipotecada,A Coruña,activo
2946,2011-03-17,1983-06-29,hombre,viudo,posgrado,empleado,8.2,950,2,alquiler,A Coruña,activo
2947,2013-05-14,1969-11-02,hombre,soltero,bachillerato,empleado,1.2,5431.99,0,alquiler,Málaga,activo
2948,2026-06-29,2008-06-28,mujer,soltero,posgrado,jubilado,\N,3037.01,0,alquiler,Zaragoza,activo
2949,2009-09-15,1972-10-27,hombre,viudo,formacion_profesional,estudiante,0,491.97,1,alquiler,Vizcaya,activo
2950,2014-12-20,1977-06-29,mujer,soltero,formacion_profesional,empleado,10.8,1897.41,0,alquiler,Madrid,activo
2951,2015-07-02,1974-02-21,mujer,soltero,universitario,empleado,10.0,3411.86,0,propia,A Coruña,activo
2952,2019-03-31,1983-10-03,hombre,soltero,formacion_profesional,empleado,4.5,2229.01,0,hipotecada,Madrid,activo
2953,2006-07-09,1960-12-21,hombre,viudo,universitario,empleado,5.9,4054.85,0,propia,Alicante,activo
2954,2026-01-14,2007-09-06,hombre,divorciado,bachillerato,empleado,0,2298.51,0,propia,Madrid,activo
2955,2009-06-16,1986-12-02,mujer,divorciado,universitario,empleado,8.1,1101.86,0,propia,Zaragoza,activo
2956,2025-12-31,2007-09-14,hombre,divorciado,bachillerato,estudiante,0,509.15,0,alquiler,Sevilla,activo
2957,2020-07-17,1973-01-20,mujer,soltero,formacion_profesional,jubilado,\N,1965.42,3,hipotecada,A Coruña,activo
2958,2013-07-23,1986-01-31,hombre,casado,bachillerato,autonomo,10.6,1381.47,1,hipotecada,Madrid,activo
2959,2023-03-07,1982-04-12,hombre,viudo,secundaria,desempleado,1.6,890.83,1,propia,Madrid,activo
2960,2021-04-16,1973-08-22,hombre,viudo,universitario,autonomo,20.0,800,0,alquiler,Valencia,activo
2961,2021-05-12,1999-11-06,otro,casado,universitario,empleado,2.4,2215.44,0,hipotecada,Vizcaya,activo
2962,2009-07-07,1977-04-16,hombre,viudo,secundaria,empleado,13.7,3738.59,4,hipotecada,Zaragoza,activo
2963,2016-09-29,1980-05-11,mujer,casado,formacion_profesional,autonomo,0,2420.27,2,alquiler,Valencia,activo
2964,2023-05-01,1990-10-16,hombre,soltero,posgrado,autonomo,7.2,5923.77,0,propia,A Coruña,activo
2965,2011-12-28,1984-06-06,mujer,soltero,universitario,autonomo,5.2,1840.03,1,hipotecada,Valencia,activo
2966,2020-01-01,1995-08-12,hombre,casado,bachillerato,empleado,12,3087.38,0,hipotecada,A Coruña,activo
2967,2025-07-03,1983-09-25,mujer,soltero,posgrado,estudiante,0,853.07,3,hipotecada,Málaga,inactivo
2968,2014-04-08,1990-10-01,hombre,soltero,bachillerato,empleado,0,1684.83,0,propia,Vizcaya,activo
2969,2009-03-08,1990-07-14,hombre,divorciado,bachillerato,empleado,5.7,1828.14,1,propia,Murcia,activo
2970,2005-03-12,1971-09-20,hombre,casado,formacion_profesional,desempleado,3.9,980.86,3,propia,Vizcaya,activo
2971,2012-06-26,1986-05-20,mujer,casado,universitario,desempleado,0.4,833.26,1,alquiler,Valencia,activo
2972,2023-11-10,1968-04-30,mujer,casado,formacion_profesional,empleado,5.7,1520.64,0,hipotecada,Madrid,activo
2973,2019-07-25,1961-01-01,hombre,viudo,universitario,estudiante,0,279.87,0,hipotecada,Alicante,activo
2974,2025-02-12,1981-02-21,mujer,divorciado,universitario,empleado,3.4,1402.72,0,alquiler,Valencia,activo
2975,2025-04-03,1948-01-21,hombre,soltero,posgrado,empleado,2.6,2886.03,0,propia,Alicante,activo
2976,2018-10-25,1961-11-01,hombre,casado,universitario,empleado,3.6,2104.41,0,hipotecada,Vizcaya,activo
2977,2010-04-23,1961-03-11,mujer,viudo,bachillerato,empleado,4.8,2896.98,1,alquiler,Alicante,activo
2978,2006-05-10,1978-05-17,mujer,soltero,universitario,empleado,6.0,1936.08,3,hipotecada,A Coruña,activo
2979,2014-06-19,1987-04-10,hombre,divorciado,universitario,empleado,6.2,1670.06,2,hipotecada,Madrid,activo
2980,2022-12-06,1985-09-04,hombre,divorciado,universitario,empleado,0,1151.69,0,hipotecada,Zaragoza,activo
2981,2020-09-02,1995-01-24,mujer,divorciado,universitario,jubilado,\N,2097.42,0,propia,Murcia,activo
2982,2025-05-28,1988-01-30,hombre,viudo,universitario,autonomo,16.7,6780.17,0,hipotecada,Madrid,activo
2983,2022-05-10,1982-10-19,mujer,soltero,secundaria,jubilado,\N,2031.81,0,alquiler,Vizcaya,activo
2984,2019-12-24,1970-07-19,mujer,viudo,bachillerato,empleado,5.1,2756.67,1,propia,Murcia,activo
2985,2016-08-30,1992-11-27,mujer,divorciado,secundaria,empleado,7.4,4057.46,0,alquiler,Sevilla,activo
2986,2021-09-06,1998-02-05,hombre,divorciado,universitario,estudiante,0,521.05,0,hipotecada,Sevilla,activo
2987,2022-10-08,1992-09-22,hombre,divorciado,universitario,autonomo,13.7,1866.79,0,hipotecada,Zaragoza,activo
2988,2023-02-16,1993-04-08,hombre,casado,secundaria,autonomo,9.5,3966.56,0,hipotecada,Valencia,activo
2989,2016-02-08,1957-08-26,mujer,divorciado,universitario,empleado,6.2,1469.53,2,alquiler,Murcia,activo
2990,2019-06-08,1973-07-11,mujer,casado,universitario,autonomo,5.5,4661.54,1,alquiler,A Coruña,activo
2991,2026-06-27,2008-06-25,hombre,casado,universitario,empleado,0,4708.42,1,propia,A Coruña,activo
2992,2006-06-25,1982-02-24,hombre,soltero,posgrado,empleado,1.8,1840.8,1,hipotecada,Valencia,inactivo
2993,2016-07-26,1984-02-06,hombre,divorciado,posgrado,empleado,14.2,2100.14,2,alquiler,Barcelona,activo
2994,2008-04-22,1970-08-02,mujer,soltero,formacion_profesional,jubilado,\N,1807.21,0,propia,Sevilla,activo
2995,2026-01-31,1974-05-25,mujer,divorciado,universitario,autonomo,6.6,3364.97,0,hipotecada,Murcia,activo
2996,2020-07-01,1972-03-15,mujer,soltero,posgrado,autonomo,10.5,1282.05,0,alquiler,Zaragoza,activo
2997,2010-11-22,1981-02-19,hombre,soltero,formacion_profesional,autonomo,9.4,6675.58,3,hipotecada,Madrid,activo
2998,2014-01-08,1967-08-09,hombre,casado,bachillerato,jubilado,\N,1487.7,0,alquiler,Valencia,activo
2999,2026-06-26,1977-06-29,mujer,casado,formacion_profesional,autonomo,7.9,3001.72,1,familiar,Murcia,bloqueado
3000,2019-11-19,1986-10-21,mujer,soltero,universitario,empleado,1.9,3201.29,2,alquiler,Málaga,activo
3001,2017-07-09,1997-02-13,hombre,casado,universitario,estudiante,0,802.74,0,alquiler,Valencia,activo
3002,2017-11-02,1999-08-26,hombre,viudo,posgrado,empleado,3.8,2984.73,0,alquiler,Zaragoza,activo
3003,2009-05-01,1963-03-09,hombre,casado,universitario,jubilado,\N,2402.1,1,hipotecada,Zaragoza,activo
3004,2024-09-25,1974-12-17,mujer,soltero,universitario,empleado,10.1,5216.6,1,propia,Vizcaya,activo
3005,2018-10-15,1993-11-25,hombre,soltero,formacion_profesional,autonomo,11.0,4018.64,3,hipotecada,Zaragoza,activo
3006,2022-12-01,1999-03-07,mujer,divorciado,posgrado,estudiante,0,1128.65,0,hipotecada,Alicante,activo
3007,2009-09-02,1976-08-28,mujer,viudo,universitario,empleado,13.3,2431.8,1,propia,Vizcaya,activo
3008,2026-03-29,1994-07-20,mujer,viudo,formacion_profesional,empleado,6.4,2962.36,1,hipotecada,Barcelona,activo
3009,2024-04-25,1959-01-24,mujer,divorciado,posgrado,autonomo,11.9,1481.51,1,alquiler,Alicante,activo
3010,2026-02-15,2007-04-02,mujer,soltero,universitario,empleado,1,1681.8,2,alquiler,Sevilla,activo
3011,2022-10-27,1990-07-26,hombre,soltero,universitario,empleado,14.0,1611.35,2,familiar,Barcelona,activo
3012,2016-12-01,1975-08-01,hombre,viudo,universitario,empleado,5.6,1979.58,0,hipotecada,Alicante,inactivo
3013,2007-01-26,1961-06-26,hombre,divorciado,formacion_profesional,autonomo,8.0,1517.86,0,alquiler,Málaga,inactivo
3014,2013-04-21,1982-11-07,hombre,viudo,formacion_profesional,empleado,11.3,3292.46,0,alquiler,Madrid,activo
3015,2007-01-27,1989-01-09,hombre,casado,secundaria,empleado,7.1,4014.66,2,hipotecada,Madrid,activo
3016,2023-10-17,1978-11-29,mujer,divorciado,bachillerato,empleado,8.8,1351.26,0,hipotecada,Málaga,activo
3017,2017-03-08,1957-04-07,mujer,viudo,secundaria,empleado,13.0,1937.38,1,hipotecada,Alicante,activo
3018,2007-09-25,1975-12-10,hombre,viudo,formacion_profesional,empleado,8.2,1317.75,1,alquiler,Sevilla,activo
3019,2018-09-02,1987-05-09,hombre,viudo,universitario,empleado,0.6,1710.63,1,hipotecada,Valencia,activo
3020,2021-02-07,1991-08-26,mujer,casado,bachillerato,empleado,2.8,2276.84,0,propia,Zaragoza,activo
3021,2014-01-17,1986-08-17,otro,casado,posgrado,jubilado,\N,1714.15,0,propia,Madrid,activo
3022,2023-08-16,2000-09-12,hombre,casado,formacion_profesional,empleado,0,1759.25,0,hipotecada,Barcelona,activo
3023,2023-09-26,1947-05-29,hombre,divorciado,universitario,empleado,10.9,1929.68,1,alquiler,A Coruña,activo
3024,2023-08-13,1985-08-06,mujer,soltero,universitario,desempleado,0.6,934.89,0,hipotecada,Valencia,activo
3025,2015-12-06,1995-07-28,mujer,soltero,posgrado,empleado,0,2496.43,0,hipotecada,Barcelona,activo
3026,2018-10-16,1995-05-24,hombre,viudo,universitario,empleado,11.5,2321.01,0,alquiler,Málaga,activo
3027,2006-06-16,1970-09-25,mujer,soltero,posgrado,empleado,8.7,2402.22,0,hipotecada,Barcelona,activo
3028,2025-09-24,1998-11-21,mujer,soltero,universitario,desempleado,1.2,374.32,1,hipotecada,Vizcaya,bloqueado
3029,2025-01-07,1985-05-24,mujer,viudo,secundaria,jubilado,\N,1494.31,0,alquiler,Murcia,activo
3030,2008-05-31,1956-07-15,hombre,soltero,formacion_profesional,desempleado,6.7,638.82,0,alquiler,Zaragoza,activo
3031,2011-10-17,1993-07-18,hombre,viudo,bachillerato,empleado,5.6,2651.27,1,familiar,Madrid,inactivo
3032,2006-06-13,1981-12-25,mujer,casado,universitario,autonomo,11.9,2787.97,0,hipotecada,A Coruña,activo
3033,2017-10-25,1993-11-28,mujer,casado,bachillerato,autonomo,14,1610.59,3,alquiler,A Coruña,activo
3034,2025-06-15,1989-04-22,mujer,divorciado,universitario,empleado,6.1,1894.31,1,propia,Vizcaya,activo
3035,2021-08-18,1973-12-28,hombre,soltero,secundaria,empleado,13.1,1675.55,1,alquiler,Zaragoza,activo
3036,2024-07-01,2002-05-10,mujer,divorciado,posgrado,estudiante,0,717.57,0,hipotecada,Sevilla,activo
3037,2013-02-10,1964-11-02,mujer,divorciado,bachillerato,empleado,16.8,3385.98,0,familiar,Sevilla,activo
3038,2008-03-31,1976-07-08,mujer,divorciado,posgrado,empleado,9.9,1636.18,2,propia,Madrid,activo
3039,2025-12-21,2007-12-22,mujer,divorciado,universitario,empleado,0,5704.34,0,propia,Málaga,activo
3040,2008-07-28,1956-09-26,mujer,viudo,secundaria,empleado,9.6,1020.08,1,alquiler,Valencia,activo
3041,2021-02-27,1992-10-14,mujer,casado,formacion_profesional,autonomo,3.9,2131.11,0,hipotecada,Barcelona,activo
3042,2024-01-18,1943-12-22,mujer,casado,universitario,empleado,4.2,1569.28,0,hipotecada,Málaga,inactivo
3043,2021-12-25,1969-01-09,hombre,casado,posgrado,empleado,4.9,2861.85,1,familiar,A Coruña,activo
3044,2024-04-30,1985-06-15,mujer,soltero,universitario,desempleado,3.3,836.9,1,hipotecada,Sevilla,activo
3045,2024-06-27,1985-07-28,mujer,viudo,bachillerato,empleado,5.2,2948.86,0,alquiler,Barcelona,activo
3046,2021-08-11,1996-04-10,mujer,divorciado,universitario,jubilado,\N,1921.52,0,hipotecada,Málaga,inactivo
3047,2018-03-11,1976-04-24,hombre,viudo,universitario,empleado,1.6,2617.06,1,hipotecada,Sevilla,activo
3048,2018-06-07,1984-08-25,mujer,viudo,secundaria,empleado,4.1,2738.21,0,hipotecada,Murcia,activo
3049,2013-05-16,1983-10-15,hombre,divorciado,universitario,autonomo,13.9,3685.94,0,hipotecada,Alicante,activo
3050,2012-02-02,1978-04-01,mujer,soltero,universitario,empleado,6.1,2679.67,0,familiar,Vizcaya,activo
3051,2025-12-29,1975-10-09,mujer,viudo,formacion_profesional,empleado,12.8,1153.04,1,alquiler,Zaragoza,activo
3052,2019-11-09,1951-09-19,hombre,viudo,universitario,empleado,9.4,1118.09,0,hipotecada,Murcia,activo
3053,2024-02-24,1957-10-20,hombre,casado,secundaria,empleado,8.5,2560.5,0,hipotecada,Murcia,activo
3054,2015-12-14,1985-09-12,mujer,soltero,universitario,empleado,7.7,3162.66,1,hipotecada,Murcia,activo
3055,2020-06-21,1992-02-09,hombre,casado,secundaria,empleado,3.0,1532.14,0,propia,Vizcaya,activo
3056,2022-05-14,1994-05-03,mujer,soltero,posgrado,desempleado,1.6,1129.93,0,alquiler,A Coruña,activo
3057,2005-07-19,1982-03-11,mujer,casado,posgrado,estudiante,0,578.35,0,propia,A Coruña,activo
3058,2007-03-05,1969-03-07,hombre,casado,universitario,jubilado,\N,2144.0,0,propia,Alicante,activo
3059,2017-03-09,1978-03-23,mujer,divorciado,secundaria,autonomo,5.3,6997.89,1,hipotecada,Málaga,activo
3060,2016-10-17,1993-07-05,hombre,divorciado,formacion_profesional,desempleado,3.7,1137.96,0,hipotecada,A Coruña,activo
3061,2005-02-28,1979-09-22,hombre,soltero,posgrado,empleado,2.9,2913.02,0,hipotecada,Alicante,inactivo
3062,2026-05-31,2008-04-24,hombre,casado,secundaria,jubilado,\N,2688.24,1,familiar,Barcelona,activo
3063,2007-04-04,1978-01-08,mujer,casado,formacion_profesional,empleado,4.3,2445.5,2,propia,Málaga,activo
3064,2019-04-22,1978-05-14,hombre,soltero,bachillerato,desempleado,3.9,516.05,0,alquiler,Vizcaya,activo
3065,2009-07-02,1971-02-09,hombre,divorciado,secundaria,empleado,5.7,1500.91,1,propia,Alicante,activo
3066,2015-09-15,1988-01-24,mujer,casado,universitario,empleado,7.1,2510.81,0,hipotecada,Zaragoza,inactivo
3067,2021-04-16,1974-07-21,hombre,soltero,universitario,autonomo,3.8,800,0,familiar,Madrid,activo
3068,2013-06-02,1978-05-13,mujer,soltero,formacion_profesional,jubilado,\N,1985.1,0,propia,A Coruña,activo
3069,2005-09-22,1971-01-04,hombre,viudo,secundaria,empleado,10.7,1044.72,0,alquiler,Valencia,activo
3070,2019-02-16,1994-10-11,hombre,viudo,universitario,jubilado,\N,1113.55,2,propia,Valencia,activo
3071,2015-11-27,1974-09-20,hombre,divorciado,formacion_profesional,empleado,4.5,2908.71,0,propia,Murcia,activo
3072,2026-01-12,1960-11-18,hombre,casado,universitario,empleado,14.2,1910.64,0,familiar,Alicante,activo
3073,2009-05-23,1985-11-02,hombre,viudo,universitario,jubilado,\N,1294.66,0,hipotecada,Sevilla,activo
3074,2007-03-09,1988-08-22,hombre,viudo,universitario,empleado,8.1,3244.62,0,alquiler,Valencia,activo
3075,2011-08-19,1975-11-18,hombre,casado,universitario,empleado,2.5,1331.4,0,propia,Málaga,activo
3076,2009-03-10,1984-03-27,hombre,soltero,secundaria,empleado,1.5,3303.21,3,propia,Murcia,activo
3077,2016-09-22,1992-09-22,mujer,viudo,universitario,empleado,3.9,2343.43,1,familiar,Madrid,activo
3078,2008-09-02,1980-09-25,hombre,soltero,universitario,desempleado,0,0,0,familiar,Málaga,inactivo
3079,2011-03-26,1973-12-15,hombre,divorciado,secundaria,autonomo,10.4,2171.03,0,hipotecada,Málaga,activo
3080,2017-08-14,1996-02-25,mujer,soltero,bachillerato,empleado,6.4,2340.85,1,alquiler,Valencia,activo
3081,2020-05-01,1983-01-17,mujer,soltero,universitario,empleado,8.2,2303.13,2,propia,Sevilla,activo
3082,2024-12-08,1989-08-25,hombre,soltero,universitario,jubilado,\N,2707.53,0,alquiler,Madrid,inactivo
3083,2017-08-10,1976-03-06,mujer,casado,universitario,estudiante,0,609.58,0,hipotecada,A Coruña,activo
3084,2007-10-05,1976-08-03,hombre,divorciado,formacion_profesional,autonomo,13.8,952.42,0,hipotecada,Madrid,activo
3085,2016-06-25,1995-11-20,mujer,casado,secundaria,estudiante,0,656.7,0,hipotecada,Zaragoza,activo
3086,2014-04-08,1967-12-23,hombre,viudo,bachillerato,empleado,4.1,2623.99,0,familiar,Sevilla,activo
3087,2021-12-16,1981-10-23,mujer,soltero,posgrado,empleado,13.5,3013.9,0,propia,Sevilla,activo
3088,2009-04-16,1974-01-24,hombre,soltero,universitario,empleado,8.8,2051.4,1,hipotecada,Madrid,activo
3089,2026-02-28,1989-12-31,hombre,casado,formacion_profesional,autonomo,6.6,3750.14,0,alquiler,Barcelona,activo
3090,2006-09-09,1956-03-11,hombre,casado,formacion_profesional,empleado,10.7,1770.93,1,propia,Málaga,activo
3091,2013-07-25,1957-11-06,mujer,casado,universitario,jubilado,\N,2009.76,0,alquiler,Málaga,activo
3092,2025-11-24,1970-01-16,hombre,casado,formacion_profesional,empleado,9.5,1337.11,2,propia,Madrid,activo
3093,2017-03-27,1964-06-23,hombre,divorciado,formacion_profesional,estudiante,0,178.16,0,hipotecada,Barcelona,activo
3094,2013-05-18,1985-12-05,mujer,soltero,formacion_profesional,estudiante,0,1078.99,0,hipotecada,Valencia,activo
3095,2011-05-19,1982-02-06,hombre,casado,bachillerato,jubilado,\N,1860.89,1,alquiler,Vizcaya,activo
3096,2014-09-21,1991-11-09,hombre,casado,universitario,autonomo,7.7,2497.2,0,alquiler,Sevilla,activo
3097,2021-09-12,1973-10-07,mujer,casado,bachillerato,jubilado,\N,1730.1,0,propia,Barcelona,activo
3098,2011-06-03,1981-12-07,hombre,casado,posgrado,empleado,0.7,1808.62,3,alquiler,Valencia,activo
3099,2008-08-14,1980-07-08,mujer,divorciado,universitario,empleado,8.6,5531.85,0,alquiler,Madrid,activo
3100,2006-12-25,1980-04-02,hombre,viudo,formacion_profesional,empleado,4.8,2167.97,0,propia,Murcia,activo
3101,2023-06-17,1992-01-24,mujer,soltero,formacion_profesional,jubilado,\N,1241.3,1,propia,A Coruña,activo
3102,2014-05-13,1981-05-16,mujer,casado,posgrado,empleado,4.4,1217.7,1,familiar,Vizcaya,activo
3103,2019-05-22,1997-04-12,hombre,divorciado,bachillerato,desempleado,0,520.68,0,hipotecada,A Coruña,activo
3104,2010-03-14,1991-04-03,hombre,viudo,universitario,empleado,6.7,3500.25,0,hipotecada,Valencia,activo
3105,2013-09-21,1982-07-11,otro,casado,universitario,empleado,8.6,1658.4,4,familiar,Málaga,activo
3106,2005-11-01,1985-04-10,hombre,viudo,formacion_profesional,jubilado,\N,1976.44,0,alquiler,Valencia,activo
3107,2017-06-23,1979-08-04,hombre,viudo,posgrado,empleado,12.3,2760.66,0,propia,Zaragoza,inactivo
3108,2016-01-07,1996-12-04,hombre,casado,posgrado,empleado,1.0,2827.47,1,alquiler,Sevilla,activo
3109,2018-04-21,1990-12-23,hombre,viudo,posgrado,desempleado,3.5,393.75,0,alquiler,Valencia,activo
3110,2024-03-09,1992-07-13,mujer,viudo,formacion_profesional,empleado,15,1918.72,3,alquiler,A Coruña,activo
3111,2009-04-07,1967-04-07,mujer,viudo,formacion_profesional,autonomo,7.1,4851.1,0,propia,Barcelona,activo
3112,2023-03-20,1972-10-28,hombre,soltero,posgrado,empleado,1.6,3168.93,0,alquiler,Alicante,activo
3113,2014-10-27,1993-03-16,hombre,soltero,formacion_profesional,empleado,11.1,2263.88,1,alquiler,Zaragoza,activo
3114,2005-08-28,1987-05-01,mujer,casado,universitario,empleado,9.5,2689.23,4,propia,Barcelona,activo
3115,2018-01-08,1997-03-02,hombre,divorciado,formacion_profesional,empleado,11,3505.2,0,alquiler,Vizcaya,inactivo
3116,2009-10-05,1955-12-20,mujer,viudo,secundaria,empleado,4.1,8167.14,1,hipotecada,Zaragoza,activo
3117,2023-03-03,2002-10-29,mujer,viudo,posgrado,empleado,0,1896.5,2,hipotecada,Barcelona,activo
3118,2012-09-09,1969-07-28,hombre,viudo,universitario,empleado,14.6,1415.08,0,propia,Barcelona,activo
3119,2009-10-11,1981-01-31,mujer,divorciado,bachillerato,empleado,1.7,6129.88,0,hipotecada,Alicante,activo
3120,2009-04-10,1970-09-20,mujer,viudo,universitario,empleado,4.1,1973.74,1,alquiler,Madrid,activo
3121,2020-10-17,1984-09-24,hombre,soltero,formacion_profesional,desempleado,0.1,1610.78,0,alquiler,Madrid,activo
3122,2016-10-22,1970-01-25,mujer,casado,posgrado,empleado,20.2,1939.89,2,hipotecada,Valencia,activo
3123,2009-09-03,1970-08-25,hombre,soltero,universitario,estudiante,0,1133.14,1,propia,Sevilla,activo
3124,2013-06-10,1988-01-17,hombre,viudo,universitario,desempleado,0,1715.82,3,hipotecada,Vizcaya,activo
3125,2015-09-30,1994-10-26,mujer,casado,formacion_profesional,jubilado,\N,2419.32,3,propia,Zaragoza,activo
3126,2022-08-31,1976-05-06,mujer,casado,universitario,empleado,0,1424.17,4,hipotecada,Valencia,activo
3127,2024-07-09,1974-02-12,otro,casado,secundaria,empleado,2.2,2145.27,0,hipotecada,Zaragoza,activo
3128,2025-02-20,1992-02-16,mujer,casado,formacion_profesional,empleado,10.0,1045.62,0,alquiler,Alicante,activo
3129,2014-12-09,1990-09-12,mujer,viudo,universitario,jubilado,\N,1794.98,1,propia,Murcia,activo
3130,2014-07-05,1969-10-08,hombre,soltero,universitario,empleado,7.4,1650.83,2,hipotecada,Málaga,activo
3131,2011-04-04,1964-11-04,hombre,casado,universitario,empleado,10.8,1803.97,0,propia,Madrid,activo
3132,2012-02-15,1968-11-09,mujer,casado,formacion_profesional,jubilado,\N,2010.59,0,propia,Vizcaya,activo
3133,2014-07-25,1991-06-16,hombre,viudo,formacion_profesional,empleado,4.2,2284.4,0,propia,Murcia,activo
3134,2021-02-23,2002-12-30,hombre,viudo,universitario,empleado,5,2557.7,1,familiar,Murcia,inactivo
3135,2022-04-22,1958-07-12,mujer,casado,formacion_profesional,empleado,7.3,2660.36,0,hipotecada,Vizcaya,activo
3136,2006-07-28,1959-12-03,mujer,casado,universitario,empleado,3.8,1755.87,1,alquiler,Málaga,activo
3137,2023-05-18,1986-07-16,hombre,soltero,universitario,empleado,6.9,2087.09,2,propia,Málaga,activo
3138,2026-06-07,1969-02-13,hombre,viudo,formacion_profesional,desempleado,0,1328.66,1,propia,Vizcaya,activo
3139,2018-06-26,1998-07-08,mujer,casado,universitario,estudiante,0,95.18,1,familiar,A Coruña,activo
3140,2024-04-03,1982-02-24,mujer,casado,posgrado,empleado,7.8,1962.32,0,propia,Zaragoza,activo
3141,2025-01-06,1976-02-12,hombre,divorciado,universitario,jubilado,\N,2063.59,3,propia,Alicante,activo
3142,2026-06-20,2008-05-14,mujer,casado,universitario,desempleado,0,716.86,2,propia,Zaragoza,activo
3143,2026-01-20,1979-11-20,mujer,viudo,formacion_profesional,desempleado,2.6,752.88,0,alquiler,Alicante,activo
3144,2024-10-31,1968-04-02,hombre,soltero,bachillerato,empleado,1.2,4693.47,0,alquiler,Barcelona,activo
3145,2024-03-06,2004-10-24,otro,divorciado,universitario,autonomo,0,3320.56,0,familiar,Málaga,activo
3146,2023-07-05,1987-07-29,mujer,viudo,bachillerato,empleado,7.8,3188.16,2,hipotecada,Barcelona,activo
3147,2018-11-08,1959-10-12,hombre,divorciado,universitario,empleado,0,1536.38,0,alquiler,Alicante,activo
3148,2024-05-14,1954-07-24,mujer,divorciado,posgrado,empleado,17.3,2847.95,2,alquiler,Zaragoza,activo
3149,2022-05-17,1978-02-19,hombre,casado,universitario,empleado,3.9,2954.85,1,propia,Zaragoza,activo
3150,2016-06-22,1989-02-13,mujer,divorciado,universitario,autonomo,3.4,3740.59,1,alquiler,Murcia,activo
3151,2010-03-16,1978-06-30,mujer,divorciado,posgrado,empleado,10.1,2282.63,0,hipotecada,Vizcaya,activo
3152,2005-05-19,1970-07-22,hombre,viudo,universitario,empleado,7.5,2663.21,1,propia,Zaragoza,activo
3153,2014-10-24,1991-06-12,mujer,viudo,bachillerato,autonomo,0.7,4609.37,0,familiar,Zaragoza,activo
3154,2026-01-26,1982-01-04,mujer,divorciado,universitario,jubilado,\N,1274.66,4,alquiler,Zaragoza,activo
3155,2009-12-05,1984-07-11,hombre,soltero,universitario,desempleado,2.5,366.19,1,alquiler,Vizcaya,activo
3156,2024-06-23,2000-10-15,mujer,divorciado,formacion_profesional,empleado,7,2063.39,1,hipotecada,Vizcaya,activo
3157,2023-02-21,1995-02-27,mujer,viudo,universitario,empleado,9.7,2408.79,1,hipotecada,Madrid,activo
3158,2023-02-17,2001-11-12,mujer,viudo,secundaria,empleado,4.9,1877.37,0,alquiler,Vizcaya,activo
3159,2021-11-09,1995-11-15,mujer,soltero,bachillerato,empleado,6.3,3288.95,0,hipotecada,A Coruña,inactivo
3160,2025-04-21,1987-06-07,otro,casado,universitario,empleado,0.7,1580.71,3,propia,Málaga,activo
3161,2023-06-20,2002-08-13,mujer,soltero,posgrado,desempleado,1.2,863.22,0,hipotecada,Madrid,activo
3162,2021-12-26,1977-03-22,hombre,divorciado,posgrado,empleado,9.2,4367.41,3,familiar,Barcelona,activo
3163,2014-04-24,1958-12-13,hombre,casado,formacion_profesional,autonomo,6.6,2150.0,0,alquiler,Valencia,activo
3164,2010-07-25,1961-09-25,hombre,viudo,formacion_profesional,empleado,6.4,1801.48,0,hipotecada,Alicante,activo
3165,2009-09-23,1968-02-14,hombre,casado,secundaria,jubilado,\N,1197.16,1,alquiler,Sevilla,activo
3166,2023-10-08,1953-12-17,hombre,viudo,formacion_profesional,autonomo,21.5,6452.41,0,hipotecada,Murcia,activo
3167,2008-09-09,1968-08-18,mujer,soltero,universitario,empleado,3.6,2535.63,0,hipotecada,Murcia,activo
3168,2011-02-02,1971-12-13,hombre,divorciado,formacion_profesional,empleado,8.7,3354.95,0,propia,Sevilla,activo
3169,2015-05-06,1979-08-14,mujer,divorciado,universitario,estudiante,0,415.22,0,familiar,Barcelona,activo
3170,2022-01-25,1981-09-05,hombre,divorciado,universitario,empleado,6.1,3553.45,0,hipotecada,Zaragoza,activo
3171,2005-02-06,1970-09-29,mujer,casado,secundaria,empleado,14.3,2894.57,2,alquiler,Madrid,activo
3172,2012-11-03,1974-11-04,mujer,soltero,posgrado,empleado,7.0,2106.18,1,propia,Valencia,activo
3173,2023-09-07,1987-04-20,mujer,casado,secundaria,jubilado,\N,1946.75,0,hipotecada,Valencia,activo
3174,2010-07-27,1948-07-15,mujer,divorciado,universitario,estudiante,0,550.19,1,familiar,Madrid,activo
3175,2025-10-11,2003-11-24,mujer,soltero,formacion_profesional,empleado,4,1559.83,0,alquiler,Murcia,activo
3176,2007-12-30,1977-05-10,hombre,viudo,posgrado,empleado,5.8,2890.2,0,familiar,Sevilla,activo
3177,2008-06-01,1977-01-11,hombre,soltero,secundaria,jubilado,\N,1613.37,1,hipotecada,Alicante,activo
3178,2020-12-13,1999-11-22,hombre,divorciado,formacion_profesional,empleado,5.7,2752.62,0,alquiler,Sevilla,activo
3179,2016-11-29,1991-03-28,mujer,viudo,universitario,empleado,3.9,1542.57,1,hipotecada,Sevilla,activo
3180,2018-01-23,1991-05-17,hombre,viudo,universitario,empleado,1.1,1998.52,0,propia,Málaga,activo
3181,2012-12-01,1984-08-20,mujer,casado,bachillerato,autonomo,7.0,1020.1,0,hipotecada,Murcia,activo
3182,2014-05-22,1976-09-01,hombre,casado,bachillerato,empleado,5.5,1052.81,1,hipotecada,Málaga,inactivo
3183,2023-04-24,1976-07-16,hombre,soltero,universitario,empleado,8.4,3005.73,0,hipotecada,Sevilla,activo
3184,2006-04-21,1951-10-01,mujer,casado,formacion_profesional,empleado,8.9,1247.24,0,alquiler,Vizcaya,activo
3185,2016-03-09,1943-10-07,hombre,divorciado,secundaria,empleado,13.3,3110.62,3,alquiler,Alicante,activo
3186,2021-09-18,1967-10-23,mujer,casado,formacion_profesional,empleado,14.1,1298.7,1,propia,Málaga,activo
3187,2008-11-12,1986-08-09,hombre,divorciado,formacion_profesional,empleado,6.8,1828.47,0,alquiler,Valencia,activo
3188,2017-03-14,1994-03-17,mujer,viudo,formacion_profesional,empleado,10.7,3341.43,0,alquiler,Málaga,activo
3189,2014-12-03,1958-08-17,otro,viudo,formacion_profesional,jubilado,\N,1789.4,2,propia,Valencia,activo
3190,2021-06-30,1991-12-08,hombre,viudo,secundaria,desempleado,2.4,1670.29,1,alquiler,Valencia,activo
3191,2017-05-31,1985-08-12,mujer,viudo,bachillerato,empleado,4.7,1652.71,0,alquiler,Vizcaya,activo
3192,2026-06-19,2008-06-08,hombre,soltero,formacion_profesional,empleado,0,1754.43,1,hipotecada,Sevilla,activo
3193,2018-08-10,1974-01-02,hombre,casado,posgrado,empleado,15.1,1939.78,1,hipotecada,Málaga,activo
3194,2019-04-05,1990-05-06,mujer,soltero,universitario,empleado,10.1,3005.99,0,alquiler,Murcia,activo
3195,2017-09-29,1977-03-09,mujer,divorciado,formacion_profesional,autonomo,11.8,3248.79,2,familiar,Madrid,activo
3196,2007-03-23,1966-07-21,mujer,divorciado,bachillerato,empleado,1.6,2158.63,0,hipotecada,Madrid,activo
3197,2007-02-27,1977-09-01,hombre,casado,bachillerato,autonomo,11.9,1806.77,3,hipotecada,Alicante,activo
3198,2025-09-09,1989-02-17,hombre,divorciado,formacion_profesional,empleado,3.1,2494.45,0,hipotecada,Zaragoza,activo
3199,2015-11-10,1987-09-20,hombre,casado,posgrado,jubilado,\N,700,0,propia,Madrid,activo
3200,2005-11-21,1987-09-21,mujer,soltero,secundaria,empleado,11.4,2398.05,1,familiar,Murcia,activo
3201,2008-06-13,1971-09-29,hombre,casado,secundaria,empleado,4.1,1911.39,2,propia,Vizcaya,activo
3202,2025-03-06,1982-05-29,mujer,casado,secundaria,autonomo,14.1,2927.32,1,propia,Zaragoza,activo
3203,2006-07-10,1958-07-10,mujer,viudo,universitario,jubilado,\N,1924.93,0,hipotecada,Valencia,activo
3204,2018-05-01,1983-07-11,hombre,casado,universitario,empleado,3.7,2819.05,1,alquiler,Vizcaya,activo
3205,2022-04-20,1986-09-06,hombre,soltero,secundaria,estudiante,0,822.34,1,propia,Sevilla,activo
3206,2020-03-06,1998-02-28,hombre,casado,universitario,empleado,8.6,2254.53,1,hipotecada,Barcelona,activo
3207,2009-09-14,1989-11-20,hombre,viudo,secundaria,autonomo,13.9,1398.56,0,hipotecada,A Coruña,activo
3208,2010-10-29,1991-07-24,hombre,divorciado,universitario,jubilado,\N,2449.99,3,propia,Madrid,activo
3209,2023-10-29,2003-03-28,mujer,soltero,universitario,empleado,5,4454.2,0,hipotecada,Barcelona,activo
3210,2021-11-12,1989-10-31,mujer,casado,formacion_profesional,empleado,4.4,1133.84,0,alquiler,Vizcaya,activo
3211,2012-10-10,1961-12-09,hombre,soltero,secundaria,autonomo,10.0,2678.97,1,familiar,Málaga,activo
3212,2022-02-08,1983-03-16,otro,divorciado,posgrado,autonomo,4.5,6269.66,1,alquiler,Madrid,activo
3213,2025-08-20,2001-07-06,mujer,viudo,universitario,empleado,6,4725.97,1,propia,Valencia,activo
3214,2018-12-03,1983-02-01,mujer,soltero,formacion_profesional,autonomo,7.7,6036.39,3,hipotecada,Valencia,activo
3215,2020-07-29,1985-01-24,mujer,viudo,formacion_profesional,empleado,0,1933.31,1,alquiler,Sevilla,activo
3216,2026-03-04,1956-06-03,mujer,soltero,secundaria,autonomo,4.0,1664.48,3,hipotecada,Alicante,activo
3217,2021-02-16,2000-02-24,hombre,casado,bachillerato,autonomo,8,1223.86,0,propia,A Coruña,activo
3218,2024-08-22,1981-10-29,hombre,divorciado,formacion_profesional,empleado,15.8,4514.06,0,alquiler,Alicante,inactivo
3219,2019-12-19,1994-09-19,hombre,viudo,universitario,jubilado,\N,2087.84,2,hipotecada,Málaga,activo
3220,2021-05-17,1992-10-12,mujer,divorciado,bachillerato,empleado,4.1,1916.08,0,propia,Vizcaya,activo
3221,2017-07-15,1993-02-04,hombre,casado,formacion_profesional,empleado,5.5,1878.95,0,alquiler,Zaragoza,activo
3222,2015-12-13,1995-08-03,mujer,divorciado,universitario,estudiante,0,186.98,1,alquiler,A Coruña,activo
3223,2008-09-01,1986-02-07,mujer,viudo,universitario,empleado,10.8,2239.52,1,familiar,Barcelona,activo
3224,2016-08-29,1956-05-20,mujer,soltero,posgrado,empleado,4.5,1844.2,0,alquiler,A Coruña,activo
3225,2014-11-02,1959-04-13,mujer,divorciado,universitario,empleado,3.4,1335.24,0,alquiler,Vizcaya,activo
3226,2018-10-18,1987-10-01,mujer,viudo,formacion_profesional,empleado,5.5,2208.83,3,hipotecada,Vizcaya,activo
3227,2006-10-15,1987-07-21,hombre,soltero,universitario,empleado,5.3,2026.87,0,propia,Barcelona,activo
3228,2026-06-11,2008-04-23,mujer,divorciado,posgrado,empleado,0,1021.12,1,hipotecada,Vizcaya,activo
3229,2014-07-01,1975-11-17,mujer,casado,formacion_profesional,empleado,9.5,1165.96,1,propia,Vizcaya,activo
3230,2020-06-21,1978-07-11,mujer,casado,bachillerato,empleado,8.7,2375.36,2,hipotecada,Vizcaya,activo
3231,2021-10-20,1974-06-02,mujer,divorciado,universitario,empleado,9.0,1196.98,0,alquiler,Málaga,activo
3232,2007-10-26,1979-08-30,mujer,soltero,bachillerato,empleado,6.1,2058.48,0,hipotecada,Madrid,activo
3233,2009-01-06,1990-12-19,hombre,viudo,secundaria,desempleado,0,1119.17,2,hipotecada,Alicante,activo
3234,2013-12-06,1973-12-25,mujer,soltero,universitario,empleado,6.4,3214.25,1,alquiler,Barcelona,activo
3235,2019-05-17,1998-05-16,hombre,casado,universitario,autonomo,10,4716.69,0,familiar,Zaragoza,activo
3236,2011-12-31,1961-07-28,hombre,viudo,bachillerato,empleado,9.2,2944.19,2,propia,Madrid,activo
3237,2023-01-03,1958-12-29,otro,soltero,secundaria,desempleado,1.8,200.63,2,alquiler,Vizcaya,inactivo
3238,2008-01-13,1959-08-26,mujer,casado,bachillerato,empleado,6.3,2881.61,0,alquiler,Zaragoza,activo
3239,2010-05-19,1966-12-08,mujer,divorciado,universitario,empleado,7.8,2342.31,2,alquiler,Vizcaya,activo
3240,2019-12-01,2001-06-09,mujer,soltero,formacion_profesional,estudiante,0,565.52,3,familiar,Valencia,activo
3241,2023-12-24,1998-12-06,hombre,divorciado,secundaria,empleado,5.2,2363.1,3,alquiler,Alicante,activo
3242,2022-07-15,1969-01-04,hombre,viudo,posgrado,empleado,8.4,2581.77,0,hipotecada,Valencia,activo
3243,2009-07-13,1984-04-08,mujer,viudo,universitario,empleado,12.0,1666.98,1,alquiler,Barcelona,activo
3244,2013-07-25,1982-02-24,hombre,soltero,posgrado,autonomo,2.9,2291.71,2,propia,Alicante,inactivo
3245,2024-09-14,2006-05-06,mujer,divorciado,secundaria,desempleado,4.0,970.15,1,hipotecada,Málaga,activo
3246,2010-11-11,1973-04-17,hombre,soltero,secundaria,autonomo,5.8,1712.8,0,propia,Valencia,activo
3247,2026-06-08,2008-04-04,mujer,soltero,universitario,autonomo,0,1047.52,0,propia,Sevilla,activo
3248,2007-08-13,1981-12-18,mujer,divorciado,formacion_profesional,empleado,0.2,2163.05,1,alquiler,Alicante,activo
3249,2024-08-18,1989-09-28,hombre,divorciado,bachillerato,jubilado,\N,2794.96,2,propia,Málaga,activo
3250,2015-06-06,1973-08-06,hombre,casado,posgrado,empleado,7.1,1495.78,3,hipotecada,Zaragoza,activo
3251,2025-11-05,2007-04-09,mujer,viudo,universitario,empleado,1,1726.57,0,hipotecada,Sevilla,activo
3252,2025-03-14,2005-07-12,hombre,casado,posgrado,empleado,2,2203.76,0,hipotecada,Sevilla,activo
3253,2026-05-21,2008-03-22,hombre,soltero,formacion_profesional,jubilado,\N,1628.71,0,alquiler,Madrid,activo
3254,2025-08-15,1980-02-02,mujer,divorciado,formacion_profesional,jubilado,\N,764.24,2,propia,Zaragoza,activo
3255,2010-08-24,1976-04-12,mujer,casado,posgrado,desempleado,0,718.22,1,hipotecada,Zaragoza,activo
3256,2011-04-10,1970-06-13,hombre,casado,bachillerato,empleado,10.9,2569.99,0,alquiler,Vizcaya,activo
3257,2026-02-27,1986-08-06,hombre,divorciado,formacion_profesional,empleado,16.5,2697.41,0,alquiler,A Coruña,activo
3258,2019-08-31,2001-01-05,hombre,soltero,formacion_profesional,empleado,7,3588.39,0,alquiler,Barcelona,activo
3259,2014-10-10,1986-09-19,hombre,soltero,bachillerato,empleado,2.7,1054.53,0,propia,Zaragoza,activo
3260,2013-07-17,1973-08-04,mujer,viudo,universitario,estudiante,0,1132.23,0,hipotecada,Madrid,activo
3261,2012-06-20,1978-04-03,hombre,soltero,universitario,desempleado,0,659.99,2,hipotecada,Madrid,activo
3262,2021-07-28,1960-12-31,mujer,divorciado,posgrado,empleado,0.6,1109.85,0,hipotecada,A Coruña,activo
3263,2019-08-18,1997-02-23,hombre,casado,secundaria,empleado,10.3,950,2,alquiler,Sevilla,activo
3264,2011-08-14,1974-05-27,mujer,casado,formacion_profesional,jubilado,\N,2144.95,0,alquiler,Málaga,activo
3265,2006-06-17,1980-08-23,mujer,divorciado,bachillerato,empleado,9.3,3217.49,0,familiar,Barcelona,activo
3266,2008-08-31,1983-12-27,hombre,viudo,formacion_profesional,autonomo,4.1,3844.65,0,hipotecada,Alicante,activo
3267,2019-01-26,1985-12-01,mujer,soltero,formacion_profesional,jubilado,\N,2038.99,0,propia,Madrid,activo
3268,2008-01-13,1986-05-06,mujer,divorciado,posgrado,empleado,0,3004.16,2,propia,Vizcaya,activo
3269,2023-09-05,2005-07-31,mujer,viudo,bachillerato,empleado,2,1854.51,0,propia,Barcelona,inactivo
3270,2008-11-18,1985-09-12,hombre,viudo,formacion_profesional,jubilado,\N,850.86,0,hipotecada,Barcelona,activo
3271,2020-01-21,1980-06-10,mujer,casado,secundaria,desempleado,1.0,964.46,0,hipotecada,Vizcaya,activo
3272,2022-03-04,1991-11-10,hombre,casado,formacion_profesional,empleado,0,2041.46,0,propia,Alicante,activo
3273,2017-09-18,1968-06-20,hombre,viudo,secundaria,empleado,5.4,1845.36,0,familiar,Barcelona,activo
3274,2006-10-12,1982-05-01,hombre,divorciado,universitario,estudiante,0,8.16,0,propia,Madrid,activo
3275,2007-05-11,1971-12-12,hombre,casado,bachillerato,autonomo,0,2420.39,2,hipotecada,Murcia,activo
3276,2026-05-18,2008-03-20,mujer,divorciado,formacion_profesional,estudiante,0,665.9,0,hipotecada,Valencia,activo
3277,2025-10-12,1982-01-28,mujer,casado,universitario,empleado,13.7,2291.55,1,alquiler,Barcelona,activo
3278,2005-05-03,1978-07-22,mujer,soltero,posgrado,jubilado,\N,1116.06,1,hipotecada,Málaga,activo
3279,2012-12-22,1994-05-31,mujer,soltero,posgrado,desempleado,0,441.25,0,alquiler,Valencia,activo
3280,2025-04-11,1999-01-26,hombre,casado,formacion_profesional,empleado,6.4,5999.85,0,alquiler,Madrid,activo
3281,2008-11-24,1974-08-05,mujer,divorciado,universitario,empleado,11.2,2366.89,1,hipotecada,Madrid,activo
3282,2025-08-02,2001-04-04,hombre,casado,universitario,autonomo,7,1712.82,0,alquiler,Vizcaya,activo
3283,2020-07-03,1968-10-12,mujer,casado,universitario,estudiante,0,815.92,0,propia,Sevilla,activo
3284,2015-03-12,1975-01-01,mujer,soltero,secundaria,empleado,14.9,1649.02,0,hipotecada,Valencia,activo
3285,2026-05-15,2008-05-02,mujer,viudo,universitario,empleado,0,3194.66,2,familiar,Madrid,activo
3286,2019-01-06,1984-02-29,hombre,viudo,bachillerato,empleado,6.9,2504.67,1,alquiler,Vizcaya,bloqueado
3287,2026-04-09,2008-03-17,hombre,viudo,formacion_profesional,desempleado,0,1316.93,0,hipotecada,Zaragoza,activo
3288,2022-02-05,2004-01-01,mujer,soltero,formacion_profesional,empleado,4,2572.71,0,familiar,Zaragoza,activo
3289,2025-10-26,1977-11-22,hombre,viudo,secundaria,empleado,6.9,3524.47,2,propia,Valencia,activo
3290,2026-06-20,2007-08-30,mujer,casado,formacion_profesional,empleado,0,1339.19,1,alquiler,A Coruña,activo
3291,2018-10-12,1995-06-24,mujer,viudo,formacion_profesional,empleado,5.3,3729.97,1,alquiler,Madrid,inactivo
3292,2009-03-23,1957-02-08,mujer,divorciado,universitario,desempleado,4.9,367.08,2,hipotecada,Valencia,activo
3293,2021-01-24,1968-06-04,hombre,viudo,formacion_profesional,empleado,2.7,3114.25,3,alquiler,Murcia,inactivo
3294,2026-05-05,1965-11-01,hombre,viudo,formacion_profesional,empleado,0,950,3,hipotecada,Valencia,activo
3295,2018-11-18,2000-04-04,hombre,casado,universitario,empleado,7.1,1196.26,0,propia,Valencia,activo
3296,2023-03-25,1977-05-12,mujer,divorciado,secundaria,autonomo,4.2,1169.18,1,alquiler,Barcelona,activo
3297,2019-11-08,1998-12-11,mujer,soltero,formacion_profesional,empleado,4.8,1417.17,2,hipotecada,Valencia,activo
3298,2025-12-08,1998-07-13,hombre,soltero,bachillerato,estudiante,0,0,0,alquiler,Valencia,activo
3299,2020-11-18,1994-12-02,hombre,viudo,posgrado,autonomo,7.3,6147.3,1,hipotecada,A Coruña,activo
3300,2025-03-18,1992-03-24,mujer,casado,bachillerato,empleado,5.4,3563.63,2,alquiler,Murcia,inactivo
3301,2023-10-05,2004-01-27,mujer,viudo,universitario,empleado,4,5918.38,1,hipotecada,A Coruña,activo
3302,2014-11-01,1979-01-14,hombre,casado,universitario,empleado,6.7,3092.28,0,propia,A Coruña,activo
3303,2008-09-21,1974-09-01,hombre,soltero,formacion_profesional,autonomo,8.4,3207.67,0,hipotecada,Valencia,activo
3304,2014-01-17,1963-10-23,mujer,viudo,formacion_profesional,autonomo,15.1,2456.98,0,propia,Málaga,activo
3305,2013-02-01,1973-11-27,mujer,soltero,universitario,empleado,10.5,2722.53,2,alquiler,Málaga,activo
3306,2024-10-07,1985-03-03,hombre,viudo,universitario,empleado,6.3,1915.17,3,propia,Barcelona,activo
3307,2013-10-11,1971-10-03,mujer,casado,bachillerato,jubilado,\N,1747.26,0,alquiler,Sevilla,activo
3308,2005-07-01,1975-03-20,mujer,viudo,formacion_profesional,empleado,3.6,2082.15,4,familiar,Barcelona,activo
3309,2016-08-27,1993-08-08,mujer,soltero,bachillerato,jubilado,\N,2216.48,0,alquiler,A Coruña,bloqueado
3310,2011-02-18,1960-01-05,hombre,viudo,universitario,autonomo,7.5,2725.42,1,hipotecada,Valencia,activo
3311,2009-12-27,1981-01-24,hombre,viudo,formacion_profesional,empleado,6.3,3138.98,0,hipotecada,Zaragoza,activo
3312,2021-10-27,1959-03-26,hombre,viudo,bachillerato,empleado,7.0,3537.44,2,familiar,Barcelona,activo
3313,2012-02-14,1987-11-02,hombre,divorciado,formacion_profesional,empleado,20,1275.13,2,hipotecada,Málaga,activo
3314,2024-12-15,2006-07-13,hombre,divorciado,secundaria,jubilado,\N,1705.33,0,alquiler,Murcia,activo
3315,2015-05-16,1992-10-31,mujer,divorciado,universitario,empleado,0,1991.12,3,hipotecada,Málaga,activo
3316,2023-07-06,1961-05-30,mujer,divorciado,posgrado,autonomo,9.5,1551.9,1,hipotecada,Alicante,activo
3317,2019-01-15,1976-02-24,hombre,divorciado,posgrado,desempleado,0,419.86,0,alquiler,Barcelona,activo
3318,2014-10-25,1989-02-06,hombre,divorciado,universitario,empleado,13.3,1671.26,1,hipotecada,Alicante,activo
3319,2020-01-12,2000-01-07,mujer,divorciado,secundaria,empleado,5.0,3388.24,0,hipotecada,A Coruña,activo
3320,2016-06-11,1976-08-10,hombre,soltero,universitario,autonomo,5.1,2378.37,0,propia,Madrid,activo
3321,2010-10-07,1971-01-13,hombre,soltero,secundaria,estudiante,0,297.73,1,alquiler,Murcia,activo
3322,2022-04-30,1982-12-16,mujer,viudo,secundaria,autonomo,18.9,4966.11,1,hipotecada,Vizcaya,activo
3323,2011-02-02,1973-03-03,mujer,casado,universitario,autonomo,19.0,3268.77,1,alquiler,Valencia,activo
3324,2006-05-13,1979-02-08,mujer,soltero,universitario,empleado,14.7,3448.22,1,alquiler,Sevilla,activo
3325,2026-01-15,1982-02-20,hombre,soltero,formacion_profesional,autonomo,9.0,2654.92,0,alquiler,Alicante,activo
3326,2009-09-20,1990-04-11,mujer,casado,posgrado,autonomo,1.1,4129.69,0,alquiler,Barcelona,activo
3327,2014-07-15,1985-12-09,mujer,viudo,formacion_profesional,empleado,11.0,2696.84,1,familiar,Valencia,activo
3328,2016-04-07,1963-05-24,mujer,viudo,formacion_profesional,empleado,4.8,1655.0,0,familiar,Murcia,activo
3329,2017-02-20,1990-05-09,mujer,divorciado,formacion_profesional,desempleado,2.4,1147.49,1,alquiler,Valencia,activo
3330,2018-05-28,1979-04-15,hombre,divorciado,bachillerato,empleado,11.1,2457.66,0,familiar,Murcia,activo
3331,2006-06-21,1971-05-13,mujer,soltero,formacion_profesional,empleado,0,2729.76,0,propia,Murcia,activo
3332,2022-05-05,1997-07-24,mujer,divorciado,bachillerato,empleado,7.9,2986.22,2,propia,Alicante,activo
3333,2005-03-08,1977-01-16,mujer,casado,universitario,estudiante,0,517.36,3,propia,Barcelona,activo
3334,2014-01-19,1964-07-08,mujer,viudo,formacion_profesional,empleado,17.3,3396.33,0,propia,Murcia,activo
3335,2021-04-10,1968-07-29,mujer,divorciado,formacion_profesional,empleado,7.1,2293.36,0,alquiler,Sevilla,activo
3336,2016-06-12,1976-08-19,hombre,divorciado,universitario,empleado,0,2046.0,0,familiar,Vizcaya,activo
3337,2025-11-17,1980-12-06,mujer,casado,universitario,jubilado,\N,1662.96,2,hipotecada,Alicante,activo
3338,2008-02-26,1973-02-10,mujer,casado,universitario,estudiante,0,96.44,1,propia,Valencia,activo
3339,2019-05-29,1985-03-14,mujer,soltero,universitario,autonomo,12.7,3074.3,1,hipotecada,Vizcaya,activo
3340,2026-05-17,2008-05-13,mujer,casado,universitario,jubilado,\N,1876.93,0,hipotecada,A Coruña,activo
3341,2013-04-12,1961-05-08,mujer,divorciado,universitario,estudiante,0,116.88,2,familiar,Murcia,inactivo
3342,2021-11-13,1977-09-17,hombre,soltero,secundaria,empleado,6.8,2521.69,0,familiar,Málaga,activo
3343,2023-01-12,1972-05-21,hombre,divorciado,bachillerato,autonomo,2.7,4371.04,0,propia,Barcelona,activo
3344,2017-11-18,1954-02-14,mujer,viudo,universitario,empleado,17.0,2821.08,1,familiar,A Coruña,activo
3345,2025-09-05,2007-08-17,hombre,casado,secundaria,empleado,0,1395.35,0,hipotecada,Zaragoza,activo
3346,2009-07-30,1971-08-11,hombre,soltero,secundaria,desempleado,4.1,798.0,0,propia,Sevilla,activo
3347,2005-05-28,1980-11-29,mujer,casado,bachillerato,empleado,0.7,1556.01,0,propia,A Coruña,activo
3348,2005-10-01,1962-12-02,mujer,divorciado,bachillerato,jubilado,\N,1437.64,2,hipotecada,Zaragoza,inactivo
3349,2021-09-17,1973-11-21,mujer,divorciado,posgrado,empleado,0,2564.12,2,alquiler,Málaga,activo
3350,2021-02-07,1996-12-02,hombre,divorciado,secundaria,empleado,9.2,2669.54,0,alquiler,Murcia,activo
3351,2026-05-21,1983-07-22,mujer,soltero,bachillerato,desempleado,4.1,1652.95,1,hipotecada,A Coruña,activo
3352,2016-02-29,1970-12-09,mujer,divorciado,universitario,empleado,9.2,1764.52,3,propia,Málaga,activo
3353,2020-03-08,1981-10-10,mujer,divorciado,formacion_profesional,autonomo,8.8,2971.29,2,hipotecada,A Coruña,activo
3354,2013-09-20,1991-06-08,hombre,viudo,universitario,empleado,0,1546.69,2,hipotecada,Vizcaya,activo
3355,2020-06-30,1996-11-09,hombre,soltero,universitario,empleado,11,2749.99,1,alquiler,Sevilla,activo
3356,2018-06-19,1989-05-23,mujer,divorciado,formacion_profesional,estudiante,0,116.62,0,hipotecada,Valencia,inactivo
3357,2012-02-05,1991-10-15,mujer,viudo,bachillerato,empleado,0.3,2700.83,0,hipotecada,Alicante,activo
3358,2019-11-16,1974-04-12,mujer,viudo,secundaria,jubilado,\N,1936.98,2,familiar,Madrid,activo
3359,2021-01-19,1999-04-30,mujer,divorciado,formacion_profesional,empleado,2.2,1603.79,0,propia,Málaga,activo
3360,2021-10-23,1982-12-06,hombre,divorciado,formacion_profesional,empleado,5.6,2066.53,0,familiar,Madrid,activo
3361,2009-08-24,1977-07-02,hombre,divorciado,universitario,empleado,7.0,2544.86,0,alquiler,Murcia,activo
3362,2021-04-22,1975-09-24,mujer,casado,universitario,autonomo,5.8,2714.01,0,propia,Murcia,activo
3363,2012-01-15,1985-06-02,mujer,soltero,formacion_profesional,jubilado,\N,2426.84,1,hipotecada,Madrid,bloqueado
3364,2024-07-22,2006-02-12,hombre,casado,secundaria,empleado,0,1188.46,0,hipotecada,Murcia,activo
3365,2026-05-21,1979-04-30,mujer,soltero,formacion_profesional,empleado,10.8,4362.7,3,alquiler,Vizcaya,activo
3366,2009-09-21,1987-12-25,hombre,divorciado,bachillerato,empleado,11.3,1436.31,0,hipotecada,Murcia,activo
3367,2016-12-29,1964-09-13,hombre,soltero,universitario,empleado,3.7,2726.0,0,propia,Málaga,activo
3368,2023-11-12,1976-01-11,hombre,divorciado,bachillerato,empleado,10.4,1738.94,3,propia,Valencia,activo
3369,2005-05-05,1984-06-22,hombre,casado,formacion_profesional,empleado,8.8,1692.35,0,alquiler,Madrid,activo
3370,2025-05-17,1969-07-26,hombre,viudo,universitario,empleado,5.9,2641.37,2,hipotecada,Vizcaya,activo
3371,2014-01-14,1964-01-03,hombre,viudo,universitario,autonomo,4.4,2052.79,0,hipotecada,A Coruña,activo
3372,2022-07-14,1994-07-08,hombre,soltero,universitario,autonomo,3.4,1378.85,1,alquiler,Zaragoza,inactivo
3373,2019-03-30,1950-12-31,hombre,divorciado,posgrado,empleado,10.6,2079.05,0,hipotecada,Sevilla,activo
3374,2026-05-18,2002-03-15,hombre,viudo,universitario,empleado,0,1871.45,0,hipotecada,Murcia,inactivo
3375,2018-12-18,1987-12-02,mujer,soltero,universitario,empleado,11.0,2180.28,4,propia,Murcia,activo
3376,2022-09-07,1998-02-28,mujer,soltero,bachillerato,empleado,5.5,1759.16,1,alquiler,Sevilla,activo
3377,2016-08-30,1991-01-28,mujer,viudo,secundaria,desempleado,0,1010.86,2,alquiler,Vizcaya,activo
3378,2018-07-22,1992-10-19,hombre,viudo,universitario,estudiante,0,574.94,1,hipotecada,Málaga,activo
3379,2006-05-11,1984-06-05,hombre,casado,formacion_profesional,empleado,3.2,2175.6,0,alquiler,Madrid,activo
3380,2011-12-11,1984-02-05,mujer,casado,formacion_profesional,empleado,1.9,2133.49,1,alquiler,Málaga,activo
3381,2014-05-15,1985-09-02,mujer,soltero,universitario,empleado,5.3,2236.5,0,hipotecada,Vizcaya,inactivo
3382,2019-11-25,1998-05-08,mujer,divorciado,universitario,empleado,10,1879.17,0,hipotecada,Madrid,activo
3383,2025-07-10,2005-11-07,mujer,divorciado,formacion_profesional,desempleado,3.1,1733.11,1,propia,Madrid,activo
3384,2007-05-05,1975-02-17,mujer,divorciado,formacion_profesional,empleado,8.4,1582.26,0,hipotecada,Málaga,activo
3385,2025-07-11,1970-08-05,mujer,viudo,formacion_profesional,empleado,8.5,1093.73,1,familiar,Alicante,activo
3386,2009-11-05,1986-02-12,hombre,divorciado,secundaria,empleado,9.7,950,2,alquiler,A Coruña,activo
3387,2021-08-05,1995-12-21,mujer,viudo,posgrado,empleado,10.1,3419.22,1,alquiler,Zaragoza,activo
3388,2007-08-19,1966-04-09,hombre,divorciado,universitario,autonomo,9.6,1585.88,4,alquiler,Zaragoza,activo
3389,2025-06-03,1954-12-15,hombre,divorciado,bachillerato,empleado,9.7,3577.85,0,alquiler,A Coruña,activo
3390,2022-12-14,1979-06-18,hombre,soltero,formacion_profesional,empleado,5.9,2986.07,1,familiar,Alicante,activo
3391,2023-10-06,1963-05-13,hombre,casado,posgrado,empleado,16.5,4680.46,0,alquiler,Zaragoza,activo
3392,2020-06-09,1996-05-20,hombre,soltero,posgrado,autonomo,7.2,1483.06,0,alquiler,Valencia,activo
3393,2025-11-20,1973-08-18,mujer,viudo,formacion_profesional,jubilado,\N,2189.6,2,alquiler,Vizcaya,activo
3394,2022-05-10,1983-10-26,mujer,soltero,secundaria,empleado,5.7,4441.39,1,propia,Sevilla,activo
3395,2025-12-15,1970-07-15,hombre,viudo,formacion_profesional,empleado,8.0,4076.22,0,propia,Málaga,inactivo
3396,2019-08-25,1975-12-10,hombre,soltero,bachillerato,empleado,0,1658.14,1,propia,Valencia,activo
3397,2021-04-04,1995-12-26,hombre,casado,bachillerato,empleado,9.5,1228.96,0,hipotecada,Alicante,activo
3398,2011-12-30,1971-06-14,mujer,divorciado,bachillerato,empleado,9.3,2026.1,3,propia,Madrid,activo
3399,2015-06-06,1982-10-24,hombre,soltero,formacion_profesional,estudiante,0,375.55,0,propia,Alicante,activo
3400,2026-04-17,1979-03-02,hombre,viudo,secundaria,empleado,0,962.64,0,alquiler,Zaragoza,activo
3401,2005-09-14,1978-09-01,hombre,casado,universitario,jubilado,\N,1598.47,0,alquiler,Barcelona,activo
3402,2016-05-30,1982-10-23,mujer,soltero,formacion_profesional,empleado,5.0,1300.57,0,alquiler,Valencia,activo
3403,2008-03-09,1982-08-25,mujer,divorciado,universitario,jubilado,\N,1486.17,0,alquiler,Alicante,activo
3404,2015-11-14,1970-07-19,mujer,casado,formacion_profesional,empleado,9.6,4932.54,3,propia,A Coruña,activo
3405,2016-11-22,1992-07-26,hombre,casado,universitario,empleado,5.7,1463.74,0,alquiler,Alicante,activo
3406,2014-03-22,1995-09-27,mujer,viudo,posgrado,empleado,11.1,1934.95,0,propia,Sevilla,activo
3407,2015-10-06,1991-06-23,mujer,divorciado,formacion_profesional,empleado,0.1,2126.79,0,propia,A Coruña,activo
3408,2020-05-15,1982-04-18,hombre,viudo,universitario,empleado,10.1,2951.1,0,hipotecada,Valencia,activo
3409,2023-07-27,2001-02-24,mujer,casado,universitario,autonomo,1.8,5534.39,0,alquiler,A Coruña,activo
3410,2019-02-23,1974-05-08,mujer,soltero,universitario,estudiante,0,226.68,0,alquiler,Madrid,activo
3411,2013-11-02,1985-03-04,mujer,casado,formacion_profesional,autonomo,16.4,3990.59,0,propia,Valencia,activo
3412,2013-10-31,1991-10-27,hombre,casado,universitario,empleado,0,1299.75,0,familiar,Málaga,activo
3413,2013-11-07,1986-07-26,hombre,divorciado,universitario,empleado,8.6,4014.22,0,hipotecada,Barcelona,activo
3414,2023-03-30,1980-11-24,hombre,divorciado,posgrado,autonomo,15.8,4266.46,0,alquiler,Barcelona,activo
3415,2026-01-23,1993-04-23,mujer,viudo,formacion_profesional,empleado,6.7,950,0,alquiler,Madrid,activo
3416,2018-01-06,1977-11-21,hombre,viudo,universitario,autonomo,0,4503.36,3,alquiler,A Coruña,activo
3417,2026-01-27,2001-05-23,hombre,viudo,bachillerato,empleado,1.3,3665.43,0,alquiler,A Coruña,activo
3418,2024-01-05,1980-05-08,hombre,casado,formacion_profesional,empleado,2.5,2129.57,0,propia,Alicante,activo
3419,2015-07-01,1977-10-19,hombre,soltero,universitario,empleado,9.7,1681.97,2,hipotecada,Murcia,activo
3420,2021-06-07,1976-07-23,hombre,viudo,bachillerato,estudiante,0,1042.21,1,alquiler,Barcelona,activo
3421,2017-02-14,1974-12-26,hombre,soltero,formacion_profesional,empleado,7.6,2288.37,2,propia,Zaragoza,activo
3422,2014-07-26,1974-08-03,hombre,viudo,bachillerato,autonomo,10.2,2537.92,1,hipotecada,Zaragoza,activo
3423,2013-01-15,1984-07-06,mujer,casado,formacion_profesional,estudiante,0,1141.14,2,propia,Alicante,activo
3424,2026-06-19,2007-07-14,mujer,divorciado,formacion_profesional,empleado,0,1904.42,1,alquiler,Madrid,activo
3425,2012-10-10,1976-01-27,mujer,soltero,formacion_profesional,empleado,12.3,2673.91,3,propia,Málaga,inactivo
3426,2016-04-15,1991-01-28,hombre,casado,formacion_profesional,empleado,5.1,2073.51,0,hipotecada,Alicante,activo
3427,2012-02-24,1978-06-25,mujer,casado,formacion_profesional,empleado,8.1,1255.96,1,propia,Murcia,activo
3428,2019-06-25,1987-11-30,mujer,divorciado,universitario,autonomo,1.4,3823.69,0,hipotecada,Alicante,activo
3429,2022-03-18,1994-08-31,mujer,soltero,universitario,empleado,3.2,1375.01,1,hipotecada,Vizcaya,activo
3430,2021-09-03,1966-01-21,mujer,soltero,universitario,autonomo,4.2,3223.72,1,propia,Zaragoza,activo
3431,2021-08-09,1999-11-12,mujer,divorciado,secundaria,empleado,8,1289.75,0,hipotecada,Murcia,activo
3432,2011-04-24,1974-01-09,hombre,divorciado,posgrado,empleado,10.5,1932.22,0,hipotecada,A Coruña,activo
3433,2022-12-08,1988-07-19,hombre,soltero,posgrado,empleado,9.6,2238.67,0,propia,A Coruña,activo
3434,2025-01-19,1967-03-13,hombre,soltero,posgrado,desempleado,0,822.98,1,alquiler,Murcia,activo
3435,2010-07-19,1952-12-03,mujer,divorciado,bachillerato,empleado,9.1,2228.04,0,hipotecada,Sevilla,activo
3436,2023-06-09,2000-11-27,mujer,divorciado,universitario,empleado,7,2195.85,0,alquiler,Sevilla,activo
3437,2026-01-04,2007-08-25,mujer,casado,universitario,jubilado,\N,1933.73,1,alquiler,Sevilla,activo
3438,2022-03-15,1997-05-30,hombre,divorciado,posgrado,empleado,3.1,2136.31,0,propia,A Coruña,activo
3439,2007-08-31,1964-07-05,hombre,viudo,bachillerato,empleado,3.3,3334.47,2,familiar,Vizcaya,activo
3440,2016-02-04,1956-12-28,hombre,divorciado,bachillerato,empleado,4.5,1578.99,0,alquiler,Alicante,activo
3441,2020-09-19,2002-03-04,hombre,soltero,universitario,jubilado,\N,1929.49,0,propia,Madrid,activo
3442,2024-11-16,2002-12-11,hombre,soltero,formacion_profesional,autonomo,5,3896.71,0,alquiler,A Coruña,activo
3443,2009-05-23,1988-04-14,mujer,soltero,secundaria,empleado,7.2,1564.98,0,hipotecada,Málaga,activo
3444,2016-08-16,1992-11-17,hombre,divorciado,formacion_profesional,estudiante,0,831.02,1,propia,Vizcaya,activo
3445,2015-11-05,1997-03-26,hombre,casado,universitario,empleado,0,3982.64,0,propia,Sevilla,activo
3446,2022-06-04,1981-02-25,hombre,soltero,universitario,estudiante,0,358.99,0,propia,Málaga,activo
3447,2019-03-07,1996-09-16,mujer,viudo,universitario,desempleado,0.9,499.72,0,hipotecada,Málaga,activo
3448,2019-05-01,1981-12-25,hombre,casado,posgrado,autonomo,6.4,2628.5,2,hipotecada,Madrid,inactivo
3449,2007-06-29,1961-11-10,mujer,soltero,universitario,empleado,4.9,5763.71,1,alquiler,Vizcaya,activo
3450,2017-03-15,1979-06-18,mujer,viudo,posgrado,desempleado,2.5,974.05,2,hipotecada,Madrid,activo
3451,2008-02-25,1986-07-21,mujer,viudo,formacion_profesional,desempleado,0,646.96,1,hipotecada,Barcelona,activo
3452,2021-04-08,2000-01-04,hombre,viudo,bachillerato,estudiante,0,323.55,0,hipotecada,Valencia,activo
3453,2008-03-24,1980-08-16,mujer,casado,universitario,empleado,14.7,2452.35,0,alquiler,Murcia,activo
3454,2010-06-02,1963-08-20,hombre,casado,formacion_profesional,empleado,15.1,1426.06,2,familiar,Zaragoza,activo
3455,2017-02-12,1969-01-30,mujer,casado,bachillerato,autonomo,0,8119.31,1,alquiler,Vizcaya,activo
3456,2009-11-02,1991-03-30,mujer,divorciado,universitario,empleado,10.7,2510.94,1,alquiler,Málaga,inactivo
3457,2015-10-26,1994-08-31,mujer,viudo,secundaria,empleado,5.7,1738.21,2,propia,Valencia,activo
3458,2015-03-27,1972-11-11,mujer,casado,universitario,empleado,14.0,2394.05,2,propia,Sevilla,activo
3459,2021-03-21,1974-05-07,hombre,viudo,bachillerato,empleado,13.8,2443.52,2,alquiler,Murcia,activo
3460,2011-10-25,1990-05-03,mujer,casado,bachillerato,empleado,11.2,2057.2,1,propia,Valencia,activo
3461,2014-08-19,1979-12-15,hombre,casado,secundaria,empleado,9.0,2323.34,0,propia,Málaga,activo
3462,2024-02-24,2003-01-05,hombre,casado,universitario,empleado,5,2496.24,0,hipotecada,A Coruña,activo
3463,2011-10-26,1953-09-13,hombre,casado,universitario,estudiante,0,802.8,0,alquiler,Sevilla,activo
3464,2023-06-17,1982-07-03,mujer,viudo,universitario,empleado,0,2887.88,0,familiar,Zaragoza,activo
3465,2016-09-09,1991-06-29,mujer,viudo,posgrado,empleado,1.8,1999.22,2,hipotecada,Barcelona,activo
3466,2012-01-09,1968-06-28,hombre,viudo,universitario,empleado,10.9,1981.64,0,propia,Vizcaya,activo
3467,2013-11-30,1959-07-14,mujer,soltero,universitario,empleado,9.5,1901.41,2,propia,Valencia,activo
3468,2019-05-04,1981-08-12,mujer,casado,universitario,empleado,2.5,2450.69,0,propia,Málaga,activo
3469,2025-02-21,1986-04-23,hombre,soltero,bachillerato,empleado,16.2,2222.5,2,hipotecada,Zaragoza,activo
3470,2018-06-03,1986-09-18,hombre,divorciado,universitario,empleado,15.3,3485.53,2,hipotecada,A Coruña,inactivo
3471,2023-02-09,1995-05-28,mujer,casado,bachillerato,empleado,0,1667.4,2,hipotecada,Zaragoza,activo
3472,2020-07-18,1945-09-11,hombre,soltero,bachillerato,empleado,14.4,2341.7,0,alquiler,A Coruña,activo
3473,2023-02-09,1992-06-17,mujer,divorciado,secundaria,empleado,8.6,1378.94,1,hipotecada,Zaragoza,activo
3474,2015-06-02,1992-10-07,hombre,divorciado,bachillerato,empleado,3.8,2577.78,1,hipotecada,Málaga,activo
3475,2017-03-26,1972-03-27,mujer,casado,formacion_profesional,empleado,0,3385.37,1,propia,Zaragoza,activo
3476,2019-11-30,1988-04-30,hombre,viudo,universitario,empleado,11.2,1621.62,0,alquiler,Alicante,activo
3477,2014-01-06,1984-07-16,mujer,casado,universitario,empleado,6.0,2878.98,0,propia,Vizcaya,activo
3478,2022-06-01,1976-01-22,mujer,viudo,universitario,desempleado,0,1688.52,3,hipotecada,Valencia,activo
3479,2021-05-03,1989-11-30,hombre,soltero,formacion_profesional,desempleado,2.7,1185.2,1,propia,Vizcaya,activo
3480,2012-09-29,1994-04-28,mujer,divorciado,formacion_profesional,empleado,2.4,2723.92,0,alquiler,Alicante,activo
3481,2016-06-07,1993-11-02,mujer,casado,bachillerato,autonomo,5.3,6001.53,1,alquiler,Vizcaya,activo
3482,2006-11-28,1986-07-12,hombre,soltero,universitario,empleado,3.3,2313.47,1,hipotecada,Barcelona,activo
3483,2018-09-07,1975-11-01,hombre,soltero,universitario,empleado,9.5,2507.29,0,alquiler,Murcia,activo
3484,2015-12-26,1966-04-17,mujer,soltero,universitario,empleado,1.1,2980.48,0,hipotecada,Sevilla,activo
3485,2024-01-16,1987-06-06,mujer,soltero,universitario,empleado,4.3,1689.55,1,alquiler,Vizcaya,activo
3486,2012-12-03,1959-09-04,mujer,soltero,universitario,empleado,13.0,1877.11,2,hipotecada,Valencia,bloqueado
3487,2012-04-14,1992-02-11,otro,soltero,bachillerato,empleado,6.8,2946.4,2,alquiler,Málaga,activo
3488,2023-11-01,1983-06-01,hombre,casado,bachillerato,empleado,8.3,2843.03,0,familiar,Vizcaya,activo
3489,2022-01-18,1973-04-08,hombre,divorciado,posgrado,empleado,10.4,4013.15,3,alquiler,Barcelona,activo
3490,2019-03-21,1955-06-27,hombre,viudo,universitario,empleado,13.8,1401.84,3,hipotecada,Alicante,activo
3491,2020-12-27,1988-01-10,hombre,divorciado,secundaria,desempleado,0,1475.42,0,hipotecada,Barcelona,activo
3492,2011-01-28,1967-03-01,mujer,soltero,universitario,empleado,1.6,2557.14,2,alquiler,Vizcaya,activo
3493,2026-06-30,2007-09-05,mujer,soltero,formacion_profesional,empleado,0,2705.26,0,propia,Málaga,activo
3494,2020-03-24,1979-04-28,hombre,divorciado,formacion_profesional,empleado,1.0,3195.13,3,alquiler,Zaragoza,activo
3495,2015-09-30,1990-10-26,mujer,viudo,formacion_profesional,empleado,8.4,4636.68,2,alquiler,Madrid,activo
3496,2018-09-10,1976-09-17,mujer,viudo,formacion_profesional,empleado,9.1,1901.93,2,alquiler,A Coruña,activo
3497,2015-12-10,1986-03-13,hombre,divorciado,posgrado,empleado,10.4,3040.11,2,familiar,Madrid,activo
3498,2024-02-09,1974-03-18,mujer,casado,secundaria,empleado,9.2,1011.18,0,alquiler,Barcelona,inactivo
3499,2015-11-01,1968-08-28,mujer,viudo,posgrado,empleado,7.3,4851.02,3,propia,Zaragoza,activo
3500,2007-03-06,1973-04-10,hombre,casado,posgrado,jubilado,\N,700,0,familiar,Valencia,activo
3501,2020-03-10,1990-05-17,mujer,soltero,universitario,empleado,5.4,5168.06,0,familiar,A Coruña,activo
3502,2011-01-24,1978-08-18,mujer,divorciado,formacion_profesional,empleado,11.7,2632.96,0,hipotecada,Sevilla,activo
3503,2011-05-14,1968-03-26,mujer,casado,bachillerato,empleado,4.8,2127.61,0,propia,Sevilla,activo
3504,2022-12-04,1987-08-15,mujer,viudo,bachillerato,desempleado,1.6,948.05,1,alquiler,Sevilla,activo
3505,2019-10-02,1970-06-29,hombre,casado,universitario,empleado,12.4,3232.51,3,hipotecada,Murcia,activo
3506,2013-03-16,1978-04-06,mujer,casado,formacion_profesional,empleado,8.8,1968.09,0,propia,Málaga,activo
3507,2007-01-27,1988-04-01,mujer,casado,secundaria,empleado,13.8,2489.9,0,familiar,A Coruña,activo
3508,2019-03-08,1999-12-31,hombre,divorciado,bachillerato,empleado,8,950,3,familiar,Valencia,activo
3509,2022-10-13,1997-05-02,hombre,viudo,formacion_profesional,estudiante,0,722.11,0,propia,Madrid,activo
3510,2021-10-31,1969-12-02,hombre,casado,universitario,empleado,7.6,2141.32,1,hipotecada,Murcia,activo
3511,2021-09-17,1958-05-15,hombre,casado,universitario,autonomo,6.0,2755.99,0,propia,Valencia,activo
3512,2008-01-04,1979-11-01,mujer,casado,posgrado,empleado,10.1,1641.29,1,hipotecada,Madrid,activo
3513,2005-07-21,1978-11-18,hombre,divorciado,bachillerato,empleado,9.4,1914.35,0,familiar,A Coruña,activo
3514,2012-07-20,1976-12-11,mujer,casado,universitario,jubilado,\N,2092.79,2,alquiler,Barcelona,activo
3515,2026-05-11,1986-08-31,mujer,divorciado,bachillerato,desempleado,2.0,1252.47,0,familiar,Murcia,activo
3516,2010-09-26,1971-04-11,hombre,divorciado,universitario,empleado,8.7,2090.81,3,alquiler,Málaga,activo
3517,2025-11-04,1990-12-31,hombre,casado,formacion_profesional,empleado,6.5,1706.66,0,hipotecada,Vizcaya,activo
3518,2018-10-31,1992-06-04,hombre,viudo,posgrado,empleado,13.8,2134.6,0,propia,Barcelona,activo
3519,2009-12-04,1990-11-24,hombre,divorciado,bachillerato,empleado,11.9,1953.11,0,propia,Madrid,activo
3520,2021-02-22,1995-05-15,hombre,soltero,universitario,empleado,2.6,2687.28,2,alquiler,Zaragoza,activo
3521,2023-10-20,1997-10-04,mujer,viudo,bachillerato,autonomo,3.6,2440.2,2,alquiler,Málaga,activo
3522,2026-04-15,1995-04-10,mujer,divorciado,secundaria,autonomo,11.4,1996.87,0,hipotecada,Murcia,activo
3523,2024-05-01,1969-10-06,hombre,soltero,universitario,autonomo,17.1,1944.21,0,alquiler,Murcia,activo
3524,2025-02-07,1993-10-06,mujer,casado,formacion_profesional,empleado,8.7,4963.97,0,propia,Murcia,activo
3525,2015-07-25,1997-05-07,mujer,viudo,bachillerato,estudiante,0,557.62,1,propia,Vizcaya,activo
3526,2024-10-14,2005-10-25,mujer,soltero,formacion_profesional,empleado,2,1374.37,0,hipotecada,Málaga,activo
3527,2018-12-12,1978-05-06,mujer,casado,formacion_profesional,jubilado,\N,2103.17,3,alquiler,Madrid,activo
3528,2017-09-30,1967-12-15,mujer,divorciado,secundaria,desempleado,4.6,973.19,2,familiar,Murcia,activo
3529,2021-10-31,1975-06-14,hombre,viudo,formacion_profesional,empleado,8.5,2081.23,0,hipotecada,Murcia,activo
3530,2022-12-27,1978-11-30,mujer,soltero,secundaria,empleado,14.0,1542.36,0,familiar,A Coruña,activo
3531,2011-07-21,1961-11-02,hombre,viudo,formacion_profesional,empleado,2.2,2466.59,0,hipotecada,Vizcaya,activo
3532,2025-06-03,1976-10-04,hombre,soltero,posgrado,empleado,7.1,1620.19,0,hipotecada,Valencia,activo
3533,2017-07-21,1984-12-10,mujer,soltero,posgrado,desempleado,4.9,579.34,0,hipotecada,Vizcaya,activo
3534,2026-06-02,2007-05-28,mujer,viudo,universitario,empleado,1,1677.72,0,propia,Barcelona,activo
3535,2018-10-08,1984-02-07,mujer,divorciado,universitario,empleado,10.3,3012.45,2,familiar,A Coruña,activo
3536,2022-09-16,1999-01-14,hombre,divorciado,bachillerato,empleado,9,1409.26,1,alquiler,A Coruña,activo
3537,2012-02-03,1964-12-13,hombre,soltero,formacion_profesional,empleado,2.4,5440.86,3,alquiler,Zaragoza,activo
3538,2024-06-17,2004-08-18,mujer,casado,bachillerato,empleado,3,3125.71,0,hipotecada,Zaragoza,activo
3539,2017-05-14,1988-02-04,hombre,viudo,formacion_profesional,empleado,4.5,1510.98,1,hipotecada,Murcia,activo
3540,2023-07-15,2002-02-07,hombre,divorciado,universitario,empleado,6,1412.65,3,propia,A Coruña,activo
3541,2014-05-13,1982-12-16,mujer,viudo,posgrado,empleado,9.2,1795.49,1,alquiler,A Coruña,inactivo
3542,2006-07-29,1970-08-29,hombre,divorciado,posgrado,estudiante,0,474.7,2,familiar,Zaragoza,activo
3543,2020-11-07,1991-08-09,mujer,casado,universitario,desempleado,0,744.33,0,familiar,Murcia,activo
3544,2015-06-12,1976-04-06,hombre,casado,bachillerato,empleado,9.1,2547.68,0,hipotecada,Valencia,activo
3545,2012-03-09,1974-11-25,mujer,divorciado,posgrado,empleado,0,3326.29,0,hipotecada,Zaragoza,activo
3546,2026-03-23,1998-03-26,hombre,divorciado,universitario,autonomo,1.8,3452.47,0,familiar,A Coruña,activo
3547,2022-08-18,1992-03-19,hombre,casado,formacion_profesional,jubilado,\N,2780.48,0,familiar,Sevilla,inactivo
3548,2023-02-23,1980-10-10,hombre,divorciado,formacion_profesional,empleado,11.9,2802.55,0,familiar,Valencia,activo
3549,2025-11-21,2003-03-10,mujer,soltero,universitario,autonomo,0,2838.97,0,propia,Zaragoza,activo
3550,2011-09-13,1991-06-27,hombre,soltero,universitario,jubilado,\N,1244.16,2,hipotecada,Sevilla,activo
3551,2008-08-07,1974-02-11,hombre,soltero,formacion_profesional,empleado,8.6,1263.35,2,familiar,Murcia,activo
3552,2024-11-23,1973-12-24,mujer,soltero,secundaria,empleado,3.8,4173.02,2,familiar,Vizcaya,activo
3553,2017-12-21,1980-08-05,hombre,viudo,bachillerato,estudiante,0,539.95,0,hipotecada,Alicante,activo
3554,2021-04-17,1993-04-17,hombre,casado,posgrado,autonomo,14.6,3542.68,2,hipotecada,Murcia,activo
3555,2011-11-02,1991-08-07,mujer,viudo,posgrado,empleado,8.8,1145.97,0,propia,Málaga,activo
3556,2021-03-06,1961-11-21,mujer,divorciado,universitario,estudiante,0,0,0,hipotecada,Málaga,activo
3557,2023-09-13,1968-03-19,hombre,divorciado,universitario,estudiante,0,498.15,1,propia,Vizcaya,activo
3558,2024-08-10,1987-01-23,mujer,viudo,posgrado,empleado,0,2339.15,0,propia,Vizcaya,activo
3559,2019-08-14,1968-04-09,mujer,casado,posgrado,empleado,5.2,3221.09,1,alquiler,Zaragoza,inactivo
3560,2026-01-13,1984-08-01,mujer,viudo,formacion_profesional,empleado,5.9,1599.32,0,alquiler,Málaga,activo
3561,2014-04-11,1995-08-03,mujer,viudo,universitario,autonomo,12,2327.4,0,hipotecada,Sevilla,activo
3562,2025-10-11,1982-02-27,mujer,casado,universitario,jubilado,\N,2202.94,2,hipotecada,Sevilla,activo
3563,2026-06-11,2007-03-30,mujer,soltero,bachillerato,empleado,1,2027.08,2,alquiler,Málaga,activo
3564,2024-11-04,1997-10-23,hombre,viudo,bachillerato,empleado,10,1799.32,2,propia,Vizcaya,activo
3565,2023-09-02,1981-01-31,hombre,viudo,posgrado,empleado,9.6,1600.44,0,alquiler,Murcia,activo
3566,2024-10-29,1973-07-15,mujer,divorciado,universitario,empleado,5.5,1589.36,1,propia,Valencia,activo
3567,2010-08-01,1987-10-27,hombre,casado,secundaria,empleado,9.6,2776.78,2,hipotecada,Valencia,activo
3568,2019-10-31,1969-09-30,hombre,divorciado,bachillerato,autonomo,5.5,2613.62,1,hipotecada,Valencia,activo
3569,2005-10-23,1965-12-31,otro,divorciado,posgrado,desempleado,0,1025.37,1,hipotecada,Vizcaya,activo
3570,2017-09-06,1970-01-13,hombre,soltero,secundaria,estudiante,0,556.19,2,alquiler,Vizcaya,activo
3571,2012-01-02,1969-01-19,hombre,soltero,universitario,jubilado,\N,2149.55,0,hipotecada,Alicante,activo
3572,2008-10-22,1963-02-24,mujer,viudo,secundaria,empleado,5.6,1996.49,1,hipotecada,Madrid,activo
3573,2021-06-24,1975-11-18,hombre,divorciado,universitario,desempleado,0,1015.82,0,familiar,Málaga,activo
3574,2015-05-31,1975-06-29,hombre,viudo,universitario,autonomo,6.2,4121.48,0,hipotecada,Zaragoza,activo
3575,2014-01-02,1972-05-12,hombre,divorciado,formacion_profesional,empleado,2.6,950,2,alquiler,Vizcaya,activo
3576,2015-03-02,1978-06-02,hombre,viudo,universitario,jubilado,\N,1281.54,0,alquiler,Alicante,activo
3577,2020-02-11,1969-08-06,hombre,viudo,formacion_profesional,empleado,8.4,2235.31,0,hipotecada,Sevilla,activo
3578,2016-02-19,1968-02-21,hombre,viudo,secundaria,empleado,13.4,1530.52,1,propia,Barcelona,activo
3579,2025-05-09,2004-06-27,hombre,casado,formacion_profesional,empleado,4,2003.32,2,alquiler,Vizcaya,activo
3580,2023-04-17,2004-09-17,hombre,viudo,formacion_profesional,jubilado,\N,1252.65,1,propia,Vizcaya,activo
3581,2015-03-30,1967-12-28,mujer,casado,formacion_profesional,empleado,5.4,3749.01,0,alquiler,Barcelona,activo
3582,2016-08-30,1993-08-20,hombre,soltero,universitario,empleado,13.6,1439.53,1,hipotecada,Murcia,activo
3583,2010-05-15,1969-05-02,mujer,divorciado,formacion_profesional,empleado,3.2,4306.78,1,propia,Murcia,inactivo
3584,2024-12-26,1995-05-15,hombre,divorciado,secundaria,estudiante,0,806.33,0,propia,Barcelona,activo
3585,2019-11-06,1999-01-14,mujer,divorciado,bachillerato,empleado,8.5,1729.31,0,hipotecada,Madrid,activo
3586,2021-01-02,1979-06-25,hombre,divorciado,universitario,empleado,10.8,3808.31,1,alquiler,Zaragoza,activo
3587,2007-11-12,1987-04-20,hombre,viudo,posgrado,empleado,10.6,2471.31,0,propia,Madrid,activo
3588,2022-04-05,1973-03-11,mujer,viudo,formacion_profesional,empleado,4.3,1460.08,1,alquiler,A Coruña,activo
3589,2017-03-27,1965-03-10,hombre,divorciado,universitario,empleado,3.3,1642.3,1,hipotecada,Vizcaya,activo
3590,2010-08-02,1966-08-08,mujer,viudo,formacion_profesional,empleado,0,1878.09,2,alquiler,Alicante,activo
3591,2024-08-30,1980-06-09,hombre,viudo,formacion_profesional,empleado,0,2198.24,0,hipotecada,Murcia,activo
3592,2024-05-05,1985-06-13,hombre,casado,posgrado,autonomo,19.6,1592.56,0,propia,Madrid,activo
3593,2005-10-16,1977-02-10,mujer,viudo,bachillerato,empleado,17.9,1170.59,1,hipotecada,Valencia,activo
3594,2006-10-16,1971-03-15,hombre,divorciado,formacion_profesional,autonomo,0,2448.05,3,hipotecada,Murcia,activo
3595,2017-08-16,1987-11-04,mujer,divorciado,formacion_profesional,empleado,0,3588.27,1,alquiler,Barcelona,activo
3596,2015-04-11,1960-05-17,hombre,soltero,posgrado,jubilado,\N,2342.54,1,alquiler,Valencia,activo
3597,2023-01-05,1976-09-11,mujer,viudo,formacion_profesional,empleado,0.2,2669.0,0,hipotecada,Vizcaya,activo
3598,2016-10-12,1943-09-12,mujer,divorciado,secundaria,empleado,4.4,1617.84,4,propia,Valencia,activo
3599,2013-05-22,1968-12-04,hombre,divorciado,formacion_profesional,desempleado,2.9,969.1,0,propia,A Coruña,activo
3600,2024-05-09,1983-11-30,mujer,viudo,universitario,autonomo,6.7,3307.6,0,alquiler,Valencia,activo
3601,2024-12-07,1998-07-11,mujer,viudo,universitario,empleado,9,2004.81,2,familiar,Sevilla,activo
3602,2012-09-22,1970-04-30,mujer,divorciado,bachillerato,autonomo,4.3,3944.02,1,familiar,Valencia,activo
3603,2005-09-19,1959-06-06,mujer,casado,bachillerato,empleado,12.0,988.29,0,propia,Valencia,activo
3604,2006-05-28,1981-01-22,mujer,viudo,universitario,empleado,0,2416.74,2,alquiler,Málaga,activo
3605,2026-03-25,1986-04-19,mujer,soltero,universitario,autonomo,14.3,6058.69,2,alquiler,A Coruña,activo
3606,2010-04-17,1966-11-28,hombre,viudo,universitario,empleado,2.8,1046.56,0,familiar,Zaragoza,activo
3607,2024-10-10,2003-05-15,mujer,viudo,universitario,empleado,5,1738.07,0,alquiler,Sevilla,activo
3608,2016-06-22,1979-11-17,mujer,casado,universitario,empleado,1.0,2982.02,0,hipotecada,A Coruña,activo
3609,2026-06-13,2008-05-17,hombre,divorciado,posgrado,empleado,0,1501.94,2,propia,Madrid,activo
3610,2026-04-15,2002-03-10,mujer,divorciado,universitario,empleado,6,2414.7,0,propia,Vizcaya,inactivo
3611,2017-03-05,1985-11-30,mujer,soltero,bachillerato,autonomo,4.0,4187.51,0,alquiler,Valencia,activo
3612,2023-12-26,1996-12-19,hombre,viudo,universitario,empleado,11,2133.5,1,familiar,Zaragoza,activo
3613,2005-02-04,1985-03-13,hombre,casado,formacion_profesional,empleado,9.7,2209.74,0,alquiler,Sevilla,activo
3614,2022-11-23,1972-07-11,hombre,soltero,formacion_profesional,empleado,9.3,3270.81,3,alquiler,Alicante,activo
3615,2015-11-13,1993-11-26,mujer,soltero,formacion_profesional,empleado,4.0,2692.69,1,propia,Madrid,activo
3616,2010-09-21,1979-04-19,mujer,viudo,universitario,empleado,4.7,4112.93,0,hipotecada,Sevilla,activo
3617,2019-03-07,1996-08-21,mujer,casado,formacion_profesional,empleado,2.0,1719.0,1,propia,Murcia,activo
3618,2017-07-02,1979-03-16,hombre,casado,bachillerato,estudiante,0,251.97,3,propia,A Coruña,activo
3619,2019-03-04,1975-07-03,mujer,viudo,posgrado,empleado,7.8,1305.54,0,propia,A Coruña,activo
3620,2005-09-07,1963-12-07,hombre,viudo,bachillerato,autonomo,13.6,7048.75,0,propia,Madrid,activo
3621,2014-01-24,1978-11-13,hombre,viudo,secundaria,empleado,8.5,2918.79,3,familiar,A Coruña,activo
3622,2026-06-14,2008-06-07,hombre,casado,universitario,autonomo,0,1433.47,2,alquiler,Alicante,activo
3623,2010-10-01,1984-04-11,mujer,divorciado,universitario,empleado,1.7,1741.28,0,propia,Vizcaya,activo
3624,2023-10-30,1988-12-03,hombre,viudo,universitario,empleado,10.7,1405.34,0,hipotecada,Zaragoza,activo
3625,2022-03-03,1981-10-30,mujer,casado,formacion_profesional,empleado,6.7,1758.3,0,hipotecada,Zaragoza,activo
3626,2022-05-18,1981-10-05,hombre,casado,universitario,estudiante,0,1109.73,2,familiar,Zaragoza,activo
3627,2005-05-15,1982-07-13,hombre,casado,formacion_profesional,jubilado,\N,2112.1,0,hipotecada,Zaragoza,activo
3628,2010-01-23,1979-02-12,mujer,viudo,secundaria,desempleado,1.0,1228.01,4,propia,Murcia,activo
3629,2014-12-22,1986-08-10,hombre,soltero,universitario,empleado,0.6,1685.97,0,alquiler,Sevilla,activo
3630,2016-02-22,1983-04-17,mujer,viudo,universitario,empleado,8.3,2112.18,0,hipotecada,A Coruña,activo
3631,2025-02-14,1983-06-12,mujer,soltero,posgrado,empleado,13.2,1778.49,1,alquiler,Barcelona,activo
3632,2016-03-03,1964-06-11,hombre,divorciado,posgrado,empleado,17.4,3022.02,1,propia,A Coruña,activo
3633,2024-06-09,1977-04-18,mujer,divorciado,bachillerato,empleado,5.2,1925.16,0,propia,A Coruña,activo
3634,2019-09-18,1977-12-21,hombre,soltero,formacion_profesional,empleado,0.8,2033.06,0,alquiler,A Coruña,activo
3635,2021-07-21,1970-01-03,hombre,casado,formacion_profesional,autonomo,4.4,5013.8,1,propia,Barcelona,activo
3636,2011-07-15,1976-10-25,otro,viudo,universitario,empleado,1.3,3884.83,0,hipotecada,Vizcaya,activo
3637,2017-03-25,1977-04-24,mujer,casado,secundaria,empleado,10.2,2579.76,1,hipotecada,Vizcaya,activo
3638,2016-08-25,1987-05-24,hombre,soltero,bachillerato,empleado,11.6,950,1,alquiler,Málaga,activo
3639,2019-06-19,1988-10-03,otro,viudo,secundaria,empleado,1.0,3752.86,3,hipotecada,Murcia,activo
3640,2024-08-11,2004-07-14,hombre,soltero,universitario,empleado,0,2073.79,0,familiar,Madrid,activo
3641,2018-02-09,1976-06-27,mujer,casado,universitario,autonomo,2.8,1666.17,2,familiar,Sevilla,activo
3642,2019-02-04,1979-12-11,hombre,divorciado,universitario,empleado,6.2,1343.32,2,hipotecada,Zaragoza,activo
3643,2022-04-12,1996-11-23,mujer,soltero,posgrado,empleado,0.9,3041.94,2,alquiler,Málaga,activo
3644,2023-12-01,1981-09-13,mujer,viudo,universitario,empleado,9.8,2682.0,0,propia,Barcelona,activo
3645,2016-02-25,1968-02-12,hombre,soltero,bachillerato,empleado,7.9,1173.63,0,hipotecada,Valencia,activo
3646,2025-11-25,1981-08-11,mujer,casado,formacion_profesional,empleado,12.4,3899.09,0,familiar,Madrid,activo
3647,2021-07-20,1980-03-22,hombre,divorciado,formacion_profesional,estudiante,0,983.25,1,alquiler,Vizcaya,activo
3648,2024-03-05,2002-06-13,hombre,divorciado,posgrado,jubilado,\N,2277.7,0,hipotecada,Sevilla,activo
3649,2014-02-26,1994-12-23,mujer,divorciado,formacion_profesional,jubilado,\N,1627.12,2,propia,Madrid,activo
3650,2022-12-13,1968-07-01,mujer,divorciado,bachillerato,empleado,5.7,1027.9,2,alquiler,A Coruña,inactivo
3651,2019-07-08,1991-05-06,hombre,divorciado,formacion_profesional,empleado,3.2,3508.09,0,hipotecada,Zaragoza,activo
3652,2013-12-13,1980-07-15,mujer,soltero,bachillerato,empleado,17.1,3843.78,0,propia,Málaga,activo
3653,2025-01-20,1961-03-03,hombre,divorciado,universitario,desempleado,3.2,474.79,0,propia,Alicante,activo
3654,2012-01-01,1975-05-13,hombre,casado,bachillerato,empleado,0.5,1391.04,1,hipotecada,Barcelona,activo
3655,2009-06-24,1970-08-13,hombre,divorciado,formacion_profesional,empleado,8.8,3543.14,0,alquiler,Murcia,activo
3656,2022-09-10,1978-09-09,hombre,viudo,universitario,empleado,8.3,1695.73,2,hipotecada,Zaragoza,activo
3657,2026-03-25,2007-10-07,mujer,viudo,formacion_profesional,autonomo,0,4064.24,0,alquiler,Málaga,activo
3658,2022-12-05,2001-11-14,hombre,viudo,formacion_profesional,empleado,6,2029.07,0,alquiler,Madrid,activo
3659,2007-10-19,1966-12-16,hombre,divorciado,secundaria,empleado,8.5,1737.92,1,familiar,Valencia,activo
3660,2007-05-06,1978-02-02,hombre,viudo,bachillerato,empleado,19.8,1506.37,2,familiar,Málaga,activo
3661,2012-04-19,1982-01-25,mujer,divorciado,formacion_profesional,empleado,5.2,1290.09,0,hipotecada,Alicante,activo
3662,2026-03-14,1975-07-16,hombre,soltero,universitario,empleado,11.8,1569.06,0,alquiler,Madrid,activo
3663,2011-09-30,1993-08-18,mujer,soltero,bachillerato,empleado,14,2414.22,3,hipotecada,Zaragoza,activo
3664,2016-12-08,1962-01-14,mujer,casado,universitario,desempleado,0.5,0,0,alquiler,Barcelona,activo
3665,2010-10-09,1973-09-30,mujer,viudo,universitario,empleado,2.0,2470.32,0,familiar,Madrid,activo
3666,2025-10-25,1974-11-10,hombre,soltero,bachillerato,empleado,0.9,1762.19,0,hipotecada,Barcelona,activo
3667,2011-08-24,1991-10-13,mujer,casado,universitario,desempleado,0.1,297.91,0,propia,Murcia,activo
3668,2008-09-24,1982-03-29,mujer,viudo,posgrado,empleado,3.6,2168.05,0,alquiler,Madrid,activo
3669,2020-07-13,1992-02-18,mujer,divorciado,posgrado,empleado,4.4,950,1,familiar,A Coruña,activo
3670,2017-02-01,1994-11-04,hombre,soltero,universitario,autonomo,3.2,3486.72,0,hipotecada,A Coruña,activo
3671,2020-10-10,1992-07-04,mujer,soltero,universitario,empleado,6.2,1868.6,2,alquiler,Alicante,activo
3672,2024-02-19,1990-01-23,hombre,viudo,bachillerato,empleado,3.4,3232.09,2,hipotecada,A Coruña,activo
3673,2025-10-25,2007-07-29,mujer,divorciado,formacion_profesional,empleado,0,2237.5,1,familiar,A Coruña,activo
3674,2018-12-30,1999-04-07,hombre,divorciado,formacion_profesional,empleado,3.9,2498.94,0,propia,Vizcaya,activo
3675,2024-11-25,1982-07-22,hombre,casado,secundaria,empleado,1.8,1814.31,0,propia,Valencia,activo
3676,2019-05-18,1987-04-27,mujer,divorciado,bachillerato,empleado,5.1,1040.41,0,alquiler,Vizcaya,activo
3677,2021-12-13,2000-03-13,hombre,viudo,posgrado,empleado,7.9,2878.15,1,familiar,Vizcaya,activo
3678,2015-05-14,1994-07-12,mujer,divorciado,bachillerato,empleado,13,1956.61,3,propia,Barcelona,activo
3679,2009-05-23,1976-10-23,mujer,casado,posgrado,autonomo,9.2,1951.31,2,propia,Barcelona,inactivo
3680,2015-09-03,1983-12-30,hombre,casado,universitario,desempleado,2.0,667.04,1,propia,Barcelona,activo
3681,2013-02-24,1986-01-08,mujer,soltero,bachillerato,empleado,3.6,2385.51,0,propia,Valencia,activo
3682,2019-07-19,1992-04-23,hombre,divorciado,universitario,autonomo,10.3,3510.41,0,propia,Barcelona,activo
3683,2024-05-01,1975-09-26,mujer,divorciado,universitario,empleado,2.7,2615.27,2,propia,Valencia,inactivo
3684,2016-02-17,1994-03-22,mujer,casado,bachillerato,autonomo,10.4,2319.07,2,alquiler,A Coruña,activo
3685,2014-12-20,1985-01-07,hombre,divorciado,bachillerato,empleado,5.0,2123.04,1,familiar,Vizcaya,activo
3686,2019-02-17,1985-04-09,hombre,viudo,formacion_profesional,empleado,1.7,1883.99,4,familiar,A Coruña,activo
3687,2017-07-30,1983-07-10,hombre,soltero,posgrado,empleado,6.2,2468.62,0,hipotecada,Málaga,activo
3688,2025-10-26,2006-07-17,mujer,soltero,bachillerato,empleado,1,1588.68,1,propia,Zaragoza,activo
3689,2016-08-28,1963-01-15,hombre,casado,formacion_profesional,autonomo,15.6,4468.03,0,hipotecada,A Coruña,activo
3690,2026-05-22,2007-10-18,hombre,soltero,formacion_profesional,desempleado,3.3,1517.82,1,familiar,Madrid,activo
3691,2021-07-16,1988-07-01,mujer,viudo,universitario,autonomo,16.0,1092.45,0,hipotecada,Málaga,activo
3692,2006-10-03,1973-03-20,mujer,viudo,formacion_profesional,empleado,1.0,1821.13,1,alquiler,Vizcaya,bloqueado
3693,2026-05-14,2007-08-13,otro,divorciado,bachillerato,jubilado,\N,1802.69,1,familiar,Sevilla,activo
3694,2022-04-12,2001-05-10,hombre,viudo,bachillerato,empleado,7,2715.84,2,familiar,Madrid,activo
3695,2025-01-30,1975-08-16,mujer,soltero,formacion_profesional,empleado,13.2,2445.36,2,hipotecada,Málaga,activo
3696,2011-07-19,1978-05-08,mujer,casado,posgrado,empleado,9.0,3363.27,0,hipotecada,Sevilla,activo
3697,2010-09-18,1982-12-01,hombre,divorciado,bachillerato,empleado,4.3,1896.54,1,familiar,Alicante,activo
3698,2024-02-02,2004-06-24,mujer,viudo,universitario,empleado,4,1983.4,0,alquiler,Valencia,activo
3699,2022-10-19,1969-11-11,mujer,soltero,bachillerato,desempleado,1.4,1382.01,0,alquiler,Alicante,activo
3700,2026-06-13,2008-04-10,hombre,soltero,universitario,empleado,0,2049.55,1,hipotecada,A Coruña,activo
3701,2009-10-13,1969-08-02,hombre,viudo,secundaria,empleado,9.6,2102.49,2,alquiler,Málaga,activo
3702,2025-08-29,1974-10-29,hombre,soltero,formacion_profesional,empleado,4.8,1969.71,0,propia,Madrid,activo
3703,2012-07-20,1952-03-27,hombre,divorciado,posgrado,jubilado,\N,1802.85,1,propia,Sevilla,activo
3704,2018-05-05,1978-05-15,hombre,casado,formacion_profesional,empleado,8.0,1711.51,1,alquiler,Barcelona,activo
3705,2024-10-13,2003-06-22,mujer,divorciado,universitario,estudiante,0,1185.2,1,propia,Barcelona,bloqueado
3706,2014-05-26,1992-01-07,hombre,viudo,formacion_profesional,estudiante,0,919.82,1,hipotecada,Sevilla,activo
3707,2020-05-06,1995-01-28,mujer,divorciado,formacion_profesional,empleado,13,2260.55,0,alquiler,Valencia,activo
3708,2017-09-29,1974-08-22,mujer,divorciado,bachillerato,empleado,1.0,1859.96,0,hipotecada,Murcia,activo
3709,2005-02-23,1962-01-31,mujer,soltero,formacion_profesional,jubilado,\N,1750.59,0,propia,Málaga,activo
3710,2005-03-10,1985-03-18,hombre,casado,bachillerato,estudiante,0,1037.69,0,hipotecada,Sevilla,activo
3711,2014-06-03,1994-02-21,mujer,viudo,bachillerato,estudiante,0,280.31,1,familiar,Málaga,activo
3712,2009-03-16,1967-05-25,mujer,divorciado,bachillerato,jubilado,\N,2757.28,0,alquiler,Vizcaya,inactivo
3713,2026-05-08,1997-08-22,hombre,viudo,universitario,empleado,0.2,2607.69,1,propia,Barcelona,activo
3714,2016-04-01,1987-04-25,mujer,viudo,secundaria,empleado,3.8,2689.98,2,hipotecada,Alicante,inactivo
3715,2022-05-08,1991-08-27,hombre,divorciado,universitario,empleado,2.0,1575.46,1,alquiler,Barcelona,activo
3716,2017-03-21,1961-03-16,hombre,divorciado,universitario,empleado,5.7,1411.25,2,propia,Barcelona,inactivo
3717,2013-07-31,1982-12-19,mujer,viudo,universitario,empleado,0.5,4600.28,1,propia,Vizcaya,activo
3718,2026-06-17,2008-06-08,mujer,soltero,secundaria,empleado,0,3021.65,2,propia,Murcia,inactivo
3719,2008-02-13,1976-08-02,mujer,divorciado,universitario,estudiante,0,1292.26,2,hipotecada,Valencia,activo
3720,2018-11-08,1990-06-12,hombre,casado,universitario,empleado,5.4,950,0,hipotecada,Zaragoza,activo
3721,2019-01-20,1964-02-28,hombre,viudo,universitario,autonomo,11.8,3382.09,2,alquiler,Murcia,activo
3722,2016-03-30,1994-10-01,mujer,viudo,formacion_profesional,empleado,10.4,1883.9,2,alquiler,Málaga,activo
3723,2011-01-28,1979-11-08,hombre,divorciado,universitario,empleado,2.3,2991.84,0,hipotecada,Barcelona,activo
3724,2020-11-06,2002-04-19,mujer,casado,posgrado,empleado,2.9,2345.01,0,propia,Barcelona,activo
3725,2020-10-28,1953-09-07,hombre,casado,secundaria,empleado,7.0,2632.98,3,alquiler,Madrid,activo
3726,2017-10-26,1960-02-08,hombre,casado,formacion_profesional,jubilado,\N,1743.07,0,hipotecada,A Coruña,activo
3727,2005-02-18,1973-08-02,hombre,viudo,secundaria,empleado,12.5,3837.05,1,alquiler,Sevilla,activo
3728,2011-02-15,1948-03-31,mujer,viudo,bachillerato,desempleado,0,698.5,0,propia,Barcelona,activo
3729,2015-12-29,1986-03-22,mujer,casado,formacion_profesional,empleado,6.0,3229.12,0,hipotecada,A Coruña,activo
3730,2015-11-06,1995-02-14,hombre,soltero,formacion_profesional,autonomo,1.7,3845.96,0,hipotecada,Málaga,activo
3731,2014-03-18,1962-11-21,mujer,soltero,universitario,desempleado,3.8,770.59,2,propia,Madrid,activo
3732,2007-04-08,1962-08-03,mujer,divorciado,universitario,jubilado,\N,1136.0,1,hipotecada,Vizcaya,activo
3733,2023-11-09,1987-05-01,hombre,divorciado,bachillerato,jubilado,\N,1902.09,0,alquiler,A Coruña,activo
3734,2018-04-14,1966-10-13,hombre,soltero,formacion_profesional,empleado,5.9,2590.86,1,hipotecada,Alicante,activo
3735,2017-08-01,1968-12-09,hombre,viudo,posgrado,empleado,8.7,1745.95,1,alquiler,A Coruña,activo
3736,2011-11-22,1972-03-05,mujer,viudo,bachillerato,empleado,18.8,1973.45,1,propia,Vizcaya,activo
3737,2026-02-13,1944-04-07,hombre,divorciado,universitario,empleado,10.4,1680.61,0,propia,Málaga,activo
3738,2021-10-17,1989-10-01,mujer,soltero,universitario,empleado,13.0,1561.88,0,familiar,A Coruña,activo
3739,2020-03-02,1999-08-24,mujer,casado,universitario,empleado,8,1995.78,0,propia,Murcia,activo
3740,2015-09-11,1979-05-26,mujer,viudo,formacion_profesional,empleado,0,2550.81,1,hipotecada,Valencia,activo
3741,2016-09-17,1972-08-28,mujer,viudo,universitario,empleado,0,2400.1,3,hipotecada,Sevilla,activo
3742,2006-04-02,1981-02-19,hombre,casado,universitario,empleado,3.2,1692.64,0,alquiler,Sevilla,activo
3743,2026-04-23,1992-06-17,mujer,divorciado,universitario,jubilado,\N,1338.4,0,familiar,Barcelona,activo
3744,2023-08-05,2005-03-23,mujer,viudo,formacion_profesional,estudiante,0,728.07,0,hipotecada,Alicante,activo
3745,2020-08-24,1983-05-11,mujer,soltero,universitario,empleado,12.4,1800.19,0,alquiler,Madrid,activo
3746,2015-03-30,1977-07-10,hombre,divorciado,secundaria,empleado,0,2990.8,0,alquiler,Alicante,activo
3747,2023-04-19,1995-01-11,mujer,soltero,secundaria,desempleado,6.5,1167.84,2,hipotecada,Madrid,activo
3748,2021-01-31,1995-07-12,mujer,viudo,bachillerato,empleado,3.5,2730.93,1,hipotecada,Zaragoza,activo
3749,2012-09-28,1973-04-21,mujer,divorciado,universitario,empleado,9.3,5427.97,2,hipotecada,Alicante,activo
3750,2019-09-11,1990-05-28,hombre,casado,bachillerato,empleado,0,3808.87,2,hipotecada,Murcia,activo
3751,2013-05-19,1986-09-28,mujer,casado,secundaria,empleado,6.3,2804.32,0,propia,Madrid,activo
3752,2011-12-18,1988-06-06,mujer,soltero,secundaria,empleado,0,3129.12,3,alquiler,Zaragoza,activo
3753,2017-05-05,1991-11-22,hombre,divorciado,universitario,autonomo,6.4,1617.43,2,propia,Murcia,activo
3754,2017-08-23,1984-08-26,mujer,casado,universitario,empleado,12.5,1956.04,2,alquiler,Málaga,activo
3755,2025-10-21,2001-10-02,hombre,viudo,posgrado,empleado,6,1233.24,1,alquiler,Murcia,activo
3756,2009-02-26,1985-01-19,mujer,divorciado,universitario,empleado,3.9,3420.19,2,hipotecada,A Coruña,activo
3757,2026-06-26,2007-11-07,mujer,viudo,secundaria,empleado,0,3465.5,0,propia,Vizcaya,activo
3758,2012-07-30,1961-11-01,mujer,viudo,formacion_profesional,jubilado,\N,2262.67,0,familiar,Zaragoza,activo
3759,2007-04-11,1980-06-18,mujer,divorciado,posgrado,empleado,8.7,4024.45,0,propia,Sevilla,activo
3760,2023-10-05,1969-02-09,mujer,soltero,posgrado,empleado,4.7,2742.81,2,alquiler,Málaga,activo
3761,2008-12-20,1966-12-14,hombre,casado,formacion_profesional,empleado,8.6,2356.44,0,propia,Madrid,activo
3762,2019-10-28,1970-10-18,hombre,casado,universitario,empleado,5.5,1718.69,1,familiar,Madrid,activo
3763,2012-03-21,1969-08-30,mujer,viudo,universitario,empleado,11.5,2558.16,2,propia,A Coruña,activo
3764,2020-08-04,1974-05-23,mujer,divorciado,formacion_profesional,estudiante,0,198.22,3,alquiler,Murcia,activo
3765,2023-11-04,1992-06-21,hombre,soltero,formacion_profesional,empleado,8.1,1496.2,4,hipotecada,A Coruña,activo
3766,2012-09-14,1979-07-07,hombre,divorciado,universitario,empleado,1.5,1768.33,2,familiar,Murcia,activo
3767,2014-09-24,1960-12-22,hombre,soltero,secundaria,empleado,9.8,1674.72,1,propia,Murcia,activo
3768,2021-11-22,1999-07-04,mujer,casado,bachillerato,autonomo,8,2590.65,2,alquiler,Murcia,activo
3769,2017-05-26,1989-12-25,hombre,divorciado,formacion_profesional,empleado,0,2430.3,0,propia,Vizcaya,activo
3770,2016-05-26,1963-08-26,mujer,divorciado,formacion_profesional,jubilado,\N,1607.04,0,alquiler,Zaragoza,activo
3771,2026-02-24,2007-07-20,mujer,divorciado,formacion_profesional,empleado,0,1994.28,0,hipotecada,A Coruña,activo
3772,2017-07-20,1971-07-24,mujer,casado,formacion_profesional,jubilado,\N,2137.09,0,propia,Murcia,activo
3773,2016-11-23,1976-10-27,hombre,viudo,universitario,empleado,6.0,1445.14,0,alquiler,Barcelona,activo
3774,2009-05-03,1966-06-21,mujer,viudo,posgrado,empleado,19.4,2589.68,0,hipotecada,Vizcaya,activo
3775,2022-10-28,1983-10-16,mujer,soltero,universitario,empleado,8.7,1745.54,0,hipotecada,Murcia,activo
3776,2026-06-13,2005-09-30,mujer,divorciado,bachillerato,empleado,2,2023.39,2,propia,Málaga,activo
3777,2020-03-06,1980-05-25,hombre,soltero,universitario,estudiante,0,607.48,1,hipotecada,Alicante,activo
3778,2019-12-22,1990-07-28,mujer,divorciado,universitario,empleado,10.1,950,0,hipotecada,Murcia,activo
3779,2024-09-24,2006-06-12,hombre,soltero,universitario,jubilado,\N,1928.86,1,propia,Alicante,activo
3780,2020-06-21,1994-12-22,mujer,divorciado,secundaria,empleado,3.3,3248.51,0,alquiler,Valencia,activo
3781,2026-02-06,1971-06-29,mujer,soltero,secundaria,desempleado,5.0,1354.52,2,propia,Málaga,activo
3782,2010-09-12,1986-10-01,hombre,divorciado,universitario,empleado,6.0,4241.83,0,propia,Vizcaya,activo
3783,2009-03-23,1971-05-28,mujer,divorciado,universitario,empleado,16.4,2643.71,0,propia,A Coruña,activo
3784,2013-10-01,1985-02-11,hombre,divorciado,formacion_profesional,empleado,6.9,3301.23,0,hipotecada,Alicante,inactivo
3785,2009-04-02,1978-08-04,mujer,divorciado,universitario,empleado,8.8,2456.17,0,familiar,Madrid,activo
3786,2025-04-23,1994-06-16,mujer,divorciado,formacion_profesional,empleado,4.1,4028.89,2,familiar,Vizcaya,activo
3787,2017-05-31,1957-09-01,hombre,casado,formacion_profesional,empleado,0.1,3521.99,2,alquiler,A Coruña,activo
3788,2020-05-17,1975-05-15,hombre,casado,universitario,empleado,1.1,1649.36,2,alquiler,Barcelona,activo
3789,2012-04-13,1979-06-15,hombre,soltero,universitario,empleado,12.8,1449.6,0,hipotecada,Murcia,bloqueado
3790,2015-10-31,1996-08-20,hombre,viudo,formacion_profesional,autonomo,8.1,1941.05,2,alquiler,Valencia,activo
3791,2026-03-04,2007-10-02,otro,divorciado,universitario,empleado,0,5891.2,4,propia,Alicante,activo
3792,2021-10-03,1968-06-02,hombre,divorciado,universitario,empleado,5.5,1943.38,1,hipotecada,Vizcaya,activo
3793,2025-06-12,1977-05-14,mujer,casado,universitario,empleado,10.2,2473.37,0,propia,Sevilla,inactivo
3794,2007-06-29,1966-02-14,mujer,viudo,formacion_profesional,empleado,7.8,2876.3,0,hipotecada,Valencia,activo
3795,2023-05-09,1976-07-01,mujer,divorciado,universitario,empleado,3.5,1653.52,0,hipotecada,Alicante,activo
3796,2007-08-18,1975-03-16,mujer,viudo,posgrado,autonomo,0,1785.23,2,alquiler,Málaga,activo
3797,2016-07-08,1966-12-23,mujer,viudo,bachillerato,empleado,5.7,2332.66,0,propia,Valencia,activo
3798,2026-03-29,1989-06-13,mujer,casado,bachillerato,empleado,1.7,2745.27,0,hipotecada,Valencia,activo
3799,2005-09-12,1967-09-24,mujer,viudo,secundaria,empleado,4.4,2045.8,2,hipotecada,Zaragoza,activo
3800,2025-08-07,2000-07-16,mujer,casado,formacion_profesional,empleado,3.7,4099.05,2,propia,A Coruña,activo
3801,2024-12-15,1985-05-24,mujer,casado,bachillerato,empleado,8.0,2212.69,0,familiar,Zaragoza,activo
3802,2017-02-25,1981-06-09,mujer,soltero,formacion_profesional,empleado,15.3,2376.56,4,alquiler,Murcia,activo
3803,2011-06-01,1963-05-15,mujer,soltero,universitario,empleado,13.5,2272.32,0,familiar,Sevilla,activo
3804,2024-10-20,2005-11-28,mujer,soltero,bachillerato,empleado,2,1922.29,2,familiar,Sevilla,activo
3805,2006-03-12,1981-01-03,mujer,casado,universitario,empleado,7.7,950,0,hipotecada,Madrid,activo
3806,2008-06-19,1964-01-04,mujer,divorciado,formacion_profesional,desempleado,1.4,567.31,3,alquiler,Vizcaya,activo
3807,2013-07-01,1977-11-30,hombre,soltero,secundaria,empleado,0,2694.78,0,familiar,Madrid,activo
3808,2023-02-13,2004-07-08,mujer,casado,formacion_profesional,empleado,3,3687.28,1,propia,Valencia,activo
3809,2012-04-17,1968-04-16,hombre,casado,universitario,desempleado,0.4,1488.46,1,propia,Sevilla,activo
3810,2007-08-06,1986-06-08,hombre,viudo,secundaria,empleado,3.1,1346.19,0,hipotecada,Madrid,activo
3811,2006-12-08,1954-08-29,hombre,divorciado,formacion_profesional,estudiante,0,812.81,0,hipotecada,A Coruña,activo
3812,2016-05-26,1976-01-28,mujer,soltero,posgrado,autonomo,22.6,2120.7,1,familiar,Zaragoza,inactivo
3813,2023-09-09,1998-06-06,mujer,casado,secundaria,empleado,1.4,2146.12,0,familiar,Sevilla,activo
3814,2016-01-07,1985-03-24,mujer,soltero,secundaria,empleado,0.7,2739.65,0,propia,Vizcaya,activo
3815,2011-09-10,1968-07-19,mujer,casado,posgrado,estudiante,0,867.67,1,hipotecada,Zaragoza,activo
3816,2011-06-15,1987-11-14,hombre,soltero,formacion_profesional,empleado,7.5,4486.28,0,hipotecada,A Coruña,activo
3817,2014-11-25,1991-09-09,mujer,soltero,formacion_profesional,empleado,7.3,1788.86,1,propia,Barcelona,activo
3818,2020-12-31,2002-12-15,mujer,casado,universitario,empleado,5,1886.96,2,propia,Barcelona,activo
3819,2024-04-26,1995-01-22,hombre,casado,universitario,empleado,0,1448.75,0,propia,Málaga,activo
3820,2026-06-22,2008-04-23,mujer,divorciado,universitario,empleado,0,1908.16,1,alquiler,Sevilla,activo
3821,2022-11-30,1984-02-11,hombre,casado,formacion_profesional,empleado,11.4,1977.23,1,alquiler,Sevilla,activo
3822,2016-12-29,1975-01-03,otro,casado,bachillerato,empleado,8.1,2954.93,0,alquiler,Barcelona,activo
3823,2018-05-21,1988-10-14,mujer,casado,formacion_profesional,empleado,0,3140.16,0,familiar,Murcia,activo
3824,2016-05-08,1968-11-16,hombre,soltero,posgrado,desempleado,0.9,173.5,2,propia,Murcia,activo
3825,2025-02-26,1968-05-17,hombre,viudo,posgrado,jubilado,\N,1538.14,0,alquiler,Murcia,activo
3826,2012-03-01,1982-01-22,mujer,soltero,bachillerato,empleado,6.2,2403.37,0,propia,Valencia,activo
3827,2011-03-14,1966-05-01,mujer,casado,universitario,desempleado,0.7,556.87,0,hipotecada,A Coruña,activo
3828,2017-07-12,1976-08-09,hombre,viudo,posgrado,estudiante,0,928.68,2,propia,Sevilla,activo
3829,2022-04-23,1997-02-03,mujer,soltero,formacion_profesional,empleado,0.8,2540.2,2,hipotecada,Vizcaya,activo
3830,2026-03-05,1983-12-10,mujer,soltero,formacion_profesional,empleado,3.7,2812.63,2,alquiler,Barcelona,activo
3831,2018-10-19,2000-08-23,mujer,casado,universitario,estudiante,0,323.04,2,alquiler,Alicante,activo
3832,2023-01-07,1971-08-10,mujer,soltero,formacion_profesional,desempleado,0,1200.15,0,hipotecada,A Coruña,activo
3833,2021-05-06,1963-04-12,mujer,divorciado,formacion_profesional,autonomo,19.3,2509.43,2,familiar,Málaga,activo
3834,2021-06-13,1978-09-29,hombre,casado,universitario,empleado,4.7,3291.16,3,hipotecada,Vizcaya,activo
3835,2013-05-04,1994-06-22,mujer,casado,universitario,estudiante,0,414.18,0,propia,Sevilla,activo
3836,2010-05-11,1962-09-15,hombre,divorciado,formacion_profesional,empleado,14.1,3909.41,0,alquiler,Vizcaya,activo
3837,2016-10-31,1992-12-24,hombre,casado,bachillerato,desempleado,1.6,1592.12,0,propia,Madrid,activo
3838,2024-06-09,1993-11-18,otro,casado,universitario,empleado,2.4,3268.91,2,hipotecada,Zaragoza,inactivo
3839,2013-12-08,1978-10-19,mujer,viudo,universitario,empleado,0,1509.35,1,alquiler,Barcelona,activo
3840,2014-05-13,1973-06-25,mujer,divorciado,universitario,empleado,0.5,3102.64,0,alquiler,Murcia,activo
3841,2024-09-21,1994-06-29,hombre,soltero,universitario,jubilado,\N,2655.01,0,hipotecada,Valencia,activo
3842,2024-08-17,1988-01-21,mujer,soltero,posgrado,empleado,12.9,1778.42,0,propia,Alicante,activo
3843,2022-04-29,1964-07-10,mujer,viudo,secundaria,empleado,4.1,2114.1,1,familiar,Sevilla,activo
3844,2014-07-05,1978-12-10,mujer,casado,universitario,empleado,8.8,1313.22,0,propia,Barcelona,activo
3845,2025-12-11,1959-09-23,hombre,soltero,posgrado,autonomo,1.6,3073.02,0,hipotecada,Murcia,activo
3846,2025-03-02,1982-10-27,hombre,soltero,universitario,autonomo,10.6,4624.45,2,propia,Sevilla,activo
3847,2013-03-03,1963-01-08,hombre,casado,formacion_profesional,empleado,0,1566.0,0,propia,Alicante,activo
3848,2005-06-12,1987-01-12,hombre,soltero,secundaria,empleado,1.2,3236.99,0,alquiler,Alicante,activo
3849,2011-04-12,1992-11-06,mujer,viudo,formacion_profesional,desempleado,0,1188.17,2,propia,Sevilla,activo
3850,2017-11-02,1999-02-16,hombre,divorciado,bachillerato,empleado,9,1909.3,0,familiar,A Coruña,activo
3851,2022-12-16,1997-06-22,mujer,divorciado,universitario,empleado,11,1235.64,3,alquiler,Barcelona,activo
3852,2008-04-01,1976-03-18,mujer,viudo,universitario,jubilado,\N,1863.77,1,familiar,Málaga,activo
3853,2016-08-01,1982-03-02,hombre,soltero,posgrado,empleado,5.3,2159.23,2,hipotecada,Sevilla,activo
3854,2020-11-07,1987-09-14,hombre,viudo,formacion_profesional,autonomo,13.7,1747.6,0,hipotecada,Barcelona,bloqueado
3855,2021-11-26,1988-05-05,hombre,casado,secundaria,estudiante,0,221.3,3,propia,Valencia,activo
3856,2017-09-04,1997-02-28,hombre,viudo,secundaria,empleado,11,2453.89,0,hipotecada,Barcelona,activo
3857,2015-08-06,1973-05-13,hombre,viudo,bachillerato,empleado,7.0,2982.96,0,hipotecada,Murcia,activo
3858,2021-02-10,1974-04-21,hombre,divorciado,secundaria,empleado,11.0,1261.28,3,hipotecada,Murcia,activo
3859,2021-12-16,1982-05-15,mujer,casado,formacion_profesional,desempleado,0.7,323.37,1,alquiler,Valencia,activo
3860,2013-06-03,1981-03-23,mujer,viudo,posgrado,empleado,4.9,2178.64,0,propia,Valencia,activo
3861,2010-08-29,1982-04-21,hombre,soltero,bachillerato,empleado,9.7,2030.67,2,propia,Málaga,activo
3862,2023-03-15,1987-10-08,hombre,divorciado,universitario,empleado,9.3,2921.86,0,alquiler,Málaga,activo
3863,2012-09-20,1981-06-29,mujer,casado,bachillerato,empleado,10.9,1350.71,0,propia,Valencia,activo
3864,2017-01-22,1986-07-27,hombre,soltero,universitario,autonomo,19.3,1931.24,1,hipotecada,A Coruña,activo
3865,2024-03-12,1995-02-16,mujer,viudo,bachillerato,empleado,8.4,2272.53,0,hipotecada,Madrid,activo
3866,2009-03-14,1972-04-03,mujer,casado,formacion_profesional,empleado,10.2,2109.39,1,propia,Valencia,activo
3867,2018-02-02,1994-10-09,mujer,soltero,formacion_profesional,empleado,9.0,3165.77,2,propia,Murcia,activo
3868,2024-04-10,2000-08-30,mujer,divorciado,universitario,empleado,0,2336.29,0,propia,Zaragoza,activo
3869,2014-02-12,1991-05-21,hombre,soltero,secundaria,empleado,1.8,2500.6,3,hipotecada,Valencia,activo
3870,2023-12-06,1974-04-22,mujer,divorciado,universitario,empleado,12.9,950,1,hipotecada,Málaga,activo
3871,2010-03-16,1976-06-13,hombre,soltero,universitario,empleado,5.7,2161.24,0,propia,Alicante,activo
3872,2009-04-02,1990-12-18,hombre,soltero,universitario,empleado,6.3,3935.98,1,propia,Zaragoza,activo
3873,2024-04-17,1975-08-05,mujer,soltero,universitario,empleado,8.6,2550.47,1,propia,A Coruña,activo
3874,2023-09-06,1975-01-31,hombre,divorciado,universitario,jubilado,\N,1531.45,2,hipotecada,Madrid,activo
3875,2017-12-01,1982-08-27,hombre,viudo,universitario,empleado,4.2,1383.95,0,hipotecada,Murcia,activo
3876,2024-04-19,1972-07-29,mujer,viudo,universitario,empleado,8.9,4020.29,2,hipotecada,Madrid,activo
3877,2023-03-22,1944-08-27,hombre,casado,posgrado,empleado,11.0,3178.81,0,hipotecada,Barcelona,activo
3878,2019-02-28,1995-03-20,mujer,viudo,formacion_profesional,empleado,3.0,1653.21,0,hipotecada,Barcelona,activo
3879,2009-12-18,1962-07-25,mujer,divorciado,universitario,empleado,6.2,1951.36,3,hipotecada,Barcelona,activo
3880,2021-08-04,1999-12-16,hombre,soltero,bachillerato,autonomo,1.2,2009.06,0,propia,Murcia,activo
3881,2020-09-12,1981-06-30,hombre,casado,bachillerato,empleado,6.4,2907.8,2,hipotecada,Sevilla,activo
3882,2025-08-18,1976-02-16,mujer,viudo,formacion_profesional,empleado,10.9,2596.98,1,hipotecada,Zaragoza,activo
3883,2012-10-08,1969-05-04,mujer,casado,bachillerato,empleado,9.2,1467.17,3,hipotecada,Málaga,activo
3884,2023-08-16,2002-06-16,hombre,casado,secundaria,empleado,5.6,1910.73,1,alquiler,Valencia,activo
3885,2017-10-15,1994-06-22,hombre,viudo,bachillerato,autonomo,11.8,2567.82,1,alquiler,Madrid,activo
3886,2008-01-09,1987-09-10,mujer,soltero,universitario,empleado,8.7,2011.2,2,alquiler,Murcia,bloqueado
3887,2013-01-06,1985-07-12,mujer,viudo,universitario,autonomo,12.6,1895.65,1,alquiler,A Coruña,activo
3888,2026-06-07,1972-11-06,mujer,soltero,formacion_profesional,empleado,6.2,5029.54,0,familiar,Vizcaya,activo
3889,2019-01-25,1952-07-05,mujer,soltero,formacion_profesional,autonomo,0,2466.47,0,alquiler,Sevilla,activo
3890,2025-08-02,1975-01-11,hombre,viudo,formacion_profesional,empleado,6.3,1078.88,2,propia,Zaragoza,activo
3891,2016-04-12,1972-11-12,hombre,soltero,secundaria,estudiante,0,296.5,0,hipotecada,Valencia,activo
3892,2024-10-10,1978-11-16,mujer,viudo,universitario,empleado,2.7,2194.66,0,familiar,Zaragoza,activo
3893,2017-11-13,1972-02-21,hombre,divorciado,secundaria,estudiante,0,832.53,1,hipotecada,Madrid,inactivo
3894,2021-07-21,2000-01-29,mujer,casado,universitario,estudiante,0,1347.05,0,alquiler,Sevilla,activo
3895,2026-06-02,2007-11-10,mujer,soltero,formacion_profesional,desempleado,2.0,582.03,1,alquiler,Alicante,activo
3896,2018-10-20,1992-10-25,mujer,viudo,universitario,autonomo,14.5,6774.89,0,alquiler,Alicante,activo
3897,2022-07-30,1950-01-04,mujer,viudo,universitario,empleado,0.8,2008.93,0,propia,Barcelona,activo
3898,2008-02-14,1979-09-13,mujer,casado,formacion_profesional,jubilado,\N,927.63,0,familiar,Madrid,activo
3899,2015-05-06,1978-05-18,hombre,casado,bachillerato,jubilado,\N,2047.98,0,familiar,Barcelona,activo
3900,2012-07-11,1986-03-25,otro,casado,bachillerato,autonomo,0,2077.04,0,hipotecada,Valencia,activo
3901,2019-01-30,1975-08-06,hombre,viudo,formacion_profesional,estudiante,0,943.8,3,alquiler,Murcia,activo
3902,2017-03-19,1980-05-13,hombre,viudo,formacion_profesional,jubilado,\N,2639.93,0,alquiler,Zaragoza,activo
3903,2008-12-26,1984-11-30,hombre,divorciado,universitario,jubilado,\N,2339.64,0,familiar,Sevilla,activo
3904,2016-08-23,1990-03-01,mujer,viudo,universitario,empleado,11.3,1554.23,1,alquiler,Sevilla,activo
3905,2026-06-07,2007-08-03,hombre,casado,posgrado,empleado,0,1488.78,1,propia,Zaragoza,activo
3906,2015-12-23,1986-01-09,hombre,casado,posgrado,empleado,16.7,4103.11,2,hipotecada,Málaga,activo
3907,2026-02-12,2004-06-23,hombre,viudo,posgrado,empleado,4,2319.14,1,hipotecada,A Coruña,activo
3908,2015-12-08,1989-07-01,hombre,divorciado,universitario,empleado,11.6,1543.36,2,alquiler,Málaga,activo
3909,2019-03-06,1974-04-29,mujer,casado,bachillerato,jubilado,\N,1290.19,3,propia,Valencia,activo
3910,2011-07-25,1979-03-29,hombre,casado,posgrado,jubilado,\N,2653.27,0,hipotecada,Sevilla,activo
3911,2012-12-23,1956-07-10,mujer,soltero,secundaria,jubilado,\N,2011.39,0,propia,A Coruña,activo
3912,2025-03-19,2002-04-09,hombre,soltero,universitario,autonomo,6,3802.34,2,hipotecada,Barcelona,activo
3913,2016-03-09,1979-05-15,hombre,soltero,secundaria,jubilado,\N,2257.3,0,hipotecada,Málaga,activo
3914,2025-12-17,2007-12-13,mujer,viudo,universitario,empleado,0,1609.97,2,propia,Sevilla,activo
3915,2023-11-19,1977-09-23,mujer,casado,universitario,empleado,9.3,1207.1,1,propia,Zaragoza,activo
3916,2009-01-25,1969-03-13,mujer,viudo,formacion_profesional,empleado,12.2,2292.57,4,alquiler,Alicante,activo
3917,2016-01-14,1991-01-21,hombre,divorciado,formacion_profesional,empleado,10.3,1733.93,0,propia,Murcia,activo
3918,2018-01-20,1968-02-18,mujer,casado,bachillerato,autonomo,7.3,5512.02,2,propia,Málaga,activo
3919,2017-08-11,1993-07-18,hombre,viudo,universitario,empleado,8.8,2880.54,0,hipotecada,Málaga,activo
3920,2023-11-26,2004-01-28,hombre,soltero,formacion_profesional,empleado,4,1845.76,2,propia,A Coruña,activo
3921,2011-01-20,1978-05-18,hombre,divorciado,formacion_profesional,empleado,8.6,2291.8,0,alquiler,Valencia,activo
3922,2026-01-28,2004-01-11,hombre,casado,secundaria,empleado,4,1598.26,2,hipotecada,Murcia,activo
3923,2005-08-05,1951-09-17,hombre,casado,universitario,empleado,6.8,2865.36,0,hipotecada,Barcelona,activo
3924,2022-07-26,1965-07-28,mujer,casado,posgrado,autonomo,15.6,6948.92,1,hipotecada,Madrid,activo
3925,2010-04-20,1955-11-17,hombre,soltero,bachillerato,empleado,6.7,1543.18,0,propia,Vizcaya,activo
3926,2013-11-13,1982-01-11,mujer,casado,formacion_profesional,autonomo,0,3141.28,2,hipotecada,Barcelona,activo
3927,2011-01-14,1977-01-25,mujer,viudo,formacion_profesional,estudiante,0,98.75,0,hipotecada,Barcelona,activo
3928,2010-10-28,1969-01-30,mujer,casado,secundaria,empleado,5.2,1458.28,2,hipotecada,Vizcaya,activo
3929,2016-04-11,1972-08-03,mujer,casado,universitario,empleado,1.3,3043.87,2,propia,Madrid,activo
3930,2023-05-06,1989-04-07,mujer,viudo,secundaria,jubilado,\N,1681.73,1,hipotecada,Alicante,activo
3931,2009-07-08,1978-10-03,mujer,viudo,formacion_profesional,autonomo,6.3,1836.73,0,alquiler,Málaga,activo
3932,2023-01-20,1997-09-06,hombre,casado,secundaria,empleado,6.4,1316.15,0,propia,Sevilla,activo
3933,2020-05-10,1981-02-21,hombre,viudo,universitario,jubilado,\N,1398.45,0,familiar,Málaga,activo
3934,2005-07-07,1979-02-03,hombre,viudo,bachillerato,empleado,7.8,1261.6,2,hipotecada,Zaragoza,activo
3935,2012-03-08,1977-12-21,mujer,divorciado,posgrado,jubilado,\N,2012.01,3,alquiler,Madrid,activo
3936,2013-09-10,1971-04-14,mujer,viudo,secundaria,desempleado,0,186.11,0,propia,Vizcaya,inactivo
3937,2025-12-15,2007-09-09,mujer,viudo,posgrado,jubilado,\N,1734.14,1,alquiler,Vizcaya,activo
3938,2020-03-20,1979-08-12,hombre,casado,universitario,empleado,7.1,1600.39,3,hipotecada,Alicante,activo
3939,2014-09-11,1975-05-14,hombre,divorciado,universitario,desempleado,2.8,1058.36,0,familiar,Madrid,activo
3940,2025-06-11,1987-07-29,mujer,viudo,universitario,desempleado,1.0,940.51,1,familiar,A Coruña,activo
3941,2016-07-01,1969-09-16,hombre,soltero,universitario,desempleado,3.0,576.04,0,hipotecada,Valencia,activo
3942,2017-06-22,1980-01-31,hombre,viudo,formacion_profesional,autonomo,4.3,2862.35,1,alquiler,Zaragoza,activo
3943,2012-04-02,1961-05-22,mujer,soltero,universitario,autonomo,12.3,2149.29,3,alquiler,Vizcaya,activo
3944,2020-02-15,1968-02-07,mujer,divorciado,formacion_profesional,empleado,5.7,5125.26,2,hipotecada,Barcelona,activo
3945,2013-05-09,1993-01-25,mujer,casado,formacion_profesional,estudiante,0,289.49,0,familiar,Alicante,inactivo
3946,2025-05-10,2004-10-22,hombre,divorciado,universitario,empleado,0,2077.57,2,propia,Murcia,activo
3947,2013-06-23,1973-05-10,mujer,divorciado,posgrado,empleado,6.4,1813.13,0,propia,Barcelona,activo
3948,2009-06-05,1988-10-20,hombre,divorciado,secundaria,empleado,9.6,2182.96,0,propia,Barcelona,activo
3949,2008-09-18,1971-06-18,hombre,soltero,secundaria,autonomo,8.9,5155.13,0,propia,Valencia,activo
3950,2023-02-03,1977-06-07,mujer,soltero,posgrado,empleado,6.7,2105.76,4,hipotecada,Málaga,activo
3951,2009-03-27,1966-04-25,mujer,casado,bachillerato,desempleado,2.6,1541.52,0,hipotecada,Madrid,activo
3952,2005-12-20,1986-10-19,hombre,divorciado,bachillerato,empleado,6.9,2049.75,0,propia,Málaga,activo
3953,2013-08-30,1986-04-03,hombre,casado,posgrado,empleado,5.4,1512.26,2,propia,Valencia,activo
3954,2024-11-14,1991-03-03,hombre,divorciado,universitario,empleado,5.8,4139.68,0,propia,Sevilla,activo
3955,2026-06-20,2008-06-07,mujer,soltero,posgrado,empleado,0,1473.88,4,alquiler,Málaga,activo
3956,2016-08-10,1951-11-13,mujer,divorciado,secundaria,empleado,7.1,3177.11,1,hipotecada,Málaga,activo
3957,2010-12-03,1978-06-02,hombre,soltero,universitario,empleado,1.8,1850.08,2,alquiler,Vizcaya,activo
3958,2020-04-30,1980-02-24,mujer,casado,universitario,empleado,0,2511.11,0,alquiler,Zaragoza,activo
3959,2009-01-22,1978-04-15,hombre,soltero,bachillerato,jubilado,\N,2405.52,0,familiar,Vizcaya,activo
3960,2021-01-29,1973-04-02,hombre,divorciado,bachillerato,estudiante,0,103.0,0,propia,Alicante,activo
3961,2016-10-11,1973-09-19,mujer,divorciado,universitario,jubilado,\N,1262.1,1,hipotecada,Valencia,activo
3962,2008-12-16,1976-04-27,mujer,viudo,secundaria,empleado,19.2,2846.61,2,alquiler,Barcelona,activo
3963,2026-01-04,1982-04-16,hombre,divorciado,universitario,jubilado,\N,1247.18,0,hipotecada,Valencia,activo
3964,2013-01-05,1973-07-27,mujer,viudo,universitario,desempleado,1.5,1019.54,0,hipotecada,Valencia,activo
3965,2019-10-02,1976-04-02,mujer,casado,universitario,empleado,12.7,2735.22,1,alquiler,Málaga,activo
3966,2008-04-03,1980-03-09,mujer,viudo,bachillerato,autonomo,16.7,5835.92,1,alquiler,Alicante,activo
3967,2022-01-21,1982-10-27,mujer,viudo,universitario,empleado,1.6,2226.73,0,propia,Zaragoza,activo
3968,2016-04-01,1978-03-09,mujer,divorciado,universitario,empleado,10.7,3356.84,2,propia,Alicante,bloqueado
3969,2021-05-28,1980-08-30,mujer,casado,universitario,empleado,12.4,3117.31,0,familiar,Murcia,activo
3970,2019-03-06,1971-08-25,hombre,viudo,universitario,empleado,9.1,2494.43,0,familiar,Murcia,activo
3971,2006-03-22,1974-04-14,hombre,viudo,formacion_profesional,empleado,8.7,4640.14,0,hipotecada,Murcia,activo
3972,2013-04-06,1985-02-24,mujer,soltero,universitario,empleado,5.6,3502.24,1,alquiler,Barcelona,activo
3973,2013-12-10,1971-07-08,mujer,casado,bachillerato,empleado,6.6,2087.79,0,hipotecada,Madrid,activo
3974,2024-10-02,2000-06-26,mujer,casado,secundaria,empleado,8,1336.47,2,hipotecada,Vizcaya,activo
3975,2024-07-14,2005-06-25,mujer,divorciado,universitario,autonomo,3,2117.22,0,propia,Málaga,activo
3976,2020-04-04,1990-09-22,hombre,casado,universitario,empleado,2.2,1130.62,2,propia,Murcia,activo
3977,2005-11-16,1982-10-06,hombre,soltero,universitario,empleado,12.7,1352.53,1,alquiler,Madrid,activo
3978,2020-11-26,1998-02-09,mujer,viudo,universitario,desempleado,0,0,3,familiar,Málaga,activo
3979,2024-02-09,1998-11-04,hombre,divorciado,universitario,empleado,5.4,2577.67,0,propia,Zaragoza,activo
3980,2020-01-02,1978-02-16,hombre,soltero,posgrado,empleado,8.2,2741.11,0,hipotecada,Vizcaya,activo
3981,2017-12-30,1996-01-28,mujer,casado,formacion_profesional,estudiante,0,661.31,0,familiar,Zaragoza,activo
3982,2015-12-05,1972-04-05,mujer,divorciado,bachillerato,desempleado,0.9,1425.18,1,propia,Alicante,activo
3983,2026-02-09,2007-12-17,hombre,divorciado,formacion_profesional,empleado,0,1999.88,0,alquiler,Málaga,activo
3984,2025-08-08,1969-12-11,hombre,viudo,universitario,autonomo,16.0,3409.69,1,hipotecada,Murcia,activo
3985,2021-02-20,1998-05-13,mujer,viudo,universitario,autonomo,9.7,4043.88,0,alquiler,A Coruña,activo
3986,2025-07-03,1977-06-29,hombre,viudo,universitario,jubilado,\N,1574.45,2,familiar,Barcelona,activo
3987,2023-08-28,1984-10-08,mujer,soltero,bachillerato,jubilado,\N,1712.89,1,propia,Zaragoza,activo
3988,2022-12-17,1993-06-02,mujer,divorciado,universitario,empleado,10.3,1303.41,2,alquiler,Málaga,activo
3989,2025-06-17,1971-02-07,hombre,viudo,posgrado,empleado,0.2,1388.69,0,propia,Málaga,activo
3990,2014-02-25,1983-06-19,hombre,soltero,universitario,jubilado,\N,1239.74,2,alquiler,Sevilla,activo
3991,2016-06-11,1988-11-01,mujer,casado,posgrado,empleado,5.0,2255.46,1,alquiler,Vizcaya,activo
3992,2017-08-24,1981-10-21,hombre,soltero,formacion_profesional,empleado,17.7,1255.41,3,alquiler,Madrid,activo
3993,2025-04-07,1968-04-03,hombre,divorciado,formacion_profesional,empleado,8.2,1600.6,0,alquiler,Valencia,activo
3994,2010-11-04,1988-09-26,hombre,casado,secundaria,estudiante,0,566.49,2,propia,Valencia,activo
3995,2017-08-14,1984-06-07,hombre,viudo,universitario,jubilado,\N,1180.31,1,alquiler,Murcia,activo
3996,2010-05-23,1987-10-12,otro,divorciado,secundaria,empleado,3.8,4020.49,1,alquiler,Vizcaya,activo
3997,2020-01-07,1990-02-18,mujer,divorciado,universitario,empleado,3.0,2612.45,1,propia,Valencia,activo
3998,2020-11-21,1991-06-30,mujer,soltero,formacion_profesional,autonomo,3.9,1528.56,1,alquiler,Málaga,activo
3999,2012-10-13,1978-07-17,mujer,viudo,bachillerato,empleado,8.1,2514.88,0,hipotecada,Zaragoza,activo
4000,2022-08-13,1985-11-01,hombre,casado,posgrado,autonomo,12.6,3313.83,0,propia,Murcia,activo
4001,2016-08-10,1990-04-05,hombre,divorciado,universitario,empleado,11.2,1168.33,1,alquiler,Alicante,activo
4002,2026-02-18,2007-11-03,mujer,viudo,bachillerato,empleado,0,2527.18,0,propia,Alicante,activo
4003,2014-01-26,1983-03-31,hombre,casado,bachillerato,autonomo,1.9,3179.75,2,familiar,Barcelona,activo
4004,2021-07-15,1994-10-19,mujer,casado,universitario,empleado,5.3,1298.95,0,familiar,A Coruña,activo
4005,2013-07-30,1962-12-28,mujer,casado,universitario,empleado,0.7,2580.73,0,hipotecada,Alicante,activo
4006,2020-11-26,1986-06-13,mujer,viudo,bachillerato,empleado,5.9,2931.88,1,hipotecada,Vizcaya,activo
4007,2012-11-08,1980-06-07,mujer,soltero,formacion_profesional,empleado,19.1,2045.01,2,hipotecada,Barcelona,activo
4008,2008-08-07,1981-11-18,mujer,viudo,secundaria,empleado,8.8,1702.27,2,propia,Zaragoza,activo
4009,2016-10-31,1986-06-05,mujer,viudo,posgrado,empleado,12.9,2525.38,0,familiar,Barcelona,activo
4010,2020-12-15,1983-11-25,mujer,viudo,formacion_profesional,empleado,5.9,2779.72,1,alquiler,Murcia,activo
4011,2022-09-30,1978-03-23,hombre,viudo,secundaria,empleado,2.6,2134.74,0,propia,Zaragoza,activo
4012,2017-05-20,1984-01-09,hombre,casado,universitario,autonomo,11.1,3408.24,0,hipotecada,Málaga,inactivo
4013,2026-05-19,2008-05-19,mujer,viudo,bachillerato,autonomo,0,2072.72,0,alquiler,A Coruña,activo
4014,2017-01-23,1982-09-15,hombre,viudo,bachillerato,empleado,0,1393.38,0,propia,Málaga,activo
4015,2005-11-17,1975-12-04,hombre,casado,formacion_profesional,empleado,3.9,3066.98,0,propia,Sevilla,activo
4016,2019-10-31,1987-03-07,hombre,casado,universitario,empleado,4.4,2561.33,0,familiar,Alicante,activo
4017,2014-10-02,1974-11-24,hombre,soltero,secundaria,empleado,14.4,1468.93,0,propia,Valencia,activo
4018,2022-11-07,1995-11-29,mujer,soltero,formacion_profesional,empleado,1.0,1197.28,0,familiar,Murcia,activo
4019,2015-11-28,1983-07-11,mujer,casado,formacion_profesional,desempleado,2.4,706.08,2,hipotecada,Valencia,activo
4020,2013-02-09,1964-05-02,otro,casado,posgrado,jubilado,\N,2509.24,0,propia,A Coruña,activo
4021,2017-07-16,1996-12-11,hombre,soltero,universitario,empleado,8.1,1550.68,2,alquiler,Madrid,activo
4022,2011-12-03,1972-02-01,mujer,viudo,universitario,empleado,10.7,2281.39,1,propia,Vizcaya,activo
4023,2025-10-30,1982-05-13,hombre,viudo,formacion_profesional,empleado,0,1770.1,0,propia,Murcia,activo
4024,2010-07-21,1987-08-09,mujer,casado,posgrado,empleado,13.9,1286.78,0,propia,Murcia,activo
4025,2017-07-04,1996-08-03,mujer,viudo,bachillerato,empleado,0,2025.02,1,alquiler,Zaragoza,activo
4026,2024-10-13,2006-05-27,mujer,divorciado,bachillerato,empleado,0,3063.17,2,propia,Zaragoza,activo
4027,2013-05-10,1993-06-27,mujer,divorciado,posgrado,desempleado,0.3,696.75,2,alquiler,A Coruña,activo
4028,2007-04-02,1975-09-14,mujer,viudo,secundaria,empleado,6.9,3101.91,0,alquiler,Valencia,activo
4029,2008-03-02,1984-05-27,hombre,viudo,formacion_profesional,jubilado,\N,2582.5,0,propia,Madrid,activo
4030,2011-05-19,1966-10-05,hombre,casado,bachillerato,empleado,5.0,1898.77,0,hipotecada,Zaragoza,activo
4031,2019-06-19,1995-02-15,hombre,casado,universitario,desempleado,1.6,767.66,3,hipotecada,Alicante,activo
4032,2005-03-17,1982-11-05,hombre,casado,posgrado,desempleado,1.5,0,1,hipotecada,A Coruña,activo
4033,2024-11-17,1966-07-25,hombre,casado,universitario,autonomo,5.8,2017.13,0,hipotecada,Murcia,activo
4034,2007-11-29,1977-12-12,hombre,casado,bachillerato,empleado,3.5,1805.84,0,hipotecada,Valencia,activo
4035,2012-07-26,1969-04-26,hombre,casado,universitario,empleado,1.6,2988.5,3,propia,Alicante,activo
4036,2014-07-06,1986-02-19,mujer,casado,secundaria,empleado,3.4,1849.77,0,alquiler,Barcelona,activo
4037,2012-02-19,1991-06-09,hombre,viudo,universitario,autonomo,15.5,4907.6,2,propia,Vizcaya,activo
4038,2024-09-03,1976-10-27,mujer,casado,bachillerato,jubilado,\N,1008.78,0,propia,Murcia,activo
4039,2013-10-02,1983-11-18,mujer,viudo,formacion_profesional,empleado,0,2127.81,0,propia,A Coruña,inactivo
4040,2008-04-14,1974-03-15,hombre,casado,universitario,desempleado,3.0,1164.29,0,propia,Alicante,activo
4041,2017-12-11,1997-12-31,hombre,casado,universitario,empleado,10,2503.69,1,alquiler,Murcia,activo
4042,2016-12-02,1993-04-01,hombre,casado,posgrado,empleado,8.1,2482.98,2,familiar,Zaragoza,activo
4043,2012-04-25,1989-11-03,hombre,divorciado,formacion_profesional,empleado,4.4,2493.29,2,alquiler,Alicante,activo
4044,2022-10-31,1971-08-13,hombre,soltero,universitario,empleado,6.8,3575.28,1,hipotecada,Vizcaya,activo
4045,2025-08-18,1944-05-09,hombre,casado,formacion_profesional,empleado,0,3940.23,1,alquiler,Barcelona,activo
4046,2020-07-22,1995-06-19,mujer,soltero,universitario,empleado,3.1,3454.09,2,alquiler,A Coruña,activo
4047,2013-05-08,1963-05-18,mujer,viudo,posgrado,empleado,0,2372.18,0,hipotecada,Valencia,activo
4048,2007-08-16,1970-08-07,hombre,soltero,universitario,empleado,3.0,1848.22,0,alquiler,Murcia,activo
4049,2010-07-15,1985-02-14,mujer,soltero,universitario,empleado,7.4,1502.41,1,hipotecada,Murcia,activo
4050,2007-12-10,1963-07-12,hombre,casado,bachillerato,autonomo,12.9,944.77,0,familiar,Zaragoza,activo
4051,2012-08-12,1989-03-30,mujer,soltero,formacion_profesional,desempleado,2.0,676.89,0,hipotecada,Sevilla,activo
4052,2020-04-20,1992-05-20,mujer,viudo,universitario,empleado,10.4,2510.91,2,hipotecada,Madrid,activo
4053,2006-06-30,1983-08-02,hombre,casado,secundaria,empleado,7.3,2083.0,0,propia,Barcelona,activo
4054,2013-01-20,1981-04-15,hombre,soltero,posgrado,empleado,1.8,950,0,propia,Madrid,activo
4055,2018-02-02,1990-11-13,mujer,casado,secundaria,empleado,4.5,2470.22,0,hipotecada,Sevilla,activo
4056,2022-10-10,2001-08-19,mujer,divorciado,universitario,empleado,6,1203.69,2,alquiler,Zaragoza,activo
4057,2011-10-05,1980-09-29,otro,viudo,universitario,empleado,2.1,1429.85,0,hipotecada,Valencia,activo
4058,2008-12-19,1982-01-10,hombre,soltero,formacion_profesional,empleado,8.6,1055.2,0,alquiler,Valencia,activo
4059,2011-07-26,1993-05-28,hombre,viudo,secundaria,estudiante,0,873.67,0,hipotecada,Vizcaya,activo
4060,2008-09-30,1985-02-19,hombre,casado,bachillerato,empleado,1.9,1566.41,3,familiar,Sevilla,inactivo
4061,2008-08-07,1990-01-09,hombre,divorciado,formacion_profesional,empleado,0.2,3845.26,1,propia,Murcia,activo
4062,2012-08-13,1977-06-26,mujer,casado,posgrado,empleado,2.5,2173.19,0,familiar,Madrid,activo
4063,2005-04-11,1983-01-26,mujer,casado,formacion_profesional,empleado,9.7,1502.41,0,propia,Madrid,activo
4064,2017-05-24,1998-04-27,hombre,divorciado,formacion_profesional,empleado,8.6,2674.15,1,hipotecada,Málaga,activo
4065,2006-08-04,1970-08-20,mujer,divorciado,universitario,empleado,3.7,2106.36,2,hipotecada,Sevilla,activo
4066,2008-08-16,1963-07-10,hombre,viudo,secundaria,empleado,11.0,2196.46,2,familiar,Alicante,activo
4067,2018-11-23,1998-03-05,hombre,soltero,formacion_profesional,desempleado,3.7,1064.83,0,propia,A Coruña,activo
4068,2020-03-11,1978-12-31,mujer,divorciado,posgrado,jubilado,\N,1218.65,1,familiar,Alicante,activo
4069,2017-09-10,1990-10-22,mujer,soltero,formacion_profesional,empleado,9.9,1880.77,2,hipotecada,Zaragoza,activo
4070,2025-12-29,1970-02-17,hombre,divorciado,secundaria,empleado,10.6,1329.77,0,hipotecada,Valencia,activo
4071,2023-12-22,1964-03-13,hombre,viudo,posgrado,empleado,17.2,2969.7,0,hipotecada,Alicante,activo
4072,2020-04-30,1973-09-23,mujer,viudo,universitario,empleado,9.0,2837.21,0,hipotecada,Sevilla,activo
4073,2012-03-29,1990-07-22,mujer,divorciado,universitario,desempleado,2.8,835.11,1,hipotecada,A Coruña,activo
4074,2016-08-24,1977-06-06,mujer,viudo,universitario,jubilado,\N,2452.42,1,hipotecada,Málaga,activo
4075,2016-10-04,1971-11-14,hombre,soltero,posgrado,jubilado,\N,2310.08,0,alquiler,Málaga,activo
4076,2026-03-19,2008-02-23,mujer,soltero,universitario,autonomo,0,5746.08,1,alquiler,A Coruña,activo
4077,2025-06-24,2003-09-20,mujer,divorciado,universitario,empleado,4,2627.83,2,propia,Barcelona,activo
4078,2011-06-23,1972-10-27,mujer,casado,universitario,empleado,6.4,3192.69,0,propia,Barcelona,activo
4079,2021-09-03,1978-06-05,hombre,casado,bachillerato,empleado,12.4,2108.62,4,propia,Barcelona,activo
4080,2023-06-06,1993-04-14,hombre,casado,secundaria,empleado,0,1397.13,1,alquiler,Vizcaya,activo
4081,2013-07-24,1995-05-26,mujer,viudo,universitario,empleado,6.1,1703.07,0,familiar,Zaragoza,activo
4082,2020-01-17,1963-02-09,mujer,divorciado,universitario,empleado,6.8,2966.91,0,alquiler,Murcia,activo
4083,2025-11-29,2000-12-09,hombre,casado,secundaria,autonomo,5.9,3225.99,1,propia,A Coruña,activo
4084,2005-10-14,1959-12-19,hombre,viudo,bachillerato,empleado,0,3040.56,0,familiar,Sevilla,activo
4085,2007-01-01,1982-12-18,hombre,divorciado,formacion_profesional,empleado,11.1,3324.66,0,alquiler,Málaga,activo
4086,2016-01-21,1978-10-17,hombre,divorciado,formacion_profesional,jubilado,\N,1738.07,0,familiar,Vizcaya,activo
4087,2013-07-04,1987-08-13,mujer,viudo,universitario,empleado,3.0,1300.61,3,alquiler,Valencia,activo
4088,2018-11-12,1978-01-24,mujer,casado,bachillerato,empleado,7.9,1919.9,0,hipotecada,Sevilla,activo
4089,2025-10-04,1973-09-26,mujer,divorciado,posgrado,jubilado,\N,1657.46,1,hipotecada,Sevilla,activo
4090,2026-04-22,2007-12-12,hombre,viudo,universitario,empleado,0,1802.46,1,hipotecada,Madrid,activo
4091,2023-10-08,1977-02-22,hombre,soltero,bachillerato,empleado,3.8,1788.71,0,hipotecada,Valencia,activo
4092,2009-09-23,1980-04-01,mujer,casado,posgrado,estudiante,0,1410.75,0,alquiler,Vizcaya,activo
4093,2025-01-05,2003-11-15,hombre,casado,formacion_profesional,jubilado,\N,1702.72,0,alquiler,A Coruña,activo
4094,2026-06-24,2000-03-11,mujer,casado,universitario,empleado,5.3,2048.37,1,hipotecada,Barcelona,activo
4095,2009-11-06,1987-03-04,hombre,viudo,universitario,empleado,3.1,2781.35,0,hipotecada,Barcelona,activo
4096,2010-01-25,1982-05-20,mujer,casado,universitario,empleado,13.5,2269.89,2,alquiler,Barcelona,activo
4097,2017-04-23,1985-02-28,mujer,casado,posgrado,empleado,12.4,4233.18,2,alquiler,Málaga,activo
4098,2026-06-13,2008-05-30,mujer,soltero,formacion_profesional,empleado,0,1908.48,0,hipotecada,Madrid,activo
4099,2024-11-06,2002-12-10,mujer,casado,bachillerato,jubilado,\N,1161.16,0,propia,A Coruña,inactivo
4100,2025-02-10,1995-10-23,hombre,soltero,posgrado,empleado,0.2,3309.38,0,alquiler,Vizcaya,activo
4101,2025-08-16,2007-07-14,mujer,viudo,formacion_profesional,jubilado,\N,1391.42,2,hipotecada,Vizcaya,activo
4102,2022-12-19,1982-03-01,mujer,divorciado,bachillerato,empleado,6.9,3093.43,3,alquiler,Murcia,activo
4103,2008-02-10,1982-02-01,hombre,casado,universitario,empleado,2.5,2647.89,0,alquiler,Sevilla,activo
4104,2006-03-29,1983-05-21,mujer,casado,posgrado,empleado,5.2,950,0,propia,Málaga,activo
4105,2005-12-27,1987-05-16,hombre,casado,formacion_profesional,autonomo,4.0,2023.67,0,alquiler,Málaga,activo
4106,2026-03-20,1964-05-28,mujer,viudo,universitario,empleado,0.2,3151.4,1,alquiler,Valencia,activo
4107,2026-06-20,1974-09-16,hombre,divorciado,secundaria,empleado,1.7,1307.55,1,hipotecada,Vizcaya,activo
4108,2012-09-19,1967-04-16,hombre,casado,universitario,jubilado,\N,1522.74,0,alquiler,Barcelona,activo
4109,2012-06-12,1991-01-19,mujer,soltero,universitario,estudiante,0,855.07,4,propia,A Coruña,activo
4110,2020-08-20,1998-06-18,otro,viudo,universitario,desempleado,1.4,204.39,1,propia,Málaga,activo
4111,2015-10-02,1980-02-07,hombre,casado,formacion_profesional,empleado,8.1,1143.4,0,propia,Vizcaya,activo
4112,2010-03-06,1975-03-04,hombre,casado,formacion_profesional,autonomo,4.4,1664.28,2,alquiler,Madrid,activo
4113,2017-03-04,1967-01-20,hombre,soltero,universitario,empleado,14.3,1007.19,0,hipotecada,Zaragoza,activo
4114,2025-01-08,1987-10-14,otro,soltero,bachillerato,estudiante,0,669.3,1,alquiler,Málaga,activo
4115,2023-02-20,1979-03-11,mujer,divorciado,universitario,autonomo,19.3,2954.98,2,hipotecada,Murcia,activo
4116,2011-08-15,1985-08-14,mujer,soltero,universitario,autonomo,0,1859.45,0,hipotecada,Zaragoza,activo
4117,2015-05-26,1989-05-01,hombre,divorciado,universitario,autonomo,7.3,1779.77,3,familiar,Málaga,activo
4118,2010-05-06,1981-03-22,mujer,divorciado,formacion_profesional,empleado,1.6,2417.28,1,alquiler,Madrid,activo
4119,2019-04-28,1965-06-26,mujer,casado,formacion_profesional,empleado,0,1837.92,0,alquiler,Sevilla,activo
4120,2013-11-20,1961-02-07,hombre,soltero,universitario,empleado,0,2419.21,2,propia,Málaga,activo
4121,2025-11-02,1968-10-14,mujer,viudo,universitario,empleado,8.4,1243.24,0,propia,Madrid,activo
4122,2026-04-07,2007-03-11,hombre,divorciado,bachillerato,empleado,1,1602.77,1,hipotecada,A Coruña,activo
4123,2009-07-14,1977-01-17,otro,soltero,secundaria,empleado,0,1478.92,3,alquiler,Sevilla,activo
4124,2023-03-13,2004-09-27,mujer,divorciado,secundaria,empleado,3,1658.81,0,hipotecada,A Coruña,activo
4125,2026-06-28,2007-10-25,hombre,casado,universitario,autonomo,0,4917.31,1,alquiler,Barcelona,activo
4126,2025-03-10,1995-10-02,hombre,viudo,universitario,empleado,2.0,1999.77,2,familiar,Murcia,activo
4127,2025-01-21,1993-03-21,mujer,soltero,universitario,autonomo,3.1,2359.66,3,hipotecada,Sevilla,activo
4128,2009-12-01,1984-02-03,mujer,casado,universitario,empleado,3.4,1861.68,3,alquiler,Málaga,activo
4129,2025-05-02,1985-10-21,mujer,casado,universitario,jubilado,\N,2107.32,0,propia,Madrid,activo
4130,2022-11-10,1976-07-14,hombre,viudo,universitario,empleado,7.7,2371.77,1,alquiler,Barcelona,activo
4131,2016-05-07,1965-02-21,hombre,divorciado,posgrado,empleado,0,2731.13,3,hipotecada,Murcia,activo
4132,2022-10-13,1954-06-20,hombre,viudo,secundaria,empleado,5.2,3924.48,1,familiar,Barcelona,activo
4133,2023-10-08,1993-10-10,mujer,casado,posgrado,estudiante,0,497.83,0,propia,Alicante,activo
4134,2016-12-23,1981-04-19,hombre,casado,bachillerato,empleado,11.5,4100.52,1,propia,Valencia,activo
4135,2018-09-03,1983-01-23,hombre,divorciado,formacion_profesional,empleado,1.3,2927.51,3,alquiler,Valencia,activo
4136,2008-09-17,1985-06-05,mujer,soltero,universitario,empleado,13.4,2602.49,1,hipotecada,Barcelona,activo
4137,2020-12-07,1983-10-07,hombre,divorciado,universitario,empleado,14.3,1345.86,2,alquiler,Barcelona,activo
4138,2025-09-04,2007-08-07,mujer,divorciado,posgrado,autonomo,0,3871.15,2,propia,Sevilla,activo
4139,2020-09-22,1992-02-25,mujer,casado,formacion_profesional,empleado,11.3,3116.62,0,alquiler,Málaga,activo
4140,2015-05-24,1962-01-01,hombre,viudo,posgrado,jubilado,\N,2426.89,1,alquiler,Valencia,bloqueado
4141,2018-11-20,1983-03-27,mujer,soltero,universitario,desempleado,0.6,201.91,1,alquiler,Valencia,activo
4142,2011-03-29,1979-11-14,otro,soltero,formacion_profesional,empleado,0.9,2094.23,1,hipotecada,Sevilla,activo
4143,2023-08-28,1959-10-31,hombre,divorciado,formacion_profesional,autonomo,8.9,1888.81,3,propia,Madrid,activo
4144,2015-11-16,1996-08-02,mujer,casado,bachillerato,empleado,10.0,1911.23,2,propia,Valencia,activo
4145,2013-01-19,1981-12-06,mujer,divorciado,posgrado,autonomo,0,6194.57,1,propia,Madrid,activo
4146,2010-07-18,1979-10-08,hombre,viudo,bachillerato,empleado,8.3,2992.51,2,hipotecada,A Coruña,activo
4147,2023-04-02,2003-03-23,hombre,viudo,bachillerato,empleado,5,6186.73,0,alquiler,Barcelona,activo
4148,2019-10-29,1989-10-04,mujer,viudo,formacion_profesional,empleado,2.2,2456.85,0,propia,Valencia,activo
4149,2020-09-29,1975-05-01,hombre,viudo,universitario,autonomo,2.7,2269.62,0,propia,Málaga,activo
4150,2010-01-22,1979-01-08,mujer,soltero,universitario,estudiante,0,1023.38,2,propia,Alicante,activo
4151,2022-10-07,1986-04-15,hombre,soltero,posgrado,desempleado,3.6,865.41,3,alquiler,Valencia,activo
4152,2018-01-19,1980-09-19,hombre,divorciado,posgrado,estudiante,0,885.72,0,propia,Valencia,activo
4153,2017-06-06,1968-11-10,hombre,viudo,formacion_profesional,estudiante,0,836.33,0,alquiler,Barcelona,activo
4154,2022-11-14,1971-07-15,mujer,soltero,secundaria,desempleado,0.5,667.96,0,alquiler,A Coruña,activo
4155,2013-05-22,1989-07-19,mujer,soltero,formacion_profesional,empleado,8.9,5069.64,1,alquiler,Valencia,activo
4156,2018-09-03,1974-07-07,mujer,viudo,bachillerato,jubilado,\N,1122.8,2,hipotecada,Alicante,activo
4157,2016-12-15,1988-10-23,hombre,viudo,secundaria,desempleado,3.4,902.87,0,hipotecada,Murcia,activo
4158,2019-08-10,1985-06-26,mujer,soltero,secundaria,empleado,7.6,1609.26,1,alquiler,Valencia,activo
4159,2023-03-08,1978-06-28,otro,viudo,universitario,jubilado,\N,1056.89,1,familiar,Vizcaya,activo
4160,2007-10-10,1985-12-07,hombre,viudo,bachillerato,jubilado,\N,1136.32,0,hipotecada,Vizcaya,activo
4161,2006-04-14,1987-09-17,hombre,viudo,formacion_profesional,empleado,4.9,3037.05,0,alquiler,Zaragoza,activo
4162,2024-04-10,1997-03-29,mujer,casado,universitario,empleado,5.1,2196.78,3,propia,Vizcaya,activo
4163,2007-08-28,1984-07-01,mujer,divorciado,formacion_profesional,empleado,13.9,1856.09,0,familiar,Málaga,activo
4164,2017-09-27,1979-01-21,hombre,divorciado,formacion_profesional,empleado,10.0,1866.63,1,propia,A Coruña,activo
4165,2020-06-05,1975-12-15,mujer,soltero,universitario,empleado,9.9,2060.84,0,alquiler,Madrid,activo
4166,2026-06-14,2008-05-03,hombre,viudo,formacion_profesional,jubilado,\N,1813.86,0,alquiler,Madrid,activo
4167,2019-07-18,1976-06-18,mujer,casado,formacion_profesional,jubilado,\N,1845.48,1,propia,Zaragoza,activo
4168,2011-12-22,1986-08-27,mujer,soltero,bachillerato,empleado,9.5,2603.49,1,propia,Madrid,activo
4169,2019-12-26,1989-03-26,hombre,viudo,formacion_profesional,desempleado,0.6,750.93,0,hipotecada,Vizcaya,activo
4170,2014-06-18,1972-03-10,mujer,viudo,formacion_profesional,empleado,10.5,2427.18,0,familiar,Valencia,activo
4171,2021-07-19,2001-05-31,mujer,divorciado,formacion_profesional,autonomo,4.7,4743.63,1,hipotecada,A Coruña,inactivo
4172,2014-04-19,1959-06-21,hombre,divorciado,universitario,empleado,4.5,3059.67,2,alquiler,Barcelona,activo
4173,2019-10-18,1986-03-08,hombre,divorciado,universitario,empleado,19.0,950,2,propia,A Coruña,activo
4174,2008-03-11,1972-05-10,mujer,divorciado,secundaria,autonomo,6.8,2116.67,0,hipotecada,A Coruña,activo
4175,2009-10-05,1986-01-07,mujer,viudo,universitario,autonomo,11.4,2028.65,3,hipotecada,Sevilla,activo
4176,2015-03-26,1997-03-04,hombre,viudo,universitario,estudiante,0,647.33,1,hipotecada,A Coruña,activo
4177,2019-04-05,1977-01-22,hombre,casado,bachillerato,empleado,2.2,3772.04,0,alquiler,Barcelona,activo
4178,2010-02-20,1971-08-20,hombre,divorciado,secundaria,empleado,5.9,3495.42,2,hipotecada,Barcelona,activo
4179,2024-10-18,1968-01-12,hombre,casado,bachillerato,empleado,10.5,2124.15,0,alquiler,Alicante,activo
4180,2015-05-17,1978-05-03,mujer,divorciado,bachillerato,empleado,7.4,1351.49,2,alquiler,Murcia,activo
4181,2011-01-30,1980-03-15,hombre,soltero,posgrado,empleado,8.4,3438.67,0,hipotecada,Barcelona,activo
4182,2013-04-07,1994-01-18,mujer,soltero,universitario,jubilado,\N,1071.58,1,propia,Sevilla,activo
4183,2018-08-13,1990-03-17,mujer,divorciado,bachillerato,empleado,14.0,3683.78,1,alquiler,Vizcaya,inactivo
4184,2009-03-18,1977-11-08,hombre,casado,universitario,desempleado,2.4,725.08,0,alquiler,Vizcaya,activo
4185,2017-06-26,1998-02-27,hombre,divorciado,universitario,empleado,10,4382.59,0,alquiler,Alicante,activo
4186,2025-07-09,1980-12-12,hombre,soltero,secundaria,autonomo,2.4,6919.61,3,hipotecada,A Coruña,activo
4187,2024-03-19,1982-12-10,mujer,soltero,bachillerato,empleado,3.6,1939.8,2,propia,Valencia,activo
4188,2025-12-19,1998-07-16,hombre,viudo,formacion_profesional,empleado,2.6,1325.79,0,hipotecada,Málaga,activo
4189,2012-04-04,1978-10-18,mujer,soltero,formacion_profesional,empleado,6.7,2775.02,1,propia,Sevilla,activo
4190,2022-09-08,1998-10-11,mujer,divorciado,universitario,empleado,4.0,2591.68,1,hipotecada,Alicante,activo
4191,2021-12-15,1959-09-08,hombre,divorciado,universitario,jubilado,\N,1962.57,1,propia,A Coruña,activo
4192,2026-05-09,2003-03-28,mujer,soltero,formacion_profesional,empleado,5,3062.07,0,propia,A Coruña,activo
4193,2022-11-21,1981-12-14,mujer,casado,formacion_profesional,estudiante,0,881.61,0,alquiler,Barcelona,activo
4194,2015-01-26,1985-07-09,hombre,divorciado,universitario,empleado,4.3,1577.12,0,alquiler,Málaga,activo
4195,2005-05-23,1979-07-13,hombre,divorciado,formacion_profesional,empleado,0,1856.46,0,propia,Vizcaya,activo
4196,2011-09-13,1982-07-20,mujer,casado,posgrado,autonomo,6.9,3627.58,1,alquiler,A Coruña,activo
4197,2026-02-03,1974-06-23,hombre,viudo,bachillerato,empleado,2.2,3173.62,2,alquiler,Sevilla,activo
4198,2024-02-03,2006-01-29,otro,casado,posgrado,empleado,0,1179.7,3,hipotecada,Sevilla,inactivo
4199,2011-09-15,1992-12-26,mujer,viudo,formacion_profesional,empleado,9.4,2400.32,0,alquiler,Alicante,activo
4200,2024-10-26,1991-10-18,mujer,soltero,formacion_profesional,empleado,16,1080.16,0,hipotecada,Sevilla,activo
4201,2019-10-19,1967-09-08,mujer,viudo,secundaria,empleado,10.4,2774.25,4,alquiler,Madrid,activo
4202,2020-08-23,1978-10-31,mujer,soltero,formacion_profesional,desempleado,2.3,162.4,2,hipotecada,Alicante,activo
4203,2009-08-17,1988-02-08,hombre,divorciado,posgrado,empleado,8.1,2687.33,1,hipotecada,Murcia,activo
4204,2022-01-07,2003-03-14,mujer,viudo,secundaria,empleado,1.3,2712.11,0,alquiler,A Coruña,activo
4205,2020-01-20,1995-08-05,mujer,viudo,universitario,empleado,12,1755.65,0,hipotecada,Valencia,activo
4206,2018-11-19,1999-12-18,hombre,soltero,bachillerato,estudiante,0,1078.88,0,alquiler,Madrid,activo
4207,2020-10-24,1999-03-29,hombre,divorciado,secundaria,estudiante,0,880.13,0,propia,Barcelona,activo
4208,2008-04-14,1967-02-04,hombre,soltero,formacion_profesional,autonomo,0,2380.1,0,alquiler,Alicante,activo
4209,2020-06-19,1969-12-14,mujer,casado,formacion_profesional,empleado,1.5,2547.16,0,hipotecada,Valencia,activo
4210,2022-04-25,1986-01-25,mujer,viudo,universitario,autonomo,0,4225.7,0,familiar,Barcelona,activo
4211,2021-11-30,1985-04-23,mujer,soltero,universitario,autonomo,1.8,4864.81,1,hipotecada,Madrid,activo
4212,2022-10-07,1988-12-04,mujer,viudo,universitario,empleado,5.2,1492.57,0,propia,Zaragoza,activo
4213,2026-01-05,1979-10-08,mujer,divorciado,posgrado,empleado,16.6,4120.28,0,hipotecada,Vizcaya,activo
4214,2025-01-07,1977-11-28,mujer,viudo,universitario,empleado,7.8,1731.21,1,propia,Alicante,activo
4215,2013-06-02,1980-09-06,hombre,viudo,posgrado,jubilado,\N,2659.19,0,alquiler,Sevilla,activo
4216,2021-10-25,1997-07-21,hombre,casado,formacion_profesional,empleado,4.6,3425.54,0,familiar,Valencia,activo
4217,2005-06-06,1970-09-03,hombre,divorciado,universitario,empleado,0.2,2353.62,0,propia,Madrid,activo
4218,2011-03-24,1972-06-01,mujer,viudo,secundaria,desempleado,0,1030.58,3,alquiler,Madrid,activo
4219,2019-07-07,1998-08-07,mujer,casado,bachillerato,empleado,3.9,2860.12,0,familiar,Murcia,bloqueado
4220,2017-03-06,1976-12-02,mujer,casado,universitario,autonomo,9.0,2052.02,0,hipotecada,Málaga,activo
4221,2025-12-15,1998-01-02,mujer,divorciado,posgrado,empleado,2.5,2978.33,0,hipotecada,Vizcaya,activo
4222,2014-11-28,1995-05-18,mujer,divorciado,formacion_profesional,empleado,0,2309.1,0,propia,Murcia,activo
4223,2011-10-06,1987-03-04,mujer,viudo,formacion_profesional,autonomo,3.9,853.2,1,familiar,Barcelona,activo
4224,2013-12-13,1974-01-02,hombre,soltero,formacion_profesional,empleado,9.8,1379.82,0,alquiler,Alicante,inactivo
4225,2025-01-07,2004-05-23,hombre,soltero,posgrado,jubilado,\N,2169.95,0,alquiler,Murcia,inactivo
4226,2021-02-19,1980-09-26,mujer,viudo,bachillerato,empleado,12.4,2078.87,2,propia,A Coruña,activo
4227,2011-11-02,1971-09-05,mujer,viudo,formacion_profesional,empleado,3.8,1503.9,0,alquiler,Vizcaya,activo
4228,2019-03-19,1991-09-21,hombre,divorciado,posgrado,empleado,6.3,1897.78,0,familiar,Murcia,activo
4229,2019-03-16,1974-01-06,mujer,divorciado,posgrado,empleado,16.5,1313.75,4,propia,Madrid,activo
4230,2024-03-19,1966-03-06,hombre,divorciado,universitario,empleado,13.2,1560.86,0,alquiler,A Coruña,activo
4231,2025-04-26,1999-07-18,mujer,soltero,universitario,empleado,8,2411.62,4,alquiler,Sevilla,activo
4232,2019-03-19,1985-05-06,hombre,viudo,formacion_profesional,empleado,13.6,2586.74,1,familiar,Málaga,activo
4233,2008-06-02,1981-06-05,hombre,viudo,universitario,empleado,5.4,3651.83,2,alquiler,Murcia,activo
4234,2020-08-17,1970-10-16,mujer,viudo,bachillerato,desempleado,2.9,1513.5,2,alquiler,Vizcaya,activo
4235,2011-11-01,1985-04-02,mujer,viudo,bachillerato,empleado,7.3,5860.06,0,alquiler,Zaragoza,activo
4236,2026-04-20,2007-11-27,mujer,divorciado,universitario,empleado,0,1401.1,0,alquiler,Alicante,activo
4237,2013-09-03,1986-02-09,hombre,divorciado,posgrado,empleado,14.1,2651.64,1,propia,Málaga,activo
4238,2013-05-26,1983-01-15,mujer,soltero,secundaria,empleado,0,5217.96,1,alquiler,Zaragoza,activo
4239,2020-07-11,1988-07-18,mujer,soltero,formacion_profesional,estudiante,0,469.27,0,familiar,Sevilla,activo
4240,2014-04-24,1993-02-04,hombre,viudo,formacion_profesional,empleado,0,1634.63,0,familiar,Madrid,activo
4241,2025-08-25,1991-07-28,hombre,viudo,formacion_profesional,estudiante,0,63.87,1,propia,Madrid,activo
4242,2018-11-07,1992-02-16,mujer,soltero,formacion_profesional,autonomo,3.4,3823.89,1,alquiler,Vizcaya,activo
4243,2007-04-14,1974-07-16,hombre,soltero,universitario,desempleado,2.5,443.75,0,hipotecada,Madrid,activo
4244,2020-11-26,1977-06-20,hombre,divorciado,universitario,autonomo,11.4,2330.74,1,propia,Málaga,activo
4245,2021-05-01,2001-09-18,mujer,casado,formacion_profesional,empleado,6,2119.8,2,alquiler,Barcelona,activo
4246,2017-06-01,1990-12-25,hombre,casado,universitario,empleado,2.1,1414.09,1,propia,Zaragoza,activo
4247,2015-11-04,1951-09-04,hombre,soltero,posgrado,desempleado,4.5,912.35,0,alquiler,Alicante,activo
4248,2015-09-05,1971-07-24,hombre,soltero,universitario,autonomo,10.6,4570.5,0,propia,Vizcaya,activo
4249,2013-11-08,1980-05-17,mujer,soltero,secundaria,autonomo,13.2,2608.0,0,alquiler,A Coruña,activo
4250,2025-01-19,1998-05-30,mujer,casado,bachillerato,empleado,7.5,2165.0,0,propia,Vizcaya,activo
4251,2026-04-19,1997-12-13,mujer,casado,bachillerato,empleado,10,3054.67,1,propia,Valencia,activo
4252,2024-08-20,1971-07-13,mujer,casado,universitario,empleado,6.0,2847.89,3,propia,A Coruña,activo
4253,2023-06-06,1996-10-22,mujer,divorciado,universitario,autonomo,11,1709.79,3,propia,Sevilla,activo
4254,2023-01-22,1980-04-01,mujer,soltero,universitario,empleado,6.1,1353.28,0,propia,Alicante,activo
4255,2023-02-13,1970-05-03,hombre,divorciado,formacion_profesional,jubilado,\N,1780.14,1,propia,Málaga,activo
4256,2025-04-29,1984-04-12,hombre,viudo,universitario,empleado,1.1,2006.67,0,hipotecada,Murcia,activo
4257,2021-08-28,1975-08-01,mujer,soltero,posgrado,empleado,4.9,2741.47,3,hipotecada,Barcelona,activo
4258,2024-04-08,2005-11-18,mujer,viudo,formacion_profesional,jubilado,\N,1537.58,0,alquiler,Murcia,activo
4259,2021-05-22,1992-03-30,hombre,casado,universitario,empleado,9.9,1586.17,0,propia,A Coruña,activo
4260,2011-10-26,1982-05-17,mujer,casado,posgrado,autonomo,8.8,5985.24,2,hipotecada,Vizcaya,activo
4261,2008-10-04,1957-08-30,mujer,viudo,posgrado,empleado,7.7,2166.24,1,propia,Madrid,activo
4262,2008-02-27,1968-01-28,mujer,soltero,universitario,estudiante,0,128.99,1,alquiler,Murcia,activo
4263,2014-07-30,1983-08-20,mujer,soltero,bachillerato,empleado,0,3258.05,0,alquiler,Málaga,activo
4264,2010-01-24,1978-05-27,hombre,divorciado,bachillerato,empleado,6.6,3203.96,1,familiar,Sevilla,activo
4265,2010-11-02,1966-03-17,hombre,casado,universitario,empleado,0,1039.23,2,propia,Barcelona,activo
4266,2026-06-30,2008-06-30,mujer,viudo,formacion_profesional,autonomo,0,1967.01,1,hipotecada,Madrid,activo
4267,2021-09-20,1973-09-17,mujer,casado,formacion_profesional,empleado,14.9,3488.16,1,propia,Murcia,activo
4268,2010-07-15,1990-10-06,mujer,casado,secundaria,desempleado,1.2,835.64,3,hipotecada,A Coruña,activo
4269,2014-06-15,1973-02-05,mujer,soltero,formacion_profesional,empleado,2.8,2296.17,3,hipotecada,A Coruña,activo
4270,2025-04-10,1979-02-13,hombre,soltero,formacion_profesional,empleado,7.2,978.5,0,familiar,Barcelona,activo
4271,2007-07-28,1964-06-23,hombre,divorciado,bachillerato,empleado,0,1615.93,3,hipotecada,Murcia,bloqueado
4272,2021-01-12,1975-12-18,otro,casado,universitario,jubilado,\N,1988.98,1,propia,Vizcaya,activo
4273,2025-05-26,1992-09-30,mujer,divorciado,posgrado,empleado,7.4,1087.64,3,familiar,Barcelona,activo
4274,2021-08-30,1982-12-04,mujer,divorciado,formacion_profesional,empleado,10.6,3061.39,0,alquiler,Murcia,activo
4275,2025-12-15,2006-07-30,mujer,viudo,universitario,desempleado,0,595.8,2,alquiler,Vizcaya,activo
4276,2011-02-15,1978-07-19,hombre,casado,universitario,empleado,6.2,5189.06,0,hipotecada,Valencia,activo
4277,2018-09-05,1997-10-07,hombre,divorciado,secundaria,empleado,0.8,1689.97,0,alquiler,A Coruña,activo
4278,2021-04-27,1975-09-02,mujer,soltero,secundaria,empleado,9.5,1942.76,0,hipotecada,Vizcaya,activo
4279,2008-12-03,1965-10-23,mujer,viudo,universitario,empleado,7.3,1412.61,0,alquiler,Valencia,activo
4280,2009-07-21,1980-07-25,mujer,casado,posgrado,empleado,13.0,2644.23,0,hipotecada,Alicante,activo
4281,2011-01-27,1977-07-19,mujer,soltero,formacion_profesional,jubilado,\N,1504.32,3,alquiler,Málaga,activo
4282,2024-02-14,2000-08-05,mujer,viudo,universitario,estudiante,0,655.16,2,propia,Sevilla,activo
4283,2008-09-13,1980-03-29,mujer,viudo,formacion_profesional,jubilado,\N,1553.82,3,hipotecada,Madrid,activo
4284,2010-01-02,1970-03-28,hombre,soltero,bachillerato,empleado,0,1072.17,0,hipotecada,Zaragoza,activo
4285,2026-05-21,2008-05-24,hombre,divorciado,formacion_profesional,empleado,0,3793.51,1,propia,Sevilla,activo
4286,2018-04-02,1944-06-12,hombre,divorciado,universitario,empleado,12.0,3908.01,1,alquiler,Málaga,activo
4287,2016-05-08,1986-01-15,mujer,soltero,bachillerato,empleado,9.7,1815.79,0,propia,Murcia,activo
4288,2013-07-20,1957-05-11,mujer,soltero,posgrado,autonomo,6.1,3820.85,0,hipotecada,Barcelona,activo
4289,2011-06-19,1963-09-01,mujer,soltero,formacion_profesional,empleado,0,2350.13,0,alquiler,Alicante,activo
4290,2010-04-21,1981-08-01,mujer,divorciado,secundaria,empleado,7.4,2175.19,1,propia,Sevilla,activo
4291,2019-12-01,1994-01-17,mujer,viudo,secundaria,autonomo,12.3,2488.98,1,hipotecada,Málaga,activo
4292,2005-01-12,1968-09-08,mujer,divorciado,universitario,empleado,7.9,1708.69,0,familiar,Madrid,activo
4293,2011-12-22,1966-06-01,hombre,divorciado,bachillerato,jubilado,\N,2651.03,0,propia,Zaragoza,activo
4294,2021-09-11,1983-12-20,hombre,divorciado,secundaria,autonomo,2.4,3034.86,3,familiar,Zaragoza,activo
4295,2009-01-04,1980-04-23,hombre,casado,secundaria,empleado,8.1,1967.78,0,alquiler,Málaga,activo
4296,2013-06-11,1991-04-03,hombre,viudo,bachillerato,empleado,8.4,3260.45,1,propia,Sevilla,activo
4297,2009-03-15,1987-11-15,mujer,viudo,bachillerato,empleado,6.1,2856.43,0,alquiler,A Coruña,activo
4298,2009-09-08,1977-12-28,hombre,divorciado,secundaria,autonomo,12.8,4668.06,0,propia,Málaga,activo
4299,2016-07-29,1989-02-23,hombre,divorciado,universitario,jubilado,\N,1597.48,0,alquiler,Madrid,activo
4300,2024-02-03,1965-11-24,hombre,casado,bachillerato,empleado,6.8,1886.08,0,alquiler,Murcia,activo
4301,2025-09-30,2007-09-11,hombre,divorciado,posgrado,empleado,0,2242.29,1,hipotecada,Valencia,activo
4302,2013-09-22,1975-08-27,mujer,divorciado,posgrado,empleado,12.0,2043.84,2,alquiler,Sevilla,activo
4303,2010-04-06,1991-01-22,mujer,soltero,bachillerato,empleado,6.6,2902.12,0,propia,A Coruña,activo
4304,2005-06-18,1980-01-09,hombre,divorciado,formacion_profesional,empleado,4.4,1389.94,0,hipotecada,Vizcaya,activo
4305,2019-02-02,1977-06-09,hombre,viudo,posgrado,empleado,8.6,1952.05,1,propia,A Coruña,activo
4306,2014-04-25,1972-04-28,hombre,viudo,posgrado,empleado,10.8,1941.65,0,hipotecada,Sevilla,activo
4307,2023-02-07,1998-05-20,mujer,soltero,secundaria,jubilado,\N,2093.95,1,familiar,Madrid,activo
4308,2017-03-04,1984-03-11,mujer,soltero,universitario,empleado,13.2,1053.01,2,hipotecada,Vizcaya,inactivo
4309,2025-07-27,1986-11-12,hombre,soltero,universitario,empleado,0,3954.97,2,propia,Vizcaya,activo
4310,2019-11-22,1985-05-28,hombre,casado,bachillerato,empleado,6.9,1578.65,3,familiar,Vizcaya,activo
4311,2019-05-01,1989-08-27,hombre,divorciado,universitario,empleado,5.7,2715.04,2,propia,Zaragoza,activo
4312,2019-12-11,1965-03-04,hombre,casado,secundaria,jubilado,\N,1105.22,0,propia,A Coruña,activo
4313,2013-07-07,1986-04-22,mujer,viudo,universitario,autonomo,5.9,1816.81,0,familiar,Barcelona,activo
4314,2017-08-19,1996-01-28,hombre,soltero,secundaria,empleado,7.9,2041.63,2,alquiler,Madrid,activo
4315,2024-11-25,1966-08-12,mujer,divorciado,posgrado,empleado,4.1,2422.74,0,propia,Zaragoza,inactivo
4316,2016-01-11,1967-04-16,hombre,divorciado,formacion_profesional,empleado,7.3,1575.5,0,alquiler,Sevilla,activo
4317,2026-01-24,2007-10-20,hombre,soltero,posgrado,jubilado,\N,1904.01,1,propia,Valencia,activo
4318,2025-06-30,1972-06-19,mujer,casado,formacion_profesional,desempleado,0,1012.41,0,alquiler,Murcia,activo
4319,2015-07-05,1995-05-06,mujer,viudo,bachillerato,empleado,5.9,2208.46,0,familiar,Valencia,activo
4320,2006-03-27,1964-02-20,hombre,viudo,secundaria,autonomo,12.4,2460.97,2,propia,Alicante,activo
4321,2023-12-16,1994-09-03,mujer,casado,formacion_profesional,empleado,6.3,4221.97,0,hipotecada,Barcelona,activo
4322,2009-01-27,1991-01-06,mujer,viudo,secundaria,empleado,13.8,1067.24,0,hipotecada,Vizcaya,activo
4323,2025-06-03,1978-04-04,mujer,casado,bachillerato,empleado,10.4,1974.98,0,familiar,Alicante,activo
4324,2013-08-04,1965-01-31,hombre,soltero,secundaria,empleado,0.8,1664.26,0,hipotecada,Valencia,activo
4325,2016-11-30,1971-08-15,hombre,viudo,universitario,empleado,0.2,4015.91,3,hipotecada,Vizcaya,activo
4326,2017-05-25,1986-07-30,hombre,soltero,bachillerato,jubilado,\N,1818.28,0,alquiler,Valencia,activo
4327,2020-04-21,1972-09-09,mujer,soltero,universitario,desempleado,1.2,1484.97,0,hipotecada,Sevilla,activo
4328,2011-03-29,1981-04-10,hombre,viudo,posgrado,empleado,2.9,2912.66,0,hipotecada,Málaga,inactivo
4329,2024-05-13,1983-12-22,mujer,viudo,formacion_profesional,autonomo,3.0,4875.67,3,familiar,Zaragoza,activo
4330,2019-04-08,1971-01-11,hombre,soltero,formacion_profesional,autonomo,9.2,1362.34,0,propia,Murcia,activo
4331,2019-02-25,1997-04-10,hombre,soltero,universitario,desempleado,5.1,1663.74,2,hipotecada,Zaragoza,activo
4332,2024-09-16,1974-02-02,hombre,divorciado,universitario,desempleado,1.2,1029.18,0,alquiler,Madrid,activo
4333,2019-11-16,1983-07-26,mujer,viudo,universitario,empleado,1.3,3968.11,1,hipotecada,Alicante,activo
4334,2024-04-20,1998-01-13,hombre,viudo,posgrado,empleado,10,2366.45,1,hipotecada,Barcelona,activo
4335,2024-01-05,1986-11-27,mujer,divorciado,secundaria,empleado,0,2044.52,1,alquiler,Valencia,activo
4336,2009-07-08,1980-06-19,hombre,divorciado,universitario,jubilado,\N,2689.73,0,propia,Zaragoza,activo
4337,2025-12-09,1985-02-03,hombre,viudo,posgrado,autonomo,5.6,1732.47,1,alquiler,Sevilla,activo
4338,2016-06-20,1986-02-11,hombre,viudo,formacion_profesional,jubilado,\N,1340.9,1,alquiler,Barcelona,activo
4339,2014-01-17,1987-07-10,mujer,viudo,universitario,empleado,14.3,1876.64,0,hipotecada,Alicante,activo
4340,2018-11-16,1969-09-03,hombre,viudo,universitario,empleado,12.7,1568.47,2,alquiler,Barcelona,activo
4341,2015-11-17,1994-08-15,mujer,casado,secundaria,empleado,10.3,1469.13,2,alquiler,Málaga,activo
4342,2013-10-21,1979-11-05,hombre,viudo,bachillerato,jubilado,\N,1784.32,0,alquiler,Valencia,activo
4343,2012-11-03,1983-04-15,hombre,soltero,universitario,desempleado,0,0,0,alquiler,Zaragoza,activo
4344,2014-11-09,1977-04-25,hombre,soltero,formacion_profesional,desempleado,1.7,1527.8,0,alquiler,Sevilla,activo
4345,2010-11-09,1987-06-23,mujer,casado,secundaria,empleado,6.5,2701.57,2,alquiler,Valencia,activo
4346,2010-11-03,1943-09-16,mujer,soltero,formacion_profesional,empleado,4.7,2799.06,2,familiar,Sevilla,activo
4347,2020-07-24,1986-11-12,hombre,viudo,universitario,empleado,5.5,1668.09,1,hipotecada,Murcia,activo
4348,2026-06-29,2008-06-29,mujer,divorciado,universitario,jubilado,\N,1618.73,0,familiar,Málaga,activo
4349,2006-12-16,1982-02-23,hombre,soltero,secundaria,empleado,10.4,1774.23,0,propia,Zaragoza,activo
4350,2021-06-15,1981-07-24,mujer,soltero,bachillerato,empleado,4.6,2178.65,2,propia,Madrid,activo
4351,2007-05-08,1983-11-10,hombre,casado,posgrado,empleado,7.3,2335.63,0,hipotecada,A Coruña,bloqueado
4352,2023-02-25,1978-09-26,mujer,casado,bachillerato,autonomo,6.5,1699.93,1,hipotecada,Alicante,activo
4353,2016-10-30,1995-02-21,mujer,viudo,formacion_profesional,desempleado,1.6,1309.83,3,alquiler,Vizcaya,activo
4354,2026-06-25,2008-06-03,hombre,divorciado,universitario,empleado,0,1970.3,0,familiar,Vizcaya,activo
4355,2015-03-28,1967-06-04,hombre,casado,secundaria,empleado,11.7,3539.34,1,alquiler,Murcia,activo
4356,2013-07-08,1982-06-06,hombre,casado,bachillerato,empleado,7.9,2682.81,0,alquiler,Málaga,activo
4357,2024-04-03,1970-11-20,hombre,viudo,bachillerato,empleado,7.1,2023.28,1,propia,Murcia,activo
4358,2020-02-21,1976-10-22,hombre,divorciado,formacion_profesional,empleado,5.5,2281.53,1,propia,Murcia,activo
4359,2015-09-01,1985-12-31,mujer,soltero,bachillerato,empleado,11.0,2807.87,1,familiar,Barcelona,activo
4360,2022-05-07,1985-09-18,hombre,soltero,formacion_profesional,empleado,12.5,1611.38,0,propia,Sevilla,activo
4361,2007-07-28,1976-11-06,hombre,soltero,formacion_profesional,estudiante,0,413.37,0,familiar,A Coruña,activo
4362,2020-08-05,1966-01-20,mujer,divorciado,universitario,empleado,14.0,2760.03,2,familiar,A Coruña,activo
4363,2013-04-14,1989-05-01,hombre,viudo,posgrado,empleado,9.3,950,1,propia,Murcia,activo
4364,2008-02-17,1969-05-15,mujer,divorciado,posgrado,autonomo,11.4,1959.38,2,alquiler,Alicante,activo
4365,2013-06-17,1986-10-21,hombre,soltero,formacion_profesional,empleado,14.2,2089.53,1,alquiler,Málaga,activo
4366,2022-06-20,1975-01-28,hombre,divorciado,universitario,empleado,5.1,1720.14,1,propia,Málaga,activo
4367,2017-11-01,1985-02-05,mujer,casado,formacion_profesional,empleado,7.5,1601.6,2,propia,Málaga,activo
4368,2019-12-10,1986-08-31,mujer,soltero,secundaria,empleado,8.0,3667.58,0,alquiler,Vizcaya,activo
4369,2017-03-06,1981-06-22,hombre,divorciado,secundaria,empleado,10.8,2342.14,3,familiar,Málaga,activo
4370,2024-12-18,1961-08-23,hombre,casado,posgrado,empleado,8.9,4086.94,1,propia,Barcelona,activo
4371,2024-03-16,2002-12-31,hombre,viudo,secundaria,empleado,5,3369.96,2,alquiler,Zaragoza,activo
4372,2007-08-26,1975-06-08,hombre,casado,bachillerato,empleado,5.1,1359.86,0,alquiler,Vizcaya,activo
4373,2011-01-01,1982-02-04,hombre,casado,universitario,jubilado,\N,1932.15,1,hipotecada,Zaragoza,activo
4374,2007-09-16,1959-09-25,hombre,viudo,universitario,estudiante,0,944.82,0,familiar,Alicante,inactivo
4375,2005-04-29,1970-10-30,hombre,casado,formacion_profesional,empleado,10.9,1838.93,2,hipotecada,A Coruña,activo
4376,2018-10-26,1996-05-16,mujer,casado,formacion_profesional,autonomo,12,1788.0,2,propia,Alicante,activo
4377,2014-02-17,1993-08-25,mujer,soltero,formacion_profesional,jubilado,\N,2090.28,3,hipotecada,Málaga,activo
4378,2023-10-31,1970-05-22,hombre,divorciado,universitario,jubilado,\N,1794.68,0,alquiler,A Coruña,activo
4379,2020-03-13,1993-11-11,mujer,divorciado,bachillerato,empleado,5.6,1420.63,0,familiar,Sevilla,activo
4380,2006-06-01,1954-02-10,mujer,viudo,universitario,estudiante,0,423.41,0,alquiler,Vizcaya,activo
4381,2016-06-15,1961-02-17,mujer,soltero,bachillerato,autonomo,19.8,2736.4,3,familiar,Zaragoza,activo
4382,2025-09-10,1982-06-29,hombre,casado,universitario,empleado,1.3,2162.92,1,familiar,Vizcaya,activo
4383,2021-06-22,1999-02-24,mujer,casado,universitario,empleado,9,2109.67,3,alquiler,Sevilla,activo
4384,2021-07-16,1998-01-24,hombre,casado,posgrado,empleado,5.5,2516.22,0,propia,Málaga,activo
4385,2016-06-24,1975-04-05,mujer,viudo,formacion_profesional,desempleado,2.1,1264.2,1,hipotecada,Alicante,activo
4386,2026-06-23,2008-06-23,hombre,casado,formacion_profesional,empleado,0,2353.14,0,alquiler,Valencia,activo
4387,2023-12-28,1968-08-18,hombre,casado,universitario,empleado,13.7,1870.97,0,propia,A Coruña,activo
4388,2017-03-27,1998-12-14,mujer,viudo,posgrado,empleado,4.3,1473.8,1,hipotecada,Murcia,activo
4389,2012-12-17,1986-02-08,mujer,soltero,universitario,desempleado,0,1008.13,1,hipotecada,Vizcaya,activo
4390,2026-03-13,2007-12-16,hombre,casado,universitario,empleado,0,2001.61,2,alquiler,Zaragoza,activo
4391,2015-05-02,1972-04-25,hombre,divorciado,secundaria,empleado,6.3,2575.29,1,hipotecada,Alicante,inactivo
4392,2011-06-06,1989-11-01,mujer,soltero,universitario,empleado,14.2,1336.05,0,alquiler,Madrid,activo
4393,2026-06-24,2008-05-16,mujer,divorciado,universitario,empleado,0,1890.17,0,familiar,Valencia,activo
4394,2023-02-03,1947-08-08,hombre,divorciado,secundaria,empleado,3.1,1360.73,1,propia,Murcia,activo
4395,2025-06-13,1963-08-09,hombre,divorciado,bachillerato,empleado,2.2,2074.39,0,alquiler,Murcia,activo
4396,2008-09-05,1967-07-03,hombre,casado,secundaria,empleado,7.8,2124.69,1,familiar,Madrid,activo
4397,2016-07-15,1974-12-25,otro,divorciado,secundaria,empleado,5.5,1051.75,1,hipotecada,Alicante,activo
4398,2017-08-21,1997-12-21,mujer,soltero,universitario,empleado,1.2,1843.21,0,alquiler,A Coruña,activo
4399,2022-01-22,2000-01-22,hombre,divorciado,formacion_profesional,empleado,6.5,1704.42,0,hipotecada,Zaragoza,activo
4400,2012-03-17,1979-06-12,hombre,viudo,formacion_profesional,empleado,4.7,2118.14,2,propia,Zaragoza,activo
4401,2011-06-27,1992-11-09,hombre,soltero,universitario,desempleado,0.2,236.79,0,hipotecada,Zaragoza,activo
4402,2024-08-19,1978-12-31,mujer,viudo,universitario,desempleado,0.3,931.08,1,propia,Zaragoza,activo
4403,2014-11-16,1990-11-01,hombre,soltero,bachillerato,desempleado,1.4,254.66,0,alquiler,Vizcaya,activo
4404,2025-11-11,1992-11-24,hombre,soltero,formacion_profesional,autonomo,5.1,1053.66,0,familiar,Barcelona,activo
4405,2019-01-22,1981-10-01,hombre,viudo,bachillerato,empleado,9.3,1870.16,0,alquiler,Madrid,activo
4406,2024-09-07,1968-02-26,hombre,soltero,universitario,empleado,9.9,2672.41,0,propia,A Coruña,activo
4407,2010-10-15,1967-11-16,mujer,soltero,universitario,empleado,6.2,2362.41,0,hipotecada,Sevilla,activo
4408,2014-05-18,1963-02-04,mujer,viudo,universitario,empleado,4.8,1046.17,2,hipotecada,Valencia,activo
4409,2010-12-15,1990-06-03,hombre,soltero,secundaria,empleado,12.9,1521.39,1,alquiler,A Coruña,activo
4410,2019-04-04,1980-01-17,hombre,soltero,universitario,autonomo,16.7,4237.42,3,alquiler,Alicante,activo
4411,2020-06-01,1963-06-17,mujer,viudo,formacion_profesional,desempleado,1.6,673.73,2,alquiler,Vizcaya,activo
4412,2014-08-08,1974-06-25,hombre,soltero,universitario,empleado,3.5,965.21,2,propia,Málaga,activo
4413,2019-10-16,1962-05-12,mujer,casado,formacion_profesional,empleado,8.1,1692.43,0,propia,Sevilla,activo
4414,2007-06-14,1984-11-21,hombre,divorciado,secundaria,empleado,0,2507.94,0,hipotecada,Barcelona,activo
4415,2007-12-28,1968-09-14,hombre,casado,formacion_profesional,estudiante,0,1083.83,0,alquiler,A Coruña,activo
4416,2024-03-06,1997-01-16,mujer,casado,posgrado,empleado,10.2,3091.82,2,hipotecada,Murcia,activo
4417,2025-05-11,2001-01-12,mujer,divorciado,universitario,empleado,4.2,3287.45,2,propia,Vizcaya,activo
4418,2012-08-29,1988-10-16,hombre,viudo,universitario,empleado,12.1,2443.45,2,alquiler,Málaga,activo
4419,2015-11-16,1997-07-14,otro,casado,formacion_profesional,autonomo,0,3278.97,0,hipotecada,Barcelona,activo
4420,2020-12-19,1977-09-24,hombre,soltero,formacion_profesional,empleado,7.4,1043.64,0,propia,Málaga,activo
4421,2013-03-19,1988-02-21,mujer,divorciado,formacion_profesional,estudiante,0,1256.96,0,propia,Barcelona,bloqueado
4422,2024-08-14,2006-05-23,hombre,casado,secundaria,empleado,2,1279.4,1,alquiler,Barcelona,activo
4423,2025-03-22,1987-07-18,otro,viudo,universitario,estudiante,0,1004.92,2,alquiler,Barcelona,activo
4424,2010-07-29,1988-11-15,mujer,casado,secundaria,empleado,12.2,2215.1,3,hipotecada,A Coruña,activo
4425,2006-08-12,1981-09-18,mujer,soltero,universitario,autonomo,12.9,4071.94,0,familiar,Madrid,activo
4426,2010-07-17,1980-11-11,mujer,casado,bachillerato,empleado,19.5,4438.35,0,familiar,Zaragoza,activo
4427,2006-07-12,1949-07-24,mujer,viudo,bachillerato,empleado,17.3,2314.24,0,alquiler,A Coruña,activo
4428,2017-01-12,1970-10-07,hombre,soltero,formacion_profesional,jubilado,\N,700,0,hipotecada,Madrid,inactivo
4429,2022-10-01,2000-09-08,mujer,soltero,bachillerato,estudiante,0,1521.99,1,alquiler,Murcia,activo
4430,2015-09-25,1970-12-05,hombre,viudo,universitario,autonomo,4.7,1549.17,0,propia,Murcia,activo
4431,2023-10-28,1977-10-20,hombre,viudo,bachillerato,empleado,15.2,2314.71,0,alquiler,Alicante,activo
4432,2025-11-25,2007-03-31,hombre,divorciado,universitario,empleado,1,1341.74,0,alquiler,Alicante,activo
4433,2021-01-20,1974-08-13,mujer,casado,posgrado,jubilado,\N,1119.14,0,propia,Barcelona,activo
4434,2018-05-24,1996-03-05,otro,divorciado,posgrado,autonomo,0,4753.08,0,alquiler,Zaragoza,activo
4435,2026-06-23,2008-06-23,otro,soltero,formacion_profesional,empleado,0,3889.99,2,propia,Alicante,activo
4436,2022-03-24,1986-12-16,hombre,soltero,bachillerato,autonomo,0,5076.44,0,hipotecada,Murcia,activo
4437,2021-10-16,1984-04-24,hombre,divorciado,posgrado,estudiante,0,830.0,0,hipotecada,Madrid,activo
4438,2017-06-02,1990-01-15,mujer,soltero,formacion_profesional,empleado,1.2,2412.39,1,propia,Valencia,activo
4439,2005-05-27,1968-03-02,mujer,casado,bachillerato,jubilado,\N,1577.21,1,hipotecada,Alicante,activo
4440,2010-01-23,1978-11-16,mujer,soltero,universitario,empleado,0,950,1,hipotecada,Madrid,activo
4441,2026-03-22,2008-01-17,mujer,casado,posgrado,empleado,0,3434.1,0,propia,Barcelona,activo
4442,2011-03-20,1990-01-18,hombre,casado,universitario,empleado,0,2150.82,0,hipotecada,Murcia,activo
4443,2022-04-24,1981-05-27,hombre,casado,universitario,empleado,7.9,2735.49,3,alquiler,A Coruña,activo
4444,2024-10-07,1985-09-20,mujer,casado,secundaria,empleado,3.7,2030.19,0,alquiler,Barcelona,inactivo
4445,2008-09-16,1967-12-19,hombre,soltero,universitario,jubilado,\N,1518.44,0,propia,Barcelona,activo
4446,2024-06-30,2004-05-27,hombre,viudo,posgrado,empleado,3.4,2846.47,1,hipotecada,Málaga,activo
4447,2015-04-26,1995-09-21,hombre,casado,formacion_profesional,empleado,12,2992.75,3,propia,Zaragoza,activo
4448,2019-10-21,1975-07-28,mujer,soltero,bachillerato,desempleado,0.8,958.64,3,propia,Valencia,activo
4449,2008-06-28,1979-05-28,hombre,viudo,secundaria,empleado,7.6,2867.8,1,propia,Valencia,activo
4450,2018-03-22,1957-10-15,hombre,divorciado,universitario,empleado,10.4,4015.73,2,propia,A Coruña,activo
4451,2013-05-08,1987-01-25,hombre,divorciado,universitario,empleado,0,1418.8,2,propia,Sevilla,activo
4452,2025-12-18,1947-06-20,mujer,divorciado,universitario,empleado,6.4,2787.36,0,propia,Zaragoza,activo
4453,2015-03-14,1991-05-26,mujer,casado,bachillerato,empleado,8.4,1655.93,0,propia,Sevilla,activo
4454,2012-10-20,1971-06-26,mujer,casado,universitario,empleado,7.3,3771.93,1,hipotecada,Alicante,activo
4455,2021-01-30,1977-11-02,hombre,soltero,posgrado,autonomo,1.4,3876.18,0,alquiler,Madrid,activo
4456,2023-03-07,1999-10-15,mujer,soltero,universitario,empleado,8,1731.75,0,hipotecada,Alicante,activo
4457,2008-08-17,1978-06-20,hombre,casado,bachillerato,empleado,2.9,1310.28,1,alquiler,Vizcaya,activo
4458,2020-11-26,2000-11-27,hombre,viudo,formacion_profesional,jubilado,\N,1763.93,1,familiar,A Coruña,activo
4459,2016-03-22,1949-11-19,mujer,divorciado,posgrado,empleado,10.8,1953.31,0,alquiler,Alicante,activo
4460,2016-07-14,1980-02-12,mujer,divorciado,posgrado,empleado,0,2618.47,1,hipotecada,Valencia,activo
4461,2010-11-30,1977-08-07,hombre,viudo,bachillerato,empleado,0.9,2284.3,1,hipotecada,Barcelona,activo
4462,2025-02-01,1980-01-11,mujer,divorciado,universitario,empleado,1.7,1819.42,3,propia,Zaragoza,activo
4463,2012-04-11,1975-02-10,hombre,divorciado,universitario,empleado,11.0,1872.22,0,propia,Barcelona,activo
4464,2023-09-13,2000-05-25,hombre,divorciado,formacion_profesional,empleado,5.2,3746.66,1,propia,A Coruña,activo
4465,2016-10-07,1980-05-31,hombre,soltero,posgrado,autonomo,6.1,7240.7,0,propia,Sevilla,activo
4466,2012-08-12,1982-08-08,hombre,divorciado,bachillerato,estudiante,0,963.4,0,hipotecada,A Coruña,activo
4467,2009-06-28,1990-12-28,hombre,viudo,universitario,empleado,15.1,1864.93,1,propia,Barcelona,activo
4468,2011-05-18,1980-10-20,mujer,soltero,universitario,empleado,4.4,2938.01,1,familiar,A Coruña,activo
4469,2015-09-08,1984-07-28,mujer,soltero,formacion_profesional,jubilado,\N,2440.25,0,propia,Murcia,activo
4470,2012-12-14,1990-02-22,hombre,casado,bachillerato,empleado,6.3,4220.37,0,hipotecada,Málaga,activo
4471,2022-11-26,1988-03-06,mujer,soltero,formacion_profesional,empleado,12.7,4142.03,0,alquiler,Sevilla,inactivo
4472,2005-06-15,1986-02-19,mujer,casado,formacion_profesional,autonomo,6.7,2401.41,2,familiar,Sevilla,activo
4473,2009-05-25,1990-05-19,mujer,viudo,bachillerato,empleado,4.0,4092.38,0,propia,Málaga,activo
4474,2026-04-21,2008-04-23,mujer,soltero,secundaria,autonomo,0,1203.66,0,alquiler,Barcelona,activo
4475,2017-09-05,1973-02-06,hombre,soltero,universitario,empleado,15.6,3663.08,2,familiar,Barcelona,activo
4476,2021-10-28,1964-03-23,hombre,divorciado,formacion_profesional,empleado,0,1837.49,0,alquiler,Barcelona,activo
4477,2024-08-19,1988-10-01,mujer,divorciado,formacion_profesional,autonomo,8.3,2908.8,0,propia,Murcia,inactivo
4478,2024-04-12,1996-03-28,mujer,viudo,secundaria,empleado,9.3,2710.09,1,propia,Alicante,activo
4479,2016-07-02,1986-11-17,mujer,divorciado,universitario,empleado,2.4,1996.86,1,alquiler,Vizcaya,activo
4480,2019-01-05,1991-10-01,hombre,casado,posgrado,empleado,7.3,2020.41,2,alquiler,Zaragoza,inactivo
4481,2026-02-20,1965-01-08,mujer,divorciado,formacion_profesional,empleado,7.4,3004.47,3,hipotecada,Barcelona,activo
4482,2017-10-25,1982-07-19,mujer,viudo,posgrado,empleado,2.8,1879.41,0,hipotecada,Sevilla,activo
4483,2019-04-26,1973-12-14,mujer,casado,universitario,autonomo,14.4,8728.8,1,alquiler,A Coruña,activo
4484,2017-01-10,1993-10-12,mujer,viudo,posgrado,jubilado,\N,1561.09,2,alquiler,Vizcaya,activo
4485,2019-02-18,2000-03-25,mujer,divorciado,formacion_profesional,empleado,8,2748.42,2,hipotecada,Valencia,activo
4486,2025-12-26,1986-04-17,mujer,soltero,universitario,autonomo,7.0,2005.22,2,familiar,A Coruña,activo
4487,2026-03-16,2008-01-13,mujer,soltero,posgrado,empleado,0,2313.56,4,hipotecada,Málaga,activo
4488,2020-03-02,1974-03-24,hombre,casado,universitario,empleado,7.2,2295.43,2,hipotecada,Madrid,activo
4489,2014-01-15,1960-09-11,mujer,soltero,bachillerato,empleado,0,1983.62,0,propia,Murcia,activo
4490,2009-03-20,1989-04-21,hombre,soltero,bachillerato,desempleado,3.9,608.75,1,propia,Málaga,activo
4491,2019-08-16,1987-04-06,mujer,casado,formacion_profesional,jubilado,\N,1753.37,1,hipotecada,Madrid,activo
4492,2018-10-26,1967-06-26,hombre,viudo,universitario,autonomo,10.7,2950.57,3,propia,Madrid,activo
4493,2007-12-29,1961-10-02,hombre,soltero,universitario,autonomo,10.2,4051.97,1,hipotecada,Madrid,activo
4494,2015-01-12,1995-10-26,hombre,soltero,formacion_profesional,empleado,6.7,2399.17,0,propia,Barcelona,activo
4495,2012-08-10,1992-02-04,hombre,casado,bachillerato,empleado,6.8,2596.23,2,propia,Valencia,activo
4496,2011-03-11,1988-04-30,mujer,soltero,formacion_profesional,empleado,0,2440.51,2,propia,Sevilla,activo
4497,2021-05-04,1987-05-11,mujer,soltero,universitario,empleado,9.8,4630.34,0,hipotecada,Zaragoza,activo
4498,2005-01-01,1982-05-14,mujer,soltero,universitario,empleado,9.7,2119.19,4,familiar,Sevilla,activo
4499,2025-10-20,2000-07-01,mujer,soltero,formacion_profesional,empleado,0,1425.89,1,propia,Barcelona,activo
4500,2019-07-21,2000-05-09,hombre,soltero,secundaria,empleado,2.9,2821.39,0,alquiler,Madrid,activo
4501,2025-03-26,1949-07-20,hombre,casado,universitario,desempleado,0,419.86,0,propia,Madrid,activo
4502,2017-04-09,1986-08-20,mujer,viudo,bachillerato,empleado,2.6,1449.11,1,familiar,Valencia,activo
4503,2021-09-02,1978-06-04,mujer,viudo,formacion_profesional,jubilado,\N,1564.34,1,hipotecada,Valencia,activo
4504,2023-05-04,1971-11-06,hombre,divorciado,posgrado,desempleado,0.4,1149.57,0,alquiler,Zaragoza,activo
4505,2011-12-11,1980-04-07,hombre,viudo,posgrado,desempleado,0,525.42,0,alquiler,Vizcaya,activo
4506,2016-06-20,1995-11-20,hombre,soltero,formacion_profesional,empleado,2.6,1012.5,0,alquiler,Vizcaya,activo
4507,2010-09-26,1986-07-30,hombre,soltero,universitario,empleado,0.4,1444.55,0,propia,Madrid,activo
4508,2012-06-15,1975-02-03,hombre,viudo,posgrado,desempleado,0,844.46,1,alquiler,Alicante,activo
4509,2010-09-10,1990-07-20,hombre,casado,bachillerato,desempleado,2.1,1588.43,0,familiar,Zaragoza,activo
4510,2009-04-22,1978-03-07,otro,casado,posgrado,empleado,1.3,2564.11,0,familiar,Vizcaya,activo
4511,2020-06-03,1979-01-08,hombre,divorciado,formacion_profesional,empleado,3.8,2568.92,4,hipotecada,Zaragoza,activo
4512,2018-02-05,1969-05-21,mujer,divorciado,posgrado,desempleado,0,836.37,2,alquiler,Málaga,activo
4513,2017-08-20,1968-07-07,hombre,divorciado,posgrado,autonomo,1.0,8391.31,0,propia,Vizcaya,activo
4514,2024-12-07,1976-11-11,mujer,casado,universitario,autonomo,19.0,6128.41,3,alquiler,Vizcaya,activo
4515,2008-06-26,1951-01-31,hombre,divorciado,universitario,empleado,0,4671.85,2,alquiler,A Coruña,activo
4516,2016-12-02,1955-11-17,mujer,casado,formacion_profesional,autonomo,5.4,2304.05,2,familiar,Madrid,activo
4517,2022-01-09,1943-09-16,hombre,soltero,posgrado,empleado,6.8,3582.54,2,alquiler,Alicante,activo
4518,2024-02-27,2003-12-25,hombre,casado,bachillerato,empleado,4,4154.94,0,alquiler,Madrid,activo
4519,2005-04-15,1971-01-31,hombre,divorciado,universitario,empleado,9.4,3302.48,4,propia,Alicante,activo
4520,2012-08-18,1953-03-15,hombre,viudo,posgrado,empleado,5.3,1183.57,1,propia,Barcelona,activo
4521,2025-08-23,1986-11-27,hombre,viudo,bachillerato,desempleado,0,658.29,0,alquiler,Zaragoza,activo
4522,2013-10-17,1975-10-14,hombre,viudo,posgrado,empleado,0.9,2377.47,1,propia,Málaga,inactivo
4523,2019-09-10,1992-03-20,hombre,divorciado,secundaria,empleado,6.2,1382.48,1,hipotecada,Sevilla,activo
4524,2016-01-18,1992-07-07,hombre,casado,formacion_profesional,empleado,7.2,3825.5,0,alquiler,Barcelona,activo
4525,2020-12-18,1987-11-24,hombre,viudo,secundaria,autonomo,4.5,3437.85,1,hipotecada,Alicante,activo
4526,2017-06-07,1963-01-28,mujer,viudo,formacion_profesional,desempleado,1.5,799.77,1,hipotecada,Madrid,inactivo
4527,2019-10-31,1980-03-19,mujer,casado,secundaria,empleado,11.7,1620.66,0,propia,Alicante,activo
4528,2014-05-24,1983-11-21,mujer,casado,formacion_profesional,empleado,2.5,1230.67,0,hipotecada,Alicante,activo
4529,2014-09-13,1973-07-08,hombre,soltero,posgrado,empleado,8.8,3590.58,3,propia,Barcelona,activo
4530,2023-05-05,1964-04-26,mujer,casado,bachillerato,empleado,4.6,3864.05,0,propia,Barcelona,activo
4531,2021-09-14,1994-03-28,mujer,viudo,formacion_profesional,empleado,8.1,3765.97,0,propia,Vizcaya,activo
4532,2016-01-07,1983-06-23,hombre,viudo,universitario,jubilado,\N,2354.86,0,familiar,Madrid,activo
4533,2024-12-08,1997-08-03,mujer,soltero,formacion_profesional,autonomo,10,2827.27,1,alquiler,Valencia,activo
4534,2015-10-20,1989-08-25,mujer,viudo,posgrado,empleado,13.5,2313.08,2,alquiler,Sevilla,activo
4535,2022-11-23,2003-06-17,hombre,soltero,bachillerato,empleado,4.5,1835.44,3,propia,Sevilla,activo
4536,2023-01-27,1992-03-23,mujer,soltero,formacion_profesional,jubilado,\N,2289.4,0,alquiler,Madrid,activo
4537,2026-05-18,2008-01-21,mujer,viudo,formacion_profesional,estudiante,0,576.41,4,hipotecada,Málaga,activo
4538,2011-09-25,1978-04-05,mujer,casado,formacion_profesional,autonomo,0,1726.0,2,hipotecada,Zaragoza,activo
4539,2019-02-22,1995-02-17,mujer,casado,universitario,empleado,0,4196.58,0,familiar,A Coruña,activo
4540,2006-09-06,1983-12-11,mujer,divorciado,universitario,autonomo,2.7,6730.21,0,alquiler,Sevilla,activo
4541,2008-06-06,1987-05-06,hombre,soltero,posgrado,empleado,7.6,1570.26,0,propia,Sevilla,activo
4542,2013-11-18,1966-01-01,mujer,soltero,universitario,empleado,6.8,1504.25,1,alquiler,Madrid,activo
4543,2007-09-06,1978-03-18,hombre,divorciado,formacion_profesional,jubilado,\N,1437.3,0,propia,Sevilla,activo
4544,2015-01-09,1983-12-24,hombre,viudo,secundaria,empleado,10.3,4075.09,1,alquiler,Vizcaya,activo
4545,2025-04-12,2001-07-24,hombre,casado,posgrado,empleado,1.5,1610.19,0,hipotecada,Madrid,activo
4546,2021-02-14,2002-07-07,hombre,divorciado,posgrado,empleado,5,2318.42,1,alquiler,Sevilla,activo
4547,2009-05-20,1989-10-21,hombre,viudo,universitario,empleado,18,1703.15,2,propia,Barcelona,activo
4548,2006-07-24,1972-03-13,otro,soltero,formacion_profesional,empleado,0.7,2192.51,0,familiar,Sevilla,activo
4549,2009-12-21,1989-02-11,hombre,casado,formacion_profesional,empleado,9.8,967.03,0,familiar,Zaragoza,activo
4550,2006-09-21,1970-08-14,mujer,divorciado,universitario,autonomo,0,2850.56,0,hipotecada,Murcia,activo
4551,2020-05-01,2000-03-03,hombre,viudo,formacion_profesional,jubilado,\N,1559.13,2,hipotecada,Vizcaya,inactivo
4552,2021-08-05,1977-06-17,mujer,viudo,universitario,empleado,9.5,2147.5,1,propia,Vizcaya,activo
4553,2024-02-13,1984-10-08,hombre,divorciado,bachillerato,empleado,6.2,2470.4,0,alquiler,Zaragoza,activo
4554,2018-07-05,1994-10-29,mujer,viudo,universitario,empleado,2.4,1470.85,2,hipotecada,Málaga,activo
4555,2005-02-24,1984-03-04,mujer,soltero,universitario,estudiante,0,182.82,1,alquiler,Sevilla,activo
4556,2021-04-20,1972-07-05,hombre,divorciado,bachillerato,empleado,7.0,1925.27,0,propia,Vizcaya,activo
4557,2011-07-18,1981-01-10,hombre,soltero,posgrado,autonomo,24.8,7953.43,1,alquiler,Alicante,activo
4558,2006-10-14,1981-08-12,hombre,viudo,universitario,jubilado,\N,2287.79,1,hipotecada,Vizcaya,activo
4559,2011-12-15,1964-07-06,hombre,soltero,formacion_profesional,empleado,9.7,3457.02,0,propia,Murcia,activo
4560,2019-08-07,1985-05-12,hombre,viudo,universitario,empleado,13.5,950,0,hipotecada,Alicante,activo
4561,2013-08-14,1954-05-19,mujer,divorciado,posgrado,empleado,11.7,2196.37,1,hipotecada,Barcelona,activo
4562,2024-09-24,1970-03-23,hombre,viudo,universitario,empleado,7.9,1051.39,0,alquiler,Sevilla,activo
4563,2019-09-01,1992-11-28,hombre,divorciado,formacion_profesional,empleado,12.4,2525.3,0,alquiler,Vizcaya,activo
4564,2020-06-18,1976-02-16,hombre,casado,formacion_profesional,autonomo,4.1,2880.93,1,alquiler,Valencia,activo
4565,2018-03-15,1975-10-02,mujer,soltero,posgrado,empleado,0,2396.77,1,propia,A Coruña,activo
4566,2017-12-31,1994-07-04,mujer,viudo,posgrado,empleado,6.8,1889.74,0,familiar,Barcelona,activo
4567,2013-10-05,1976-09-10,otro,soltero,formacion_profesional,jubilado,\N,1911.18,1,propia,Málaga,activo
4568,2024-06-22,2003-11-17,mujer,viudo,bachillerato,desempleado,0.8,0,0,hipotecada,Murcia,inactivo
4569,2021-11-05,1978-10-13,mujer,divorciado,secundaria,empleado,7.0,2692.39,0,propia,Madrid,activo
4570,2018-01-18,1988-07-23,mujer,divorciado,universitario,estudiante,0,731.57,2,propia,Málaga,activo
4571,2024-02-04,1963-05-31,hombre,soltero,formacion_profesional,jubilado,\N,1878.67,2,hipotecada,Málaga,activo
4572,2025-11-14,2007-08-20,hombre,soltero,formacion_profesional,empleado,0,1919.54,0,alquiler,Sevilla,activo
4573,2023-07-10,1970-09-02,hombre,casado,posgrado,empleado,12.8,1916.32,2,hipotecada,Madrid,activo
4574,2021-11-02,2002-10-08,hombre,viudo,bachillerato,empleado,5,1831.25,3,hipotecada,Barcelona,activo
4575,2026-05-30,1985-09-11,mujer,viudo,secundaria,empleado,6.8,2254.32,1,propia,Zaragoza,activo
4576,2020-02-21,1972-04-16,otro,viudo,posgrado,estudiante,0,560.88,1,alquiler,Barcelona,activo
4577,2019-11-25,1981-08-13,hombre,casado,universitario,desempleado,0.2,1140.27,0,familiar,Madrid,activo
4578,2026-05-17,2008-02-18,hombre,viudo,secundaria,jubilado,\N,2272.01,2,propia,Madrid,activo
4579,2019-02-08,1988-06-04,mujer,divorciado,formacion_profesional,estudiante,0,698.14,3,familiar,Sevilla,activo
4580,2012-09-08,1959-04-26,hombre,soltero,universitario,desempleado,0.0,345.71,0,hipotecada,Vizcaya,activo
4581,2024-02-24,1980-01-03,hombre,soltero,formacion_profesional,jubilado,\N,1316.39,1,alquiler,Zaragoza,activo
4582,2025-04-25,1998-10-16,hombre,divorciado,secundaria,empleado,0,2565.27,0,hipotecada,Barcelona,activo
4583,2014-11-04,1988-09-09,mujer,divorciado,posgrado,empleado,8.5,1857.19,0,hipotecada,Barcelona,inactivo
4584,2025-08-13,1990-09-12,hombre,viudo,posgrado,empleado,2.8,2063.88,1,hipotecada,Alicante,activo
4585,2025-10-10,1978-05-29,mujer,divorciado,bachillerato,jubilado,\N,1449.96,0,alquiler,Vizcaya,activo
4586,2015-01-03,1979-03-24,hombre,soltero,posgrado,jubilado,\N,795.65,0,familiar,Alicante,activo
4587,2005-05-28,1969-07-15,hombre,casado,posgrado,autonomo,8.3,2379.18,4,propia,Vizcaya,bloqueado
4588,2014-10-22,1975-10-19,hombre,soltero,universitario,empleado,4.9,1251.83,1,hipotecada,Vizcaya,activo
4589,2009-04-23,1979-01-14,mujer,casado,formacion_profesional,empleado,1.7,3095.78,2,hipotecada,Barcelona,activo
4590,2016-09-05,1975-08-24,mujer,casado,universitario,empleado,0,1594.04,0,propia,Valencia,activo
4591,2021-10-03,1993-07-05,hombre,divorciado,universitario,empleado,5.4,1576.35,3,alquiler,Zaragoza,activo
4592,2009-02-07,1984-03-24,mujer,divorciado,universitario,empleado,13.9,1603.76,2,familiar,Málaga,activo
4593,2007-05-12,1984-07-20,hombre,casado,universitario,empleado,9.3,2152.39,1,familiar,Madrid,activo
4594,2025-06-11,1998-02-09,hombre,divorciado,bachillerato,desempleado,7.0,333.6,0,propia,Sevilla,activo
4595,2017-11-28,1975-07-14,hombre,viudo,universitario,estudiante,0,954.08,0,propia,Valencia,activo
4596,2018-08-20,1997-05-24,hombre,soltero,universitario,autonomo,11,3202.67,1,familiar,Vizcaya,activo
4597,2022-03-02,2003-06-05,otro,viudo,secundaria,empleado,5,3793.61,1,alquiler,Málaga,activo
4598,2011-01-17,1973-10-21,hombre,viudo,formacion_profesional,empleado,7.7,1911.21,2,propia,Alicante,activo
4599,2019-02-17,1971-09-12,mujer,divorciado,posgrado,empleado,8.9,1522.81,0,alquiler,Zaragoza,activo
4600,2018-07-28,1981-02-11,otro,viudo,posgrado,empleado,2.6,2754.9,0,familiar,Barcelona,activo
4601,2022-04-16,1970-06-01,hombre,casado,universitario,empleado,7.5,2176.82,3,propia,Murcia,activo
4602,2018-10-19,1972-09-18,mujer,soltero,formacion_profesional,empleado,6.9,1644.78,0,hipotecada,Zaragoza,activo
4603,2011-09-16,1961-11-27,hombre,viudo,posgrado,empleado,4.2,1382.01,1,propia,Murcia,activo
4604,2017-04-18,1983-09-22,mujer,divorciado,formacion_profesional,empleado,9.4,4923.98,1,propia,Vizcaya,activo
4605,2025-11-13,2007-08-11,mujer,soltero,formacion_profesional,empleado,0,1932.79,0,hipotecada,Málaga,activo
4606,2005-10-31,1963-06-28,hombre,soltero,formacion_profesional,autonomo,14.3,12000,0,alquiler,Valencia,activo
4607,2015-10-21,1995-11-30,mujer,casado,universitario,empleado,3.1,1915.71,2,propia,Vizcaya,activo
4608,2022-01-15,1987-01-23,hombre,divorciado,secundaria,empleado,4.1,2478.08,2,familiar,Valencia,activo
4609,2006-11-29,1983-10-05,hombre,casado,formacion_profesional,autonomo,2.8,2525.81,3,familiar,Vizcaya,activo
4610,2020-06-28,1976-01-16,hombre,soltero,posgrado,empleado,9.2,2849.61,0,familiar,Sevilla,activo
4611,2016-10-21,1969-10-05,mujer,soltero,universitario,jubilado,\N,1466.12,3,propia,Valencia,activo
4612,2022-10-03,1983-07-17,hombre,divorciado,formacion_profesional,desempleado,0.9,1148.48,2,familiar,Madrid,activo
4613,2020-10-15,1978-01-03,hombre,divorciado,universitario,empleado,13.4,2523.45,0,propia,Barcelona,activo
4614,2005-07-10,1975-01-17,mujer,viudo,universitario,autonomo,14.2,2160.31,0,familiar,Madrid,activo
4615,2009-01-28,1959-10-08,mujer,divorciado,universitario,empleado,12.4,2809.84,1,propia,Barcelona,activo
4616,2007-02-03,1977-08-27,mujer,divorciado,universitario,empleado,6.7,1947.9,1,propia,A Coruña,bloqueado
4617,2017-06-17,1962-01-03,hombre,casado,posgrado,empleado,7.8,4274.9,0,hipotecada,Málaga,activo
4618,2018-10-10,1950-11-01,mujer,divorciado,formacion_profesional,jubilado,\N,1730.31,2,propia,A Coruña,activo
4619,2025-05-29,1997-05-26,hombre,divorciado,universitario,empleado,9.6,1045.55,3,alquiler,Vizcaya,activo
4620,2007-04-03,1965-05-24,hombre,viudo,posgrado,empleado,5.9,1826.56,2,familiar,Murcia,activo
4621,2006-04-23,1983-05-26,mujer,casado,secundaria,estudiante,0,609.03,0,propia,Zaragoza,activo
4622,2020-10-03,1990-03-03,mujer,viudo,posgrado,empleado,2.9,1382.19,0,familiar,Alicante,activo
4623,2005-01-06,1959-08-26,mujer,soltero,bachillerato,empleado,6.0,2239.73,0,familiar,Sevilla,activo
4624,2019-07-15,1995-09-02,hombre,soltero,universitario,empleado,2.8,2666.29,0,propia,Sevilla,activo
4625,2011-04-08,1975-03-27,hombre,casado,universitario,jubilado,\N,2253.61,3,hipotecada,A Coruña,activo
4626,2021-06-10,1998-04-10,hombre,viudo,secundaria,empleado,9.3,3965.63,1,propia,Barcelona,activo
4627,2010-06-10,1967-05-03,hombre,viudo,universitario,desempleado,1.2,1635.23,1,hipotecada,Vizcaya,activo
4628,2018-02-06,1994-09-12,mujer,viudo,posgrado,empleado,1.9,1860.22,2,hipotecada,Madrid,activo
4629,2025-11-11,2003-12-04,mujer,soltero,posgrado,empleado,2.6,1984.7,3,familiar,Zaragoza,activo
4630,2016-09-07,1984-10-15,hombre,soltero,bachillerato,autonomo,0,3026.49,1,propia,Madrid,activo
4631,2014-03-16,1978-04-30,hombre,casado,bachillerato,jubilado,\N,2100.22,2,alquiler,Murcia,activo
4632,2012-05-16,1983-06-24,hombre,casado,formacion_profesional,estudiante,0,560.72,2,hipotecada,Vizcaya,activo
4633,2010-10-18,1972-06-20,mujer,divorciado,universitario,empleado,6.6,2769.08,0,hipotecada,Barcelona,activo
4634,2006-03-01,1964-12-29,hombre,divorciado,universitario,empleado,0,2144.37,2,propia,Vizcaya,activo
4635,2006-11-02,1973-06-02,mujer,viudo,universitario,empleado,12.0,3079.2,2,alquiler,Murcia,activo
4636,2017-06-29,1989-10-15,hombre,soltero,formacion_profesional,estudiante,0,1009.78,2,hipotecada,Sevilla,activo
4637,2026-05-23,2007-10-11,mujer,casado,secundaria,desempleado,0,1339.05,1,alquiler,Barcelona,activo
4638,2026-04-20,1998-06-26,otro,divorciado,universitario,jubilado,\N,1614.3,1,propia,A Coruña,activo
4639,2019-08-28,1988-05-31,mujer,casado,universitario,autonomo,6.7,3672.75,0,hipotecada,Madrid,activo
4640,2017-08-27,1998-11-28,hombre,casado,universitario,autonomo,2.4,2558.99,2,hipotecada,Murcia,activo
4641,2008-07-31,1966-09-30,hombre,divorciado,formacion_profesional,desempleado,0.5,1125.86,0,propia,Valencia,activo
4642,2024-02-01,1970-07-14,hombre,viudo,formacion_profesional,empleado,3.0,2352.97,1,hipotecada,Zaragoza,activo
4643,2023-07-30,1984-03-23,hombre,casado,universitario,autonomo,8.0,1331.54,1,hipotecada,Zaragoza,activo
4644,2007-05-15,1976-06-29,hombre,viudo,formacion_profesional,empleado,4.6,2472.62,0,familiar,Sevilla,activo
4645,2022-04-03,1989-10-31,mujer,casado,universitario,autonomo,14.9,2347.71,0,alquiler,Valencia,activo
4646,2014-01-10,1979-06-27,hombre,divorciado,secundaria,empleado,5.1,1513.7,2,propia,A Coruña,activo
4647,2010-12-28,1978-11-17,hombre,soltero,universitario,empleado,7.9,2081.81,0,alquiler,Vizcaya,activo
4648,2025-01-01,1985-08-07,mujer,soltero,universitario,empleado,1.6,1763.24,2,familiar,Barcelona,activo
4649,2021-03-16,1990-02-24,mujer,soltero,bachillerato,jubilado,\N,1093.86,1,hipotecada,Valencia,activo
4650,2019-03-30,1997-04-01,hombre,divorciado,secundaria,desempleado,0,627.66,2,hipotecada,Sevilla,activo
4651,2014-02-15,1982-03-26,hombre,viudo,bachillerato,empleado,8.7,3281.91,0,alquiler,Valencia,activo
4652,2019-07-08,1994-02-02,hombre,divorciado,formacion_profesional,empleado,2.2,4373.11,0,familiar,Alicante,activo
4653,2010-11-05,1959-06-10,mujer,divorciado,formacion_profesional,empleado,2.1,1293.83,1,hipotecada,Vizcaya,inactivo
4654,2018-01-25,1982-03-26,hombre,divorciado,posgrado,empleado,4.5,2099.31,1,alquiler,Barcelona,activo
4655,2006-02-11,1966-04-07,mujer,viudo,universitario,empleado,15.5,2031.35,0,alquiler,Murcia,activo
4656,2009-06-11,1977-01-18,mujer,soltero,formacion_profesional,empleado,7.4,2651.07,1,alquiler,Barcelona,inactivo
4657,2022-01-30,1976-09-05,hombre,soltero,universitario,autonomo,6.2,4096.68,1,hipotecada,Alicante,activo
4658,2006-01-10,1957-11-11,hombre,viudo,bachillerato,autonomo,2.0,2013.73,0,hipotecada,Murcia,activo
4659,2013-10-29,1994-04-05,mujer,soltero,universitario,empleado,5.4,1959.32,0,alquiler,Valencia,activo
4660,2006-05-17,1971-01-24,mujer,divorciado,secundaria,autonomo,4.8,1152.96,1,familiar,Murcia,activo
4661,2006-09-13,1975-06-19,mujer,casado,universitario,desempleado,0.0,813.28,3,propia,A Coruña,activo
4662,2023-06-22,1980-04-13,mujer,soltero,secundaria,empleado,9.2,3353.0,0,alquiler,Sevilla,activo
4663,2025-03-26,1982-09-30,hombre,casado,formacion_profesional,autonomo,2.1,2039.76,0,alquiler,Valencia,activo
4664,2017-09-08,1993-04-17,hombre,casado,universitario,desempleado,2.0,651.91,3,propia,Sevilla,activo
4665,2019-03-12,1977-04-10,mujer,divorciado,universitario,empleado,10.2,2522.98,0,alquiler,Málaga,activo
4666,2025-05-06,1970-07-23,mujer,soltero,universitario,empleado,9.3,2136.74,2,alquiler,Valencia,activo
4667,2025-04-14,1999-02-04,hombre,casado,formacion_profesional,jubilado,\N,1531.84,2,hipotecada,Zaragoza,activo
4668,2014-05-04,1993-04-09,mujer,soltero,universitario,empleado,7.2,2214.0,1,hipotecada,A Coruña,activo
4669,2020-04-19,1993-03-04,hombre,divorciado,universitario,empleado,6.3,2503.33,0,propia,A Coruña,activo
4670,2015-05-24,1970-08-05,hombre,divorciado,universitario,jubilado,\N,1222.41,0,propia,Zaragoza,activo
4671,2020-06-20,1982-12-23,hombre,soltero,secundaria,empleado,8.2,3574.1,0,familiar,Alicante,inactivo
4672,2009-11-02,1966-01-13,mujer,viudo,secundaria,empleado,4.2,3297.56,2,alquiler,Murcia,activo
4673,2013-02-10,1972-05-14,hombre,divorciado,formacion_profesional,empleado,14.4,1225.16,0,propia,Zaragoza,activo
4674,2021-07-21,1996-09-21,hombre,casado,secundaria,empleado,7.2,4053.9,0,hipotecada,Valencia,activo
4675,2005-09-20,1973-04-24,mujer,soltero,posgrado,empleado,14.5,3197.88,2,alquiler,Alicante,activo
4676,2026-05-19,2007-08-13,mujer,viudo,universitario,autonomo,0,3406.8,1,familiar,A Coruña,inactivo
4677,2024-03-06,1982-10-14,mujer,soltero,secundaria,empleado,9.5,4316.13,1,propia,A Coruña,activo
4678,2011-11-06,1978-10-05,mujer,divorciado,universitario,empleado,7.4,1163.88,0,hipotecada,Sevilla,activo
4679,2019-10-25,1950-07-15,hombre,casado,bachillerato,empleado,7.6,2529.91,0,propia,Alicante,activo
4680,2006-08-03,1949-08-23,hombre,soltero,formacion_profesional,desempleado,0,618.5,0,familiar,Alicante,activo
4681,2024-12-25,1988-07-23,hombre,divorciado,posgrado,empleado,14.5,2020.3,2,hipotecada,Vizcaya,activo
4682,2016-10-27,1973-06-04,mujer,divorciado,universitario,empleado,12.4,1551.64,2,hipotecada,A Coruña,activo
4683,2018-11-25,1965-02-14,mujer,casado,secundaria,empleado,10.7,1345.91,1,propia,Madrid,activo
4684,2015-09-20,1994-02-11,hombre,soltero,secundaria,empleado,14,2835.85,2,familiar,Murcia,activo
4685,2018-12-29,1958-09-18,mujer,soltero,secundaria,empleado,19.0,1462.85,0,familiar,Barcelona,activo
4686,2024-02-05,1969-06-06,hombre,casado,universitario,autonomo,8.2,2648.77,1,alquiler,Murcia,activo
4687,2020-01-17,1975-11-25,hombre,divorciado,bachillerato,desempleado,1.9,452.84,1,familiar,Alicante,activo
4688,2021-09-04,1981-01-14,mujer,divorciado,secundaria,desempleado,2.2,943.79,2,familiar,Valencia,activo
4689,2025-05-31,1974-11-09,mujer,divorciado,formacion_profesional,jubilado,\N,2622.51,0,propia,Málaga,activo
4690,2014-04-25,1984-03-13,mujer,viudo,bachillerato,empleado,0,3738.89,0,propia,Murcia,activo
4691,2012-02-03,1980-07-29,hombre,soltero,secundaria,empleado,9.8,2342.7,0,propia,Vizcaya,activo
4692,2017-01-31,1997-06-27,hombre,casado,universitario,empleado,2.9,3535.28,0,hipotecada,Zaragoza,inactivo
4693,2012-04-11,1991-02-11,hombre,soltero,bachillerato,autonomo,7.4,1878.55,2,hipotecada,Valencia,activo
4694,2023-06-13,1982-12-18,hombre,casado,formacion_profesional,empleado,7.5,1822.02,0,propia,Málaga,activo
4695,2017-02-22,1983-06-17,hombre,soltero,formacion_profesional,empleado,10.1,2239.59,0,alquiler,Alicante,inactivo
4696,2021-09-04,1999-04-16,mujer,soltero,formacion_profesional,autonomo,9,4093.03,2,hipotecada,Alicante,activo
4697,2013-06-05,1974-07-16,mujer,viudo,formacion_profesional,jubilado,\N,2017.31,4,alquiler,Alicante,activo
4698,2026-05-22,2007-12-25,mujer,viudo,universitario,autonomo,0,3094.17,1,alquiler,Málaga,activo
4699,2021-01-05,1966-01-11,mujer,casado,secundaria,empleado,6.7,1808.67,0,propia,Murcia,activo
4700,2013-07-19,1991-12-28,hombre,casado,universitario,jubilado,\N,1238.72,2,propia,Madrid,activo
4701,2010-02-06,1969-12-25,mujer,soltero,posgrado,jubilado,\N,1584.21,0,hipotecada,Murcia,activo
4702,2017-11-02,1966-11-11,mujer,casado,posgrado,empleado,13.7,3132.87,2,hipotecada,Sevilla,activo
4703,2006-05-26,1977-01-23,hombre,viudo,universitario,estudiante,0,1024.82,1,alquiler,Vizcaya,activo
4704,2018-05-13,1974-05-25,mujer,viudo,bachillerato,empleado,10.4,1267.15,0,familiar,Valencia,activo
4705,2025-11-24,2000-06-14,hombre,divorciado,secundaria,estudiante,0,178.71,2,familiar,Zaragoza,activo
4706,2023-11-14,1975-10-31,mujer,viudo,posgrado,empleado,4.2,3476.85,0,hipotecada,Murcia,activo
4707,2017-09-23,1976-06-27,mujer,viudo,formacion_profesional,empleado,0,1751.23,0,hipotecada,Vizcaya,activo
4708,2024-11-27,1979-03-24,hombre,soltero,posgrado,empleado,5.1,1515.18,0,propia,Sevilla,inactivo
4709,2023-06-16,1998-04-25,hombre,soltero,bachillerato,desempleado,1.2,869.1,0,alquiler,A Coruña,activo
4710,2014-12-02,1985-08-05,hombre,casado,universitario,empleado,6.4,2021.33,0,alquiler,Málaga,activo
4711,2009-03-22,1969-09-10,hombre,soltero,bachillerato,jubilado,\N,1659.82,0,alquiler,A Coruña,activo
4712,2017-08-04,1961-07-08,hombre,divorciado,posgrado,estudiante,0,463.37,3,propia,Málaga,activo
4713,2019-03-16,1979-01-06,hombre,viudo,bachillerato,jubilado,\N,2432.3,1,propia,Barcelona,activo
4714,2021-12-15,1977-07-02,hombre,casado,universitario,empleado,16.0,2310.24,0,propia,Sevilla,activo
4715,2018-03-18,1996-03-26,mujer,viudo,posgrado,autonomo,12,2327.33,0,hipotecada,Valencia,activo
4716,2026-06-02,2005-08-09,mujer,divorciado,universitario,empleado,0,2467.1,0,alquiler,A Coruña,activo
4717,2005-08-28,1978-07-13,mujer,divorciado,posgrado,empleado,4.7,1086.85,1,alquiler,Murcia,activo
4718,2012-01-01,1978-05-27,hombre,soltero,universitario,empleado,15.5,3232.56,0,hipotecada,A Coruña,activo
4719,2025-08-06,1977-11-14,hombre,viudo,universitario,desempleado,0,718.28,1,propia,Zaragoza,activo
4720,2017-02-07,1989-11-19,hombre,casado,formacion_profesional,empleado,8.6,1918.52,0,hipotecada,Valencia,activo
4721,2010-02-11,1988-02-11,mujer,viudo,formacion_profesional,jubilado,\N,1912.41,2,alquiler,Vizcaya,activo
4722,2016-10-31,1986-11-27,mujer,casado,posgrado,empleado,9.1,1141.65,0,hipotecada,Madrid,activo
4723,2008-01-04,1973-08-02,mujer,viudo,secundaria,jubilado,\N,998.99,0,propia,Valencia,activo
4724,2012-10-10,1977-06-10,mujer,casado,formacion_profesional,empleado,9.0,3899.66,0,hipotecada,Sevilla,bloqueado
4725,2011-10-06,1974-07-14,mujer,casado,secundaria,empleado,8.9,2005.05,0,alquiler,Sevilla,activo
4726,2018-01-08,1996-04-23,hombre,casado,universitario,jubilado,\N,1624.71,0,propia,Zaragoza,inactivo
4727,2020-07-06,1974-09-07,mujer,casado,secundaria,empleado,3.9,5153.86,0,hipotecada,Valencia,activo
4728,2023-07-09,1963-01-22,mujer,divorciado,formacion_profesional,empleado,7.8,1336.02,0,hipotecada,Valencia,activo
4729,2009-09-09,1972-09-15,hombre,viudo,formacion_profesional,empleado,0.6,1870.7,0,alquiler,Murcia,activo
4730,2008-09-28,1977-09-04,mujer,casado,bachillerato,empleado,17.0,3132.15,2,alquiler,Málaga,activo
4731,2023-11-26,1977-04-03,hombre,soltero,universitario,empleado,7.9,2261.26,2,alquiler,Zaragoza,activo
4732,2021-07-15,1998-06-14,hombre,divorciado,posgrado,empleado,1.9,1358.1,0,propia,Madrid,activo
4733,2024-12-14,1975-07-17,hombre,divorciado,bachillerato,empleado,7.9,1980.45,2,propia,Barcelona,activo
4734,2009-12-27,1989-11-23,mujer,casado,universitario,desempleado,0,248.41,0,propia,Zaragoza,activo
4735,2009-09-19,1987-09-09,mujer,viudo,formacion_profesional,empleado,6.6,4715.82,3,propia,Alicante,activo
4736,2007-08-13,1976-04-28,mujer,viudo,bachillerato,empleado,7.8,2002.53,1,alquiler,Alicante,activo
4737,2012-03-19,1981-12-07,mujer,casado,bachillerato,empleado,10.4,3607.17,3,hipotecada,Vizcaya,activo
4738,2023-03-19,1974-11-29,mujer,casado,universitario,empleado,17.8,950,1,propia,Murcia,activo
4739,2013-12-21,1988-04-04,mujer,soltero,bachillerato,desempleado,1.0,882.44,3,propia,Zaragoza,activo
4740,2018-08-03,1955-06-16,otro,divorciado,universitario,empleado,12.2,2387.79,2,familiar,Barcelona,activo
4741,2009-04-06,1982-06-30,hombre,soltero,secundaria,estudiante,0,793.07,3,alquiler,Valencia,activo
4742,2023-11-15,1964-01-08,hombre,divorciado,formacion_profesional,autonomo,11.2,1659.52,0,alquiler,Málaga,activo
4743,2018-11-27,1972-05-03,hombre,viudo,bachillerato,empleado,2.2,1689.73,2,propia,Zaragoza,activo
4744,2026-02-28,2007-06-13,mujer,viudo,formacion_profesional,empleado,1,1188.55,3,hipotecada,Sevilla,activo
4745,2014-03-17,1980-03-28,mujer,divorciado,formacion_profesional,empleado,12.1,3415.19,0,familiar,Barcelona,activo
4746,2014-03-15,1980-04-22,hombre,casado,formacion_profesional,estudiante,0,689.6,3,alquiler,Barcelona,activo
4747,2008-12-12,1986-05-29,mujer,divorciado,bachillerato,jubilado,\N,2415.32,0,hipotecada,Murcia,activo
4748,2012-05-07,1994-02-22,mujer,casado,formacion_profesional,empleado,5.3,2328.99,3,propia,Málaga,activo
4749,2016-12-26,1994-10-03,hombre,soltero,posgrado,desempleado,0.9,1530.67,0,hipotecada,Barcelona,activo
4750,2026-05-08,2008-04-22,mujer,divorciado,posgrado,estudiante,0,642.3,1,propia,Valencia,activo
4751,2018-01-30,1994-07-23,hombre,viudo,universitario,empleado,3.9,1047.19,0,hipotecada,Málaga,activo
4752,2024-09-19,1999-08-16,hombre,soltero,secundaria,estudiante,0,0,0,hipotecada,Alicante,activo
4753,2024-08-17,1996-07-07,hombre,viudo,formacion_profesional,empleado,0,2398.67,0,propia,Murcia,activo
4754,2021-09-23,1969-02-11,hombre,viudo,universitario,jubilado,\N,1430.94,0,propia,A Coruña,activo
4755,2020-03-29,1979-07-08,mujer,divorciado,posgrado,jubilado,\N,877.23,2,alquiler,Valencia,activo
4756,2016-03-16,1980-10-01,otro,viudo,bachillerato,jubilado,\N,1518.05,3,propia,Sevilla,activo
4757,2011-06-21,1963-12-26,hombre,casado,secundaria,autonomo,2.8,1356.9,2,propia,Vizcaya,activo
4758,2024-08-03,1981-05-05,hombre,divorciado,posgrado,autonomo,20.0,2460.82,2,propia,Vizcaya,activo
4759,2026-05-06,2008-02-02,mujer,viudo,secundaria,autonomo,0,5054.49,2,familiar,A Coruña,activo
4760,2017-07-31,1987-06-20,hombre,soltero,secundaria,desempleado,0.9,480.75,1,hipotecada,Valencia,activo
4761,2026-05-21,2004-11-04,hombre,soltero,formacion_profesional,autonomo,3,854.31,0,hipotecada,Alicante,bloqueado
4762,2009-05-08,1970-04-04,hombre,soltero,universitario,empleado,0,3033.83,3,hipotecada,Sevilla,activo
4763,2013-09-10,1973-11-27,mujer,viudo,universitario,empleado,7.6,3323.54,0,hipotecada,Vizcaya,activo
4764,2015-12-26,1975-12-19,mujer,viudo,secundaria,empleado,8.3,1689.99,1,alquiler,Valencia,activo
4765,2015-02-21,1953-04-21,mujer,viudo,posgrado,empleado,6.3,2612.41,2,familiar,A Coruña,activo
4766,2009-11-29,1969-11-08,hombre,divorciado,bachillerato,empleado,0.0,2075.49,0,alquiler,Alicante,activo
4767,2023-12-08,1985-10-17,hombre,viudo,secundaria,empleado,0,1712.7,3,hipotecada,Vizcaya,activo
4768,2005-04-14,1971-11-03,hombre,divorciado,universitario,empleado,0,1372.0,3,hipotecada,A Coruña,activo
4769,2017-06-11,1983-10-22,hombre,soltero,universitario,desempleado,2.6,617.02,0,hipotecada,A Coruña,activo
4770,2014-06-01,1985-03-13,mujer,soltero,posgrado,empleado,8.4,3155.24,3,alquiler,Barcelona,activo
4771,2016-10-30,1980-04-22,mujer,viudo,formacion_profesional,autonomo,5.0,2623.75,1,hipotecada,Murcia,activo
4772,2015-09-06,1994-03-06,hombre,soltero,bachillerato,empleado,12.3,3046.29,0,propia,Sevilla,activo
4773,2019-10-10,1986-01-07,mujer,viudo,bachillerato,empleado,7.1,3122.18,3,hipotecada,Alicante,activo
4774,2010-10-27,1979-11-20,mujer,casado,secundaria,empleado,5.8,3485.1,0,propia,Alicante,activo
4775,2025-06-12,1983-12-12,hombre,soltero,bachillerato,desempleado,0,749.91,2,hipotecada,Alicante,activo
4776,2019-09-28,1965-05-23,mujer,divorciado,universitario,empleado,7.3,2249.33,0,familiar,Alicante,activo
4777,2014-08-24,1972-04-16,mujer,casado,bachillerato,empleado,0.6,1691.45,0,propia,Alicante,activo
4778,2011-02-24,1974-09-18,hombre,soltero,formacion_profesional,estudiante,0,662.99,3,hipotecada,Sevilla,activo
4779,2021-10-21,1958-08-31,mujer,soltero,universitario,jubilado,\N,1474.73,2,propia,Madrid,activo
4780,2026-06-27,2008-06-08,hombre,viudo,formacion_profesional,empleado,0,1349.22,0,alquiler,Valencia,inactivo
4781,2016-02-11,1983-09-30,mujer,soltero,formacion_profesional,autonomo,9.2,4294.22,2,alquiler,Alicante,inactivo
4782,2010-07-22,1984-08-14,mujer,soltero,universitario,estudiante,0,1109.07,1,alquiler,Málaga,activo
4783,2022-03-10,1985-02-06,mujer,viudo,secundaria,empleado,5.3,1562.49,0,hipotecada,Valencia,bloqueado
4784,2025-05-21,1971-01-13,hombre,divorciado,posgrado,autonomo,15.4,2656.02,0,hipotecada,Barcelona,activo
4785,2006-06-17,1964-07-29,hombre,viudo,secundaria,desempleado,0,345.03,1,alquiler,Valencia,activo
4786,2023-06-30,1986-07-30,mujer,divorciado,formacion_profesional,jubilado,\N,1404.32,0,familiar,Valencia,activo
4787,2026-06-29,2008-04-03,hombre,divorciado,universitario,empleado,0,2098.86,0,propia,A Coruña,activo
4788,2010-09-12,1971-06-05,hombre,soltero,universitario,empleado,3.8,3981.17,1,familiar,A Coruña,activo
4789,2021-04-22,1964-05-19,hombre,casado,universitario,empleado,8.5,2575.0,0,alquiler,Valencia,inactivo
4790,2024-07-14,2001-11-25,mujer,soltero,universitario,empleado,0,1192.5,0,hipotecada,Madrid,activo
4791,2008-06-01,1969-07-03,hombre,soltero,bachillerato,empleado,8.8,1878.43,0,alquiler,Barcelona,activo
4792,2013-04-15,1981-01-10,mujer,soltero,universitario,estudiante,0,644.6,4,propia,Madrid,activo
4793,2025-07-30,1975-01-23,mujer,soltero,universitario,empleado,0.3,3717.79,1,propia,A Coruña,activo
4794,2012-03-09,1970-07-11,hombre,casado,universitario,empleado,4.8,2204.35,0,alquiler,Barcelona,activo
4795,2008-10-03,1961-04-26,mujer,divorciado,bachillerato,empleado,4.0,1644.5,0,alquiler,A Coruña,activo
4796,2024-10-16,1977-07-05,hombre,soltero,formacion_profesional,autonomo,18.8,2042.03,0,propia,Málaga,activo
4797,2017-05-30,1995-02-06,mujer,soltero,formacion_profesional,estudiante,0,799.33,0,hipotecada,A Coruña,activo
4798,2021-11-26,2001-12-02,hombre,divorciado,universitario,empleado,5.6,1207.92,1,propia,Madrid,activo
4799,2026-05-16,2008-03-18,mujer,viudo,secundaria,empleado,0,2701.15,4,hipotecada,Murcia,activo
4800,2023-12-07,1962-11-05,hombre,divorciado,formacion_profesional,autonomo,0,2555.78,0,alquiler,Alicante,bloqueado
4801,2018-10-31,1960-07-05,mujer,soltero,universitario,empleado,2.2,1775.46,2,propia,Vizcaya,activo
4802,2018-02-26,1984-06-16,mujer,casado,universitario,empleado,7.6,2002.5,2,alquiler,Barcelona,activo
4803,2010-03-23,1976-06-02,mujer,viudo,universitario,empleado,8.4,2153.22,0,hipotecada,Vizcaya,activo
4804,2017-06-13,1956-07-31,mujer,soltero,secundaria,jubilado,\N,1701.42,3,hipotecada,A Coruña,activo
4805,2021-06-16,1982-08-21,hombre,casado,bachillerato,empleado,11.5,1630.85,0,familiar,A Coruña,activo
4806,2014-11-06,1984-05-14,hombre,viudo,posgrado,desempleado,1.8,977.78,0,propia,Vizcaya,activo
4807,2022-11-06,1981-08-03,hombre,viudo,bachillerato,empleado,10.5,2392.63,1,familiar,Zaragoza,activo
4808,2026-01-25,1977-07-13,mujer,casado,bachillerato,empleado,13.8,2025.1,3,hipotecada,Barcelona,activo
4809,2011-01-13,1980-11-28,hombre,casado,universitario,desempleado,0.4,621.52,0,propia,Málaga,inactivo
4810,2021-06-17,1994-05-30,hombre,casado,posgrado,empleado,13.2,1956.57,1,propia,Madrid,activo
4811,2023-02-10,1961-09-06,hombre,casado,formacion_profesional,empleado,8.2,2976.1,0,alquiler,Barcelona,activo
4812,2016-05-02,1987-07-04,mujer,casado,universitario,desempleado,0.3,1594.46,0,hipotecada,Sevilla,activo
4813,2018-03-26,1999-10-21,hombre,casado,universitario,empleado,8,4118.43,0,alquiler,Alicante,activo
4814,2009-05-13,1980-11-23,mujer,viudo,universitario,empleado,1.0,1883.04,0,alquiler,Sevilla,activo
4815,2025-08-25,2005-06-12,hombre,soltero,posgrado,empleado,3,1542.98,0,propia,Barcelona,activo
4816,2010-12-10,1975-01-29,mujer,soltero,formacion_profesional,empleado,0,1016.53,0,alquiler,Valencia,activo
4817,2024-07-19,1976-04-20,hombre,soltero,universitario,empleado,11.0,1051.74,3,alquiler,Vizcaya,activo
4818,2023-07-29,1997-07-23,mujer,soltero,posgrado,empleado,10,4854.43,0,alquiler,Madrid,activo
4819,2024-06-22,1969-07-13,mujer,viudo,secundaria,autonomo,0.8,6686.52,1,alquiler,Barcelona,activo
4820,2024-04-27,1962-10-02,hombre,divorciado,universitario,empleado,4.7,2010.32,0,propia,Barcelona,activo
4821,2008-08-31,1963-04-27,hombre,divorciado,universitario,autonomo,6.6,2239.96,0,hipotecada,Zaragoza,activo
4822,2016-04-18,1963-03-10,mujer,casado,universitario,empleado,0,1525.7,1,propia,Zaragoza,inactivo
4823,2011-08-22,1978-08-05,mujer,casado,universitario,desempleado,2.6,1333.6,0,propia,Zaragoza,activo
4824,2021-04-14,1971-02-05,mujer,soltero,universitario,autonomo,4.3,2003.03,1,hipotecada,Vizcaya,activo
4825,2022-01-04,1973-09-14,hombre,divorciado,universitario,jubilado,\N,1824.63,0,familiar,Zaragoza,activo
4826,2020-10-18,1973-03-14,mujer,casado,bachillerato,empleado,7.2,2684.06,0,hipotecada,Barcelona,activo
4827,2026-04-05,2008-03-27,mujer,viudo,formacion_profesional,estudiante,0,669.83,3,alquiler,Barcelona,activo
4828,2017-11-23,1989-09-09,hombre,soltero,bachillerato,empleado,11.3,3039.77,1,alquiler,Valencia,activo
4829,2016-03-24,1967-08-01,hombre,soltero,formacion_profesional,empleado,11.4,950,1,alquiler,Madrid,activo
4830,2019-08-13,1996-02-11,hombre,divorciado,formacion_profesional,estudiante,0,909.58,0,hipotecada,Zaragoza,activo
4831,2026-05-30,2008-03-16,hombre,divorciado,bachillerato,empleado,0,3039.57,0,hipotecada,Alicante,activo
4832,2020-08-06,1963-12-29,mujer,divorciado,secundaria,jubilado,\N,839.2,0,familiar,Valencia,activo
4833,2022-05-11,1993-12-24,hombre,casado,formacion_profesional,empleado,5.7,1845.73,1,propia,Valencia,activo
4834,2018-12-06,1987-06-11,hombre,casado,universitario,empleado,17.4,2045.72,0,propia,Vizcaya,activo
4835,2006-01-10,1986-02-05,hombre,casado,posgrado,empleado,8.5,3976.21,0,alquiler,Zaragoza,activo
4836,2015-07-24,1976-10-15,hombre,viudo,formacion_profesional,empleado,4.4,2697.48,0,familiar,Sevilla,activo
4837,2024-12-12,1943-10-28,hombre,viudo,posgrado,empleado,2.3,1381.12,0,hipotecada,A Coruña,activo
4838,2017-12-06,1974-09-09,hombre,casado,bachillerato,empleado,10.1,1992.52,4,hipotecada,A Coruña,activo
4839,2025-12-23,1981-11-06,hombre,divorciado,secundaria,empleado,2.5,2288.88,1,alquiler,Murcia,activo
4840,2014-11-15,1977-10-23,mujer,viudo,formacion_profesional,jubilado,\N,1575.45,1,hipotecada,Vizcaya,activo
4841,2023-06-12,1965-09-06,mujer,soltero,formacion_profesional,empleado,7.3,3253.2,1,alquiler,Zaragoza,activo
4842,2023-04-11,1981-04-25,hombre,divorciado,secundaria,empleado,9.9,3097.5,3,propia,Sevilla,activo
4843,2017-03-16,1980-06-04,hombre,casado,posgrado,empleado,0.8,3934.42,0,propia,Barcelona,activo
4844,2012-08-06,1971-08-06,mujer,casado,formacion_profesional,estudiante,0,410.08,0,alquiler,Alicante,activo
4845,2011-02-02,1983-11-05,hombre,soltero,posgrado,empleado,0.1,2397.98,1,alquiler,Zaragoza,activo
4846,2014-09-21,1984-06-27,mujer,soltero,universitario,jubilado,\N,2397.34,2,alquiler,A Coruña,activo
4847,2020-06-17,1978-08-07,hombre,casado,universitario,empleado,0,2951.98,0,alquiler,Alicante,activo
4848,2023-11-15,1997-09-23,hombre,viudo,formacion_profesional,empleado,10,970.68,0,hipotecada,A Coruña,activo
4849,2015-07-27,1970-04-29,mujer,viudo,universitario,empleado,0.2,3081.33,1,alquiler,Málaga,activo
4850,2007-04-06,1984-08-15,mujer,casado,secundaria,empleado,7.3,2666.02,2,alquiler,A Coruña,activo
4851,2015-10-22,1997-06-06,mujer,divorciado,posgrado,empleado,11,1717.43,1,propia,Murcia,activo
4852,2012-05-04,1976-01-30,mujer,soltero,universitario,empleado,11.8,1342.47,3,propia,Valencia,activo
4853,2017-04-19,1997-07-28,hombre,divorciado,universitario,empleado,5.7,2228.3,1,alquiler,Valencia,activo
4854,2025-07-03,1986-08-13,hombre,soltero,universitario,empleado,0,3665.91,2,familiar,Sevilla,activo
4855,2018-07-05,1988-06-04,hombre,soltero,universitario,autonomo,5.2,3628.7,2,hipotecada,Zaragoza,activo
4856,2015-04-23,1996-03-15,hombre,viudo,posgrado,jubilado,\N,2063.68,0,alquiler,Barcelona,activo
4857,2026-05-29,2007-04-06,hombre,casado,universitario,autonomo,1,2743.79,0,propia,Murcia,activo
4858,2016-03-14,1974-07-18,mujer,viudo,formacion_profesional,empleado,9.8,1552.29,1,propia,Málaga,activo
4859,2014-03-02,1971-05-01,hombre,divorciado,posgrado,empleado,10.0,1506.14,3,familiar,Alicante,activo
4860,2012-03-19,1980-02-07,hombre,divorciado,bachillerato,empleado,5.4,2204.87,0,propia,A Coruña,activo
4861,2020-03-11,1993-01-24,hombre,casado,universitario,empleado,3.4,2911.55,3,familiar,Murcia,activo
4862,2018-05-28,1985-06-18,hombre,casado,universitario,empleado,6.2,2858.39,1,alquiler,Vizcaya,activo
4863,2020-03-20,1976-05-15,hombre,soltero,posgrado,empleado,21.9,950,0,alquiler,Barcelona,activo
4864,2023-04-09,2005-03-18,hombre,casado,posgrado,autonomo,3,1315.24,2,propia,Valencia,activo
4865,2007-10-02,1983-12-16,mujer,viudo,formacion_profesional,empleado,4.8,2992.44,1,familiar,A Coruña,activo
4866,2014-11-05,1979-11-03,hombre,divorciado,universitario,empleado,8.8,1380.83,0,alquiler,Murcia,activo
4867,2017-12-04,1969-01-22,hombre,viudo,bachillerato,empleado,8.6,1898.41,0,propia,Málaga,activo
4868,2018-03-04,1986-12-13,hombre,casado,universitario,empleado,4.1,1269.03,1,hipotecada,Valencia,activo
4869,2015-06-23,1992-12-14,hombre,soltero,secundaria,empleado,15,2223.91,0,hipotecada,A Coruña,activo
4870,2010-05-08,1963-11-16,mujer,viudo,universitario,autonomo,8.7,3379.22,1,hipotecada,Sevilla,activo
4871,2008-12-22,1989-08-20,mujer,divorciado,universitario,empleado,8.6,3236.1,0,alquiler,Madrid,activo
4872,2026-01-04,2007-11-09,mujer,divorciado,universitario,desempleado,2.3,804.44,0,hipotecada,Málaga,activo
4873,2026-05-15,2007-10-10,otro,divorciado,posgrado,autonomo,0,1929.38,1,hipotecada,Valencia,activo
4874,2018-12-01,1965-06-10,hombre,casado,secundaria,jubilado,\N,1513.25,2,hipotecada,Madrid,activo
4875,2023-05-10,1987-12-01,hombre,divorciado,posgrado,empleado,0,2365.79,0,hipotecada,Sevilla,activo
4876,2017-02-05,1979-05-10,hombre,divorciado,universitario,empleado,4.4,1825.82,0,familiar,Zaragoza,activo
4877,2007-06-02,1982-08-20,hombre,soltero,posgrado,empleado,7.3,2190.4,0,alquiler,Valencia,activo
4878,2022-04-13,1994-02-08,mujer,viudo,formacion_profesional,jubilado,\N,1758.09,2,alquiler,Murcia,activo
4879,2008-06-24,1975-09-02,hombre,divorciado,formacion_profesional,estudiante,0,727.6,0,hipotecada,Zaragoza,activo
4880,2016-07-11,1969-07-25,hombre,divorciado,secundaria,empleado,4.9,2036.22,0,hipotecada,Málaga,activo
4881,2016-11-27,1974-03-18,hombre,casado,bachillerato,empleado,16.9,3476.01,0,hipotecada,Valencia,activo
4882,2010-08-16,1986-01-28,hombre,casado,formacion_profesional,empleado,10.2,1262.37,0,familiar,Barcelona,activo
4883,2020-05-20,1999-09-04,hombre,divorciado,universitario,empleado,5.3,2648.16,3,familiar,Murcia,activo
4884,2011-05-23,1984-09-17,mujer,viudo,universitario,empleado,5.1,1515.21,2,propia,A Coruña,activo
4885,2009-06-15,1985-09-13,hombre,divorciado,secundaria,desempleado,0,0,0,alquiler,Valencia,activo
4886,2025-02-01,1988-03-26,mujer,casado,posgrado,empleado,15.1,1396.22,1,alquiler,A Coruña,activo
4887,2010-12-25,1987-09-26,mujer,divorciado,universitario,empleado,3.6,1539.67,1,alquiler,A Coruña,activo
4888,2023-08-24,1984-08-12,hombre,soltero,formacion_profesional,desempleado,0.4,1409.45,0,hipotecada,Barcelona,activo
4889,2019-02-23,1992-02-11,hombre,divorciado,universitario,empleado,11.2,2144.13,0,alquiler,Málaga,activo
4890,2006-01-03,1974-08-15,mujer,soltero,universitario,jubilado,\N,1220.25,3,hipotecada,Málaga,activo
4891,2025-05-13,1992-08-09,hombre,viudo,universitario,empleado,8.2,3330.64,0,propia,Madrid,activo
4892,2025-07-22,1979-06-26,hombre,viudo,bachillerato,empleado,12.2,3223.08,0,propia,Madrid,activo
4893,2010-02-12,1985-05-26,mujer,divorciado,formacion_profesional,jubilado,\N,1175.29,0,alquiler,A Coruña,activo
4894,2006-08-31,1976-04-23,mujer,viudo,formacion_profesional,empleado,7.2,3379.27,0,propia,Murcia,activo
4895,2020-07-01,1959-05-22,mujer,divorciado,formacion_profesional,autonomo,9.0,1756.41,3,hipotecada,Alicante,activo
4896,2017-05-22,1998-07-28,hombre,divorciado,formacion_profesional,empleado,4.6,3529.23,2,alquiler,Valencia,activo
4897,2005-12-07,1968-03-14,hombre,divorciado,secundaria,autonomo,2.8,4494.29,2,propia,Madrid,activo
4898,2013-09-16,1965-04-05,hombre,viudo,bachillerato,empleado,0,1493.79,0,hipotecada,A Coruña,activo
4899,2015-05-16,1996-09-22,hombre,viudo,universitario,autonomo,5.4,5596.73,0,hipotecada,Valencia,activo
4900,2026-05-01,1975-10-04,mujer,casado,formacion_profesional,empleado,5.2,3748.06,0,propia,Murcia,activo
4901,2008-06-10,1986-12-30,mujer,casado,posgrado,empleado,6.9,2281.12,0,hipotecada,Zaragoza,activo
4902,2026-05-30,2008-05-15,hombre,viudo,universitario,jubilado,\N,1897.22,0,alquiler,Barcelona,activo
4903,2020-12-11,1976-10-25,hombre,viudo,formacion_profesional,jubilado,\N,1542.5,0,familiar,Alicante,activo
4904,2021-06-26,2001-06-26,hombre,divorciado,bachillerato,autonomo,7,2864.71,0,propia,Málaga,activo
4905,2025-03-15,1967-11-05,otro,soltero,posgrado,desempleado,1.3,1640.38,4,propia,Murcia,activo
4906,2011-08-20,1967-04-22,mujer,viudo,formacion_profesional,empleado,5.3,2316.95,1,propia,A Coruña,activo
4907,2026-03-23,2008-03-07,mujer,casado,secundaria,empleado,0,1490.16,0,alquiler,Zaragoza,activo
4908,2009-10-20,1977-10-07,hombre,casado,formacion_profesional,empleado,16.0,2171.76,2,alquiler,A Coruña,activo
4909,2019-01-10,1998-03-24,hombre,divorciado,secundaria,empleado,10,1656.16,0,alquiler,Zaragoza,activo
4910,2015-02-16,1982-02-08,mujer,soltero,formacion_profesional,desempleado,2.1,1483.97,4,propia,Alicante,activo
4911,2021-07-20,1983-08-24,hombre,soltero,universitario,empleado,7.8,4174.59,3,alquiler,Zaragoza,activo
4912,2025-01-31,1971-02-04,mujer,soltero,posgrado,empleado,5.9,2318.95,2,alquiler,Madrid,activo
4913,2016-08-30,1986-06-22,hombre,casado,secundaria,autonomo,10.5,3078.43,0,hipotecada,Murcia,activo
4914,2008-02-12,1981-03-10,hombre,viudo,formacion_profesional,empleado,13.3,1906.42,2,alquiler,Zaragoza,activo
4915,2012-09-10,1976-05-13,mujer,divorciado,posgrado,autonomo,11.2,2006.98,1,hipotecada,Zaragoza,activo
4916,2015-11-19,1992-10-03,mujer,soltero,posgrado,empleado,15,2063.48,3,alquiler,Málaga,activo
4917,2015-11-17,1975-09-12,mujer,casado,universitario,empleado,4.3,1070.51,0,hipotecada,Valencia,activo
4918,2026-04-18,2007-08-24,mujer,casado,secundaria,desempleado,0,657.82,2,hipotecada,Barcelona,activo
4919,2026-06-27,2008-06-15,hombre,casado,bachillerato,empleado,0,1840.12,1,alquiler,Murcia,activo
4920,2019-06-08,1996-11-02,otro,viudo,bachillerato,jubilado,\N,1716.92,0,propia,Madrid,activo
4921,2024-11-26,1991-02-15,mujer,soltero,universitario,autonomo,12.9,2424.06,2,hipotecada,Alicante,activo
4922,2024-10-20,1985-08-26,hombre,divorciado,universitario,empleado,10.6,2440.48,0,alquiler,Madrid,activo
4923,2014-02-01,1990-06-18,mujer,viudo,formacion_profesional,jubilado,\N,2017.31,0,propia,Alicante,activo
4924,2008-06-17,1987-08-26,mujer,viudo,universitario,empleado,3.6,2507.98,2,alquiler,Sevilla,activo
4925,2020-12-20,1986-11-22,hombre,soltero,posgrado,empleado,4.7,1224.32,1,alquiler,Zaragoza,activo
4926,2006-05-10,1988-02-12,hombre,viudo,secundaria,empleado,0,2170.93,2,hipotecada,Murcia,activo
4927,2018-06-25,1986-02-02,hombre,divorciado,bachillerato,estudiante,0,1308.69,0,familiar,Sevilla,activo
4928,2008-04-14,1979-12-10,mujer,casado,formacion_profesional,empleado,0,3711.97,2,alquiler,A Coruña,activo
4929,2007-09-28,1965-02-26,mujer,soltero,posgrado,estudiante,0,520.53,2,alquiler,Zaragoza,activo
4930,2026-05-20,2008-03-09,hombre,divorciado,universitario,empleado,0,1853.74,0,hipotecada,Sevilla,activo
4931,2011-04-28,1990-02-20,hombre,divorciado,secundaria,empleado,0,4775.51,0,propia,Zaragoza,activo
4932,2012-07-26,1968-01-25,mujer,casado,universitario,autonomo,6.2,6730.39,0,familiar,Zaragoza,activo
4933,2021-12-09,1979-08-07,hombre,soltero,formacion_profesional,empleado,3.0,2781.03,3,propia,Zaragoza,activo
4934,2023-12-27,1965-01-16,mujer,soltero,bachillerato,empleado,8.3,2009.9,2,familiar,Alicante,activo
4935,2015-12-07,1978-12-30,mujer,viudo,universitario,empleado,8.0,1976.69,0,alquiler,Valencia,activo
4936,2013-11-25,1974-03-04,mujer,soltero,universitario,autonomo,8.1,3013.22,3,familiar,A Coruña,activo
4937,2016-02-24,1965-10-21,hombre,divorciado,posgrado,desempleado,1.9,135.14,3,propia,A Coruña,activo
4938,2026-01-13,1969-08-25,mujer,casado,universitario,autonomo,17.8,1568.98,0,propia,Vizcaya,activo
4939,2010-10-18,1977-04-18,mujer,divorciado,universitario,autonomo,10.7,2398.61,1,propia,Murcia,activo
4940,2026-05-26,2008-04-11,mujer,soltero,bachillerato,empleado,0,2502.17,3,hipotecada,Murcia,activo
4941,2026-06-04,2008-05-20,hombre,viudo,posgrado,desempleado,3.2,719.7,0,propia,Alicante,activo
4942,2012-02-29,1958-09-26,mujer,viudo,universitario,empleado,12.1,2516.0,0,alquiler,Málaga,activo
4943,2005-01-27,1986-06-26,mujer,viudo,universitario,empleado,0,1387.81,1,alquiler,Zaragoza,activo
4944,2010-06-18,1980-03-19,hombre,casado,secundaria,empleado,12.2,2121.75,1,alquiler,Murcia,activo
4945,2019-06-22,1979-03-26,mujer,viudo,universitario,empleado,16.5,1643.51,0,alquiler,Vizcaya,activo
4946,2008-12-07,1969-06-23,hombre,viudo,posgrado,empleado,8.9,1196.66,0,alquiler,Málaga,activo
4947,2020-02-09,1990-12-09,hombre,soltero,posgrado,estudiante,0,919.61,0,hipotecada,Vizcaya,activo
4948,2017-08-08,1980-06-21,hombre,soltero,universitario,empleado,9.5,1759.71,0,propia,Zaragoza,activo
4949,2012-09-11,1984-03-23,hombre,soltero,formacion_profesional,autonomo,11.7,3267.93,0,alquiler,Vizcaya,activo
4950,2025-12-18,2007-07-29,hombre,divorciado,formacion_profesional,empleado,0,2564.91,0,propia,Valencia,activo
4951,2012-12-19,1993-07-26,mujer,casado,universitario,desempleado,3.2,978.02,0,propia,Zaragoza,activo
4952,2024-02-24,1999-05-05,mujer,casado,formacion_profesional,empleado,9,2001.46,0,alquiler,Vizcaya,activo
4953,2026-01-12,1991-11-03,mujer,viudo,universitario,estudiante,0,364.41,0,hipotecada,A Coruña,activo
4954,2025-01-19,1995-06-15,hombre,viudo,universitario,empleado,11.7,3150.78,0,propia,Málaga,activo
4955,2021-12-20,2000-12-19,hombre,divorciado,posgrado,jubilado,\N,1648.03,3,hipotecada,Vizcaya,activo
4956,2024-04-06,1989-07-27,mujer,divorciado,universitario,desempleado,2.4,1851.94,0,alquiler,Zaragoza,activo
4957,2015-09-09,1986-08-10,mujer,viudo,bachillerato,desempleado,1.1,163.27,0,familiar,Vizcaya,activo
4958,2014-10-15,1978-06-22,mujer,viudo,universitario,autonomo,13.5,2519.59,0,hipotecada,Alicante,activo
4959,2017-01-31,1976-07-03,hombre,casado,formacion_profesional,autonomo,7.5,5830.04,1,hipotecada,Sevilla,activo
4960,2013-03-12,1994-02-20,mujer,soltero,universitario,empleado,9.7,2563.56,0,propia,Murcia,activo
4961,2026-05-30,1980-02-28,hombre,casado,universitario,empleado,9.1,1455.84,0,propia,Málaga,activo
4962,2012-07-11,1980-07-01,hombre,viudo,bachillerato,empleado,6.5,1739.45,1,propia,A Coruña,activo
4963,2023-05-20,1959-12-21,mujer,soltero,bachillerato,empleado,6.5,1431.67,0,alquiler,Madrid,activo
4964,2015-08-07,1956-08-06,mujer,casado,secundaria,empleado,7.5,4543.49,2,propia,Sevilla,activo
4965,2008-11-30,1987-05-05,otro,divorciado,universitario,empleado,3.5,1464.68,1,familiar,Murcia,activo
4966,2024-09-15,1986-07-18,hombre,soltero,posgrado,empleado,8.7,1536.47,0,hipotecada,Alicante,activo
4967,2010-04-08,1989-04-19,mujer,soltero,universitario,estudiante,0,687.08,2,hipotecada,Barcelona,activo
4968,2011-07-17,1981-01-22,hombre,casado,bachillerato,jubilado,\N,2897.47,1,familiar,Vizcaya,activo
4969,2020-07-11,1977-03-26,hombre,soltero,formacion_profesional,empleado,20.3,2601.02,2,hipotecada,Vizcaya,activo
4970,2020-10-21,1999-01-29,hombre,viudo,posgrado,empleado,2.4,2871.87,2,familiar,A Coruña,activo
4971,2022-05-21,2001-03-19,hombre,casado,secundaria,empleado,3.0,2825.73,2,familiar,Málaga,activo
4972,2025-12-06,2007-10-26,mujer,divorciado,posgrado,empleado,0,3016.79,0,hipotecada,Vizcaya,activo
4973,2021-12-20,1998-07-13,otro,casado,secundaria,autonomo,9,4973.09,0,familiar,A Coruña,activo
4974,2026-06-16,2008-03-20,hombre,soltero,formacion_profesional,empleado,0,4491.27,0,alquiler,Madrid,inactivo
4975,2023-03-18,1973-12-29,mujer,soltero,formacion_profesional,desempleado,0.1,774.69,0,hipotecada,Madrid,activo
4976,2013-11-29,1976-03-23,hombre,viudo,bachillerato,empleado,15.6,2731.4,1,propia,Murcia,activo
4977,2022-12-14,1976-01-03,mujer,divorciado,bachillerato,empleado,6.6,3061.45,1,hipotecada,Málaga,activo
4978,2019-08-01,1970-04-15,hombre,divorciado,secundaria,empleado,3.2,2563.89,2,alquiler,Alicante,activo
4979,2025-01-02,1988-07-17,mujer,divorciado,universitario,empleado,7.3,1054.42,0,familiar,Murcia,activo
4980,2023-07-30,1986-09-19,mujer,divorciado,bachillerato,jubilado,\N,1498.7,3,alquiler,Vizcaya,activo
4981,2020-03-25,1963-06-26,mujer,divorciado,bachillerato,autonomo,0.9,1795.93,2,propia,Valencia,activo
4982,2021-11-30,1943-09-10,hombre,casado,posgrado,autonomo,11.3,2744.15,1,propia,Alicante,activo
4983,2019-09-26,1970-10-21,hombre,soltero,bachillerato,empleado,2.6,2432.32,1,hipotecada,Barcelona,activo
4984,2021-10-22,2002-11-08,hombre,casado,posgrado,empleado,2.1,1539.69,0,hipotecada,Vizcaya,activo
4985,2011-10-31,1974-02-03,hombre,divorciado,posgrado,jubilado,\N,1573.33,1,alquiler,Barcelona,activo
4986,2023-06-20,1979-07-18,hombre,casado,formacion_profesional,empleado,13.8,2849.1,0,propia,Zaragoza,activo
4987,2023-10-20,1990-05-25,hombre,viudo,universitario,autonomo,11.7,4278.16,0,hipotecada,Málaga,activo
4988,2008-12-30,1988-09-05,hombre,soltero,formacion_profesional,jubilado,\N,1562.41,4,alquiler,Zaragoza,activo
4989,2014-06-11,1979-05-26,hombre,soltero,posgrado,estudiante,0,502.42,3,propia,Vizcaya,activo
4990,2026-06-13,1961-02-03,mujer,soltero,secundaria,empleado,0,2204.55,1,alquiler,Alicante,activo
4991,2023-03-11,1979-02-06,hombre,divorciado,formacion_profesional,estudiante,0,134.37,1,hipotecada,Zaragoza,activo
4992,2007-06-09,1979-08-17,mujer,casado,universitario,autonomo,8.6,2695.6,0,propia,Murcia,activo
4993,2020-03-27,1993-05-04,hombre,casado,formacion_profesional,empleado,3.4,1920.81,2,hipotecada,Alicante,activo
4994,2005-09-20,1968-10-08,mujer,viudo,bachillerato,empleado,0,1583.5,0,alquiler,Alicante,activo
4995,2007-05-02,1974-04-14,hombre,casado,universitario,empleado,9.5,2106.02,1,propia,Zaragoza,activo
4996,2019-12-17,1974-01-16,mujer,casado,universitario,empleado,7.8,2571.49,0,hipotecada,Alicante,activo
4997,2025-02-09,2000-03-15,mujer,viudo,formacion_profesional,empleado,6.7,3475.7,3,hipotecada,A Coruña,activo
4998,2025-10-17,1977-02-18,mujer,viudo,formacion_profesional,empleado,5.3,1845.07,0,alquiler,Vizcaya,activo
4999,2017-05-26,1997-02-06,mujer,divorciado,bachillerato,desempleado,3.0,1125.53,2,hipotecada,Valencia,activo
5000,2020-09-13,1972-09-03,mujer,divorciado,formacion_profesional,empleado,11.2,2519.53,2,familiar,Sevilla,activo
