id_cuenta,id_cliente,tipo_cuenta,fecha_apertura,saldo_actual,limite_descubierto,estado_cuenta
1,1,corriente,2019-07-06,31048.07,500,activa
2,2,corriente,2023-11-06,4643.71,500,activa
3,3,corriente,2025-09-02,7079.2,0,activa
4,4,ahorro,2020-03-01,-7974.66,0,activa
5,4,ahorro,2025-11-10,-7075.38,0,activa
6,5,corriente,2025-03-14,14708.73,1000,activa
7,6,corriente,2023-02-28,22663.23,1000,activa
8,7,corriente,2026-06-21,3489.94,300,activa
9,8,corriente,2025-06-18,42929.83,300,activa
10,8,ahorro,2024-01-23,-11354.18,0,activa
11,9,corriente,2025-12-14,12949.47,500,cerrada
12,10,corriente,2021-04-06,11264.56,0,cerrada
13,11,corriente,2026-05-31,861.92,300,activa
14,11,corriente,2026-04-14,-793.46,1000,activa
15,12,corriente,2025-04-18,4474.02,300,activa
16,13,ahorro,2024-06-25,26652.76,0,activa
17,14,corriente,2025-05-29,35142.97,500,activa
18,15,corriente,2015-10-09,18838.33,500,activa
19,16,corriente,2024-03-21,23138.65,1000,activa
20,16,corriente,2019-10-13,-5720.56,500,activa
21,17,ahorro,2026-03-13,6594.37,0,activa
22,18,ahorro,2018-10-23,19195.14,0,activa
23,19,corriente,2026-06-23,3424.09,300,activa
24,20,corriente,2023-10-24,18380.81,0,activa
25,20,ahorro,2024-08-01,-6587.17,0,activa
26,20,corriente,2021-06-08,-4091.93,0,activa
27,21,corriente,2019-10-29,39265.51,300,activa
28,22,corriente,2016-08-19,28675.36,500,activa
29,23,corriente,2024-06-23,3091.26,0,activa
30,24,ahorro,2025-06-02,33106.28,0,activa
31,25,corriente,2015-01-24,13148.64,1000,activa
32,26,corriente,2026-04-22,11383.18,300,activa
33,27,corriente,2022-04-14,9527.73,300,activa
34,28,corriente,2025-07-01,-4201.71,1000,activa
35,29,corriente,2025-12-06,15092.2,500,activa
36,30,corriente,2026-06-29,-1307.06,300,activa
37,31,corriente,2026-01-29,3617.21,300,activa
38,32,corriente,2022-12-13,19286.74,500,activa
39,33,corriente,2025-04-27,-7226.43,0,activa
40,34,corriente,2025-04-13,7600.0,1000,activa
41,35,corriente,2020-02-21,14989.71,500,activa
42,36,corriente,2026-03-11,-3001.65,500,activa
43,36,corriente,2025-01-26,-6471.45,0,activa
44,37,corriente,2020-09-26,28908.63,500,activa
45,38,corriente,2026-06-28,8254.34,1000,activa
46,39,corriente,2011-05-31,28227.65,0,activa
47,40,corriente,2026-05-27,-1603.15,1000,activa
48,40,corriente,2026-05-04,-721.63,1000,activa
49,41,ahorro,2025-11-16,9832.7,0,activa
50,42,corriente,2018-07-11,-1349.95,300,activa
51,43,corriente,2023-03-02,13043.24,0,activa
52,43,corriente,2023-09-09,-6594.98,500,activa
53,44,corriente,2026-01-25,1708.9,1000,activa
54,45,corriente,2026-01-21,3564.33,300,activa
55,45,corriente,2020-05-30,-4591.03,1000,activa
56,46,corriente,2025-06-14,17479.67,300,activa
57,47,corriente,2023-04-01,10600.45,1000,activa
58,48,corriente,2013-05-20,20765.53,0,activa
59,49,corriente,2026-06-07,277.16,1000,activa
60,50,ahorro,2018-10-08,11611.39,0,activa
61,51,corriente,2016-12-26,6286.01,0,activa
62,52,corriente,2025-04-14,19431.59,300,activa
63,53,corriente,2026-06-23,-1067.22,1000,activa
64,53,corriente,2026-06-29,-744.15,0,activa
65,54,corriente,2021-03-23,36545.65,500,activa
66,54,corriente,2024-05-28,-2720.19,300,activa
67,55,corriente,2024-11-12,6395.36,1000,activa
68,56,corriente,2015-04-22,16788.81,300,activa
69,57,corriente,2020-06-18,9874.14,0,activa
70,58,corriente,2026-05-14,5203.18,0,activa
71,58,corriente,2025-04-09,-3937.05,300,activa
72,58,ahorro,2024-03-17,-4882.2,0,activa
73,59,corriente,2026-05-14,-947.1,500,activa
74,60,corriente,2023-04-06,9141.02,1000,activa
75,60,corriente,2024-09-14,-8235.42,500,activa
76,61,ahorro,2022-07-16,1583.2,0,activa
77,61,ahorro,2020-12-08,-8419.71,0,activa
78,62,ahorro,2021-10-16,21631.16,0,activa
79,63,corriente,2026-06-20,941.97,1000,activa
80,64,corriente,2024-03-05,2884.19,1000,activa
81,65,corriente,2024-11-08,17220.58,300,activa
82,65,corriente,2015-02-18,-7710.82,300,activa
83,66,corriente,2026-02-19,1027.03,0,activa
84,66,ahorro,2021-09-18,-7409.8,0,activa
85,67,corriente,2021-04-15,17516.63,300,activa
86,68,corriente,2017-08-25,31358.69,0,activa
87,68,corriente,2019-11-12,-4083.98,0,activa
88,69,corriente,2022-05-25,20880.48,1000,activa
89,70,corriente,2024-05-21,9485.87,1000,activa
90,70,ahorro,2025-01-04,-12326.83,0,activa
91,71,ahorro,2019-03-10,35.59,0,bloqueada
92,72,ahorro,2026-06-24,5391.65,0,activa
93,72,ahorro,2026-06-30,709.23,0,activa
94,72,corriente,2026-06-20,339.83,1000,activa
95,73,ahorro,2019-12-23,10360.62,0,activa
96,74,ahorro,2025-01-17,13335.31,0,activa
97,75,corriente,2024-10-04,1714.3,300,activa
98,76,corriente,2017-11-14,13596.59,300,activa
99,77,ahorro,2023-03-05,19118.63,0,activa
100,77,corriente,2023-05-04,-3156.27,1000,activa
101,77,ahorro,2024-03-28,-7023.83,0,activa
102,78,corriente,2018-03-23,19013.93,1000,activa
103,79,ahorro,2026-04-10,9185.8,0,activa
104,80,corriente,2025-06-25,11472.9,500,activa
105,80,corriente,2026-06-20,-309.98,500,activa
106,81,corriente,2015-10-18,43233.1,300,activa
107,81,ahorro,2023-07-22,-5477.3,0,activa
108,82,corriente,2024-12-21,-186.8,500,activa
109,83,corriente,2026-06-13,5402.92,1000,activa
110,83,corriente,2026-06-19,-566.26,500,activa
111,84,ahorro,2026-01-23,15258.03,0,activa
112,84,corriente,2024-08-08,-2879.81,0,activa
113,85,corriente,2024-04-25,14517.36,300,activa
114,85,corriente,2025-07-06,-5674.64,1000,cerrada
115,85,corriente,2025-07-03,-4783.88,0,activa
116,86,ahorro,2024-09-06,16640.04,0,activa
117,87,ahorro,2005-10-29,7540.93,0,activa
118,88,corriente,2026-01-30,6521.44,0,activa
119,88,corriente,2026-04-17,-499.32,1000,activa
120,89,corriente,2019-01-03,-5828.46,1000,activa
121,89,corriente,2020-12-04,-10246.62,0,activa
122,90,corriente,2021-12-16,25202.55,300,activa
123,90,corriente,2021-12-08,-8815.77,0,activa
124,91,corriente,2017-11-22,14325.51,1000,activa
125,92,corriente,2026-02-17,12905.91,0,activa
126,92,corriente,2025-03-04,-5520.97,0,activa
127,93,corriente,2023-01-23,590.13,0,activa
128,94,corriente,2025-12-24,-1755.37,1000,activa
129,95,corriente,2021-07-27,7184.31,500,activa
130,95,ahorro,2025-11-17,-3177.39,0,activa
131,96,corriente,2024-09-29,9817.39,500,activa
132,97,corriente,2025-11-01,13781.23,300,activa
133,98,corriente,2016-05-11,-2611.81,300,activa
134,99,corriente,2015-11-19,15036.83,300,activa
135,100,corriente,2012-01-02,21964.35,1000,activa
136,101,corriente,2020-08-06,-5948.06,1000,activa
137,101,corriente,2023-04-21,-5761.39,0,activa
138,102,corriente,2017-07-09,-5169.47,1000,activa
139,102,corriente,2017-04-29,-8178.57,1000,activa
140,103,corriente,2023-01-20,6794.04,300,cerrada
141,104,corriente,2023-02-03,21418.63,1000,activa
142,105,corriente,2023-03-13,16601.32,0,activa
143,106,corriente,2015-11-26,17841.83,0,activa
144,106,corriente,2018-10-13,-7347.64,0,activa
145,107,corriente,2021-02-14,25257.45,0,activa
146,108,corriente,2024-05-24,26100.67,1000,activa
147,108,ahorro,2018-12-17,-6523.83,0,activa
148,109,corriente,2024-01-15,4520.36,300,activa
149,110,corriente,2018-08-08,1085.19,1000,activa
150,110,corriente,2022-06-26,-10075.51,300,activa
151,111,ahorro,2026-06-22,2501.27,0,activa
152,112,corriente,2017-06-12,1601.26,500,activa
153,113,corriente,2020-08-15,7054.45,0,activa
154,114,corriente,2025-09-16,33213.5,500,cerrada
155,115,ahorro,2026-03-18,-775.2,0,activa
156,116,corriente,2023-07-07,8451.24,500,activa
157,117,ahorro,2025-12-19,1541.16,0,activa
158,118,ahorro,2019-02-11,4273.09,0,activa
159,119,ahorro,2022-09-25,546.93,0,activa
160,120,corriente,2018-04-08,11899.66,300,activa
161,121,ahorro,2018-10-10,30895.07,0,activa
162,122,corriente,2022-05-13,10961.79,0,activa
163,122,corriente,2018-05-27,-4411.11,1000,activa
164,123,corriente,2025-09-04,-2815.45,500,activa
165,124,corriente,2026-06-15,-1752.96,0,activa
166,125,corriente,2016-11-03,-1540.74,300,activa
167,126,corriente,2023-06-02,4719.38,1000,activa
168,126,corriente,2020-01-25,-8355.92,500,activa
169,127,corriente,2019-06-26,20335.22,1000,activa
170,128,corriente,2021-03-16,14490.34,500,activa
171,129,corriente,2026-04-06,7444.86,0,activa
172,130,corriente,2026-04-18,-464.97,0,activa
173,131,corriente,2023-05-01,-128.68,0,activa
174,132,corriente,2025-11-23,19592.46,500,activa
175,133,corriente,2025-10-03,1600.99,0,activa
176,134,ahorro,2026-06-15,3902.87,0,activa
177,135,corriente,2026-03-12,3458.67,500,activa
178,135,corriente,2025-10-28,-6873.98,300,activa
179,136,corriente,2014-10-06,6411.21,500,activa
180,136,corriente,2023-10-15,-3694.74,500,activa
181,137,corriente,2025-09-30,4499.39,1000,activa
182,137,corriente,2020-11-25,-5177.16,0,activa
183,138,corriente,2022-12-18,25192.44,500,activa
184,139,ahorro,2026-06-04,-648.29,0,activa
185,140,ahorro,2017-10-26,10332.74,0,activa
186,141,corriente,2025-03-11,16367.79,300,activa
187,142,ahorro,2020-06-14,1701.94,0,activa
188,142,ahorro,2022-08-04,-4243.18,0,activa
189,142,corriente,2026-04-24,-181.85,300,activa
190,143,corriente,2020-05-14,12435.17,300,activa
191,144,corriente,2021-06-09,-742.98,1000,activa
192,144,corriente,2023-01-17,-11758.84,500,activa
193,145,corriente,2026-04-21,3542.63,0,activa
194,145,corriente,2026-01-29,-2708.09,1000,activa
195,146,corriente,2024-01-26,1074.48,0,activa
196,147,corriente,2022-04-16,13137.43,1000,activa
197,148,corriente,2026-05-12,2282.77,0,activa
198,149,corriente,2024-04-19,7163.99,300,activa
199,150,corriente,2025-10-04,13124.5,0,activa
200,151,ahorro,2016-06-20,-1241.6,0,activa
201,152,corriente,2013-02-16,19246.51,500,activa
202,153,corriente,2024-06-24,10069.05,300,cerrada
203,154,ahorro,2014-11-12,9297.23,0,activa
204,155,ahorro,2016-12-30,28196.34,0,activa
205,156,corriente,2023-05-05,-1906.19,1000,activa
206,157,corriente,2023-05-15,12908.51,1000,activa
207,158,corriente,2013-06-20,17366.98,1000,activa
208,159,ahorro,2024-02-11,13649.03,0,activa
209,160,corriente,2025-05-04,18151.95,1000,activa
210,161,corriente,2020-09-27,-4318.51,1000,activa
211,162,corriente,2025-12-15,14410.28,1000,activa
212,163,corriente,2025-10-19,-4661.81,300,activa
213,164,corriente,2017-11-23,19319.52,300,activa
214,165,corriente,2025-03-11,23127.29,0,activa
215,166,corriente,2025-02-25,17576.85,0,activa
216,167,corriente,2026-03-28,-510.7,500,activa
217,168,corriente,2017-05-23,17356.03,300,activa
218,169,corriente,2015-05-06,-3712.82,300,activa
219,170,corriente,2013-12-05,9027.68,500,activa
220,171,ahorro,2024-11-07,13411.23,0,activa
221,172,corriente,2023-12-19,9947.26,300,activa
222,173,ahorro,2014-05-26,-6492.63,0,activa
223,174,corriente,2020-12-05,-2660.63,0,activa
224,175,corriente,2022-06-20,-366.62,500,activa
225,176,ahorro,2025-02-25,10611.55,0,activa
226,177,corriente,2021-11-22,15474.22,500,activa
227,178,ahorro,2023-04-22,22812.42,0,activa
228,178,corriente,2019-03-06,-6767.95,500,activa
229,178,corriente,2021-08-11,-8610.01,0,activa
230,179,corriente,2021-08-08,8622.31,500,activa
231,179,corriente,2020-11-26,-2544.44,1000,activa
232,180,corriente,2025-04-13,10862.41,0,cerrada
233,181,corriente,2014-05-24,-3157.34,1000,activa
234,182,corriente,2025-10-07,11285.16,0,activa
235,183,corriente,2026-05-25,-1057.13,1000,activa
236,183,corriente,2020-05-29,-10340.57,300,bloqueada
237,184,corriente,2024-10-10,5302.21,1000,activa
238,185,corriente,2023-05-01,7889.77,0,activa
239,186,corriente,2025-07-08,7309.93,500,activa
240,187,corriente,2024-05-04,8410.73,1000,activa
241,188,ahorro,2026-06-06,-1222.9,0,bloqueada
242,188,corriente,2026-06-27,211.09,500,activa
243,189,ahorro,2025-08-23,10355.34,0,cerrada
244,190,corriente,2022-09-15,-5650.04,1000,activa
245,190,corriente,2022-08-02,-6248.44,0,activa
246,191,ahorro,2019-11-19,46707.59,0,activa
247,192,corriente,2023-06-23,-1024.82,300,activa
248,192,corriente,2025-06-01,-2857.65,0,activa
249,193,corriente,2020-05-23,16373.98,300,activa
250,194,corriente,2025-06-03,12397.59,0,cerrada
251,195,corriente,2025-12-09,-1552.26,1000,activa
252,196,corriente,2026-05-09,5944.18,0,activa
253,196,corriente,2024-07-24,-6193.41,0,activa
254,197,corriente,2019-11-23,10701.97,1000,activa
255,198,corriente,2026-03-28,7651.26,500,activa
256,199,ahorro,2015-03-03,20007.08,0,activa
257,200,corriente,2026-04-06,4546.92,300,activa
258,201,corriente,2026-03-08,-1653.65,500,activa
259,202,corriente,2018-05-01,18258.73,1000,activa
260,203,corriente,2019-03-05,35700.03,0,activa
261,204,corriente,2019-09-19,15633.64,300,activa
262,204,corriente,2025-06-06,-2091.2,500,activa
263,205,corriente,2025-12-01,-2221.01,1000,activa
264,205,corriente,2026-05-01,-406.9,0,activa
265,206,ahorro,2019-06-22,29885.58,0,activa
266,206,corriente,2015-06-14,-11836.03,0,activa
267,207,corriente,2009-10-09,457.18,500,activa
268,208,ahorro,2018-12-02,10231.91,0,activa
269,209,corriente,2026-06-15,3282.7,1000,activa
270,210,corriente,2026-05-10,979.51,1000,activa
271,211,corriente,2022-11-14,26864.55,300,activa
272,212,corriente,2012-06-12,12839.1,300,activa
273,212,corriente,2018-01-10,-5989.01,300,activa
274,213,corriente,2022-02-10,-2551.72,0,activa
275,214,ahorro,2026-05-29,4277.24,0,activa
276,214,corriente,2024-04-20,-7795.43,1000,activa
277,215,corriente,2021-06-26,17596.38,1000,activa
278,215,ahorro,2022-01-05,-6653.95,0,activa
279,216,corriente,2023-12-07,25702.14,0,activa
280,216,corriente,2013-04-29,-5046.37,500,activa
281,217,ahorro,2021-08-11,7072.48,0,activa
282,218,ahorro,2026-03-03,-1600.48,0,activa
283,218,ahorro,2025-08-19,-7238.13,0,activa
284,219,ahorro,2020-11-22,2353.44,0,activa
285,219,corriente,2024-02-25,-4741.88,0,activa
286,220,corriente,2020-12-06,6082.95,0,activa
287,220,corriente,2023-03-21,-9013.4,500,activa
288,221,ahorro,2026-06-04,2140.52,0,activa
289,222,ahorro,2025-01-12,6611.47,0,activa
290,223,ahorro,2025-05-28,8122.64,0,activa
291,224,corriente,2019-07-26,18812.02,0,cerrada
292,225,corriente,2025-10-21,7116.9,300,activa
293,226,corriente,2026-06-06,6291.93,300,activa
294,227,corriente,2015-09-23,-5284.28,500,activa
295,228,corriente,2026-06-16,5353.79,0,activa
296,229,corriente,2025-03-25,36086.19,0,activa
297,230,corriente,2025-11-12,-2794.32,500,activa
298,231,corriente,2023-01-04,22274.03,500,activa
299,232,corriente,2014-01-03,-4235.99,1000,activa
300,233,corriente,2024-03-06,8308.28,300,activa
301,234,corriente,2023-02-23,19821.79,0,activa
302,235,corriente,2023-03-21,-8231.27,0,activa
303,236,ahorro,2025-11-11,9110.77,0,activa
304,237,ahorro,2022-12-24,-11962.32,0,activa
305,238,corriente,2026-05-31,2597.53,300,activa
306,239,corriente,2022-11-20,17558.23,500,activa
307,240,ahorro,2019-01-12,-5266.75,0,cerrada
308,241,corriente,2021-08-24,9605.93,300,cerrada
309,242,corriente,2023-09-21,2770.35,0,activa
310,243,corriente,2024-05-25,-7666.14,500,activa
311,244,corriente,2025-05-29,34987.27,1000,cerrada
312,245,corriente,2024-07-27,6564.28,1000,activa
313,245,corriente,2026-03-07,-357.85,300,activa
314,246,ahorro,2026-02-19,-4859.28,0,activa
315,247,corriente,2024-05-26,4636.31,0,activa
316,247,corriente,2025-10-24,-4602.58,1000,activa
317,248,corriente,2022-05-18,24011.48,500,activa
318,248,corriente,2025-06-20,-4449.02,300,activa
319,249,corriente,2024-07-04,2722.99,300,cerrada
320,250,corriente,2008-08-08,-687.82,0,cerrada
321,250,corriente,2023-09-02,-9667.49,500,activa
322,250,ahorro,2019-06-13,-11385.85,0,activa
323,251,corriente,2025-08-25,2245.02,1000,activa
324,252,ahorro,2023-05-21,18920.55,0,activa
325,252,corriente,2018-11-28,-4476.43,0,activa
326,253,corriente,2025-01-26,16818.72,1000,activa
327,253,ahorro,2025-01-28,-11622.75,0,activa
328,254,corriente,2024-09-10,9071.68,500,activa
329,254,corriente,2026-06-28,79.39,300,activa
330,255,ahorro,2025-12-11,9657.74,0,activa
331,255,corriente,2025-12-23,-5714.41,0,activa
332,256,corriente,2023-06-17,6692.65,1000,activa
333,256,corriente,2016-08-30,-12263.19,0,activa
334,257,corriente,2026-06-30,-1432.13,0,activa
335,258,corriente,2021-06-27,21296.96,0,cerrada
336,259,corriente,2018-08-28,25497.13,300,activa
337,259,corriente,2012-12-10,-7937.09,1000,cerrada
338,260,corriente,2026-02-27,2886.99,0,activa
339,260,corriente,2026-02-14,-2049.38,300,activa
340,261,ahorro,2025-08-22,2800.89,0,activa
341,261,corriente,2020-06-17,-10766.75,300,activa
342,262,corriente,2018-10-22,13827.05,1000,activa
343,262,corriente,2008-11-23,-5900.86,500,activa
344,263,ahorro,2023-12-21,-1263.19,0,activa
345,264,corriente,2026-03-24,-1021.13,1000,activa
346,265,corriente,2008-09-14,13471.06,300,cerrada
347,266,corriente,2022-06-26,18561.68,0,activa
348,267,corriente,2021-12-05,23399.97,500,activa
349,268,corriente,2021-10-29,-2265.19,500,activa
350,269,corriente,2017-03-15,16079.22,1000,activa
351,269,corriente,2011-01-24,-3945.13,300,activa
352,270,corriente,2026-06-30,602.06,0,activa
353,270,ahorro,2026-06-28,-1004.44,0,activa
354,270,corriente,2026-05-26,-175.89,500,activa
355,271,corriente,2026-05-21,3077.64,1000,activa
356,272,ahorro,2022-11-02,-2132.32,0,activa
357,272,corriente,2021-10-07,-5125.42,0,activa
358,273,corriente,2024-01-09,2569.11,0,activa
359,274,ahorro,2026-06-25,1153.07,0,activa
360,275,corriente,2020-01-13,-6959.37,500,activa
361,276,ahorro,2024-01-21,-7582.36,0,activa
362,276,corriente,2023-04-01,-5706.52,500,activa
363,277,corriente,2025-09-27,-4674.15,300,cerrada
364,278,corriente,2019-12-02,5724.3,500,activa
365,279,corriente,2025-11-12,10623.39,0,activa
366,280,corriente,2014-12-01,1186.49,500,activa
367,281,corriente,2024-08-15,7626.0,0,activa
368,281,corriente,2019-08-22,-8614.98,1000,activa
369,282,corriente,2024-07-24,20616.3,0,activa
370,282,corriente,2018-11-17,-14503.96,0,activa
371,283,corriente,2021-12-28,-4919.41,500,activa
372,284,ahorro,2015-04-13,18124.87,0,activa
373,285,corriente,2024-10-02,4251.35,500,activa
374,285,corriente,2025-11-29,-4091.52,500,activa
375,285,corriente,2024-12-09,-7914.15,0,activa
376,286,corriente,2022-11-29,3958.35,1000,activa
377,286,corriente,2023-07-25,-6284.51,500,activa
378,287,corriente,2025-12-28,487.42,500,activa
379,287,corriente,2020-06-06,-9409.42,1000,activa
380,288,corriente,2022-01-13,8141.66,500,activa
381,288,ahorro,2022-06-07,-9055.47,0,activa
382,289,corriente,2007-06-23,28828.15,500,activa
383,290,corriente,2026-06-21,6311.2,300,activa
384,291,corriente,2023-10-02,7739.76,1000,activa
385,292,corriente,2013-10-26,6757.21,0,activa
386,293,corriente,2024-02-25,26845.87,300,activa
387,294,corriente,2025-12-01,-1622.37,0,activa
388,294,corriente,2025-02-12,-7580.17,500,activa
389,295,corriente,2025-12-03,-5572.55,300,activa
390,295,corriente,2024-01-27,-12472.82,300,activa
391,296,ahorro,2026-03-22,267.85,0,activa
392,296,corriente,2025-10-25,-1754.4,300,activa
393,297,corriente,2024-04-10,2412.78,500,activa
394,297,corriente,2025-07-01,-6410.25,500,activa
395,298,corriente,2023-06-27,-1949.95,300,activa
396,299,corriente,2026-06-28,2811.05,0,activa
397,299,ahorro,2020-06-05,-6301.41,0,activa
398,300,corriente,2019-11-19,7174.51,0,activa
399,300,corriente,2021-08-28,-7803.42,0,activa
400,300,corriente,2025-02-15,-7867.8,500,cerrada
401,301,ahorro,2022-10-27,-1266.62,0,activa
402,302,corriente,2025-01-15,10398.16,500,activa
403,303,corriente,2022-06-27,12504.93,1000,activa
404,304,ahorro,2021-02-16,32933.97,0,activa
405,305,corriente,2024-04-01,11094.41,0,activa
406,306,corriente,2018-05-23,11050.92,500,activa
407,307,corriente,2024-09-04,11888.85,1000,activa
408,308,corriente,2026-06-21,9251.03,500,activa
409,308,ahorro,2026-01-09,-3082.69,0,activa
410,309,corriente,2021-10-22,-1852.39,0,cerrada
411,309,corriente,2023-02-28,-5998.64,300,activa
412,310,corriente,2025-08-10,7544.38,300,activa
413,311,corriente,2019-11-17,24876.73,300,activa
414,312,corriente,2023-10-13,3026.4,0,activa
415,313,corriente,2026-03-05,6077.14,300,activa
416,314,ahorro,2023-02-27,30442.48,0,activa
417,315,corriente,2023-05-11,10290.85,1000,activa
418,316,corriente,2020-02-05,999.82,500,activa
419,316,ahorro,2021-03-08,-11715.12,0,activa
420,317,ahorro,2023-03-13,20037.77,0,activa
421,318,corriente,2025-12-29,2053.27,500,activa
422,318,ahorro,2021-12-22,-5850.01,0,activa
423,319,corriente,2022-07-08,35945.93,1000,activa
424,320,corriente,2024-04-06,5093.0,300,activa
425,321,corriente,2025-05-25,-7499.38,1000,activa
426,322,corriente,2017-06-03,8536.7,1000,activa
427,323,corriente,2026-05-23,-1161.67,300,activa
428,324,corriente,2023-11-14,10652.44,0,activa
429,325,corriente,2018-08-23,1868.31,0,activa
430,326,corriente,2021-07-01,6561.19,500,activa
431,327,corriente,2019-11-30,48926.01,300,activa
432,328,corriente,2021-10-01,7173.55,1000,activa
433,329,corriente,2026-06-09,5341.01,0,activa
434,330,corriente,2025-07-02,978.78,1000,activa
435,331,ahorro,2025-11-06,9587.85,0,activa
436,332,corriente,2024-04-09,-3956.46,1000,activa
437,333,corriente,2025-12-25,14384.61,0,activa
438,333,corriente,2024-06-13,-8527.14,500,activa
439,334,corriente,2017-03-09,5418.58,500,activa
440,334,corriente,2021-05-23,-4560.67,1000,activa
441,335,corriente,2024-08-22,3133.5,500,activa
442,336,ahorro,2022-11-05,29467.85,0,activa
443,337,ahorro,2019-07-30,15890.23,0,activa
444,338,corriente,2022-08-25,8759.09,300,activa
445,338,corriente,2015-08-03,-9915.65,0,activa
446,339,corriente,2014-09-30,-7297.38,300,activa
447,340,corriente,2013-09-30,4373.35,1000,activa
448,340,corriente,2012-07-31,-8990.1,500,activa
449,340,corriente,2024-11-16,-5951.19,1000,activa
450,341,corriente,2024-08-19,30072.47,300,activa
451,342,corriente,2020-12-29,-3415.27,0,activa
452,343,ahorro,2017-08-02,-6396.54,0,activa
453,344,ahorro,2022-01-01,-7825.28,0,activa
454,344,corriente,2016-02-13,-8647.96,500,activa
455,345,ahorro,2025-05-14,6308.51,0,activa
456,346,ahorro,2026-06-18,-254.78,0,activa
457,347,corriente,2024-11-29,6249.29,1000,activa
458,348,corriente,2021-11-13,-2404.01,0,activa
459,349,corriente,2023-03-10,11913.95,500,activa
460,350,corriente,2026-06-07,116.04,500,cerrada
461,351,corriente,2025-09-03,19056.16,500,activa
462,351,corriente,2023-05-30,-5371.96,500,activa
463,352,corriente,2022-11-23,-1799.58,500,activa
464,353,corriente,2025-03-31,7155.79,1000,activa
465,354,ahorro,2024-10-06,17130.53,0,activa
466,355,corriente,2014-10-27,2593.49,500,activa
467,356,corriente,2025-07-26,8067.46,500,activa
468,357,corriente,2026-04-25,2171.09,500,activa
469,358,corriente,2023-02-16,1790.3,0,activa
470,359,ahorro,2025-08-29,3407.49,0,activa
471,360,ahorro,2026-05-07,214.22,0,activa
472,360,ahorro,2026-06-14,-3125.43,0,activa
473,361,corriente,2016-12-09,20378.71,300,activa
474,361,corriente,2008-06-07,-1984.45,500,activa
475,361,corriente,2026-01-18,-3033.32,500,activa
476,362,corriente,2026-06-03,3303.88,300,activa
477,363,ahorro,2021-08-22,-10176.36,0,activa
478,364,ahorro,2025-01-18,-1603.4,0,activa
479,365,corriente,2021-07-10,15273.41,300,activa
480,366,corriente,2025-06-19,11868.36,500,activa
481,366,corriente,2026-05-24,-355.11,500,activa
482,367,corriente,2018-11-11,26089.77,300,activa
483,368,corriente,2024-09-04,22071.54,1000,cerrada
484,368,ahorro,2012-12-01,-3558.62,0,activa
485,369,ahorro,2025-07-28,22881.85,0,activa
486,370,corriente,2012-08-31,4472.44,0,activa
487,371,corriente,2025-12-08,14051.41,500,activa
488,372,corriente,2015-04-30,5625.66,1000,activa
489,372,corriente,2019-01-06,-6189.76,500,activa
490,373,corriente,2022-06-08,28383.21,300,activa
491,374,ahorro,2025-06-07,14226.84,0,activa
492,375,corriente,2024-05-07,1933.76,300,activa
493,375,corriente,2024-11-16,-3957.55,0,activa
494,376,corriente,2023-03-27,11195.24,0,activa
495,377,ahorro,2021-02-03,35618.07,0,activa
496,377,ahorro,2024-08-14,-6763.94,0,activa
497,378,corriente,2018-05-09,33850.24,1000,activa
498,379,corriente,2018-06-05,-492.73,300,activa
499,380,corriente,2022-04-05,-10124.61,0,activa
500,381,corriente,2025-09-24,9341.97,1000,activa
501,382,corriente,2021-11-03,-5531.97,0,activa
502,383,corriente,2018-10-02,15108.9,300,activa
503,384,corriente,2015-10-25,5102.48,1000,activa
504,385,corriente,2023-12-31,12320.08,1000,activa
505,386,corriente,2024-12-10,16651.28,300,activa
506,387,ahorro,2011-02-03,26052.85,0,activa
507,388,corriente,2025-12-28,9598.88,300,activa
508,389,corriente,2025-03-18,15697.59,1000,activa
509,390,corriente,2020-08-16,11363.04,0,activa
510,391,corriente,2012-04-18,-4963.22,0,activa
511,391,corriente,2013-09-26,-12040.76,300,activa
512,392,corriente,2017-03-31,32051.22,1000,activa
513,393,corriente,2026-04-02,8711.78,0,activa
514,393,ahorro,2025-05-23,-5592.01,0,activa
515,394,corriente,2019-05-18,12192.87,300,activa
516,395,corriente,2017-12-04,16409.46,1000,activa
517,395,corriente,2008-02-01,-10818.13,300,activa
518,396,corriente,2018-03-23,31320.88,0,activa
519,397,corriente,2020-06-16,-116.52,0,activa
520,398,corriente,2008-10-27,7770.06,0,activa
521,399,ahorro,2025-08-30,19811.74,0,activa
522,400,corriente,2024-05-09,17076.16,300,activa
523,401,ahorro,2026-05-15,6797.38,0,activa
524,402,ahorro,2019-07-12,7721.81,0,activa
525,402,corriente,2022-07-22,-6467.76,500,activa
526,402,corriente,2024-12-22,-3919.61,0,activa
527,403,ahorro,2015-05-24,23728.19,0,activa
528,404,corriente,2021-09-30,19751.42,0,activa
529,404,corriente,2012-03-03,-4466.82,500,activa
530,405,corriente,2024-09-19,18261.17,300,activa
531,406,corriente,2024-08-05,25811.84,500,activa
532,407,ahorro,2023-11-06,8540.57,0,activa
533,407,ahorro,2018-02-03,-8804.85,0,activa
534,408,corriente,2021-08-16,-3754.31,500,activa
535,408,corriente,2018-04-22,-5380.56,1000,activa
536,409,ahorro,2020-09-15,-7997.45,0,activa
537,410,ahorro,2019-03-24,10807.65,0,bloqueada
538,411,corriente,2014-06-16,12186.85,300,activa
539,412,corriente,2022-03-02,45706.14,300,activa
540,413,corriente,2020-12-26,15610.85,500,activa
541,413,ahorro,2021-08-15,-11056.73,0,activa
542,414,corriente,2021-10-28,11215.9,300,activa
543,415,corriente,2025-06-22,17901.41,300,activa
544,416,corriente,2024-11-09,22120.93,300,activa
545,417,corriente,2025-11-05,4975.73,1000,activa
546,418,corriente,2019-11-17,21182.31,0,activa
547,418,corriente,2016-03-23,-6497.44,0,activa
548,419,corriente,2023-11-01,821.29,300,cerrada
549,419,corriente,2025-11-15,-2359.86,0,activa
550,420,corriente,2024-03-19,13960.25,0,activa
551,420,ahorro,2021-10-05,-5382.03,0,activa
552,421,corriente,2025-12-05,19997.37,300,activa
553,422,ahorro,2023-09-26,-412.47,0,activa
554,423,corriente,2020-06-08,-1015.88,500,cerrada
555,424,ahorro,2009-05-13,9451.58,0,activa
556,425,corriente,2022-06-17,13514.1,0,activa
557,425,corriente,2019-01-15,-3231.95,300,activa
558,426,corriente,2025-08-23,6291.42,300,activa
559,426,corriente,2025-06-05,-7827.56,1000,activa
560,427,corriente,2014-05-22,1321.12,1000,activa
561,427,corriente,2020-08-11,-7340.44,300,activa
562,428,ahorro,2019-10-31,2182.7,0,activa
563,429,ahorro,2016-02-29,33910.32,0,activa
564,429,corriente,2011-12-04,-6772.16,300,activa
565,430,ahorro,2016-02-14,13981.53,0,cerrada
566,431,corriente,2017-04-14,4126.23,1000,activa
567,431,ahorro,2025-07-07,-1262.43,0,activa
568,432,corriente,2026-01-09,5657.27,0,activa
569,432,corriente,2021-01-04,-6628.95,300,activa
570,433,corriente,2023-09-05,7780.62,1000,activa
571,434,corriente,2026-01-21,5145.58,0,activa
572,435,corriente,2024-11-18,6091.71,300,activa
573,435,corriente,2024-05-27,-6803.82,300,activa
574,436,corriente,2025-11-05,-2669.29,500,activa
575,437,corriente,2026-06-12,468.87,500,activa
576,438,corriente,2025-08-23,14896.83,500,activa
577,438,corriente,2024-06-28,-6979.73,1000,activa
578,439,corriente,2026-06-08,-416.08,300,activa
579,440,corriente,2021-10-18,-2836.78,500,activa
580,440,corriente,2026-02-21,-895.38,500,activa
581,440,corriente,2025-04-06,-7314.64,500,activa
582,441,ahorro,2024-06-24,-6611.66,0,activa
583,441,ahorro,2009-09-21,-4514.81,0,activa
584,442,corriente,2013-08-08,63852.55,0,activa
585,443,corriente,2025-09-20,8706.88,1000,activa
586,443,ahorro,2023-04-27,-11754.57,0,activa
587,444,corriente,2020-11-09,11911.55,300,activa
588,445,corriente,2026-05-13,4745.28,1000,cerrada
589,446,ahorro,2016-05-13,10620.78,0,activa
590,447,ahorro,2020-10-16,21491.92,0,activa
591,447,ahorro,2022-12-12,-6992.16,0,activa
592,448,corriente,2024-04-21,-3911.0,1000,activa
593,448,corriente,2023-10-11,-7385.24,0,activa
594,448,corriente,2023-09-15,-5152.52,500,activa
595,449,corriente,2024-07-18,4804.19,500,activa
596,450,corriente,2024-03-09,5244.01,0,activa
597,451,ahorro,2023-11-12,-4252.5,0,activa
598,452,corriente,2024-02-26,7954.34,0,activa
599,452,corriente,2026-04-06,-1646.94,300,activa
600,453,corriente,2025-05-24,14099.32,500,activa
601,454,corriente,2018-09-23,9971.08,300,activa
602,455,corriente,2024-07-09,18734.11,500,activa
603,456,corriente,2025-07-11,15172.09,300,activa
604,457,corriente,2026-01-19,4978.45,0,activa
605,457,corriente,2024-04-03,-7633.0,0,activa
606,458,corriente,2026-03-12,6219.64,1000,activa
607,459,corriente,2021-12-29,22821.19,300,activa
608,460,corriente,2020-09-01,28070.0,1000,activa
609,461,corriente,2022-10-18,9953.14,0,activa
610,462,corriente,2011-06-05,-4320.33,0,activa
611,463,corriente,2022-04-15,10978.23,0,activa
612,463,corriente,2026-05-11,-727.24,1000,activa
613,464,corriente,2024-03-27,24839.37,500,activa
614,465,corriente,2025-11-23,4933.07,0,activa
615,466,corriente,2024-05-20,20758.96,300,activa
616,467,corriente,2025-10-10,9659.66,1000,activa
617,468,corriente,2014-11-06,25740.44,0,activa
618,469,corriente,2021-05-12,-5841.65,500,activa
619,470,corriente,2026-04-30,-645.91,300,activa
620,471,corriente,2026-06-27,3685.95,1000,activa
621,471,corriente,2026-06-26,91.57,300,activa
622,472,corriente,2024-09-24,13506.65,300,activa
623,472,corriente,2024-08-28,-8327.05,0,activa
624,473,corriente,2023-04-15,-5786.68,0,activa
625,474,corriente,2024-07-04,3537.09,300,activa
626,475,corriente,2024-10-04,12641.22,500,activa
627,476,corriente,2019-08-24,13651.67,1000,activa
628,476,corriente,2017-01-02,-6456.27,300,activa
629,477,ahorro,2023-06-22,18157.77,0,activa
630,478,ahorro,2026-01-31,1698.82,0,activa
631,479,corriente,2021-02-12,4521.68,0,activa
632,480,corriente,2026-06-09,-619.97,300,activa
633,481,corriente,2007-12-05,-432.39,1000,activa
634,482,ahorro,2026-06-09,-1958.16,0,activa
635,482,corriente,2026-03-19,-428.26,500,activa
636,483,corriente,2021-06-01,20882.08,300,activa
637,484,corriente,2023-04-10,17590.66,500,activa
638,485,corriente,2021-09-09,7120.28,300,activa
639,486,ahorro,2016-04-27,-3241.15,0,activa
640,487,corriente,2024-01-26,6737.11,500,activa
641,487,corriente,2023-03-31,-11257.0,300,activa
642,488,corriente,2026-06-27,9973.43,500,activa
643,489,corriente,2023-01-19,7458.14,1000,activa
644,490,corriente,2021-10-01,8961.38,300,activa
645,491,corriente,2016-03-03,11271.3,300,activa
646,492,corriente,2026-05-29,1278.76,300,activa
647,493,corriente,2018-05-07,-3709.51,300,activa
648,494,corriente,2026-05-20,3780.21,0,activa
649,494,corriente,2026-06-20,-561.85,300,activa
650,495,corriente,2026-03-24,5525.21,1000,activa
651,496,corriente,2021-11-11,21111.51,0,activa
652,497,ahorro,2017-02-26,126772.14,0,cerrada
653,498,corriente,2025-05-20,13653.29,1000,activa
654,499,corriente,2012-04-20,-5458.15,300,activa
655,500,ahorro,2018-10-12,5613.41,0,activa
656,501,corriente,2016-06-13,37601.61,0,activa
657,501,ahorro,2022-07-23,-4918.35,0,activa
658,502,corriente,2020-07-26,13411.2,300,activa
659,503,ahorro,2022-06-15,11643.83,0,activa
660,504,corriente,2022-04-05,23800.56,0,activa
661,505,corriente,2021-05-25,14980.14,300,activa
662,505,corriente,2015-12-28,-9903.8,300,activa
663,506,ahorro,2026-05-17,472.54,0,activa
664,506,ahorro,2026-06-08,-478.21,0,activa
665,507,corriente,2026-01-27,16116.55,300,activa
666,508,corriente,2015-11-11,25608.23,300,activa
667,509,corriente,2018-09-03,13388.55,300,activa
668,509,ahorro,2017-12-09,-3202.26,0,activa
669,510,ahorro,2026-03-24,1865.35,0,activa
670,511,ahorro,2022-07-14,11660.93,0,activa
671,512,corriente,2019-04-12,20271.42,500,activa
672,513,corriente,2026-03-01,1720.34,1000,activa
673,513,corriente,2020-11-24,-8576.2,300,activa
674,514,corriente,2020-12-31,22756.03,500,activa
675,515,corriente,2026-06-05,5403.02,0,activa
676,516,ahorro,2022-02-28,-6859.67,0,activa
677,517,corriente,2024-01-23,16454.81,0,activa
678,518,corriente,2026-02-09,2108.14,300,bloqueada
679,518,ahorro,2015-03-28,-7709.26,0,activa
680,519,corriente,2026-02-24,5412.77,500,activa
681,519,corriente,2026-03-12,-1730.59,500,activa
682,519,corriente,2026-01-04,-1007.55,0,activa
683,520,corriente,2018-10-27,-8422.68,0,activa
684,520,corriente,2020-08-19,-13457.58,500,activa
685,521,ahorro,2026-01-26,8412.17,0,activa
686,521,corriente,2025-12-13,-2291.05,500,activa
687,521,corriente,2026-01-24,-2601.73,0,activa
688,522,corriente,2014-09-12,8351.94,300,activa
689,523,corriente,2013-05-06,-3696.04,500,activa
690,523,corriente,2020-08-18,-5864.89,0,activa
691,524,ahorro,2021-02-26,25401.98,0,activa
692,525,corriente,2020-10-01,-13902.8,500,activa
693,526,corriente,2015-11-03,1661.62,0,activa
694,527,corriente,2015-09-24,3517.12,0,activa
695,528,corriente,2026-06-28,168.74,0,activa
696,529,corriente,2026-06-19,-949.44,0,activa
697,529,corriente,2026-03-23,-78.35,300,activa
698,530,corriente,2023-08-19,728.2,300,activa
699,531,corriente,2019-02-02,12275.04,300,activa
700,532,corriente,2024-10-30,8329.0,500,activa
701,533,corriente,2024-12-07,-6142.88,1000,activa
702,534,corriente,2026-03-18,13942.31,1000,activa
703,534,ahorro,2026-04-20,-143.65,0,activa
704,534,corriente,2026-04-29,98.16,1000,activa
705,535,corriente,2021-03-06,4109.41,500,activa
706,536,corriente,2026-05-23,2035.37,1000,cerrada
707,537,corriente,2015-02-21,18627.15,500,activa
708,538,ahorro,2026-06-02,2714.06,0,activa
709,538,ahorro,2021-01-24,-10675.95,0,activa
710,538,corriente,2025-05-22,-8304.04,500,activa
711,539,corriente,2026-03-27,5080.59,0,activa
712,540,ahorro,2024-06-29,17191.64,0,activa
713,540,corriente,2013-05-08,-6356.88,500,activa
714,541,corriente,2021-12-30,15126.19,500,activa
715,542,corriente,2026-04-29,1186.54,0,activa
716,543,ahorro,2026-02-08,4251.94,0,activa
717,543,corriente,2026-06-13,-601.55,1000,activa
718,544,ahorro,2026-04-21,-1086.61,0,cerrada
719,545,corriente,2017-10-27,27122.24,0,activa
720,545,corriente,2019-02-25,-1560.36,1000,activa
721,546,corriente,2023-12-21,11949.35,1000,activa
722,547,corriente,2025-09-22,1047.42,300,activa
723,547,corriente,2025-01-23,-10692.28,500,activa
724,548,corriente,2019-04-01,1019.9,0,activa
725,549,corriente,2022-12-11,21771.45,0,activa
726,550,corriente,2014-12-02,7700.3,1000,activa
727,551,corriente,2023-05-23,446.47,0,activa
728,551,corriente,2023-12-15,-5863.19,500,activa
729,552,corriente,2023-06-21,1701.27,1000,activa
730,553,corriente,2023-09-10,9464.75,0,activa
731,553,corriente,2019-12-17,-5698.57,0,activa
732,554,corriente,2025-09-17,1861.94,500,activa
733,554,corriente,2025-11-01,-5825.82,0,cerrada
734,555,corriente,2010-07-01,9375.19,500,activa
735,556,corriente,2024-01-28,10891.01,1000,activa
736,556,corriente,2011-05-21,-6003.93,1000,cerrada
737,557,ahorro,2025-07-06,15150.25,0,activa
738,558,corriente,2024-02-22,30867.37,500,activa
739,558,corriente,2023-07-18,-8212.61,500,activa
740,559,corriente,2024-02-01,9827.66,500,activa
741,560,corriente,2026-06-12,1895.52,300,activa
742,561,corriente,2021-02-02,-11075.98,500,activa
743,562,corriente,2023-10-17,16544.95,0,activa
744,563,corriente,2012-04-14,119545.78,1000,activa
745,564,corriente,2025-01-21,3254.28,300,activa
746,564,corriente,2025-12-28,-3362.02,500,cerrada
747,565,corriente,2015-05-15,-4559.85,0,activa
748,566,ahorro,2024-10-16,14452.67,0,activa
749,566,corriente,2024-11-18,-3385.69,500,activa
750,566,corriente,2025-12-19,-3409.1,500,activa
751,567,corriente,2020-10-12,-4507.98,300,activa
752,567,ahorro,2023-01-19,-7217.64,0,activa
753,568,corriente,2020-05-01,3518.38,1000,activa
754,568,corriente,2023-01-20,-8472.18,300,activa
755,569,corriente,2021-06-26,-2110.11,300,activa
756,570,corriente,2026-06-28,8891.01,500,activa
757,571,corriente,2024-08-23,5683.87,0,activa
758,572,corriente,2025-05-21,19501.3,0,activa
759,573,corriente,2020-07-02,15336.19,500,activa
760,573,corriente,2014-04-13,-7694.83,0,activa
761,574,corriente,2016-10-08,4492.4,0,activa
762,575,corriente,2023-06-14,-6439.88,1000,activa
763,575,corriente,2011-05-05,-13494.64,300,activa
764,576,corriente,2020-02-23,35276.81,500,activa
765,577,corriente,2022-05-19,16817.35,1000,activa
766,577,ahorro,2023-04-07,-7122.45,0,activa
767,578,corriente,2011-06-15,17161.98,300,activa
768,579,corriente,2018-09-27,7367.3,0,activa
769,580,corriente,2025-10-23,-904.31,300,activa
770,581,corriente,2025-04-29,9037.54,1000,activa
771,582,corriente,2021-07-17,24807.27,500,activa
772,583,corriente,2023-01-17,26631.17,300,activa
773,584,corriente,2019-11-07,329.81,500,activa
774,584,corriente,2023-06-08,-12984.87,0,activa
775,585,corriente,2010-12-13,14252.3,1000,activa
776,586,corriente,2019-06-08,7388.6,1000,activa
777,587,corriente,2025-11-03,14560.2,1000,activa
778,587,corriente,2015-10-13,-5103.15,300,activa
779,587,corriente,2014-05-21,-2675.84,1000,activa
780,588,corriente,2026-01-13,-39.95,0,activa
781,589,corriente,2014-01-18,55660.02,300,activa
782,590,ahorro,2024-09-08,-3477.71,0,activa
783,590,corriente,2013-12-02,-5876.57,0,activa
784,591,corriente,2026-04-06,2054.02,500,activa
785,592,corriente,2015-12-09,13145.62,0,activa
786,593,corriente,2023-12-04,17409.92,300,activa
787,594,corriente,2026-05-31,2108.94,0,activa
788,594,corriente,2023-01-03,-4613.77,300,activa
789,595,corriente,2008-08-18,-7088.65,0,activa
790,595,corriente,2019-11-28,-7283.45,0,activa
791,595,corriente,2012-11-09,-11214.16,0,activa
792,596,corriente,2020-02-11,-1424.14,1000,activa
793,596,corriente,2021-01-18,-12573.82,0,activa
794,597,corriente,2022-08-05,38045.41,1000,activa
795,598,corriente,2026-06-15,-2116.23,1000,activa
796,599,corriente,2024-09-25,42065.81,0,activa
797,600,corriente,2020-04-26,18286.3,300,activa
798,601,corriente,2026-06-10,1784.8,500,activa
799,602,corriente,2024-10-24,12277.22,1000,activa
800,603,corriente,2023-09-25,6822.5,0,activa
801,604,corriente,2026-04-14,6081.26,300,activa
802,605,ahorro,2023-01-05,730.52,0,activa
803,606,corriente,2026-05-08,8893.72,1000,activa
804,606,ahorro,2026-05-13,-1225.55,0,activa
805,607,corriente,2026-02-25,7810.55,500,activa
806,608,corriente,2023-04-24,-10163.14,300,activa
807,608,corriente,2017-05-10,-6587.84,500,activa
808,609,corriente,2026-01-17,-3159.9,500,activa
809,610,corriente,2024-10-25,-11960.55,1000,activa
810,611,corriente,2021-01-16,-4475.58,1000,activa
811,611,corriente,2024-09-04,-8101.36,1000,activa
812,612,corriente,2026-02-18,-3722.27,300,activa
813,612,corriente,2022-04-14,-7307.41,1000,activa
814,612,corriente,2018-04-04,-4515.89,1000,activa
815,613,corriente,2023-07-11,10388.8,500,activa
816,614,corriente,2024-09-10,-3450.54,0,cerrada
817,615,corriente,2023-12-07,7477.11,300,activa
818,616,corriente,2025-07-12,29261.78,0,activa
819,617,ahorro,2023-05-28,3432.68,0,activa
820,618,corriente,2022-12-21,3888.35,300,activa
821,619,corriente,2018-04-10,4454.15,0,cerrada
822,620,corriente,2019-07-17,1223.03,0,activa
823,621,ahorro,2026-04-25,-485.7,0,activa
824,621,corriente,2020-05-11,-6794.78,0,activa
825,622,corriente,2025-08-03,23783.84,300,activa
826,622,corriente,2021-07-17,-9284.72,1000,activa
827,622,corriente,2023-01-28,-10107.24,300,activa
828,623,ahorro,2012-10-29,51123.95,0,activa
829,624,corriente,2025-12-07,4423.07,500,activa
830,625,ahorro,2019-05-12,14908.02,0,activa
831,626,corriente,2019-06-05,5776.63,0,activa
832,627,corriente,2018-08-06,1905.9,0,activa
833,628,corriente,2018-12-02,-2898.74,300,activa
834,629,corriente,2024-01-10,7866.37,500,activa
835,630,corriente,2023-09-19,-10582.28,500,activa
836,631,corriente,2024-08-16,43939.39,500,activa
837,631,corriente,2014-09-02,-7325.41,300,activa
838,632,corriente,2009-07-02,16687.57,0,activa
839,633,corriente,2007-04-27,15885.67,300,activa
840,634,corriente,2026-06-23,-223.54,500,activa
841,635,ahorro,2020-09-17,32793.01,0,activa
842,635,ahorro,2020-01-03,-8350.1,0,activa
843,636,ahorro,2023-07-04,4090.04,0,activa
844,637,corriente,2017-02-19,55111.73,300,activa
845,638,corriente,2025-07-31,33149.97,500,activa
846,638,corriente,2026-05-26,1956.47,1000,activa
847,639,corriente,2025-04-06,14211.76,1000,activa
848,640,corriente,2024-06-02,22133.18,500,activa
849,640,corriente,2023-04-23,-5158.81,1000,activa
850,641,corriente,2023-11-02,7519.04,0,activa
851,642,corriente,2023-10-27,14114.81,0,activa
852,643,corriente,2025-04-28,36129.0,500,activa
853,644,corriente,2017-11-04,19485.65,1000,activa
854,644,ahorro,2017-10-03,-6185.7,0,activa
855,645,corriente,2023-08-17,1341.11,500,activa
856,646,ahorro,2025-07-31,14913.59,0,activa
857,647,corriente,2023-03-21,21307.05,500,activa
858,648,corriente,2006-02-10,18347.99,500,activa
859,649,ahorro,2011-02-18,14630.93,0,activa
860,650,corriente,2026-03-02,1824.82,500,activa
861,651,corriente,2022-11-18,10643.38,300,activa
862,651,ahorro,2015-01-18,-7916.28,0,activa
863,652,corriente,2025-01-17,4149.74,300,activa
864,652,corriente,2022-05-23,-7472.46,1000,activa
865,653,corriente,2024-08-31,11982.41,0,activa
866,654,ahorro,2025-02-26,15740.55,0,activa
867,655,corriente,2026-02-23,7331.34,300,activa
868,656,corriente,2012-07-24,7961.46,300,activa
869,657,corriente,2022-02-07,-6111.15,500,activa
870,658,corriente,2019-10-27,2412.81,1000,activa
871,658,ahorro,2018-07-06,-15340.42,0,cerrada
872,659,corriente,2021-01-29,4535.88,300,activa
873,660,corriente,2025-11-18,19708.84,0,activa
874,661,ahorro,2022-11-15,-5481.5,0,activa
875,662,corriente,2025-11-18,4147.99,1000,activa
876,663,corriente,2015-01-05,19064.87,500,activa
877,663,ahorro,2024-05-07,-6948.77,0,activa
878,664,ahorro,2022-06-10,24067.0,0,activa
879,665,corriente,2025-04-22,27001.56,500,activa
880,666,corriente,2025-12-11,6728.97,1000,activa
881,666,ahorro,2025-04-14,-11604.22,0,activa
882,666,corriente,2026-04-08,-1590.76,300,activa
883,667,corriente,2018-12-12,12325.7,0,activa
884,668,ahorro,2026-04-15,-327.88,0,activa
885,669,corriente,2023-11-29,27533.45,300,activa
886,670,corriente,2023-08-14,12884.7,500,activa
887,671,ahorro,2024-02-07,19896.45,0,activa
888,672,corriente,2020-10-29,12904.73,500,activa
889,672,corriente,2020-06-04,-5512.27,500,bloqueada
890,672,corriente,2014-10-31,-6989.07,1000,activa
891,673,corriente,2024-12-22,8514.32,1000,activa
892,674,corriente,2017-12-18,5869.74,500,activa
893,675,corriente,2024-04-28,5053.25,1000,activa
894,676,corriente,2026-05-19,12564.66,1000,activa
895,676,ahorro,2019-01-26,-7808.19,0,activa
896,677,corriente,2016-05-07,7136.61,0,cerrada
897,678,ahorro,2026-04-27,4384.09,0,activa
898,679,corriente,2025-07-17,6966.86,0,activa
899,680,corriente,2020-03-04,-4436.93,1000,activa
900,680,corriente,2021-10-01,-7846.8,500,activa
901,681,ahorro,2018-10-20,10826.07,0,activa
902,682,ahorro,2025-12-14,8656.24,0,cerrada
903,683,ahorro,2026-06-19,-704.18,0,activa
904,684,corriente,2020-10-22,17104.44,300,cerrada
905,685,corriente,2023-03-28,4216.51,300,activa
906,686,corriente,2007-03-10,21331.04,0,activa
907,686,ahorro,2019-11-13,-4651.97,0,activa
908,687,ahorro,2016-04-19,13587.16,0,activa
909,688,corriente,2021-08-17,7605.76,500,activa
910,689,ahorro,2017-10-17,14650.25,0,activa
911,689,corriente,2023-10-09,-8538.24,0,activa
912,690,corriente,2022-09-04,14452.08,1000,activa
913,691,corriente,2013-08-26,13000.78,1000,activa
914,691,corriente,2014-05-17,-7405.61,0,activa
915,692,corriente,2021-09-17,6388.28,300,activa
916,693,corriente,2019-07-18,-6677.05,500,activa
917,694,corriente,2024-04-15,20149.29,300,activa
918,695,ahorro,2023-07-12,8596.55,0,activa
919,696,corriente,2024-09-22,27051.5,300,activa
920,697,corriente,2025-08-27,3227.04,300,activa
921,698,corriente,2021-06-11,13935.14,500,activa
922,699,ahorro,2026-02-25,15787.25,0,activa
923,700,corriente,2026-03-22,12460.17,500,activa
924,701,corriente,2026-06-04,1126.37,300,activa
925,702,corriente,2022-08-23,13290.92,1000,activa
926,702,corriente,2021-12-05,-7502.06,0,activa
927,703,corriente,2014-08-14,-888.55,1000,activa
928,704,corriente,2017-07-13,9575.0,1000,cerrada
929,705,corriente,2021-11-24,2153.63,1000,activa
930,706,corriente,2020-06-01,-2747.42,300,activa
931,707,corriente,2025-09-25,9447.21,500,activa
932,708,corriente,2017-05-14,14858.15,500,activa
933,709,corriente,2011-09-02,8367.2,1000,activa
934,709,ahorro,2024-07-08,-5817.59,0,activa
935,710,corriente,2014-06-26,-5063.52,500,activa
936,711,corriente,2008-07-17,45651.93,0,activa
937,712,ahorro,2025-09-19,4785.79,0,activa
938,712,corriente,2019-05-09,-8265.94,300,activa
939,713,ahorro,2025-04-10,26826.93,0,bloqueada
940,714,corriente,2020-01-23,2578.71,500,activa
941,714,ahorro,2009-03-31,-10772.03,0,activa
942,715,corriente,2026-03-07,3545.52,300,activa
943,716,corriente,2017-09-29,14957.59,500,activa
944,717,corriente,2026-01-26,2689.59,300,activa
945,718,corriente,2017-01-14,12452.86,500,activa
946,718,corriente,2021-03-05,-10654.95,300,cerrada
947,719,corriente,2008-09-24,-6139.45,1000,activa
948,720,corriente,2016-03-14,11906.15,0,activa
949,720,corriente,2019-11-05,-5704.41,300,activa
950,721,corriente,2023-08-31,27529.18,1000,activa
951,722,corriente,2023-10-12,1088.65,300,activa
952,723,corriente,2026-05-10,5285.61,500,activa
953,724,corriente,2016-10-30,16479.76,500,activa
954,724,corriente,2020-10-16,-5845.92,300,activa
955,725,ahorro,2026-02-24,3924.55,0,activa
956,725,corriente,2021-08-19,-12351.53,500,activa
957,726,corriente,2025-01-24,18238.98,0,activa
958,727,corriente,2015-05-18,-3738.06,300,activa
959,728,corriente,2024-02-05,4461.03,300,activa
960,729,corriente,2020-06-17,9789.74,1000,activa
961,730,ahorro,2016-03-11,17199.6,0,activa
962,731,ahorro,2018-09-29,8357.4,0,activa
963,732,corriente,2025-05-13,-5167.36,0,activa
964,733,corriente,2025-11-15,11612.74,1000,activa
965,734,corriente,2025-10-18,6516.57,300,activa
966,735,corriente,2018-06-12,12366.94,1000,activa
967,736,corriente,2024-12-20,20152.45,500,activa
968,737,corriente,2023-10-23,13221.19,300,activa
969,738,ahorro,2010-12-22,27034.58,0,activa
970,739,corriente,2018-06-16,6947.23,1000,activa
971,740,corriente,2025-12-26,-5013.54,300,activa
972,741,ahorro,2024-05-14,11638.81,0,cerrada
973,742,ahorro,2022-08-02,831.07,0,cerrada
974,743,corriente,2006-06-12,-677.46,0,activa
975,744,corriente,2022-11-28,7801.8,1000,activa
976,745,corriente,2025-11-16,-1884.24,1000,activa
977,746,corriente,2026-06-08,-1167.3,1000,activa
978,747,corriente,2012-02-13,26104.33,0,activa
979,748,corriente,2022-03-22,1390.25,0,activa
980,749,corriente,2015-01-14,-4449.8,300,activa
981,750,corriente,2022-06-01,13294.49,1000,activa
982,751,ahorro,2025-03-16,20664.68,0,activa
983,752,ahorro,2025-04-02,21058.25,0,activa
984,752,ahorro,2026-02-08,-1385.18,0,activa
985,753,corriente,2021-07-15,13717.52,500,activa
986,754,corriente,2026-05-24,-613.63,0,activa
987,755,ahorro,2013-10-17,19747.23,0,activa
988,756,corriente,2020-01-30,13326.46,500,activa
989,756,corriente,2017-06-13,-5817.59,0,activa
990,757,ahorro,2024-11-28,12340.57,0,activa
991,758,ahorro,2022-06-22,3594.22,0,activa
992,759,ahorro,2023-05-04,-4896.79,0,activa
993,760,corriente,2016-11-12,1679.93,500,activa
994,761,corriente,2024-07-01,1089.62,500,activa
995,762,corriente,2013-10-29,9059.02,0,activa
996,763,corriente,2025-07-27,34260.2,1000,activa
997,764,ahorro,2024-12-14,31854.38,0,cerrada
998,764,corriente,2025-08-25,-800.38,300,activa
999,765,ahorro,2021-11-05,-5748.0,0,activa
1000,766,corriente,2022-12-18,-5093.99,500,activa
1001,767,corriente,2024-09-25,37733.24,1000,activa
1002,768,corriente,2013-11-04,7681.22,300,activa
1003,769,corriente,2023-04-29,11061.65,1000,activa
1004,770,ahorro,2009-03-22,31168.23,0,activa
1005,770,ahorro,2015-01-13,-5138.57,0,activa
1006,770,ahorro,2020-02-16,-10582.94,0,activa
1007,771,corriente,2018-01-14,3577.69,500,activa
1008,772,corriente,2026-02-27,5193.99,1000,activa
1009,772,corriente,2026-05-13,-1628.45,300,activa
1010,773,corriente,2026-02-14,7304.2,500,activa
1011,773,corriente,2025-03-02,-4888.52,1000,activa
1012,774,ahorro,2010-07-21,33127.07,0,activa
1013,775,corriente,2026-01-02,4681.83,300,activa
1014,776,corriente,2016-07-18,4060.07,0,activa
1015,777,corriente,2026-05-31,1871.65,0,cerrada
1016,778,corriente,2025-05-03,14092.07,500,activa
1017,778,corriente,2026-06-02,677.29,300,activa
1018,779,ahorro,2012-06-27,8836.61,0,activa
1019,780,corriente,2025-08-31,8199.95,500,activa
1020,780,ahorro,2025-12-26,-811.42,0,activa
1021,781,corriente,2020-02-08,8454.27,0,activa
1022,782,corriente,2013-11-06,10009.4,0,activa
1023,783,corriente,2026-06-08,-1200.8,300,activa
1024,783,corriente,2026-05-31,-1689.24,0,bloqueada
1025,784,corriente,2026-04-03,-1437.81,0,activa
1026,785,corriente,2023-08-09,16465.92,1000,activa
1027,786,ahorro,2011-02-27,10075.37,0,activa
1028,787,ahorro,2022-12-10,9922.09,0,activa
1029,788,corriente,2021-11-13,17292.33,300,activa
1030,789,corriente,2024-02-25,-487.99,0,activa
1031,790,ahorro,2023-08-13,1269.78,0,activa
1032,791,corriente,2016-12-29,23552.0,0,activa
1033,792,corriente,2026-05-03,2373.71,1000,activa
1034,793,corriente,2015-03-29,18122.29,500,cerrada
1035,794,corriente,2025-03-06,8266.29,300,activa
1036,794,corriente,2024-10-20,-6763.02,0,activa
1037,795,ahorro,2021-07-26,7165.45,0,activa
1038,796,corriente,2025-07-04,15410.36,300,activa
1039,797,corriente,2020-11-22,11487.56,1000,activa
1040,798,corriente,2008-09-11,6896.04,500,activa
1041,798,corriente,2026-02-04,-1766.57,300,activa
1042,799,corriente,2026-04-10,4793.95,0,activa
1043,800,corriente,2024-08-14,14301.17,0,activa
1044,800,corriente,2025-02-27,-5830.63,500,activa
1045,801,corriente,2025-09-19,16361.91,300,activa
1046,802,corriente,2024-09-01,3845.92,300,activa
1047,803,corriente,2024-12-19,27052.07,500,activa
1048,804,corriente,2013-03-07,9657.11,1000,activa
1049,804,ahorro,2023-10-28,-3869.49,0,activa
1050,805,corriente,2026-06-25,-2581.23,300,activa
1051,806,corriente,2024-02-18,90938.4,500,activa
1052,807,ahorro,2025-09-21,-5347.59,0,activa
1053,807,corriente,2009-12-08,-10563.56,1000,activa
1054,808,corriente,2025-10-13,16987.47,0,activa
1055,809,corriente,2017-05-15,11734.16,1000,activa
1056,810,corriente,2025-06-21,4991.39,0,activa
1057,811,ahorro,2025-07-17,7324.78,0,activa
1058,812,ahorro,2017-05-30,10449.64,0,activa
1059,813,corriente,2013-11-20,-7945.73,1000,activa
1060,813,ahorro,2012-06-17,-9547.39,0,activa
1061,813,corriente,2026-05-03,-1572.23,0,activa
1062,814,corriente,2024-04-12,15356.36,1000,activa
1063,815,corriente,2022-05-03,10847.26,300,activa
1064,816,ahorro,2025-12-17,4011.62,0,bloqueada
1065,817,corriente,2024-09-11,15094.53,300,activa
1066,817,corriente,2024-11-22,-9502.75,1000,activa
1067,818,corriente,2021-06-22,-6072.14,1000,activa
1068,819,corriente,2022-06-25,-3144.49,300,activa
1069,819,corriente,2025-09-16,-4095.16,0,activa
1070,820,ahorro,2013-12-28,11084.39,0,activa
1071,821,corriente,2012-02-03,5984.5,300,activa
1072,822,corriente,2026-03-27,1194.69,1000,activa
1073,823,corriente,2026-06-14,599.66,1000,activa
1074,824,corriente,2025-07-11,8817.62,1000,activa
1075,825,corriente,2026-05-12,1230.52,0,activa
1076,825,corriente,2026-05-30,-425.91,300,activa
1077,826,corriente,2016-02-19,3067.19,0,activa
1078,826,corriente,2013-05-05,-5569.01,0,activa
1079,827,corriente,2021-08-22,33533.84,1000,activa
1080,828,corriente,2025-04-20,26529.38,300,activa
1081,828,ahorro,2026-03-13,265.68,0,activa
1082,829,corriente,2020-07-04,2454.97,300,activa
1083,829,corriente,2026-03-28,-607.49,300,activa
1084,830,ahorro,2018-10-14,42606.47,0,activa
1085,830,corriente,2014-08-18,-8147.05,0,activa
1086,831,corriente,2026-01-18,17933.4,300,activa
1087,832,corriente,2026-01-28,-3562.23,500,activa
1088,832,corriente,2025-12-21,-3112.59,0,activa
1089,833,corriente,2015-10-16,37939.28,1000,activa
1090,833,corriente,2018-07-26,-2611.96,1000,activa
1091,834,corriente,2024-07-20,8941.43,500,activa
1092,835,corriente,2019-01-19,35881.69,0,activa
1093,836,corriente,2019-02-19,786.28,1000,activa
1094,836,corriente,2019-06-14,-9114.27,1000,activa
1095,836,corriente,2020-06-15,-11188.6,1000,activa
1096,837,corriente,2025-06-26,-4150.19,500,activa
1097,838,ahorro,2025-08-26,18683.34,0,activa
1098,838,corriente,2025-09-16,-4095.28,0,activa
1099,839,ahorro,2020-02-04,34872.14,0,activa
1100,840,corriente,2022-05-29,858.51,500,activa
1101,841,ahorro,2023-01-16,8337.15,0,activa
1102,842,corriente,2020-05-17,13731.29,500,cerrada
1103,842,corriente,2024-06-09,-7387.78,500,activa
1104,843,corriente,2026-06-25,-507.02,0,activa
1105,844,ahorro,2026-01-30,1568.84,0,activa
1106,845,corriente,2021-12-10,58081.64,0,activa
1107,846,ahorro,2021-04-03,12173.06,0,activa
1108,847,corriente,2025-11-22,13149.01,300,activa
1109,847,corriente,2025-10-25,-6430.84,1000,activa
1110,848,corriente,2023-09-03,4770.96,500,activa
1111,849,corriente,2026-02-12,3367.66,500,activa
1112,849,corriente,2025-06-20,-6423.56,1000,activa
1113,850,corriente,2015-05-28,23062.53,500,activa
1114,851,corriente,2021-06-06,11323.06,500,activa
1115,852,ahorro,2026-05-20,1393.67,0,activa
1116,853,ahorro,2024-08-02,23153.07,0,activa
1117,854,corriente,2022-04-28,19807.88,0,activa
1118,854,corriente,2023-06-15,-7487.06,300,activa
1119,855,corriente,2025-01-12,14720.01,300,activa
1120,855,corriente,2024-11-19,-11165.47,0,activa
1121,856,corriente,2017-05-13,-216.76,300,activa
1122,857,ahorro,2013-08-28,3256.14,0,activa
1123,858,corriente,2026-06-13,5698.14,1000,activa
1124,858,corriente,2024-01-16,-6199.82,300,activa
1125,859,ahorro,2025-06-07,47274.41,0,activa
1126,860,corriente,2016-10-24,12790.06,0,activa
1127,861,corriente,2024-06-13,746.48,1000,activa
1128,862,ahorro,2018-04-16,2441.76,0,activa
1129,863,corriente,2025-08-29,14256.82,300,activa
1130,864,corriente,2020-11-13,21550.32,0,activa
1131,864,ahorro,2026-06-09,899.71,0,activa
1132,865,corriente,2026-01-05,7788.38,1000,activa
1133,866,corriente,2026-06-25,-1645.91,300,activa
1134,866,ahorro,2026-06-26,-2167.02,0,activa
1135,866,corriente,2026-06-30,-1027.74,500,activa
1136,867,corriente,2017-11-21,8799.27,0,activa
1137,867,ahorro,2023-12-09,-4154.42,0,activa
1138,868,ahorro,2025-06-22,13222.31,0,cerrada
1139,869,corriente,2009-12-08,9723.34,300,cerrada
1140,869,corriente,2015-06-05,-9591.16,500,cerrada
1141,869,ahorro,2013-06-29,-9783.62,0,activa
1142,870,corriente,2020-01-21,16658.27,300,activa
1143,870,corriente,2018-06-05,-5939.1,300,activa
1144,871,corriente,2025-10-11,3706.64,0,activa
1145,871,corriente,2025-11-28,-2707.51,500,activa
1146,872,corriente,2022-05-14,38519.95,500,activa
1147,873,corriente,2025-11-10,7100.95,1000,activa
1148,874,corriente,2022-10-16,4078.62,1000,activa
1149,875,corriente,2026-06-17,3699.25,300,activa
1150,875,corriente,2026-03-02,-3714.17,500,activa
1151,876,ahorro,2019-01-09,43042.91,0,activa
1152,877,corriente,2025-06-19,6781.13,1000,activa
1153,878,corriente,2007-04-21,21036.77,300,activa
1154,879,corriente,2023-03-26,7180.54,300,cerrada
1155,880,corriente,2023-11-12,16354.04,0,activa
1156,881,corriente,2024-09-19,11330.12,300,activa
1157,882,corriente,2026-04-27,1450.08,1000,activa
1158,882,corriente,2026-05-17,200.63,500,activa
1159,883,ahorro,2023-08-16,10970.44,0,activa
1160,884,ahorro,2022-07-22,15808.17,0,activa
1161,884,ahorro,2024-07-24,-5772.83,0,activa
1162,885,corriente,2024-05-27,1095.85,1000,cerrada
1163,886,corriente,2020-09-14,6948.34,0,activa
1164,887,ahorro,2026-01-07,3923.05,0,activa
1165,888,corriente,2023-04-17,2639.03,500,activa
1166,889,corriente,2020-10-02,23444.93,500,activa
1167,890,corriente,2022-09-07,23322.8,500,activa
1168,891,ahorro,2024-04-08,12456.18,0,activa
1169,891,corriente,2024-10-31,-5302.81,0,cerrada
1170,892,corriente,2025-10-29,5643.05,0,activa
1171,893,corriente,2024-07-06,7749.46,300,activa
1172,894,corriente,2019-05-18,-2066.2,500,activa
1173,895,corriente,2021-08-04,-3827.76,0,cerrada
1174,896,ahorro,2024-04-30,9639.09,0,activa
1175,896,ahorro,2025-01-16,-8158.3,0,activa
1176,897,corriente,2025-06-28,22921.26,1000,activa
1177,898,corriente,2020-11-08,10822.5,0,activa
1178,899,corriente,2025-02-09,10473.06,300,activa
1179,900,corriente,2020-10-18,-5528.57,300,activa
1180,901,corriente,2026-06-30,-1263.74,300,activa
1181,902,corriente,2019-03-20,26607.7,1000,bloqueada
1182,903,corriente,2024-06-12,41518.91,500,activa
1183,904,corriente,2025-10-18,11240.29,0,activa
1184,905,corriente,2019-11-10,-5670.25,300,activa
1185,906,corriente,2024-04-09,7234.25,1000,activa
1186,907,corriente,2026-06-27,2599.15,300,activa
1187,907,ahorro,2025-11-30,-4473.58,0,activa
1188,907,corriente,2026-06-15,-89.58,1000,activa
1189,908,corriente,2024-09-26,-3068.66,1000,activa
1190,909,corriente,2014-07-09,16282.19,300,activa
1191,910,corriente,2023-06-28,4476.59,500,activa
1192,910,corriente,2020-11-18,-7334.8,0,activa
1193,911,corriente,2024-10-16,4349.52,500,activa
1194,912,corriente,2015-11-03,28447.9,500,activa
1195,913,ahorro,2021-08-12,1281.94,0,activa
1196,913,ahorro,2021-08-20,-11493.59,0,activa
1197,914,corriente,2025-08-10,-1809.24,0,activa
1198,915,ahorro,2019-11-11,20402.07,0,activa
1199,916,ahorro,2026-05-17,802.64,0,activa
1200,916,corriente,2026-05-24,-1733.85,300,activa
1201,917,corriente,2016-06-29,-2028.2,500,cerrada
1202,918,corriente,2026-05-15,3474.13,0,activa
1203,918,ahorro,2026-05-23,502.41,0,activa
1204,919,ahorro,2019-11-20,10656.14,0,activa
1205,920,corriente,2020-10-07,4.12,500,activa
1206,920,corriente,2025-06-06,-8579.07,0,activa
1207,920,corriente,2022-05-14,-11884.77,1000,activa
1208,921,corriente,2021-11-04,756.2,0,activa
1209,921,corriente,2018-12-07,-4410.33,500,activa
1210,921,ahorro,2024-05-25,-5224.51,0,activa
1211,922,corriente,2026-06-15,3331.93,0,activa
1212,923,corriente,2025-09-24,9875.83,0,activa
1213,924,corriente,2023-12-06,13174.02,0,activa
1214,925,corriente,2020-07-25,25197.11,0,activa
1215,926,corriente,2025-10-07,6464.37,0,activa
1216,926,ahorro,2017-06-21,-6827.11,0,activa
1217,927,corriente,2024-03-29,17195.06,0,activa
1218,927,corriente,2020-02-23,-10935.46,300,activa
1219,928,corriente,2023-09-10,1077.71,300,activa
1220,929,ahorro,2017-06-19,27205.55,0,activa
1221,930,corriente,2024-10-22,40153.54,1000,activa
1222,930,corriente,2026-04-18,213.56,1000,activa
1223,931,corriente,2025-11-20,-4996.81,0,activa
1224,931,ahorro,2026-06-22,27.91,0,activa
1225,932,ahorro,2022-08-05,-4023.53,0,activa
1226,933,corriente,2023-11-22,818.39,0,activa
1227,934,corriente,2024-11-14,6545.05,0,activa
1228,935,corriente,2021-01-09,261.81,300,activa
1229,936,corriente,2008-09-15,18849.38,500,activa
1230,936,ahorro,2008-05-08,-9955.72,0,activa
1231,937,corriente,2011-04-22,16290.62,0,activa
1232,938,corriente,2012-01-09,-6372.82,300,activa
1233,939,corriente,2022-06-21,13165.48,500,activa
1234,940,corriente,2022-11-26,5888.99,500,activa
1235,940,corriente,2026-06-10,-1183.41,1000,activa
1236,941,corriente,2015-08-23,10114.6,1000,activa
1237,942,ahorro,2026-06-10,5875.77,0,activa
1238,943,corriente,2022-07-20,3257.05,1000,activa
1239,944,ahorro,2026-02-05,17537.56,0,activa
1240,945,corriente,2026-02-13,8347.46,500,activa
1241,946,corriente,2011-07-30,52672.79,0,activa
1242,947,corriente,2021-08-31,9019.31,500,activa
1243,947,corriente,2016-02-27,-10425.77,0,activa
1244,948,corriente,2025-12-21,585.95,1000,activa
1245,949,corriente,2026-04-17,4126.88,1000,activa
1246,949,corriente,2026-05-12,-1215.09,0,activa
1247,949,corriente,2026-04-13,230.4,0,activa
1248,950,corriente,2020-12-04,7623.56,500,activa
1249,951,corriente,2014-10-03,5427.09,300,activa
1250,952,ahorro,2023-10-30,21534.3,0,activa
1251,953,corriente,2020-02-13,-3673.3,0,bloqueada
1252,954,corriente,2025-10-31,2469.62,0,activa
1253,955,corriente,2019-07-18,1368.51,0,activa
1254,956,ahorro,2022-10-11,13880.35,0,activa
1255,957,corriente,2005-09-02,12747.53,300,activa
1256,957,corriente,2024-11-05,-11622.37,1000,activa
1257,958,corriente,2026-03-09,7386.62,500,activa
1258,959,corriente,2025-12-16,13713.93,0,activa
1259,960,ahorro,2017-07-25,12223.05,0,activa
1260,960,ahorro,2013-07-19,-7480.74,0,activa
1261,960,corriente,2016-07-13,-4168.82,300,activa
1262,961,corriente,2025-08-06,7967.24,500,activa
1263,962,corriente,2024-06-12,5846.38,500,activa
1264,962,ahorro,2023-08-08,-4979.33,0,activa
1265,963,corriente,2023-12-31,13956.85,500,activa
1266,964,corriente,2013-02-19,6070.68,300,activa
1267,965,ahorro,2026-06-21,7560.56,0,activa
1268,966,corriente,2022-06-03,5194.88,0,activa
1269,966,corriente,2015-04-12,-10670.22,0,activa
1270,967,corriente,2026-06-26,-324.24,300,activa
1271,968,corriente,2026-01-20,2602.54,300,activa
1272,969,corriente,2024-11-07,25069.97,300,activa
1273,969,corriente,2022-10-13,-9889.85,1000,activa
1274,969,ahorro,2023-01-30,-7032.68,0,cerrada
1275,970,corriente,2014-08-30,-5704.83,0,activa
1276,971,corriente,2022-09-28,13651.99,300,activa
1277,972,corriente,2026-06-22,683.7,0,activa
1278,972,corriente,2026-05-08,382.09,1000,activa
1279,973,corriente,2024-06-30,2804.82,0,activa
1280,974,corriente,2022-02-12,-3339.84,1000,activa
1281,974,corriente,2006-10-09,-5112.24,0,activa
1282,975,ahorro,2026-02-22,23208.95,0,activa
1283,976,corriente,2023-07-12,23928.88,0,activa
1284,976,ahorro,2018-01-29,-4519.85,0,activa
1285,977,corriente,2019-06-02,7994.67,500,activa
1286,978,corriente,2024-03-09,6357.81,500,cerrada
1287,979,ahorro,2024-08-14,17086.83,0,activa
1288,980,corriente,2013-01-11,13154.36,300,activa
1289,981,ahorro,2026-03-23,14766.56,0,activa
1290,981,corriente,2019-12-10,-3554.06,500,activa
1291,982,corriente,2016-02-07,18410.52,300,activa
1292,983,corriente,2025-04-22,17149.98,500,activa
1293,984,ahorro,2025-08-31,247.65,0,activa
1294,984,corriente,2026-04-14,-1551.21,500,activa
1295,985,ahorro,2026-04-24,5461.81,0,activa
1296,986,corriente,2026-02-11,11076.94,300,activa
1297,987,corriente,2023-10-07,48040.5,1000,activa
1298,988,corriente,2024-01-07,-5774.54,500,activa
1299,989,corriente,2022-02-17,13425.59,0,activa
1300,990,corriente,2025-06-30,45553.51,0,activa
1301,990,corriente,2023-10-05,-4981.47,0,activa
1302,991,corriente,2024-02-07,-6099.18,300,activa
1303,992,corriente,2024-06-19,20054.25,500,activa
1304,993,ahorro,2021-09-27,25354.18,0,activa
1305,994,corriente,2024-12-01,25952.71,300,activa
1306,994,corriente,2026-04-30,-24.47,300,activa
1307,995,corriente,2015-08-14,13519.1,1000,activa
1308,996,corriente,2026-02-19,1169.76,300,activa
1309,996,corriente,2024-11-13,-5745.56,1000,activa
1310,996,corriente,2026-06-01,-767.78,300,activa
1311,997,corriente,2025-06-13,-4916.92,1000,activa
1312,998,corriente,2015-04-06,709.02,0,activa
1313,999,corriente,2023-02-05,-77.68,300,activa
1314,1000,corriente,2020-10-17,13442.12,500,activa
1315,1001,corriente,2017-05-03,2881.27,500,activa
1316,1001,corriente,2013-10-01,-5582.91,0,activa
1317,1002,corriente,2014-02-11,-3952.91,500,cerrada
1318,1003,corriente,2020-03-05,4093.05,500,activa
1319,1004,corriente,2016-09-24,31661.32,500,activa
1320,1005,corriente,2021-05-08,564.79,1000,activa
1321,1006,corriente,2012-07-14,171.07,1000,activa
1322,1007,ahorro,2025-09-20,6907.3,0,activa
1323,1008,ahorro,2024-07-31,10346.48,0,activa
1324,1008,corriente,2025-02-10,-7979.33,300,bloqueada
1325,1009,corriente,2026-05-18,-26.13,1000,activa
1326,1010,ahorro,2024-08-06,11428.07,0,activa
1327,1010,corriente,2025-07-28,-8151.89,1000,activa
1328,1011,corriente,2018-05-01,-1388.54,0,activa
1329,1012,ahorro,2025-09-18,18476.0,0,activa
1330,1013,corriente,2017-04-06,-3340.19,500,activa
1331,1014,corriente,2024-10-13,4186.63,1000,activa
1332,1015,corriente,2023-10-22,14747.13,500,activa
1333,1015,corriente,2015-02-25,-7251.37,0,activa
1334,1016,corriente,2023-04-06,7997.13,0,activa
1335,1017,corriente,2023-10-10,8066.68,500,cerrada
1336,1018,ahorro,2023-09-28,30615.42,0,activa
1337,1019,ahorro,2024-03-03,-6414.82,0,activa
1338,1020,corriente,2022-12-18,14583.96,0,activa
1339,1020,corriente,2024-10-07,-5301.02,1000,activa
1340,1021,corriente,2025-10-09,1199.72,1000,activa
1341,1022,corriente,2024-12-02,8766.01,500,activa
1342,1023,corriente,2022-05-25,16927.03,500,activa
1343,1024,corriente,2025-11-22,14681.26,300,activa
1344,1025,corriente,2024-08-20,38234.0,300,activa
1345,1025,corriente,2023-07-25,-7157.91,500,activa
1346,1026,ahorro,2022-04-18,-1871.97,0,activa
1347,1027,corriente,2020-10-08,32827.08,0,activa
1348,1028,corriente,2013-11-21,-2607.83,300,activa
1349,1029,corriente,2025-09-09,-837.92,1000,activa
1350,1029,ahorro,2023-12-06,-10194.81,0,activa
1351,1029,corriente,2017-10-20,-11771.08,1000,activa
1352,1030,corriente,2021-09-09,21951.27,0,activa
1353,1030,corriente,2022-01-21,-6189.33,500,activa
1354,1031,corriente,2022-07-03,11881.47,300,activa
1355,1032,ahorro,2021-01-22,-27.19,0,activa
1356,1033,corriente,2018-06-07,17171.23,0,activa
1357,1033,corriente,2026-02-26,-728.2,500,activa
1358,1033,ahorro,2022-08-16,-9763.38,0,cerrada
1359,1034,corriente,2024-03-25,5947.79,300,activa
1360,1035,corriente,2026-02-03,9775.28,300,activa
1361,1036,ahorro,2025-11-19,14221.35,0,activa
1362,1037,ahorro,2024-03-25,10849.12,0,activa
1363,1038,corriente,2026-06-06,-552.1,300,activa
1364,1039,corriente,2026-06-06,1979.22,500,activa
1365,1040,corriente,2026-05-15,-2687.32,500,activa
1366,1041,ahorro,2019-12-04,5357.15,0,activa
1367,1041,corriente,2022-12-12,-8242.27,0,activa
1368,1042,corriente,2015-09-27,12061.24,500,activa
1369,1043,ahorro,2026-06-30,-881.52,0,activa
1370,1043,corriente,2026-06-28,-467.19,500,activa
1371,1044,ahorro,2020-11-26,2245.67,0,activa
1372,1045,corriente,2026-01-03,3526.83,300,activa
1373,1046,corriente,2026-05-26,1023.31,0,activa
1374,1047,corriente,2023-05-03,15562.72,1000,activa
1375,1048,corriente,2019-06-27,15124.29,300,activa
1376,1049,ahorro,2024-10-14,14488.42,0,activa
1377,1049,corriente,2012-06-16,-8909.43,500,activa
1378,1049,ahorro,2012-04-02,-9705.4,0,activa
1379,1050,ahorro,2018-06-21,-6356.61,0,cerrada
1380,1051,corriente,2026-06-25,1876.88,1000,activa
1381,1052,corriente,2022-04-29,13213.72,0,activa
1382,1053,corriente,2009-09-11,-4270.39,500,activa
1383,1054,corriente,2018-03-06,4021.68,300,activa
1384,1055,corriente,2024-06-23,-4008.18,500,activa
1385,1056,corriente,2021-01-24,25760.45,500,activa
1386,1057,corriente,2022-06-04,12345.94,1000,activa
1387,1058,corriente,2025-05-17,13825.65,1000,activa
1388,1059,corriente,2018-05-03,12049.68,300,activa
1389,1059,corriente,2021-09-15,-8379.63,500,activa
1390,1060,corriente,2021-07-11,1136.32,500,activa
1391,1061,corriente,2012-06-20,10910.07,300,activa
1392,1062,corriente,2019-08-06,18033.4,1000,activa
1393,1062,corriente,2016-09-07,-7086.2,300,activa
1394,1063,corriente,2022-01-22,16883.44,500,activa
1395,1063,corriente,2015-07-09,-10597.76,500,activa
1396,1064,corriente,2025-01-25,15058.14,1000,activa
1397,1065,corriente,2024-04-26,-733.48,1000,activa
1398,1066,corriente,2021-12-30,12523.21,500,activa
1399,1067,corriente,2026-06-07,-2999.05,300,activa
1400,1068,ahorro,2025-12-12,4230.09,0,activa
1401,1069,ahorro,2018-03-26,-2056.93,0,activa
1402,1069,ahorro,2019-10-14,-11343.36,0,activa
1403,1070,corriente,2025-04-28,9098.48,1000,activa
1404,1070,corriente,2024-09-11,-8352.5,300,cerrada
1405,1071,corriente,2025-08-09,12882.8,0,activa
1406,1072,corriente,2023-04-14,20865.1,500,activa
1407,1072,ahorro,2025-06-13,-5363.41,0,activa
1408,1073,corriente,2018-04-12,60197.67,500,activa
1409,1074,corriente,2022-04-29,12740.94,300,activa
1410,1074,corriente,2018-03-19,-7326.43,1000,activa
1411,1075,corriente,2020-10-07,-2403.0,300,activa
1412,1076,ahorro,2019-04-24,780.09,0,activa
1413,1076,corriente,2024-07-13,-9606.15,0,activa
1414,1077,ahorro,2026-05-17,6117.68,0,activa
1415,1078,ahorro,2018-12-26,22645.22,0,activa
1416,1078,corriente,2014-09-19,-5937.33,0,cerrada
1417,1078,corriente,2024-09-26,-6233.28,500,activa
1418,1079,corriente,2023-08-27,-875.57,0,activa
1419,1079,ahorro,2018-05-01,-8100.49,0,activa
1420,1080,ahorro,2023-10-06,26962.06,0,activa
1421,1081,corriente,2026-06-26,2980.46,300,activa
1422,1082,corriente,2014-11-27,20238.06,500,activa
1423,1083,ahorro,2024-12-29,4146.53,0,activa
1424,1084,corriente,2026-04-12,2079.44,0,activa
1425,1084,ahorro,2025-06-09,-5774.71,0,activa
1426,1085,corriente,2022-06-12,19616.63,300,activa
1427,1086,corriente,2026-05-01,4991.02,0,activa
1428,1087,corriente,2025-06-23,13443.47,0,activa
1429,1088,corriente,2016-04-03,5184.24,0,activa
1430,1089,corriente,2019-02-10,44725.65,0,activa
1431,1090,corriente,2025-07-28,407.98,500,activa
1432,1090,ahorro,2008-04-08,-9494.82,0,activa
1433,1091,ahorro,2024-05-18,23053.82,0,activa
1434,1092,corriente,2026-01-11,3475.77,300,activa
1435,1093,corriente,2022-09-23,15616.81,500,activa
1436,1094,corriente,2025-01-08,18922.29,0,activa
1437,1094,corriente,2026-03-26,-946.53,1000,activa
1438,1095,corriente,2017-05-17,9274.7,500,activa
1439,1096,corriente,2024-09-19,-7756.41,0,activa
1440,1097,ahorro,2018-07-27,-3369.19,0,activa
1441,1097,corriente,2025-08-04,-7001.78,0,activa
1442,1098,corriente,2025-11-10,-2582.21,500,activa
1443,1099,corriente,2026-04-10,7136.61,1000,activa
1444,1100,corriente,2018-09-15,56474.17,1000,activa
1445,1101,corriente,2021-03-09,5439.03,300,activa
1446,1102,corriente,2015-10-29,15031.02,500,activa
1447,1102,corriente,2022-04-24,-6065.64,500,activa
1448,1103,corriente,2025-08-15,9121.2,1000,activa
1449,1104,corriente,2010-03-05,180.13,0,activa
1450,1105,corriente,2024-11-29,3035.22,0,activa
1451,1106,ahorro,2024-06-23,14813.88,0,activa
1452,1107,corriente,2020-12-28,36300.42,1000,activa
1453,1108,corriente,2016-11-08,11684.51,300,cerrada
1454,1108,corriente,2014-07-21,-9041.69,300,activa
1455,1109,corriente,2025-05-28,9637.23,0,activa
1456,1110,corriente,2015-02-03,-567.84,1000,activa
1457,1111,corriente,2026-06-30,281.87,500,cerrada
1458,1112,corriente,2019-08-21,9793.21,500,activa
1459,1112,corriente,2020-11-18,-3394.69,1000,activa
1460,1113,ahorro,2021-05-26,6837.85,0,activa
1461,1114,corriente,2025-08-03,17304.18,300,activa
1462,1115,corriente,2021-12-20,13972.29,0,activa
1463,1116,corriente,2026-06-09,-2710.58,300,activa
1464,1116,corriente,2018-04-03,-6123.46,300,activa
1465,1117,ahorro,2020-02-03,-6282.86,0,activa
1466,1118,ahorro,2023-07-06,17170.05,0,activa
1467,1119,corriente,2025-03-10,3628.56,300,activa
1468,1120,corriente,2026-02-19,4729.3,300,activa
1469,1121,corriente,2017-01-03,11203.69,1000,activa
1470,1122,corriente,2025-09-10,7614.08,300,activa
1471,1123,corriente,2025-10-13,14972.22,500,activa
1472,1124,corriente,2026-03-13,5259.09,1000,activa
1473,1125,ahorro,2025-04-30,28503.95,0,activa
1474,1126,corriente,2022-04-19,-11135.91,0,activa
1475,1127,corriente,2023-04-15,6515.1,500,activa
1476,1127,corriente,2025-08-30,-5228.9,1000,activa
1477,1128,ahorro,2015-11-17,17023.54,0,activa
1478,1129,corriente,2016-05-04,4475.06,500,activa
1479,1130,corriente,2026-01-17,9110.13,1000,activa
1480,1131,ahorro,2024-09-06,6.48,0,activa
1481,1131,corriente,2022-05-31,-11173.82,1000,activa
1482,1131,corriente,2024-08-20,-9918.17,500,activa
1483,1132,corriente,2025-10-13,6562.29,1000,activa
1484,1133,corriente,2025-10-04,-5077.63,300,activa
1485,1134,corriente,2023-03-29,55.45,0,activa
1486,1134,corriente,2025-08-26,-9739.72,500,activa
1487,1135,corriente,2024-10-10,13513.08,500,activa
1488,1135,ahorro,2025-06-16,-6804.49,0,activa
1489,1136,corriente,2020-10-06,19228.8,500,activa
1490,1137,corriente,2022-04-01,-1553.76,500,activa
1491,1138,corriente,2025-03-10,17434.11,0,activa
1492,1139,corriente,2013-09-20,7990.84,0,activa
1493,1139,corriente,2012-10-12,-3944.02,0,activa
1494,1140,corriente,2009-05-10,24322.09,300,activa
1495,1141,corriente,2026-04-01,3880.19,1000,activa
1496,1142,corriente,2020-08-28,10299.11,0,activa
1497,1143,corriente,2024-01-14,3464.29,500,activa
1498,1144,corriente,2016-04-10,-1310.93,300,activa
1499,1145,corriente,2025-03-23,-3956.76,0,activa
1500,1146,corriente,2026-06-17,3751.44,500,activa
1501,1146,ahorro,2026-06-10,94.63,0,activa
1502,1147,corriente,2025-07-13,11021.57,300,activa
1503,1148,corriente,2022-09-14,5410.0,500,activa
1504,1149,corriente,2022-10-27,-2920.95,500,activa
1505,1150,corriente,2026-03-21,4816.26,300,activa
1506,1150,corriente,2026-06-16,-56.35,500,activa
1507,1151,corriente,2021-10-29,5942.63,500,activa
1508,1151,corriente,2026-05-23,182.93,300,activa
1509,1152,corriente,2026-01-22,5775.03,300,activa
1510,1153,corriente,2016-07-26,19454.01,300,activa
1511,1154,corriente,2020-01-02,-6792.35,0,activa
1512,1155,corriente,2026-04-04,5212.7,1000,activa
1513,1156,corriente,2019-07-20,10910.24,500,bloqueada
1514,1157,ahorro,2024-04-27,4825.44,0,activa
1515,1158,corriente,2025-09-04,8752.14,300,activa
1516,1159,corriente,2021-04-09,29080.13,300,activa
1517,1160,ahorro,2025-06-24,23816.43,0,activa
1518,1161,corriente,2025-05-19,6313.7,300,activa
1519,1161,corriente,2009-09-20,-6595.3,500,activa
1520,1162,ahorro,2026-04-11,3606.72,0,activa
1521,1163,ahorro,2022-08-27,-8581.92,0,activa
1522,1164,corriente,2018-01-02,-4149.09,1000,activa
1523,1165,corriente,2016-01-09,16047.83,1000,activa
1524,1166,corriente,2025-01-02,-10056.78,0,activa
1525,1167,corriente,2023-08-27,5721.12,500,activa
1526,1167,ahorro,2024-05-06,-4533.06,0,activa
1527,1168,corriente,2016-01-23,-157.18,300,activa
1528,1169,ahorro,2022-09-17,8113.5,0,activa
1529,1170,corriente,2023-08-13,14439.92,500,activa
1530,1170,corriente,2024-11-04,-6391.43,300,cerrada
1531,1170,ahorro,2010-01-04,-6911.26,0,activa
1532,1171,ahorro,2018-03-30,3946.11,0,activa
1533,1172,corriente,2013-06-21,-1663.91,500,activa
1534,1173,corriente,2009-07-16,-6461.24,500,activa
1535,1174,corriente,2014-08-21,17751.87,300,activa
1536,1175,corriente,2019-11-08,16578.03,300,activa
1537,1176,corriente,2025-03-16,20040.16,500,activa
1538,1177,corriente,2024-10-21,-625.16,300,activa
1539,1177,ahorro,2024-07-17,-9308.58,0,activa
1540,1178,corriente,2025-08-02,9980.9,500,activa
1541,1179,corriente,2021-07-12,1547.18,500,cerrada
1542,1180,ahorro,2010-08-12,11739.48,0,activa
1543,1180,corriente,2020-05-19,-9128.14,300,activa
1544,1180,corriente,2012-12-31,-8820.19,1000,activa
1545,1181,corriente,2020-10-04,7735.45,500,activa
1546,1181,ahorro,2021-04-15,-5341.25,0,activa
1547,1182,corriente,2023-10-24,15111.99,500,activa
1548,1182,corriente,2012-03-24,-4296.74,0,activa
1549,1183,corriente,2024-08-06,6941.19,300,activa
1550,1184,corriente,2023-03-27,7240.41,1000,activa
1551,1185,corriente,2025-08-14,7606.22,500,bloqueada
1552,1186,corriente,2018-04-09,12849.81,500,activa
1553,1187,corriente,2021-02-02,10455.54,500,activa
1554,1188,corriente,2013-08-21,11391.06,0,activa
1555,1188,corriente,2013-02-02,-5213.32,0,activa
1556,1189,corriente,2025-11-07,15569.76,500,activa
1557,1190,corriente,2017-05-20,6316.42,500,activa
1558,1191,corriente,2015-12-16,21415.54,500,activa
1559,1191,ahorro,2023-04-27,-7694.37,0,activa
1560,1192,corriente,2018-02-04,4671.74,0,activa
1561,1193,ahorro,2026-02-28,8736.8,0,activa
1562,1194,ahorro,2026-01-18,-5032.56,0,activa
1563,1195,corriente,2022-08-29,28307.3,1000,activa
1564,1196,ahorro,2022-02-18,16201.76,0,activa
1565,1197,corriente,2018-06-22,21825.97,1000,activa
1566,1198,corriente,2020-01-18,6188.04,1000,activa
1567,1199,ahorro,2025-10-10,11229.12,0,activa
1568,1200,corriente,2025-04-16,26105.38,300,activa
1569,1201,corriente,2024-02-05,-3217.37,300,cerrada
1570,1202,corriente,2025-12-08,-4800.61,500,activa
1571,1202,ahorro,2025-08-03,-6696.24,0,activa
1572,1203,ahorro,2024-09-30,10270.76,0,activa
1573,1203,corriente,2025-05-04,-6378.45,300,activa
1574,1203,corriente,2022-07-30,-9050.55,0,activa
1575,1204,corriente,2023-05-06,2684.53,300,activa
1576,1205,ahorro,2019-08-26,-4098.25,0,cerrada
1577,1206,corriente,2026-02-24,4806.84,1000,activa
1578,1207,ahorro,2020-03-03,10896.03,0,activa
1579,1208,corriente,2026-05-22,-1882.25,0,activa
1580,1209,corriente,2025-12-03,-815.49,500,activa
1581,1210,corriente,2022-09-20,30982.45,500,activa
1582,1211,corriente,2019-03-12,19338.2,500,activa
1583,1212,corriente,2026-01-14,-2703.93,0,activa
1584,1213,corriente,2015-12-30,5924.27,1000,activa
1585,1213,corriente,2015-07-22,-5833.31,0,activa
1586,1214,corriente,2021-08-23,1329.04,1000,activa
1587,1215,corriente,2024-07-12,24737.39,0,activa
1588,1216,corriente,2013-06-18,-4236.54,500,activa
1589,1216,corriente,2022-02-02,-7336.37,300,activa
1590,1217,corriente,2021-07-25,34772.52,300,activa
1591,1218,corriente,2025-02-09,6429.21,500,activa
1592,1219,corriente,2018-05-24,19951.75,0,activa
1593,1220,corriente,2019-04-20,14341.28,300,activa
1594,1221,ahorro,2023-06-14,24445.93,0,activa
1595,1222,ahorro,2025-05-17,5235.61,0,activa
1596,1223,corriente,2023-05-21,8946.58,500,activa
1597,1223,ahorro,2023-06-04,-3986.79,0,activa
1598,1224,corriente,2026-04-26,14.42,0,activa
1599,1224,corriente,2026-06-04,-654.41,500,activa
1600,1225,corriente,2024-07-01,11569.58,1000,activa
1601,1226,corriente,2026-06-04,4496.83,1000,activa
1602,1227,corriente,2024-09-24,-6206.17,300,activa
1603,1228,corriente,2023-02-17,27980.64,300,activa
1604,1229,corriente,2026-05-20,-362.21,500,activa
1605,1230,corriente,2009-01-19,18276.78,500,activa
1606,1231,corriente,2023-09-26,-5843.97,0,activa
1607,1232,corriente,2018-12-20,2479.23,0,activa
1608,1233,corriente,2021-11-05,16729.17,500,activa
1609,1234,corriente,2021-11-09,22066.0,300,activa
1610,1235,corriente,2026-06-30,-93.15,500,activa
1611,1236,corriente,2026-06-18,2006.84,500,activa
1612,1237,ahorro,2024-01-09,75.62,0,activa
1613,1238,corriente,2025-06-08,-2624.85,500,activa
1614,1238,corriente,2026-01-16,-1268.52,300,activa
1615,1239,corriente,2019-10-04,9855.94,300,activa
1616,1240,ahorro,2026-06-04,3969.45,0,activa
1617,1241,corriente,2026-03-22,4119.33,500,activa
1618,1242,corriente,2024-12-18,35690.53,0,activa
1619,1243,ahorro,2013-07-17,-10360.12,0,activa
1620,1244,corriente,2023-04-01,12344.51,500,activa
1621,1245,corriente,2019-09-29,15590.69,300,activa
1622,1246,corriente,2025-12-31,10983.05,300,activa
1623,1247,corriente,2024-06-23,10333.06,300,activa
1624,1248,corriente,2022-03-24,9521.93,300,activa
1625,1249,corriente,2024-08-20,8371.9,300,activa
1626,1250,corriente,2023-12-18,-4732.73,500,cerrada
1627,1251,corriente,2026-06-01,293.6,1000,activa
1628,1252,ahorro,2017-12-14,-5966.76,0,activa
1629,1253,corriente,2023-01-10,4885.59,0,activa
1630,1254,corriente,2023-08-16,30036.83,500,activa
1631,1255,corriente,2026-06-23,3311.09,500,activa
1632,1255,corriente,2026-06-16,171.61,500,activa
1633,1256,corriente,2012-01-08,12968.95,0,activa
1634,1257,corriente,2019-07-08,419.5,0,activa
1635,1258,ahorro,2022-09-14,35164.46,0,activa
1636,1259,ahorro,2022-10-02,4081.98,0,activa
1637,1260,corriente,2025-05-24,87.37,500,activa
1638,1261,corriente,2026-01-07,7969.0,1000,activa
1639,1262,corriente,2023-12-11,6308.75,1000,activa
1640,1262,corriente,2024-01-09,-3522.92,300,activa
1641,1263,ahorro,2026-05-07,5792.29,0,activa
1642,1264,corriente,2022-08-13,18307.3,500,activa
1643,1265,corriente,2026-03-15,3405.93,300,activa
1644,1266,corriente,2021-03-31,2625.99,300,activa
1645,1267,corriente,2022-11-10,21452.19,500,activa
1646,1268,ahorro,2026-01-13,24278.6,0,activa
1647,1269,ahorro,2025-06-08,-10704.7,0,activa
1648,1269,ahorro,2025-06-27,-8776.25,0,activa
1649,1270,ahorro,2011-09-11,-5532.4,0,activa
1650,1271,corriente,2024-10-27,14825.49,0,activa
1651,1271,corriente,2026-02-07,-1637.59,500,activa
1652,1272,corriente,2017-03-06,8836.82,0,activa
1653,1272,corriente,2015-08-20,-6140.56,1000,activa
1654,1273,corriente,2024-08-15,8755.72,0,bloqueada
1655,1274,ahorro,2025-10-22,7012.72,0,activa
1656,1275,corriente,2025-10-15,13197.38,500,activa
1657,1276,corriente,2012-07-17,20383.42,300,activa
1658,1277,corriente,2026-06-03,535.8,0,activa
1659,1278,corriente,2025-03-28,2910.62,500,activa
1660,1278,corriente,2025-12-10,-5109.12,300,activa
1661,1279,corriente,2024-02-05,52848.74,500,activa
1662,1280,corriente,2025-12-14,4934.59,0,activa
1663,1281,corriente,2025-12-13,-616.19,0,activa
1664,1281,corriente,2025-08-07,-4247.0,500,activa
1665,1282,corriente,2026-02-27,3709.6,300,activa
1666,1283,corriente,2024-12-25,4637.75,300,activa
1667,1284,corriente,2023-07-21,14854.98,0,activa
1668,1285,corriente,2020-01-05,16878.91,300,activa
1669,1286,ahorro,2013-10-24,15397.88,0,activa
1670,1287,corriente,2025-11-11,-1831.81,500,activa
1671,1288,corriente,2020-07-04,19439.91,300,activa
1672,1289,corriente,2023-06-23,21445.14,1000,activa
1673,1290,corriente,2022-03-21,39780.27,0,activa
1674,1291,corriente,2014-01-05,-9377.05,1000,activa
1675,1291,ahorro,2015-12-14,-6595.02,0,activa
1676,1292,corriente,2019-04-02,11433.0,500,activa
1677,1293,ahorro,2024-03-20,4482.81,0,activa
1678,1294,corriente,2025-10-16,13643.29,0,activa
1679,1294,corriente,2025-02-28,-5097.63,0,activa
1680,1295,corriente,2023-09-15,6988.59,0,activa
1681,1296,corriente,2023-04-25,11681.22,0,activa
1682,1296,corriente,2021-09-14,-8775.29,0,activa
1683,1297,corriente,2026-05-06,-1210.6,1000,activa
1684,1297,corriente,2026-01-04,-3092.69,300,cerrada
1685,1298,corriente,2025-10-29,23543.49,1000,activa
1686,1299,corriente,2019-01-07,78406.21,0,activa
1687,1299,corriente,2021-10-14,-4616.14,1000,activa
1688,1300,corriente,2025-01-24,-495.82,0,activa
1689,1300,ahorro,2025-02-09,-6639.23,0,activa
1690,1301,corriente,2014-01-08,24582.51,1000,activa
1691,1301,corriente,2023-02-10,-6454.36,1000,activa
1692,1302,corriente,2017-04-11,-3349.42,0,activa
1693,1303,corriente,2025-10-19,21781.96,300,activa
1694,1304,ahorro,2008-04-20,1881.23,0,activa
1695,1304,corriente,2007-11-09,-4859.06,0,activa
1696,1305,ahorro,2024-03-02,-4012.72,0,cerrada
1697,1305,ahorro,2025-02-27,-11525.44,0,activa
1698,1305,corriente,2025-12-08,-7087.42,300,activa
1699,1306,ahorro,2023-04-25,14023.64,0,activa
1700,1307,corriente,2026-03-28,5733.46,500,bloqueada
1701,1307,ahorro,2026-02-01,-1936.83,0,activa
1702,1308,corriente,2021-09-10,8200.36,0,activa
1703,1309,corriente,2026-06-08,1133.02,0,activa
1704,1309,corriente,2026-06-22,-6.79,300,activa
1705,1310,corriente,2026-01-29,5975.57,1000,bloqueada
1706,1311,corriente,2026-02-24,1493.27,300,activa
1707,1311,corriente,2026-01-10,-2531.03,300,activa
1708,1311,corriente,2026-04-19,-1170.84,1000,activa
1709,1312,corriente,2017-10-12,6057.05,1000,activa
1710,1313,corriente,2022-12-20,3813.93,500,activa
1711,1314,corriente,2021-06-09,3140.01,300,activa
1712,1315,ahorro,2021-11-04,14929.85,0,activa
1713,1316,corriente,2021-06-12,-7712.16,0,activa
1714,1317,corriente,2023-10-03,-4294.31,500,activa
1715,1318,corriente,2025-09-13,30168.3,300,activa
1716,1318,corriente,2025-05-16,-5170.35,1000,activa
1717,1319,ahorro,2020-10-13,5163.11,0,activa
1718,1320,corriente,2019-06-09,9667.48,1000,activa
1719,1321,corriente,2020-06-17,18816.94,300,activa
1720,1322,corriente,2026-06-29,380.11,500,cerrada
1721,1323,corriente,2026-02-04,12175.39,1000,activa
1722,1324,corriente,2023-03-06,20033.95,0,activa
1723,1325,corriente,2026-02-13,13225.19,500,activa
1724,1326,ahorro,2012-05-05,9631.99,0,activa
1725,1327,ahorro,2025-05-23,17248.2,0,activa
1726,1327,corriente,2024-11-19,-5434.58,500,activa
1727,1328,ahorro,2026-06-12,168.76,0,activa
1728,1328,corriente,2026-06-10,-268.11,1000,activa
1729,1329,corriente,2026-06-21,1527.42,0,activa
1730,1330,corriente,2026-05-19,1687.24,500,activa
1731,1330,ahorro,2026-05-17,-1567.93,0,activa
1732,1331,corriente,2011-02-16,24079.6,300,activa
1733,1332,corriente,2026-05-25,-723.19,300,activa
1734,1333,corriente,2022-12-05,9216.19,1000,activa
1735,1333,corriente,2024-02-27,-3291.68,1000,activa
1736,1334,corriente,2026-03-11,-1613.38,1000,activa
1737,1335,corriente,2018-04-12,9492.17,1000,activa
1738,1336,corriente,2025-10-11,816.48,300,activa
1739,1336,corriente,2026-02-14,-3854.74,0,activa
1740,1337,corriente,2025-08-24,16578.26,500,activa
1741,1338,ahorro,2024-05-26,7423.68,0,activa
1742,1338,corriente,2025-12-10,-5432.71,500,activa
1743,1339,corriente,2022-09-24,2044.34,500,activa
1744,1339,corriente,2024-02-19,-12388.48,0,activa
1745,1340,corriente,2010-10-14,14974.58,1000,activa
1746,1341,corriente,2014-04-06,16481.85,500,activa
1747,1342,corriente,2021-10-23,3453.73,1000,activa
1748,1342,corriente,2026-03-02,-3226.15,500,activa
1749,1343,corriente,2025-03-17,29294.07,1000,activa
1750,1344,corriente,2017-10-22,17209.18,0,activa
1751,1345,ahorro,2024-01-20,17649.95,0,activa
1752,1346,corriente,2025-10-15,13435.12,1000,activa
1753,1347,corriente,2019-08-12,-8802.7,0,activa
1754,1348,corriente,2025-04-18,9634.45,500,activa
1755,1349,ahorro,2019-10-26,14980.82,0,activa
1756,1350,corriente,2026-06-13,-721.12,300,activa
1757,1351,ahorro,2019-05-18,9116.33,0,activa
1758,1352,corriente,2026-01-25,4594.18,500,activa
1759,1352,corriente,2024-10-21,-11855.91,1000,activa
1760,1353,corriente,2022-10-30,17161.43,0,activa
1761,1353,corriente,2014-02-02,-5430.43,500,activa
1762,1353,corriente,2019-06-16,-8652.02,300,activa
1763,1354,corriente,2012-08-10,-68.54,500,activa
1764,1355,corriente,2025-09-24,-2466.68,0,activa
1765,1356,corriente,2023-05-17,15589.45,300,activa
1766,1357,corriente,2026-06-28,-1002.57,500,activa
1767,1357,corriente,2026-04-17,-393.82,300,activa
1768,1358,corriente,2025-06-04,-6108.96,500,activa
1769,1359,corriente,2020-10-25,11541.7,500,activa
1770,1360,corriente,2024-12-15,30166.71,300,activa
1771,1361,corriente,2024-08-04,7605.41,500,activa
1772,1362,ahorro,2021-12-13,36596.5,0,activa
1773,1363,corriente,2025-10-22,33659.0,500,activa
1774,1364,corriente,2019-06-07,-4966.84,300,activa
1775,1365,corriente,2025-01-23,5681.9,1000,activa
1776,1366,corriente,2017-11-18,16058.52,500,activa
1777,1367,ahorro,2025-10-11,8168.85,0,activa
1778,1368,ahorro,2016-08-06,6139.8,0,activa
1779,1369,corriente,2026-01-14,21513.91,0,activa
1780,1370,corriente,2022-03-22,-6897.14,500,activa
1781,1371,corriente,2022-03-19,401.9,500,activa
1782,1372,corriente,2025-06-18,2288.03,0,activa
1783,1373,corriente,2008-06-26,47036.2,0,activa
1784,1373,corriente,2021-10-31,-5732.75,0,activa
1785,1374,corriente,2024-10-18,-1052.06,0,activa
1786,1374,corriente,2025-07-05,-7603.58,500,activa
1787,1375,corriente,2022-12-29,9361.67,300,activa
1788,1376,corriente,2017-03-01,27223.6,1000,activa
1789,1377,corriente,2020-10-22,10997.35,1000,activa
1790,1378,ahorro,2026-05-03,14156.61,0,activa
1791,1379,corriente,2025-03-24,34925.18,0,activa
1792,1380,ahorro,2024-06-25,9753.94,0,activa
1793,1381,corriente,2023-12-07,19906.08,0,activa
1794,1381,corriente,2025-11-28,-4260.55,0,activa
1795,1382,ahorro,2021-03-27,72421.12,0,activa
1796,1383,corriente,2021-01-10,15073.0,0,activa
1797,1383,corriente,2023-09-18,-5714.11,0,activa
1798,1383,corriente,2022-04-28,-5104.71,0,activa
1799,1384,corriente,2011-12-12,21058.51,300,activa
1800,1384,ahorro,2014-07-26,-3000.65,0,activa
1801,1385,corriente,2026-02-16,16871.44,1000,activa
1802,1386,corriente,2025-11-21,9496.16,1000,bloqueada
1803,1387,corriente,2010-03-04,13900.62,1000,activa
1804,1388,corriente,2026-06-10,2198.61,300,activa
1805,1389,ahorro,2019-10-27,12204.62,0,activa
1806,1390,corriente,2025-07-25,22356.54,0,activa
1807,1391,corriente,2022-02-06,-3565.2,1000,activa
1808,1392,corriente,2022-11-21,7886.32,300,activa
1809,1393,corriente,2025-07-20,4495.84,300,activa
1810,1394,ahorro,2024-07-18,9596.82,0,activa
1811,1394,ahorro,2024-11-07,-6464.91,0,activa
1812,1394,corriente,2024-08-28,-8843.9,300,activa
1813,1395,corriente,2017-12-26,14649.87,500,activa
1814,1396,corriente,2016-01-30,5618.31,1000,activa
1815,1397,corriente,2022-11-03,17056.14,500,activa
1816,1398,corriente,2019-09-10,20534.03,1000,bloqueada
1817,1398,ahorro,2025-06-20,-11255.61,0,activa
1818,1398,corriente,2021-12-20,-9683.97,1000,cerrada
1819,1399,corriente,2024-11-28,39377.69,0,activa
1820,1400,corriente,2015-01-25,12574.55,300,activa
1821,1400,corriente,2017-02-01,-8362.05,0,activa
1822,1401,corriente,2023-06-03,35778.24,1000,activa
1823,1402,corriente,2020-10-02,10172.71,1000,activa
1824,1402,corriente,2019-02-08,-4602.62,0,activa
1825,1403,corriente,2025-01-12,4084.94,300,activa
1826,1403,ahorro,2019-09-12,-6926.26,0,activa
1827,1404,corriente,2025-04-07,23506.73,0,activa
1828,1405,corriente,2026-04-21,-2409.58,300,activa
1829,1406,corriente,2024-12-10,3306.15,500,activa
1830,1406,corriente,2024-07-31,-4407.84,500,cerrada
1831,1407,ahorro,2019-06-22,1983.35,0,activa
1832,1407,corriente,2025-10-31,-4459.45,0,activa
1833,1408,corriente,2026-06-07,1532.22,1000,activa
1834,1409,corriente,2022-11-22,7021.66,0,activa
1835,1410,ahorro,2024-08-04,4441.65,0,activa
1836,1411,corriente,2026-06-21,331.27,500,activa
1837,1412,corriente,2026-02-01,-4168.25,500,activa
1838,1413,corriente,2015-05-15,11609.8,300,activa
1839,1414,corriente,2011-06-01,-8447.72,500,activa
1840,1415,corriente,2025-08-12,15633.24,500,activa
1841,1416,ahorro,2025-07-31,28738.66,0,activa
1842,1416,ahorro,2024-05-10,-6801.52,0,activa
1843,1417,corriente,2019-08-10,5258.54,500,activa
1844,1418,ahorro,2026-05-30,-2214.46,0,activa
1845,1419,corriente,2026-06-29,82.84,500,activa
1846,1419,ahorro,2026-06-22,-427.41,0,activa
1847,1420,corriente,2021-12-03,15075.47,300,activa
1848,1421,corriente,2024-05-04,95764.28,500,activa
1849,1422,ahorro,2025-08-26,18823.39,0,activa
1850,1422,corriente,2026-01-27,-3827.11,500,activa
1851,1423,corriente,2024-06-26,7131.07,1000,cerrada
1852,1423,corriente,2021-10-07,-2679.98,300,activa
1853,1424,corriente,2019-03-18,24550.31,1000,activa
1854,1425,corriente,2025-11-18,4641.1,1000,activa
1855,1426,ahorro,2025-09-25,-350.95,0,activa
1856,1427,corriente,2022-05-05,22051.5,300,activa
1857,1428,corriente,2024-05-10,916.0,1000,activa
1858,1429,corriente,2017-07-31,2445.84,300,activa
1859,1430,corriente,2025-09-11,8384.39,300,activa
1860,1431,corriente,2012-07-14,9080.85,300,activa
1861,1431,corriente,2006-12-01,-2887.26,0,activa
1862,1432,ahorro,2009-05-04,10304.13,0,activa
1863,1433,corriente,2026-04-01,-1745.24,300,activa
1864,1434,corriente,2026-06-23,492.11,0,activa
1865,1435,ahorro,2025-05-24,7134.2,0,activa
1866,1436,corriente,2014-05-16,17121.24,300,activa
1867,1437,corriente,2016-02-09,7514.47,0,activa
1868,1438,ahorro,2026-05-05,2419.61,0,activa
1869,1439,corriente,2024-12-13,-6946.33,1000,activa
1870,1440,ahorro,2024-12-03,17402.12,0,activa
1871,1440,corriente,2025-06-29,-4814.24,500,activa
1872,1441,corriente,2026-03-22,-4348.49,500,activa
1873,1441,corriente,2026-04-04,-1933.04,300,activa
1874,1441,ahorro,2025-12-21,-5695.21,0,activa
1875,1442,corriente,2013-11-07,12932.1,0,activa
1876,1443,corriente,2017-11-10,-6750.02,300,activa
1877,1443,corriente,2019-02-14,-7013.89,500,activa
1878,1443,corriente,2014-10-13,-5947.38,1000,activa
1879,1444,corriente,2024-12-22,18468.75,1000,activa
1880,1445,ahorro,2026-03-28,2790.91,0,activa
1881,1445,corriente,2026-01-23,-2601.11,300,activa
1882,1446,corriente,2022-04-16,-7085.44,0,activa
1883,1446,ahorro,2022-09-04,-8246.31,0,activa
1884,1447,corriente,2026-06-22,665.37,300,activa
1885,1448,corriente,2021-11-30,4138.41,500,activa
1886,1449,ahorro,2026-01-12,8186.42,0,activa
1887,1450,ahorro,2016-03-25,8296.53,0,activa
1888,1450,corriente,2019-05-13,-4814.17,500,activa
1889,1451,corriente,2024-06-29,38116.24,0,activa
1890,1452,corriente,2022-03-20,10292.77,500,activa
1891,1453,corriente,2014-07-04,7195.01,300,activa
1892,1454,corriente,2024-12-19,2399.68,500,activa
1893,1455,corriente,2020-07-12,16969.12,500,activa
1894,1455,corriente,2024-09-15,-7600.21,0,activa
1895,1456,ahorro,2024-04-29,7247.16,0,activa
1896,1457,corriente,2026-04-17,3804.34,1000,activa
1897,1458,ahorro,2026-05-28,-1916.78,0,activa
1898,1459,corriente,2020-06-13,13108.98,300,activa
1899,1460,ahorro,2026-05-28,4482.82,0,activa
1900,1460,corriente,2026-05-20,163.22,500,activa
1901,1461,corriente,2014-10-24,-4732.76,1000,cerrada
1902,1461,ahorro,2008-07-05,-6701.49,0,activa
1903,1462,corriente,2026-05-18,3463.32,500,activa
1904,1463,corriente,2025-10-04,4453.32,1000,activa
1905,1463,corriente,2025-11-28,-4255.99,0,activa
1906,1464,corriente,2012-01-19,7433.99,300,activa
1907,1465,corriente,2016-09-14,9021.75,0,activa
1908,1466,corriente,2026-06-14,-1784.71,0,activa
1909,1466,ahorro,2018-01-28,-5418.33,0,activa
1910,1467,corriente,2024-06-14,-4537.35,500,activa
1911,1467,corriente,2023-05-25,-7170.47,500,activa
1912,1468,corriente,2022-05-22,5844.87,300,activa
1913,1469,corriente,2024-02-26,-4790.79,0,activa
1914,1470,ahorro,2019-10-25,26978.94,0,activa
1915,1470,corriente,2013-04-26,-5296.03,300,activa
1916,1471,corriente,2011-03-06,2023.78,1000,activa
1917,1471,corriente,2021-02-20,-7488.29,300,activa
1918,1472,corriente,2026-05-31,3528.34,500,activa
1919,1473,corriente,2025-06-24,25452.18,300,activa
1920,1473,corriente,2025-08-17,-2489.01,1000,activa
1921,1474,corriente,2021-03-26,5718.17,300,activa
1922,1475,corriente,2015-06-23,7533.45,0,activa
1923,1475,corriente,2016-05-31,-9313.96,500,activa
1924,1476,corriente,2017-03-27,10468.76,1000,activa
1925,1476,corriente,2021-07-27,-4062.35,300,activa
1926,1477,corriente,2025-09-10,5685.6,300,activa
1927,1478,corriente,2024-05-29,5078.81,500,activa
1928,1478,ahorro,2026-06-17,373.17,0,activa
1929,1479,corriente,2012-08-26,-2069.11,300,activa
1930,1479,corriente,2009-08-31,-8401.35,0,activa
1931,1480,corriente,2025-04-22,30002.43,500,activa
1932,1481,corriente,2014-05-28,7186.89,0,activa
1933,1482,ahorro,2025-08-09,-2712.86,0,activa
1934,1482,corriente,2025-01-08,-6377.31,0,activa
1935,1483,corriente,2019-10-02,-4384.7,500,activa
1936,1484,ahorro,2026-03-12,1826.6,0,activa
1937,1485,corriente,2023-05-29,16645.75,500,activa
1938,1485,corriente,2017-03-27,-6126.85,300,activa
1939,1486,corriente,2010-07-14,30796.83,0,cerrada
1940,1487,corriente,2014-03-16,1546.68,500,activa
1941,1487,corriente,2018-06-24,-4040.46,1000,activa
1942,1488,corriente,2025-05-01,-7601.34,500,activa
1943,1489,corriente,2022-09-03,37568.26,500,activa
1944,1489,corriente,2021-03-23,-7197.12,300,activa
1945,1490,ahorro,2021-06-09,4244.09,0,activa
1946,1491,ahorro,2025-03-28,2961.81,0,activa
1947,1492,corriente,2014-06-05,6125.97,500,activa
1948,1493,ahorro,2007-02-14,7403.6,0,activa
1949,1494,ahorro,2026-05-17,1118.48,0,activa
1950,1495,corriente,2025-08-01,522.98,1000,activa
1951,1496,corriente,2013-08-22,17888.6,0,activa
1952,1496,corriente,2018-07-23,-8501.45,300,activa
1953,1497,corriente,2022-10-09,23909.88,500,activa
1954,1497,corriente,2026-03-23,-1281.98,0,cerrada
1955,1498,corriente,2025-03-19,13318.56,300,activa
1956,1499,corriente,2010-04-14,11600.96,1000,activa
1957,1500,ahorro,2022-10-30,5513.09,0,bloqueada
1958,1500,ahorro,2015-12-12,-4560.45,0,activa
1959,1501,corriente,2024-12-22,4904.98,1000,activa
1960,1502,corriente,2014-07-02,11575.25,0,activa
1961,1503,corriente,2024-01-09,8856.42,1000,activa
1962,1504,corriente,2022-06-09,11457.68,300,activa
1963,1504,corriente,2021-11-09,-9685.79,500,activa
1964,1504,corriente,2021-08-03,-6070.21,0,activa
1965,1505,ahorro,2026-01-13,8145.07,0,activa
1966,1506,corriente,2025-10-24,1920.87,0,activa
1967,1506,corriente,2026-03-27,-2241.84,1000,activa
1968,1507,ahorro,2022-12-06,-3436.03,0,activa
1969,1507,corriente,2026-06-24,-801.01,1000,activa
1970,1508,corriente,2016-10-22,16233.25,1000,activa
1971,1509,corriente,2019-02-02,2051.21,500,activa
1972,1510,corriente,2019-08-11,-2142.93,300,cerrada
1973,1511,corriente,2026-06-29,501.84,0,activa
1974,1512,corriente,2024-10-25,20657.34,1000,activa
1975,1513,ahorro,2022-06-14,8835.06,0,activa
1976,1514,corriente,2014-02-19,16496.05,1000,activa
1977,1515,corriente,2022-02-25,19895.26,0,activa
1978,1515,corriente,2024-11-15,-9470.42,500,activa
1979,1516,corriente,2019-09-25,3556.22,300,activa
1980,1517,corriente,2008-08-23,10174.89,300,activa
1981,1517,corriente,2013-01-03,-6167.13,0,activa
1982,1518,ahorro,2026-06-30,-1325.89,0,activa
1983,1519,corriente,2021-11-02,8035.21,300,activa
1984,1520,corriente,2011-07-09,10324.44,300,activa
1985,1521,ahorro,2025-10-07,21223.58,0,activa
1986,1521,ahorro,2021-10-02,-6869.61,0,activa
1987,1522,corriente,2026-03-18,6473.12,300,activa
1988,1523,ahorro,2024-03-13,9370.68,0,activa
1989,1523,corriente,2026-01-31,-2875.47,0,activa
1990,1524,corriente,2020-02-08,53426.57,500,activa
1991,1524,corriente,2024-04-04,-2418.0,300,activa
1992,1525,corriente,2025-09-23,5550.59,1000,activa
1993,1526,corriente,2021-07-01,3061.9,500,activa
1994,1527,corriente,2024-12-01,25366.38,1000,activa
1995,1527,corriente,2024-02-05,-6167.4,500,activa
1996,1528,corriente,2026-04-14,4831.59,500,activa
1997,1529,corriente,2024-06-09,-9632.41,1000,activa
1998,1530,corriente,2024-03-30,-1913.49,1000,activa
1999,1531,corriente,2023-04-16,5417.3,0,cerrada
2000,1531,corriente,2013-12-28,-10259.19,500,activa
2001,1532,corriente,2022-11-18,4226.9,500,activa
2002,1533,ahorro,2021-02-17,9986.57,0,bloqueada
2003,1533,corriente,2023-05-21,-7564.14,1000,activa
2004,1534,corriente,2015-05-03,10854.96,1000,activa
2005,1535,corriente,2018-09-17,1032.22,1000,activa
2006,1536,corriente,2022-12-29,628.59,0,activa
2007,1537,corriente,2026-03-03,4862.56,300,activa
2008,1537,corriente,2026-04-23,-952.18,0,activa
2009,1538,corriente,2026-05-16,6300.41,1000,activa
2010,1539,corriente,2025-11-15,-7663.16,1000,activa
2011,1539,corriente,2025-04-18,-6362.89,1000,activa
2012,1540,corriente,2022-10-03,-8933.54,500,activa
2013,1541,corriente,2026-06-21,4174.5,300,activa
2014,1541,corriente,2025-07-10,-8668.61,500,activa
2015,1542,corriente,2022-02-13,-1269.01,300,activa
2016,1543,corriente,2025-07-24,2598.4,500,activa
2017,1544,corriente,2011-02-02,16124.4,1000,activa
2018,1545,corriente,2026-06-13,1765.5,300,cerrada
2019,1546,corriente,2024-03-30,18004.91,500,activa
2020,1547,ahorro,2025-11-21,8648.23,0,activa
2021,1548,corriente,2018-03-04,-4305.18,500,activa
2022,1548,ahorro,2018-04-20,-7498.09,0,activa
2023,1548,corriente,2020-01-31,-3853.61,1000,activa
2024,1549,ahorro,2026-01-23,-4237.98,0,activa
2025,1549,corriente,2024-11-20,-14069.64,1000,activa
2026,1550,corriente,2025-08-13,31452.0,500,activa
2027,1550,corriente,2023-08-04,-6777.84,1000,activa
2028,1551,corriente,2026-01-10,6659.29,500,activa
2029,1552,corriente,2021-09-06,45317.76,0,activa
2030,1553,corriente,2023-11-27,-10221.72,500,activa
2031,1553,corriente,2025-08-24,-7592.73,300,activa
2032,1554,ahorro,2016-08-31,6496.65,0,activa
2033,1554,corriente,2011-12-31,-4820.36,300,activa
2034,1555,corriente,2014-11-29,5466.59,0,activa
2035,1555,corriente,2011-08-30,-2318.47,500,activa
2036,1556,corriente,2025-04-03,14372.55,500,activa
2037,1556,corriente,2024-07-15,-7788.18,300,activa
2038,1557,corriente,2026-01-01,9450.66,500,activa
2039,1558,ahorro,2023-03-01,44084.0,0,activa
2040,1559,corriente,2018-01-17,21932.19,300,activa
2041,1560,corriente,2024-08-18,6238.07,1000,activa
2042,1561,ahorro,2018-05-18,22714.51,0,activa
2043,1561,ahorro,2013-12-20,-7719.78,0,activa
2044,1562,ahorro,2016-10-27,7653.14,0,cerrada
2045,1563,corriente,2019-10-14,828.7,0,activa
2046,1564,ahorro,2021-05-25,15668.06,0,activa
2047,1564,ahorro,2024-03-01,-5629.99,0,activa
2048,1565,corriente,2025-07-07,6740.68,300,activa
2049,1566,ahorro,2016-11-26,31950.3,0,activa
2050,1567,corriente,2026-02-23,8556.4,300,activa
2051,1568,ahorro,2014-10-19,18080.7,0,activa
2052,1568,corriente,2022-03-19,-5165.93,500,activa
2053,1569,ahorro,2024-01-11,24449.72,0,activa
2054,1569,corriente,2025-05-08,-8467.53,500,activa
2055,1569,corriente,2025-01-17,-3117.69,0,activa
2056,1570,ahorro,2024-06-28,4476.49,0,activa
2057,1570,corriente,2025-04-01,-4455.22,1000,activa
2058,1570,corriente,2023-09-17,-5790.02,1000,activa
2059,1571,ahorro,2026-05-26,-1422.47,0,activa
2060,1572,corriente,2026-05-23,581.09,300,activa
2061,1573,corriente,2026-06-22,-978.77,0,activa
2062,1574,corriente,2025-09-12,8835.63,1000,activa
2063,1575,corriente,2016-05-11,3678.42,500,activa
2064,1576,corriente,2022-06-17,8050.47,300,activa
2065,1577,corriente,2026-05-15,-40.15,300,activa
2066,1578,ahorro,2014-01-09,41976.98,0,activa
2067,1579,corriente,2026-06-11,929.16,1000,activa
2068,1580,corriente,2023-09-16,-9039.23,1000,activa
2069,1581,ahorro,2016-03-16,11208.55,0,activa
2070,1581,ahorro,2025-08-09,-2708.7,0,activa
2071,1581,ahorro,2024-11-01,-4037.85,0,activa
2072,1582,corriente,2021-05-17,9014.56,500,activa
2073,1583,corriente,2023-03-28,23913.8,300,activa
2074,1584,corriente,2023-03-01,7858.58,1000,activa
2075,1585,corriente,2014-03-28,-4515.32,500,activa
2076,1586,corriente,2023-06-20,-9703.66,0,activa
2077,1587,corriente,2025-08-17,-5076.15,500,activa
2078,1588,corriente,2019-07-21,-5282.28,1000,activa
2079,1588,corriente,2018-05-23,-4039.67,500,activa
2080,1589,ahorro,2025-06-16,8978.99,0,activa
2081,1589,corriente,2016-11-24,-10467.19,0,activa
2082,1590,corriente,2016-08-27,12436.58,300,activa
2083,1590,corriente,2025-02-10,-1748.11,300,activa
2084,1591,corriente,2025-02-28,6444.77,300,activa
2085,1592,corriente,2011-05-17,2249.6,0,activa
2086,1593,ahorro,2012-01-27,-2685.77,0,activa
2087,1593,corriente,2022-12-30,-9394.12,500,activa
2088,1594,corriente,2015-01-27,2314.34,300,activa
2089,1594,corriente,2015-11-30,-8971.89,1000,activa
2090,1595,corriente,2019-05-24,-8665.61,0,activa
2091,1595,corriente,2023-12-22,-8592.07,0,activa
2092,1596,corriente,2026-05-24,2357.22,1000,activa
2093,1596,corriente,2026-02-28,-124.01,0,cerrada
2094,1597,corriente,2012-12-04,19756.91,500,activa
2095,1598,corriente,2023-02-24,5433.45,500,activa
2096,1599,corriente,2024-12-30,9448.08,0,activa
2097,1600,corriente,2026-05-17,4208.71,500,activa
2098,1601,corriente,2022-07-04,9571.39,0,activa
2099,1602,ahorro,2023-11-23,21215.23,0,activa
2100,1603,corriente,2025-04-19,21617.17,300,activa
2101,1604,corriente,2023-04-22,1704.61,500,activa
2102,1605,ahorro,2015-10-19,19574.95,0,activa
2103,1606,corriente,2026-06-11,-433.27,0,activa
2104,1606,corriente,2026-06-22,-1526.39,300,activa
2105,1607,corriente,2023-07-20,2774.37,500,activa
2106,1608,corriente,2023-11-16,-5676.7,1000,activa
2107,1609,corriente,2026-06-17,1246.38,0,activa
2108,1610,corriente,2022-10-20,15373.9,0,activa
2109,1610,ahorro,2021-06-28,-7659.21,0,activa
2110,1611,corriente,2018-08-24,11637.08,500,activa
2111,1612,corriente,2022-11-24,11220.0,500,activa
2112,1613,corriente,2026-02-22,-2554.52,0,activa
2113,1614,corriente,2021-11-29,7425.58,500,activa
2114,1615,ahorro,2021-12-11,206.03,0,activa
2115,1615,corriente,2020-07-11,-7928.25,300,activa
2116,1616,ahorro,2025-03-10,3345.35,0,activa
2117,1617,ahorro,2020-03-24,7445.55,0,activa
2118,1618,corriente,2026-05-10,1300.71,1000,activa
2119,1619,ahorro,2019-07-08,23008.88,0,activa
2120,1620,corriente,2011-10-25,54277.72,500,cerrada
2121,1621,corriente,2019-10-30,11116.91,1000,activa
2122,1622,corriente,2025-06-01,14590.95,1000,activa
2123,1622,ahorro,2023-07-01,-7279.86,0,activa
2124,1622,corriente,2026-01-02,-314.47,300,activa
2125,1623,corriente,2023-10-13,-8162.47,1000,activa
2126,1624,ahorro,2024-03-29,7995.92,0,activa
2127,1625,corriente,2026-03-15,-3388.88,0,activa
2128,1626,corriente,2026-06-28,1462.52,500,activa
2129,1626,corriente,2026-02-12,156.87,500,activa
2130,1627,ahorro,2019-01-02,60167.84,0,activa
2131,1628,corriente,2014-06-08,34364.65,0,activa
2132,1628,corriente,2018-05-16,-5742.33,0,activa
2133,1628,corriente,2022-08-26,-5971.23,0,activa
2134,1629,corriente,2023-11-15,-1033.44,0,activa
2135,1629,corriente,2025-05-16,-7259.6,1000,activa
2136,1630,corriente,2026-05-09,-1919.71,500,activa
2137,1631,corriente,2025-04-24,6715.19,0,activa
2138,1631,corriente,2025-10-27,-3433.5,300,activa
2139,1632,corriente,2026-04-07,998.63,500,activa
2140,1633,corriente,2016-05-21,21527.52,1000,activa
2141,1634,corriente,2021-12-06,6877.56,300,activa
2142,1635,corriente,2019-03-27,45727.98,500,activa
2143,1636,corriente,2018-05-07,16469.98,0,activa
2144,1636,corriente,2012-12-21,-5253.37,500,activa
2145,1637,ahorro,2024-10-06,-4418.9,0,activa
2146,1638,corriente,2026-02-24,5078.42,0,activa
2147,1639,corriente,2012-07-21,4904.13,1000,activa
2148,1640,corriente,2021-07-23,-402.32,300,activa
2149,1640,corriente,2021-10-22,-4968.67,1000,activa
2150,1641,corriente,2020-11-30,-5100.54,300,activa
2151,1642,corriente,2026-04-24,7758.27,1000,activa
2152,1642,corriente,2025-06-25,-6505.24,1000,activa
2153,1643,corriente,2025-07-05,-6793.46,500,cerrada
2154,1644,corriente,2024-06-14,24099.5,0,activa
2155,1645,corriente,2021-04-04,18387.19,1000,activa
2156,1645,corriente,2023-12-07,-6192.86,0,activa
2157,1646,corriente,2026-05-26,3736.31,0,activa
2158,1647,corriente,2026-02-12,4886.91,300,activa
2159,1648,corriente,2023-03-27,16873.64,1000,activa
2160,1648,ahorro,2024-04-15,-10770.08,0,activa
2161,1649,corriente,2024-04-07,2414.69,500,activa
2162,1650,corriente,2023-03-23,21408.53,300,activa
2163,1651,corriente,2023-10-28,45615.14,500,activa
2164,1652,corriente,2018-01-08,5345.66,1000,activa
2165,1652,corriente,2026-04-01,-431.65,500,activa
2166,1653,ahorro,2019-01-12,13854.7,0,activa
2167,1654,corriente,2012-09-01,13885.39,500,activa
2168,1654,corriente,2026-04-05,-246.48,1000,activa
2169,1655,ahorro,2019-11-10,8523.92,0,activa
2170,1656,corriente,2026-01-29,2360.91,300,activa
2171,1657,corriente,2018-04-11,11417.16,0,activa
2172,1658,ahorro,2025-11-24,30728.35,0,activa
2173,1658,corriente,2024-12-15,-3945.34,300,activa
2174,1659,corriente,2017-02-28,21648.65,1000,activa
2175,1659,corriente,2018-11-14,-5806.85,0,activa
2176,1660,ahorro,2021-03-11,5809.62,0,activa
2177,1660,ahorro,2017-12-26,-9871.62,0,activa
2178,1661,corriente,2026-03-03,4043.42,300,activa
2179,1662,ahorro,2026-04-08,3783.0,0,activa
2180,1663,corriente,2026-02-20,3372.15,1000,activa
2181,1663,corriente,2026-06-03,61.87,0,activa
2182,1664,corriente,2014-11-15,33696.97,300,activa
2183,1665,corriente,2025-11-23,12085.74,0,bloqueada
2184,1665,corriente,2020-07-11,-11406.2,500,activa
2185,1666,ahorro,2024-11-04,20389.73,0,activa
2186,1667,corriente,2020-04-27,5637.19,0,activa
2187,1668,ahorro,2023-06-01,17156.44,0,activa
2188,1668,ahorro,2025-10-26,-3569.67,0,activa
2189,1669,corriente,2025-10-13,11747.35,1000,activa
2190,1670,ahorro,2024-07-27,10121.0,0,activa
2191,1670,corriente,2018-12-21,-2907.62,500,activa
2192,1670,corriente,2016-02-27,-3128.31,300,activa
2193,1671,corriente,2025-02-26,-1077.36,1000,activa
2194,1671,corriente,2021-01-24,-4469.53,500,activa
2195,1672,ahorro,2020-05-11,20931.98,0,activa
2196,1673,corriente,2026-04-18,681.96,1000,activa
2197,1674,corriente,2014-03-16,4724.03,500,activa
2198,1675,corriente,2023-07-15,11733.59,0,activa
2199,1676,ahorro,2024-03-19,3192.61,0,activa
2200,1676,ahorro,2017-12-14,-10270.12,0,activa
2201,1676,corriente,2011-02-18,-8340.9,300,activa
2202,1677,corriente,2026-03-04,2530.22,500,activa
2203,1678,corriente,2024-06-19,12426.75,1000,activa
2204,1679,corriente,2026-03-28,2859.42,0,activa
2205,1680,corriente,2011-07-27,12865.67,1000,activa
2206,1681,ahorro,2026-04-19,2339.8,0,activa
2207,1681,corriente,2026-05-27,811.59,300,activa
2208,1681,ahorro,2026-03-15,-2868.79,0,activa
2209,1682,corriente,2021-08-11,14031.43,500,activa
2210,1683,corriente,2021-11-28,272.51,1000,activa
2211,1683,corriente,2026-06-07,-1519.77,500,activa
2212,1684,ahorro,2023-12-01,-4168.99,0,activa
2213,1685,corriente,2021-02-10,7719.4,300,activa
2214,1686,corriente,2025-03-22,5266.58,1000,activa
2215,1686,corriente,2024-04-17,-7925.28,500,activa
2216,1687,corriente,2023-12-31,1872.71,300,activa
2217,1688,ahorro,2026-05-09,320.83,0,activa
2218,1689,corriente,2021-03-16,12973.52,1000,activa
2219,1690,corriente,2025-10-05,9934.68,0,activa
2220,1691,corriente,2024-11-25,18213.99,0,activa
2221,1691,corriente,2021-05-16,-6185.68,1000,activa
2222,1692,corriente,2026-05-19,3744.8,0,activa
2223,1693,corriente,2025-06-22,21597.83,1000,activa
2224,1694,corriente,2021-12-30,26735.15,0,activa
2225,1695,corriente,2024-03-03,4986.32,500,activa
2226,1695,corriente,2019-02-17,-4627.29,1000,activa
2227,1696,corriente,2024-12-14,28121.31,1000,activa
2228,1696,corriente,2026-02-06,-948.17,0,activa
2229,1697,corriente,2019-02-17,10519.45,1000,activa
2230,1698,corriente,2023-10-23,-3038.77,1000,activa
2231,1698,corriente,2024-09-19,-8222.15,1000,activa
2232,1699,corriente,2017-06-11,21757.55,0,activa
2233,1700,corriente,2013-09-26,5674.93,1000,activa
2234,1701,corriente,2022-08-09,-8473.94,1000,activa
2235,1702,ahorro,2026-05-06,5788.17,0,activa
2236,1703,corriente,2024-06-22,10431.97,1000,activa
2237,1704,corriente,2017-04-15,-4206.67,1000,activa
2238,1704,corriente,2015-02-18,-5057.55,0,activa
2239,1705,corriente,2016-02-06,-6255.18,300,activa
2240,1705,ahorro,2019-02-12,-4048.07,0,activa
2241,1706,corriente,2025-09-27,-5909.72,300,activa
2242,1707,corriente,2016-10-02,2187.16,300,activa
2243,1708,ahorro,2021-10-31,16329.94,0,activa
2244,1709,ahorro,2016-10-16,25605.43,0,activa
2245,1709,corriente,2025-07-28,-7620.48,300,activa
2246,1709,ahorro,2015-04-25,-5692.35,0,activa
2247,1710,corriente,2023-12-04,19537.97,0,activa
2248,1711,corriente,2007-12-25,17280.35,300,activa
2249,1712,ahorro,2026-03-30,6155.79,0,activa
2250,1713,corriente,2019-05-01,-6271.12,500,activa
2251,1714,corriente,2026-01-12,-437.75,1000,activa
2252,1715,corriente,2025-10-16,-3338.9,1000,activa
2253,1715,corriente,2024-10-22,-8191.04,1000,activa
2254,1716,corriente,2017-11-12,6118.33,300,activa
2255,1716,corriente,2022-12-29,-8395.64,0,activa
2256,1717,corriente,2020-12-06,-10935.35,0,cerrada
2257,1717,ahorro,2023-09-06,-12232.95,0,activa
2258,1718,corriente,2016-07-18,36620.92,500,activa
2259,1719,corriente,2026-02-08,5797.14,500,activa
2260,1719,corriente,2025-12-08,-4770.7,500,activa
2261,1720,corriente,2020-05-30,10645.58,1000,activa
2262,1721,ahorro,2024-08-06,-4244.35,0,activa
2263,1722,ahorro,2026-02-03,2560.34,0,activa
2264,1723,ahorro,2018-08-01,38283.33,0,activa
2265,1723,ahorro,2018-06-12,-7183.66,0,activa
2266,1723,corriente,2018-11-07,-5657.1,0,activa
2267,1724,ahorro,2025-02-16,7152.29,0,activa
2268,1724,corriente,2024-09-06,-6169.58,1000,activa
2269,1724,corriente,2023-04-16,-5021.43,1000,activa
2270,1725,corriente,2024-11-04,-1910.3,0,activa
2271,1726,corriente,2022-07-23,14807.22,1000,activa
2272,1726,corriente,2017-04-28,-10513.43,300,activa
2273,1727,corriente,2017-08-20,15897.94,500,activa
2274,1728,corriente,2021-06-04,9791.04,500,activa
2275,1729,corriente,2019-10-08,-6504.66,1000,activa
2276,1730,corriente,2025-09-06,6262.53,300,activa
2277,1731,ahorro,2024-03-10,7215.62,0,cerrada
2278,1732,corriente,2026-02-23,44805.33,300,activa
2279,1733,ahorro,2024-10-13,9282.43,0,activa
2280,1734,corriente,2024-08-06,15393.09,500,activa
2281,1735,ahorro,2014-06-28,12692.94,0,activa
2282,1736,corriente,2026-02-26,7726.66,500,activa
2283,1737,corriente,2026-05-14,2348.09,0,activa
2284,1737,corriente,2026-04-10,-852.4,1000,activa
2285,1738,corriente,2017-08-04,37252.4,300,activa
2286,1739,ahorro,2025-05-13,16761.23,0,activa
2287,1740,ahorro,2007-10-23,10376.7,0,activa
2288,1741,corriente,2024-12-16,15327.75,300,cerrada
2289,1742,ahorro,2024-05-17,11192.62,0,activa
2290,1743,ahorro,2020-03-02,19147.03,0,bloqueada
2291,1744,corriente,2022-09-06,4444.59,0,activa
2292,1745,corriente,2021-08-07,11644.75,300,activa
2293,1745,ahorro,2022-10-06,-9758.22,0,activa
2294,1746,corriente,2024-03-31,14320.37,1000,activa
2295,1747,corriente,2022-02-23,-2703.09,300,activa
2296,1748,corriente,2018-10-09,-6671.86,500,activa
2297,1749,corriente,2020-04-12,10446.29,0,activa
2298,1750,corriente,2023-02-07,14409.93,300,activa
2299,1751,corriente,2023-08-31,2486.07,1000,activa
2300,1752,corriente,2024-07-21,9163.37,0,activa
2301,1753,ahorro,2022-07-06,18224.37,0,cerrada
2302,1754,corriente,2020-10-06,3349.63,500,activa
2303,1755,corriente,2021-10-15,15695.05,0,activa
2304,1755,corriente,2024-11-15,-6046.81,500,activa
2305,1756,ahorro,2025-12-11,-1836.69,0,activa
2306,1756,corriente,2019-09-30,-7366.6,0,activa
2307,1757,corriente,2023-02-01,4965.27,500,activa
2308,1758,corriente,2011-11-18,11084.38,0,activa
2309,1759,corriente,2023-07-21,8337.94,1000,activa
2310,1760,ahorro,2020-06-25,9316.84,0,activa
2311,1761,corriente,2025-10-06,5839.29,0,activa
2312,1762,corriente,2021-07-30,19057.58,1000,activa
2313,1762,ahorro,2018-07-30,-8665.49,0,activa
2314,1763,corriente,2016-02-03,13905.83,1000,activa
2315,1764,corriente,2012-07-01,22203.22,500,activa
2316,1765,corriente,2021-01-21,20061.04,0,activa
2317,1765,corriente,2014-10-04,-3258.61,1000,activa
2318,1766,corriente,2021-03-26,-4716.87,500,activa
2319,1766,corriente,2021-12-18,-7656.43,300,activa
2320,1766,corriente,2025-12-22,-3273.46,1000,activa
2321,1767,corriente,2018-01-29,8155.57,300,activa
2322,1768,ahorro,2025-12-30,-5352.18,0,activa
2323,1769,corriente,2024-10-16,-4199.5,300,activa
2324,1769,corriente,2015-08-01,-5088.88,500,activa
2325,1770,ahorro,2025-07-26,4156.39,0,activa
2326,1771,corriente,2020-11-19,32072.39,0,activa
2327,1771,corriente,2020-06-01,-7272.03,1000,activa
2328,1772,corriente,2024-05-30,25144.44,300,activa
2329,1773,corriente,2018-07-20,10236.9,0,activa
2330,1773,corriente,2006-03-30,-6433.76,1000,activa
2331,1773,corriente,2016-04-29,-5225.84,1000,activa
2332,1774,corriente,2022-10-08,5591.49,0,activa
2333,1775,corriente,2020-04-11,-5406.77,0,activa
2334,1776,ahorro,2021-09-30,5210.23,0,activa
2335,1776,corriente,2022-10-30,-10145.67,500,activa
2336,1776,ahorro,2024-05-10,-5345.09,0,activa
2337,1777,ahorro,2011-08-02,-974.69,0,activa
2338,1778,corriente,2018-09-28,4091.72,300,activa
2339,1779,corriente,2025-03-31,24234.45,500,activa
2340,1780,ahorro,2026-04-10,15866.04,0,activa
2341,1781,corriente,2024-04-15,8663.72,500,activa
2342,1782,corriente,2024-04-05,7452.66,1000,activa
2343,1782,corriente,2024-11-30,-4703.71,0,activa
2344,1783,ahorro,2026-04-14,327.03,0,activa
2345,1784,corriente,2020-08-11,12926.87,1000,activa
2346,1784,corriente,2022-03-30,-7884.22,500,activa
2347,1785,corriente,2021-01-22,29812.84,500,activa
2348,1785,corriente,2023-04-28,-8041.59,500,activa
2349,1786,corriente,2019-10-14,-715.08,0,activa
2350,1787,corriente,2026-04-15,1662.73,0,activa
2351,1787,corriente,2026-01-29,-1246.38,500,activa
2352,1788,corriente,2026-03-02,7295.31,1000,activa
2353,1789,ahorro,2019-04-02,41434.38,0,activa
2354,1790,corriente,2020-01-01,5001.87,500,activa
2355,1790,corriente,2024-02-02,-9325.05,500,activa
2356,1791,ahorro,2023-04-16,3966.01,0,activa
2357,1792,corriente,2025-03-11,-7982.28,300,activa
2358,1793,corriente,2020-06-27,23446.43,300,activa
2359,1794,corriente,2023-09-01,-3432.27,0,activa
2360,1794,corriente,2025-10-20,-5673.65,500,activa
2361,1795,ahorro,2024-08-02,7144.38,0,activa
2362,1796,ahorro,2026-04-07,2428.64,0,activa
2363,1796,corriente,2026-06-11,-950.46,300,activa
2364,1797,ahorro,2022-01-25,-5822.3,0,activa
2365,1798,corriente,2024-07-10,6876.44,1000,activa
2366,1798,corriente,2018-07-23,-6754.8,300,activa
2367,1799,corriente,2023-02-03,-266.64,0,activa
2368,1799,corriente,2025-11-16,-3993.4,500,activa
2369,1800,corriente,2025-01-02,-472.85,0,activa
2370,1801,ahorro,2023-04-14,4619.61,0,activa
2371,1801,corriente,2026-04-21,-966.73,500,activa
2372,1802,corriente,2022-01-28,-5257.71,0,activa
2373,1803,corriente,2025-01-15,9802.21,1000,activa
2374,1803,corriente,2018-12-24,-10347.16,0,activa
2375,1804,corriente,2019-04-19,23647.22,1000,activa
2376,1805,corriente,2016-08-28,14683.35,500,activa
2377,1806,ahorro,2015-01-11,19689.76,0,activa
2378,1807,corriente,2009-03-06,22851.59,1000,activa
2379,1808,corriente,2026-05-29,-1891.71,300,activa
2380,1809,corriente,2022-01-22,62000.72,500,activa
2381,1809,corriente,2024-01-17,-7011.57,1000,activa
2382,1809,corriente,2022-08-19,-2783.52,300,activa
2383,1810,corriente,2021-10-08,60748.64,0,activa
2384,1811,corriente,2024-08-06,1627.65,500,activa
2385,1812,ahorro,2026-02-11,9929.33,0,activa
2386,1813,corriente,2017-10-03,12279.22,300,activa
2387,1814,corriente,2017-10-04,7696.87,300,activa
2388,1815,corriente,2020-10-31,13406.66,1000,activa
2389,1816,corriente,2024-04-11,14033.22,500,activa
2390,1816,ahorro,2025-06-15,-11398.02,0,activa
2391,1817,ahorro,2022-08-29,-1826.05,0,activa
2392,1818,corriente,2020-12-22,8170.14,500,activa
2393,1819,corriente,2026-01-30,13307.89,500,activa
2394,1820,corriente,2026-06-08,-318.44,300,activa
2395,1821,corriente,2025-11-20,-1049.22,300,activa
2396,1821,corriente,2022-12-21,-8395.21,300,activa
2397,1822,corriente,2026-06-28,-838.93,500,activa
2398,1823,corriente,2026-01-27,8968.9,300,activa
2399,1823,corriente,2023-12-15,-5861.29,500,activa
2400,1824,corriente,2022-02-21,15162.08,500,activa
2401,1825,corriente,2012-02-09,14102.82,300,bloqueada
2402,1825,ahorro,2019-07-09,-9140.1,0,activa
2403,1825,corriente,2013-04-09,-5278.55,300,activa
2404,1826,ahorro,2026-03-09,3136.14,0,activa
2405,1827,corriente,2024-04-09,8385.68,1000,activa
2406,1828,corriente,2023-01-19,5549.58,0,activa
2407,1828,corriente,2022-11-19,-4474.46,0,activa
2408,1829,corriente,2015-08-14,24651.18,0,activa
2409,1830,corriente,2014-01-23,-2201.96,1000,activa
2410,1831,ahorro,2022-04-16,-9221.21,0,activa
2411,1832,ahorro,2018-09-15,6488.39,0,activa
2412,1832,corriente,2020-09-12,-7217.5,0,activa
2413,1833,corriente,2025-10-29,-5019.01,500,activa
2414,1834,ahorro,2015-01-05,14742.32,0,cerrada
2415,1835,corriente,2024-03-09,5588.16,1000,activa
2416,1835,corriente,2024-12-09,-9485.38,300,activa
2417,1835,corriente,2025-08-04,-7153.54,300,activa
2418,1836,corriente,2026-03-01,6298.11,300,activa
2419,1837,corriente,2024-06-05,6595.58,0,activa
2420,1838,corriente,2013-09-28,10338.46,1000,activa
2421,1838,corriente,2026-05-18,-442.83,300,activa
2422,1839,corriente,2020-03-19,29156.22,0,activa
2423,1839,corriente,2022-07-16,-5316.99,0,activa
2424,1840,corriente,2025-04-25,4069.82,0,activa
2425,1840,corriente,2024-10-31,-7759.1,500,activa
2426,1841,corriente,2025-10-27,4230.11,300,activa
2427,1841,ahorro,2014-10-10,-6822.36,0,activa
2428,1842,corriente,2026-03-03,12315.96,1000,activa
2429,1843,corriente,2024-03-30,94171.9,0,activa
2430,1844,corriente,2023-01-15,20855.17,300,activa
2431,1845,corriente,2013-03-26,57041.78,500,activa
2432,1846,corriente,2022-04-01,12301.23,1000,cerrada
2433,1846,corriente,2022-09-08,-7978.12,1000,activa
2434,1847,ahorro,2022-01-02,-1273.06,0,activa
2435,1848,corriente,2025-06-25,-235.13,1000,activa
2436,1848,ahorro,2025-07-01,-11690.4,0,activa
2437,1849,ahorro,2023-10-15,43619.49,0,activa
2438,1850,corriente,2021-03-15,10614.22,500,activa
2439,1851,corriente,2024-08-19,5782.44,0,activa
2440,1852,corriente,2024-01-21,10030.34,300,activa
2441,1853,corriente,2015-09-16,13002.33,0,activa
2442,1854,corriente,2023-04-06,-6733.18,0,activa
2443,1854,corriente,2023-10-04,-5200.72,300,activa
2444,1855,corriente,2024-03-27,6562.99,1000,activa
2445,1856,ahorro,2023-07-22,11811.13,0,activa
2446,1857,corriente,2023-07-01,11452.78,0,activa
2447,1858,corriente,2021-06-08,3904.23,300,activa
2448,1859,ahorro,2026-04-24,152.86,0,activa
2449,1860,corriente,2024-09-11,-5702.13,500,activa
2450,1861,corriente,2025-08-25,13686.26,500,activa
2451,1862,corriente,2023-06-15,-4448.08,500,activa
2452,1863,corriente,2021-10-26,-9034.58,300,activa
2453,1864,ahorro,2026-06-25,5438.76,0,activa
2454,1865,corriente,2011-01-03,10327.12,300,cerrada
2455,1866,ahorro,2024-06-01,29481.91,0,activa
2456,1867,corriente,2019-10-13,43577.02,1000,activa
2457,1868,corriente,2023-05-01,4991.03,500,activa
2458,1869,corriente,2018-09-05,-5743.3,1000,cerrada
2459,1870,corriente,2018-06-15,-7152.03,0,activa
2460,1870,corriente,2023-02-09,-4770.92,0,activa
2461,1871,corriente,2026-04-23,-1825.91,1000,activa
2462,1872,ahorro,2026-06-14,2221.71,0,activa
2463,1873,corriente,2019-07-23,6307.43,0,activa
2464,1873,corriente,2024-02-03,-5781.81,500,activa
2465,1874,corriente,2023-10-14,23582.45,300,activa
2466,1874,corriente,2024-09-15,-9764.04,300,cerrada
2467,1875,corriente,2024-03-27,5803.2,0,activa
2468,1876,corriente,2019-12-19,7900.61,1000,cerrada
2469,1877,corriente,2024-12-27,-4491.6,300,activa
2470,1878,corriente,2021-07-15,9901.74,300,activa
2471,1878,ahorro,2024-03-29,-5705.11,0,activa
2472,1879,corriente,2024-09-23,52561.97,300,activa
2473,1879,corriente,2024-08-10,-8613.19,300,activa
2474,1880,corriente,2017-11-28,12519.77,500,activa
2475,1880,corriente,2007-10-12,-4909.9,1000,activa
2476,1881,ahorro,2025-03-29,-1578.33,0,activa
2477,1882,corriente,2016-03-10,20061.19,300,activa
2478,1883,corriente,2026-06-01,-320.69,500,bloqueada
2479,1884,corriente,2025-01-25,12375.56,0,activa
2480,1884,corriente,2025-07-01,-5157.33,1000,activa
2481,1884,corriente,2026-03-11,-593.57,0,activa
2482,1885,corriente,2014-02-21,4616.99,0,activa
2483,1886,corriente,2022-11-17,16608.23,300,activa
2484,1886,corriente,2024-03-08,-8623.74,0,activa
2485,1887,corriente,2022-06-23,7515.07,300,activa
2486,1888,ahorro,2025-12-11,16972.24,0,activa
2487,1889,corriente,2025-10-30,31036.77,300,activa
2488,1890,corriente,2016-01-12,7188.38,300,activa
2489,1890,corriente,2020-09-03,-3479.05,300,activa
2490,1891,corriente,2021-02-13,10699.12,300,activa
2491,1892,corriente,2020-06-17,10898.5,1000,activa
2492,1893,ahorro,2014-12-10,20343.56,0,activa
2493,1894,corriente,2024-09-01,9566.57,1000,activa
2494,1895,corriente,2014-05-05,9088.81,0,activa
2495,1895,corriente,2017-08-20,-4586.57,500,activa
2496,1895,corriente,2014-03-01,-8897.53,500,activa
2497,1896,corriente,2023-09-17,20779.1,0,activa
2498,1897,corriente,2026-06-28,-750.84,1000,activa
2499,1897,ahorro,2026-06-28,-655.72,0,activa
2500,1898,corriente,2013-05-14,-3260.62,300,activa
2501,1899,corriente,2025-12-26,5631.89,0,activa
2502,1900,corriente,2023-12-10,13650.81,500,activa
2503,1901,ahorro,2025-01-25,-4494.36,0,cerrada
2504,1902,corriente,2011-02-23,10243.36,0,activa
2505,1902,corriente,2016-01-12,-13056.91,500,activa
2506,1902,corriente,2013-01-25,-8099.3,500,activa
2507,1903,corriente,2023-10-03,5294.09,300,cerrada
2508,1904,corriente,2019-10-06,47159.16,1000,activa
2509,1904,corriente,2022-02-21,-2652.46,500,activa
2510,1905,corriente,2010-11-06,-4248.17,500,activa
2511,1905,corriente,2022-06-08,-10104.36,0,activa
2512,1906,corriente,2025-11-13,3690.09,500,activa
2513,1907,corriente,2019-12-22,7583.05,500,activa
2514,1907,ahorro,2024-05-06,-12645.95,0,activa
2515,1908,corriente,2024-12-28,14912.51,300,activa
2516,1909,corriente,2025-06-06,16885.58,500,cerrada
2517,1910,corriente,2024-05-25,3767.65,300,activa
2518,1911,corriente,2024-07-28,6393.15,0,cerrada
2519,1912,corriente,2021-09-05,7556.34,1000,cerrada
2520,1913,corriente,2024-10-14,-5032.62,500,activa
2521,1914,ahorro,2025-08-23,22495.38,0,activa
2522,1915,ahorro,2026-04-12,2241.51,0,activa
2523,1916,corriente,2013-11-04,3818.45,0,activa
2524,1917,corriente,2023-03-15,33736.02,300,activa
2525,1917,ahorro,2022-05-31,-4589.57,0,activa
2526,1918,ahorro,2020-04-08,5801.05,0,activa
2527,1919,corriente,2024-01-02,730.7,1000,activa
2528,1920,corriente,2020-07-25,4038.37,0,activa
2529,1921,corriente,2016-07-23,5688.17,500,activa
2530,1922,corriente,2025-11-24,2722.73,300,activa
2531,1923,ahorro,2020-09-30,29739.01,0,activa
2532,1924,corriente,2025-10-16,26101.85,300,activa
2533,1925,corriente,2025-07-08,38451.19,0,activa
2534,1926,corriente,2024-10-14,7472.86,300,activa
2535,1927,corriente,2023-09-02,43773.12,1000,activa
2536,1928,ahorro,2026-05-12,-773.6,0,activa
2537,1929,corriente,2025-11-11,8868.85,500,activa
2538,1930,corriente,2025-04-07,-2810.24,0,activa
2539,1931,ahorro,2025-07-08,-1340.55,0,activa
2540,1931,corriente,2026-04-30,-281.61,0,activa
2541,1932,corriente,2026-02-06,1401.56,0,activa
2542,1933,ahorro,2026-05-13,6306.35,0,activa
2543,1933,ahorro,2025-12-31,-6772.14,0,activa
2544,1933,corriente,2026-05-23,349.35,0,activa
2545,1934,corriente,2024-03-19,18770.23,500,activa
2546,1934,corriente,2020-08-30,-3748.22,0,activa
2547,1935,ahorro,2026-05-11,2489.79,0,activa
2548,1936,corriente,2025-06-20,65472.29,1000,activa
2549,1937,corriente,2024-11-11,5062.56,300,activa
2550,1938,ahorro,2015-02-16,3124.95,0,activa
2551,1939,corriente,2016-08-06,16538.46,500,activa
2552,1939,corriente,2023-12-07,-5468.09,0,activa
2553,1940,corriente,2018-02-15,14693.34,1000,activa
2554,1941,corriente,2023-06-21,10101.19,1000,activa
2555,1942,ahorro,2024-02-21,30155.53,0,activa
2556,1943,corriente,2026-04-27,171.67,500,activa
2557,1943,ahorro,2026-04-18,-2076.83,0,activa
2558,1944,corriente,2018-03-14,-7800.13,300,cerrada
2559,1945,corriente,2017-06-12,-5211.18,500,activa
2560,1946,ahorro,2017-07-07,15910.3,0,activa
2561,1947,corriente,2025-08-04,146.74,300,activa
2562,1947,corriente,2018-06-19,-5931.31,500,activa
2563,1948,corriente,2013-05-18,5833.68,300,activa
2564,1948,corriente,2020-05-28,-11695.14,1000,activa
2565,1948,corriente,2026-02-14,-3340.0,300,activa
2566,1949,corriente,2015-12-16,24207.09,0,activa
2567,1950,ahorro,2026-02-15,5677.99,0,activa
2568,1951,corriente,2011-12-25,-4463.73,0,activa
2569,1952,corriente,2019-06-24,14464.52,500,activa
2570,1953,corriente,2020-04-01,6116.7,0,activa
2571,1953,ahorro,2020-03-23,-6560.04,0,activa
2572,1953,corriente,2025-08-09,-7314.05,300,activa
2573,1954,corriente,2016-03-20,12481.41,300,activa
2574,1955,corriente,2024-05-18,7644.88,300,activa
2575,1955,ahorro,2026-03-05,-3266.85,0,activa
2576,1956,corriente,2020-05-21,9629.08,500,activa
2577,1957,corriente,2024-07-08,7887.29,1000,activa
2578,1958,corriente,2026-04-07,8522.42,1000,activa
2579,1958,corriente,2026-02-20,234.61,1000,activa
2580,1959,ahorro,2025-03-11,-7092.0,0,activa
2581,1960,ahorro,2024-01-01,-6731.19,0,activa
2582,1961,corriente,2025-10-30,-1464.48,0,activa
2583,1961,corriente,2026-02-21,-2250.73,300,activa
2584,1962,ahorro,2019-08-21,-6470.82,0,activa
2585,1963,ahorro,2020-05-28,213.54,0,activa
2586,1964,corriente,2020-04-23,34888.48,500,activa
2587,1965,corriente,2020-10-12,-3077.23,1000,activa
2588,1965,ahorro,2023-12-16,-12260.22,0,activa
2589,1966,ahorro,2026-02-10,8012.32,0,activa
2590,1966,ahorro,2026-04-30,-39.68,0,activa
2591,1967,corriente,2009-12-29,11985.27,0,cerrada
2592,1968,corriente,2025-11-10,-1173.77,300,activa
2593,1968,corriente,2023-11-03,-10803.63,0,activa
2594,1968,corriente,2026-04-01,-1749.78,500,activa
2595,1969,corriente,2025-11-13,-1824.5,300,activa
2596,1970,corriente,2026-02-14,2688.66,300,activa
2597,1971,corriente,2024-07-14,7067.76,500,activa
2598,1971,corriente,2025-11-12,-2799.19,0,activa
2599,1971,corriente,2025-11-30,-1951.85,300,activa
2600,1972,corriente,2023-01-06,11901.2,1000,activa
2601,1972,corriente,2013-10-26,-7347.74,300,activa
2602,1973,corriente,2026-06-24,2287.46,500,activa
2603,1974,ahorro,2024-09-15,41891.51,0,activa
2604,1974,corriente,2024-09-19,-6390.18,300,activa
2605,1975,corriente,2026-01-14,6348.68,0,activa
2606,1975,corriente,2025-10-06,-4092.8,300,activa
2607,1976,corriente,2023-07-05,520.56,500,activa
2608,1977,corriente,2023-03-05,76047.78,300,activa
2609,1978,corriente,2017-06-14,15447.63,300,activa
2610,1979,ahorro,2025-10-19,5120.42,0,activa
2611,1980,corriente,2026-06-13,5953.84,1000,activa
2612,1981,corriente,2026-01-18,9185.27,500,activa
2613,1982,corriente,2012-08-26,6788.2,0,activa
2614,1983,corriente,2021-09-27,16461.35,300,activa
2615,1984,corriente,2023-07-22,17661.19,0,activa
2616,1985,corriente,2026-03-31,-1016.37,500,activa
2617,1986,corriente,2023-10-15,23599.8,0,activa
2618,1987,corriente,2026-05-09,-711.63,300,activa
2619,1987,ahorro,2026-06-01,-769.02,0,activa
2620,1988,ahorro,2019-01-05,-5700.6,0,activa
2621,1989,ahorro,2025-01-21,16525.73,0,activa
2622,1989,corriente,2025-02-04,-8302.2,300,activa
2623,1990,ahorro,2024-01-25,-11114.55,0,activa
2624,1991,ahorro,2019-08-11,12094.49,0,activa
2625,1991,corriente,2022-03-25,-4813.75,1000,activa
2626,1992,corriente,2026-01-31,5210.84,300,activa
2627,1993,corriente,2022-11-23,46728.49,300,activa
2628,1994,corriente,2020-03-27,-5098.64,500,activa
2629,1995,corriente,2021-09-17,-13592.07,300,activa
2630,1996,corriente,2017-05-14,25584.78,300,activa
2631,1997,corriente,2014-06-25,-5567.08,300,activa
2632,1998,corriente,2023-01-31,5388.42,300,activa
2633,1999,ahorro,2026-04-18,10557.8,0,activa
2634,2000,corriente,2026-01-11,14451.05,500,activa
2635,2000,corriente,2026-04-02,-1300.09,1000,activa
2636,2001,ahorro,2026-01-27,5967.17,0,activa
2637,2001,corriente,2023-05-11,-7739.21,500,activa
2638,2002,corriente,2020-03-04,16295.94,0,activa
2639,2002,corriente,2024-01-29,-7360.4,500,activa
2640,2002,ahorro,2014-07-01,-5289.66,0,activa
2641,2003,corriente,2012-01-01,7775.32,0,activa
2642,2004,corriente,2020-09-27,9325.94,0,activa
2643,2005,corriente,2021-08-08,2061.4,300,activa
2644,2006,corriente,2023-06-01,-5140.43,1000,activa
2645,2007,corriente,2024-02-23,-1181.31,0,cerrada
2646,2008,corriente,2024-09-29,1931.42,0,activa
2647,2008,corriente,2021-07-06,-7711.23,500,activa
2648,2009,corriente,2026-06-07,-1548.12,500,activa
2649,2009,corriente,2026-06-02,-1959.37,300,activa
2650,2009,ahorro,2026-06-05,-500.48,0,cerrada
2651,2010,ahorro,2024-05-07,35714.19,0,activa
2652,2011,corriente,2020-08-05,8462.44,500,activa
2653,2012,corriente,2025-11-11,-6774.64,1000,activa
2654,2012,corriente,2024-01-24,-8471.18,300,activa
2655,2013,ahorro,2023-04-07,2935.08,0,activa
2656,2014,corriente,2022-04-22,17562.21,0,activa
2657,2014,corriente,2023-11-04,-5775.06,0,activa
2658,2015,corriente,2009-05-03,7722.65,0,activa
2659,2015,corriente,2010-06-20,-6578.96,300,activa
2660,2016,corriente,2023-01-04,5669.96,300,activa
2661,2017,ahorro,2014-04-09,-4478.82,0,cerrada
2662,2017,corriente,2011-07-31,-6313.63,500,activa
2663,2018,corriente,2026-06-15,257.06,500,activa
2664,2019,corriente,2026-06-25,7616.09,1000,activa
2665,2020,corriente,2022-12-07,11729.22,0,activa
2666,2021,corriente,2021-04-14,9420.04,0,activa
2667,2022,corriente,2026-06-12,-772.47,300,activa
2668,2023,corriente,2021-10-12,12369.75,1000,activa
2669,2024,corriente,2026-05-21,4712.24,0,activa
2670,2025,corriente,2025-04-13,9238.32,0,activa
2671,2026,corriente,2018-01-02,-3695.98,0,activa
2672,2027,corriente,2014-06-14,16010.83,300,activa
2673,2028,corriente,2024-04-29,16101.85,0,activa
2674,2029,ahorro,2015-06-01,-7245.58,0,cerrada
2675,2029,corriente,2008-11-09,-7163.29,500,activa
2676,2030,ahorro,2024-09-04,21844.4,0,activa
2677,2031,corriente,2023-09-09,17033.94,1000,activa
2678,2032,corriente,2025-11-17,14485.48,0,activa
2679,2033,ahorro,2024-10-01,11697.96,0,activa
2680,2034,corriente,2026-06-17,9107.83,0,activa
2681,2035,corriente,2025-08-06,12640.2,300,activa
2682,2035,corriente,2024-10-13,-5124.3,0,activa
2683,2036,corriente,2024-12-31,34968.55,500,activa
2684,2037,corriente,2021-09-21,12124.48,500,activa
2685,2037,corriente,2018-05-27,-10630.0,1000,activa
2686,2038,corriente,2025-04-14,10671.33,1000,activa
2687,2039,corriente,2016-10-20,31942.39,1000,activa
2688,2039,corriente,2010-06-26,-7358.21,300,activa
2689,2040,ahorro,2016-10-07,8934.27,0,bloqueada
2690,2041,corriente,2026-06-21,-1492.1,1000,activa
2691,2041,corriente,2026-05-15,-1441.43,300,bloqueada
2692,2042,corriente,2026-03-20,9749.08,0,activa
2693,2043,corriente,2026-01-10,12571.64,1000,activa
2694,2043,ahorro,2026-06-21,-2110.0,0,activa
2695,2044,ahorro,2023-05-06,-2404.3,0,activa
2696,2045,corriente,2018-03-23,6552.61,500,activa
2697,2045,ahorro,2024-09-11,-5192.84,0,activa
2698,2046,corriente,2023-08-21,13920.78,300,activa
2699,2047,corriente,2024-12-28,28836.13,0,activa
2700,2048,corriente,2026-01-10,2262.49,300,cerrada
2701,2048,corriente,2025-04-18,-8232.94,1000,activa
2702,2049,corriente,2018-01-10,13281.67,300,activa
2703,2049,corriente,2021-02-13,-7914.58,300,activa
2704,2049,ahorro,2005-12-03,-9262.02,0,activa
2705,2050,corriente,2026-05-27,7801.49,0,activa
2706,2051,corriente,2017-09-28,31304.35,500,activa
2707,2052,ahorro,2022-01-01,33436.74,0,activa
2708,2052,corriente,2021-04-23,-3879.28,500,activa
2709,2053,corriente,2024-11-24,6398.51,1000,activa
2710,2054,corriente,2012-07-07,-4437.45,0,activa
2711,2055,corriente,2024-12-17,11567.29,1000,activa
2712,2055,corriente,2026-06-17,-177.91,500,activa
2713,2056,corriente,2025-10-24,5342.99,1000,activa
2714,2056,ahorro,2013-11-30,-5276.21,0,activa
2715,2056,ahorro,2022-04-10,-8224.28,0,activa
2716,2057,corriente,2019-07-05,17237.57,1000,cerrada
2717,2058,corriente,2023-04-19,22073.34,300,activa
2718,2058,corriente,2025-11-03,-1257.05,0,activa
2719,2059,corriente,2018-02-12,-8488.03,0,cerrada
2720,2059,corriente,2025-09-28,-6613.84,1000,activa
2721,2059,corriente,2025-03-16,-7426.31,1000,activa
2722,2060,corriente,2015-04-04,-7116.51,0,activa
2723,2061,corriente,2024-12-22,20780.37,500,activa
2724,2062,corriente,2026-06-28,2589.48,1000,activa
2725,2063,ahorro,2019-06-28,-5770.93,0,activa
2726,2064,corriente,2020-06-19,23989.71,1000,activa
2727,2065,corriente,2022-01-29,-9459.75,0,activa
2728,2066,corriente,2024-02-27,26424.6,1000,activa
2729,2066,corriente,2025-07-12,-8964.53,0,activa
2730,2067,corriente,2022-09-19,13610.16,0,cerrada
2731,2068,corriente,2020-02-14,5184.33,500,activa
2732,2069,ahorro,2023-08-07,49204.89,0,activa
2733,2070,corriente,2019-11-09,10576.53,500,activa
2734,2071,corriente,2026-02-08,5208.56,1000,activa
2735,2072,ahorro,2008-07-22,14891.13,0,activa
2736,2073,ahorro,2026-06-14,126.8,0,activa
2737,2074,ahorro,2026-05-14,-1321.71,0,activa
2738,2075,corriente,2025-10-08,-5751.38,0,activa
2739,2076,ahorro,2026-02-18,1001.17,0,activa
2740,2077,corriente,2024-01-16,1188.85,0,activa
2741,2078,corriente,2022-01-24,2170.17,0,activa
2742,2079,corriente,2025-04-07,6869.47,0,activa
2743,2080,corriente,2017-01-02,-7316.04,0,activa
2744,2081,corriente,2019-03-09,9212.12,1000,activa
2745,2082,corriente,2024-11-05,35307.32,0,activa
2746,2083,corriente,2026-04-11,3681.46,1000,activa
2747,2084,corriente,2019-09-09,5563.73,500,activa
2748,2084,corriente,2018-09-14,-7388.41,1000,activa
2749,2085,corriente,2022-05-23,9416.94,500,activa
2750,2086,corriente,2026-02-18,8019.87,300,activa
2751,2087,corriente,2023-09-24,-3486.59,1000,cerrada
2752,2088,ahorro,2021-04-12,10764.15,0,activa
2753,2089,corriente,2023-10-11,15412.6,300,activa
2754,2089,corriente,2021-07-02,-3289.14,1000,activa
2755,2090,corriente,2016-07-21,10072.87,0,activa
2756,2091,corriente,2022-08-11,-11086.16,500,activa
2757,2091,corriente,2026-03-31,-1613.58,300,activa
2758,2092,corriente,2024-03-31,45.83,0,activa
2759,2093,corriente,2024-02-16,-4198.62,1000,activa
2760,2094,ahorro,2025-09-16,-4026.93,0,activa
2761,2095,corriente,2026-06-22,-824.54,500,activa
2762,2096,ahorro,2025-02-04,10803.4,0,activa
2763,2096,corriente,2025-10-15,-6198.07,1000,activa
2764,2097,corriente,2026-06-01,-1522.27,1000,activa
2765,2097,ahorro,2024-11-26,-6079.25,0,activa
2766,2098,corriente,2025-02-28,2474.52,1000,activa
2767,2099,ahorro,2008-09-25,645.92,0,activa
2768,2099,corriente,2013-11-30,-6381.95,1000,activa
2769,2100,corriente,2025-10-11,4385.48,300,activa
2770,2101,corriente,2026-01-25,16037.38,0,activa
2771,2101,corriente,2026-02-18,-3511.33,0,activa
2772,2102,corriente,2017-12-27,49054.13,0,activa
2773,2103,corriente,2020-09-05,16468.88,300,activa
2774,2104,corriente,2020-03-16,33603.96,0,activa
2775,2105,corriente,2025-11-27,13002.12,500,activa
2776,2106,corriente,2017-11-02,19723.49,300,activa
2777,2107,ahorro,2022-06-23,11015.7,0,activa
2778,2107,ahorro,2021-02-06,-8482.71,0,activa
2779,2108,corriente,2026-06-22,2034.15,500,activa
2780,2108,corriente,2025-10-18,-7109.78,0,activa
2781,2109,corriente,2025-05-04,25235.88,0,activa
2782,2110,corriente,2025-06-06,3067.8,0,cerrada
2783,2111,corriente,2026-05-21,7288.41,500,activa
2784,2111,corriente,2026-03-26,199.07,300,activa
2785,2112,corriente,2016-06-15,9835.11,1000,activa
2786,2113,ahorro,2024-07-29,19676.62,0,activa
2787,2113,corriente,2024-11-21,-5015.66,1000,activa
2788,2113,corriente,2021-05-29,-5798.7,0,activa
2789,2114,corriente,2026-05-17,628.27,300,activa
2790,2115,corriente,2018-01-09,-2583.91,300,activa
2791,2115,corriente,2025-07-24,-5892.9,0,activa
2792,2116,ahorro,2026-05-18,-969.58,0,activa
2793,2117,corriente,2025-03-19,31302.89,500,cerrada
2794,2118,corriente,2020-08-10,19596.97,500,cerrada
2795,2119,corriente,2026-02-12,10022.02,500,activa
2796,2120,corriente,2025-07-25,11048.31,500,activa
2797,2121,corriente,2026-06-29,1914.71,500,activa
2798,2121,corriente,2026-03-25,1538.27,500,activa
2799,2122,ahorro,2024-10-05,4828.09,0,activa
2800,2122,corriente,2023-10-17,-4230.0,500,activa
2801,2123,ahorro,2024-03-31,18402.15,0,activa
2802,2124,corriente,2020-09-12,34618.21,300,activa
2803,2124,ahorro,2012-09-28,-2735.03,0,activa
2804,2124,corriente,2014-11-29,-8294.78,500,activa
2805,2125,corriente,2023-08-09,8268.68,1000,activa
2806,2125,corriente,2023-08-16,-9924.42,0,activa
2807,2125,corriente,2024-02-26,-3730.07,0,activa
2808,2126,corriente,2023-12-20,15476.9,500,activa
2809,2126,corriente,2025-02-17,-8432.68,500,activa
2810,2127,corriente,2025-09-18,11142.59,300,activa
2811,2128,corriente,2020-04-06,12324.52,0,activa
2812,2128,corriente,2017-07-06,-10046.33,500,cerrada
2813,2129,corriente,2009-11-14,34407.47,500,activa
2814,2129,ahorro,2019-08-24,-5116.49,0,activa
2815,2130,ahorro,2026-06-29,-799.3,0,activa
2816,2130,ahorro,2026-06-20,-2028.69,0,activa
2817,2131,corriente,2025-06-20,20.7,300,activa
2818,2132,corriente,2024-09-10,14066.45,300,activa
2819,2133,corriente,2022-11-08,23290.79,1000,activa
2820,2134,corriente,2015-03-03,1019.65,1000,activa
2821,2134,corriente,2014-07-27,-5831.59,0,activa
2822,2135,corriente,2025-10-14,6504.61,0,activa
2823,2136,ahorro,2026-03-10,5367.43,0,activa
2824,2137,corriente,2024-10-03,19070.35,500,activa
2825,2138,corriente,2026-06-20,-1553.26,1000,activa
2826,2139,corriente,2014-11-14,8946.66,1000,activa
2827,2140,corriente,2026-05-24,144.56,300,activa
2828,2141,ahorro,2023-05-30,406.69,0,activa
2829,2141,ahorro,2022-04-28,-4808.69,0,activa
2830,2142,corriente,2021-12-17,4552.24,0,activa
2831,2142,corriente,2023-09-20,-5010.65,1000,activa
2832,2143,corriente,2020-05-04,27347.79,1000,activa
2833,2144,corriente,2013-09-13,-4679.03,0,activa
2834,2145,corriente,2025-10-10,8783.44,500,activa
2835,2146,corriente,2024-07-01,2193.24,300,activa
2836,2147,ahorro,2023-10-23,19675.18,0,activa
2837,2147,corriente,2024-08-16,-7933.93,1000,activa
2838,2148,ahorro,2024-04-10,24225.8,0,activa
2839,2149,corriente,2020-12-19,12858.49,300,activa
2840,2150,ahorro,2026-03-18,5887.0,0,activa
2841,2151,corriente,2025-09-18,13013.6,0,cerrada
2842,2152,corriente,2021-06-25,14762.83,0,activa
2843,2153,ahorro,2025-02-20,-4120.9,0,activa
2844,2154,corriente,2025-12-10,3964.67,1000,activa
2845,2155,corriente,2010-08-29,14084.1,0,activa
2846,2156,ahorro,2023-03-12,14947.45,0,activa
2847,2157,ahorro,2025-10-13,23007.38,0,activa
2848,2158,corriente,2024-07-18,16034.17,1000,activa
2849,2158,corriente,2020-08-10,-6569.09,500,activa
2850,2158,ahorro,2022-08-09,-2510.86,0,activa
2851,2159,corriente,2020-07-19,23896.53,500,activa
2852,2160,corriente,2023-10-31,-4526.71,1000,activa
2853,2161,corriente,2016-09-15,20009.36,500,activa
2854,2162,ahorro,2026-04-30,1617.54,0,activa
2855,2163,corriente,2019-08-10,21063.65,0,activa
2856,2164,corriente,2025-12-01,-2921.43,300,activa
2857,2164,corriente,2026-01-08,-2894.58,0,activa
2858,2165,corriente,2025-08-31,-2125.05,300,activa
2859,2165,corriente,2026-05-22,-2594.74,1000,activa
2860,2166,corriente,2026-03-04,3525.47,1000,activa
2861,2166,corriente,2026-02-13,-783.45,300,activa
2862,2167,corriente,2022-12-15,-726.46,1000,activa
2863,2168,corriente,2026-01-18,4438.22,0,activa
2864,2169,corriente,2021-10-20,35156.86,1000,activa
2865,2169,corriente,2019-10-09,-5231.35,0,activa
2866,2170,corriente,2022-10-25,28039.12,300,activa
2867,2171,corriente,2018-12-16,11697.91,0,activa
2868,2172,corriente,2010-01-30,-5302.61,500,activa
2869,2173,ahorro,2009-04-20,-6711.75,0,activa
2870,2174,corriente,2026-06-21,2447.15,300,activa
2871,2175,corriente,2026-05-24,-911.69,500,activa
2872,2176,corriente,2024-09-04,-8183.65,300,activa
2873,2176,corriente,2023-05-25,-8739.14,1000,activa
2874,2177,corriente,2025-08-22,15476.34,300,activa
2875,2178,corriente,2025-08-08,6931.85,1000,activa
2876,2179,corriente,2023-03-15,-4233.8,0,activa
2877,2180,corriente,2025-02-25,-7591.6,0,activa
2878,2181,corriente,2022-01-19,12727.72,500,activa
2879,2182,corriente,2018-11-30,3332.74,0,activa
2880,2183,corriente,2024-03-05,10760.73,300,activa
2881,2183,corriente,2025-10-28,-4607.42,300,activa
2882,2184,ahorro,2026-03-30,766.0,0,activa
2883,2185,ahorro,2022-06-03,17671.57,0,activa
2884,2185,corriente,2025-03-06,-7572.82,1000,activa
2885,2186,corriente,2026-06-06,-1005.35,1000,activa
2886,2187,ahorro,2023-05-04,5780.5,0,activa
2887,2188,ahorro,2024-08-30,26268.39,0,activa
2888,2188,corriente,2024-02-13,-4094.64,1000,activa
2889,2189,ahorro,2025-08-02,-9246.03,0,activa
2890,2190,ahorro,2020-06-04,-766.4,0,cerrada
2891,2191,corriente,2026-05-13,-374.75,0,activa
2892,2191,corriente,2026-02-21,-1339.31,500,activa
2893,2192,corriente,2026-03-14,7162.88,500,cerrada
2894,2193,corriente,2024-01-10,663.36,1000,activa
2895,2194,corriente,2023-12-19,14245.5,0,activa
2896,2195,corriente,2022-09-19,46421.5,500,activa
2897,2195,corriente,2018-11-21,-9474.68,0,activa
2898,2196,corriente,2015-01-30,2184.29,0,activa
2899,2197,corriente,2026-06-28,21432.95,500,activa
2900,2198,ahorro,2026-06-03,1860.34,0,activa
2901,2199,corriente,2024-01-26,12163.29,1000,activa
2902,2200,corriente,2026-06-27,6704.41,500,activa
2903,2200,ahorro,2026-03-15,-387.22,0,activa
2904,2201,corriente,2025-01-14,34034.41,300,cerrada
2905,2202,ahorro,2026-05-29,1108.61,0,cerrada
2906,2203,ahorro,2025-04-24,12319.19,0,activa
2907,2203,corriente,2025-12-14,-3735.81,300,activa
2908,2204,corriente,2021-09-06,17194.13,0,activa
2909,2205,corriente,2025-06-30,8027.85,1000,activa
2910,2206,corriente,2026-02-23,2064.2,300,activa
2911,2207,corriente,2006-12-27,67435.13,500,activa
2912,2208,corriente,2023-06-03,20790.57,1000,activa
2913,2208,corriente,2024-06-26,-7562.41,1000,activa
2914,2209,corriente,2026-04-22,3757.51,1000,activa
2915,2210,corriente,2025-08-16,10977.45,500,activa
2916,2211,ahorro,2023-10-11,1812.31,0,activa
2917,2211,corriente,2019-12-30,-10674.17,0,activa
2918,2212,corriente,2021-12-20,13705.22,1000,activa
2919,2212,corriente,2023-10-10,-5312.77,1000,activa
2920,2212,ahorro,2025-11-28,-4267.35,0,activa
2921,2213,corriente,2022-05-30,10350.98,300,cerrada
2922,2214,corriente,2025-07-26,4838.32,1000,activa
2923,2214,ahorro,2025-11-28,-2201.31,0,activa
2924,2215,corriente,2016-05-22,10697.52,0,activa
2925,2216,corriente,2022-11-08,6181.52,1000,cerrada
2926,2217,corriente,2025-08-08,76152.06,500,activa
2927,2218,ahorro,2026-05-22,8155.84,0,activa
2928,2218,corriente,2026-06-28,-637.12,300,activa
2929,2219,corriente,2023-05-01,32087.11,300,activa
2930,2219,corriente,2023-07-14,-4730.1,0,activa
2931,2220,corriente,2018-10-20,6923.06,1000,activa
2932,2221,corriente,2026-04-28,3896.95,0,activa
2933,2221,corriente,2026-05-31,33.21,300,activa
2934,2222,corriente,2026-04-13,4803.66,0,activa
2935,2223,ahorro,2025-01-13,3206.98,0,activa
2936,2224,corriente,2025-01-05,7742.92,0,activa
2937,2224,corriente,2025-02-14,-12445.57,500,activa
2938,2225,corriente,2025-03-30,34117.65,1000,activa
2939,2226,corriente,2019-11-22,7460.36,0,activa
2940,2227,ahorro,2026-03-19,125.34,0,activa
2941,2227,corriente,2023-12-18,-11138.75,0,activa
2942,2228,corriente,2026-04-11,-140.09,1000,activa
2943,2229,corriente,2013-10-21,50113.56,300,activa
2944,2230,corriente,2026-01-20,28275.43,1000,activa
2945,2230,corriente,2026-02-24,-408.74,300,activa
2946,2231,corriente,2024-01-05,53617.92,0,bloqueada
2947,2232,corriente,2026-06-18,82.36,1000,activa
2948,2232,corriente,2025-03-12,-6093.11,1000,activa
2949,2233,corriente,2026-05-04,9464.48,300,activa
2950,2234,ahorro,2023-04-06,42184.23,0,activa
2951,2234,ahorro,2025-10-13,-1171.14,0,activa
2952,2235,corriente,2022-04-21,13941.69,300,activa
2953,2236,corriente,2018-10-02,-9491.03,0,activa
2954,2237,corriente,2022-08-03,18471.64,300,activa
2955,2238,corriente,2021-02-14,14169.1,0,activa
2956,2239,ahorro,2017-03-22,17105.06,0,activa
2957,2240,corriente,2012-12-06,15067.21,0,activa
2958,2241,ahorro,2020-02-01,-5907.29,0,activa
2959,2242,ahorro,2026-01-23,3672.61,0,cerrada
2960,2243,corriente,2024-10-06,29274.12,500,activa
2961,2244,corriente,2026-06-24,6097.23,500,activa
2962,2245,corriente,2025-01-07,28070.99,300,activa
2963,2246,corriente,2024-09-04,11002.85,300,activa
2964,2247,corriente,2013-09-11,7832.17,300,activa
2965,2247,corriente,2011-04-01,-10074.25,300,activa
2966,2248,corriente,2018-03-30,8494.01,300,activa
2967,2249,corriente,2026-01-30,17336.01,500,activa
2968,2249,corriente,2026-04-14,-1225.26,500,activa
2969,2250,corriente,2015-05-05,7310.81,500,activa
2970,2251,corriente,2017-02-24,7827.58,300,activa
2971,2251,corriente,2016-10-04,-8372.71,300,activa
2972,2251,corriente,2013-01-13,-6357.3,1000,activa
2973,2252,corriente,2021-07-04,5589.73,0,activa
2974,2253,corriente,2025-10-03,15742.45,0,bloqueada
2975,2254,corriente,2020-09-29,16277.05,500,activa
2976,2255,corriente,2014-05-31,5245.46,300,activa
2977,2256,ahorro,2022-06-03,8192.84,0,activa
2978,2256,corriente,2019-03-29,-7114.06,500,activa
2979,2257,corriente,2024-12-19,-6193.46,300,activa
2980,2257,corriente,2021-03-23,-5980.21,1000,activa
2981,2258,corriente,2021-05-24,29070.94,0,activa
2982,2258,corriente,2021-07-14,-8195.34,0,activa
2983,2259,corriente,2021-05-10,-5379.66,300,activa
2984,2260,corriente,2012-07-12,51261.92,500,activa
2985,2261,corriente,2024-07-13,-2979.64,500,cerrada
2986,2261,corriente,2024-09-17,-7325.33,500,activa
2987,2262,corriente,2026-04-14,8429.39,0,activa
2988,2263,corriente,2026-05-25,3531.79,300,activa
2989,2264,corriente,2023-09-28,21249.78,500,activa
2990,2265,corriente,2025-10-13,4137.8,0,activa
2991,2265,corriente,2025-12-05,-2562.22,0,activa
2992,2266,ahorro,2019-10-24,-8354.9,0,activa
2993,2266,corriente,2018-03-14,-8171.68,0,activa
2994,2267,corriente,2017-03-12,18212.58,0,activa
2995,2268,corriente,2022-08-03,22843.44,0,activa
2996,2268,corriente,2025-08-17,-9521.52,300,activa
2997,2269,corriente,2013-07-24,12735.24,0,activa
2998,2270,corriente,2022-12-23,19042.6,1000,activa
2999,2270,corriente,2021-10-13,-5968.8,300,activa
3000,2271,corriente,2026-05-17,2844.41,0,activa
3001,2272,corriente,2025-02-06,10892.64,0,activa
3002,2273,corriente,2022-08-10,17043.51,1000,activa
3003,2274,corriente,2026-05-02,-1875.47,300,activa
3004,2275,corriente,2026-05-06,2843.76,300,activa
3005,2276,ahorro,2021-12-17,9703.06,0,activa
3006,2277,corriente,2012-01-17,-8160.23,300,activa
3007,2278,corriente,2019-02-26,-4292.96,500,activa
3008,2279,corriente,2022-06-21,10969.44,0,activa
3009,2280,corriente,2019-10-18,-5725.48,0,activa
3010,2280,corriente,2024-10-20,-8992.63,0,activa
3011,2281,corriente,2018-02-02,-4153.51,0,activa
3012,2282,ahorro,2011-05-19,-9999.68,0,activa
3013,2283,corriente,2018-12-14,-7323.96,500,activa
3014,2284,corriente,2014-09-24,8672.54,500,activa
3015,2284,corriente,2018-04-09,-6020.6,1000,activa
3016,2284,corriente,2026-06-08,-362.81,500,activa
3017,2285,corriente,2012-04-12,8891.1,300,activa
3018,2286,ahorro,2019-06-18,7257.33,0,activa
3019,2286,corriente,2025-07-09,-5607.65,1000,activa
3020,2287,corriente,2023-11-13,-7841.48,1000,activa
3021,2287,corriente,2025-01-22,-8220.18,1000,activa
3022,2288,corriente,2023-06-27,20338.2,0,activa
3023,2289,corriente,2026-06-17,-524.08,300,activa
3024,2290,corriente,2025-06-12,13401.5,0,activa
3025,2291,ahorro,2025-09-13,9096.5,0,activa
3026,2291,corriente,2019-04-16,-10450.82,0,cerrada
3027,2292,corriente,2021-06-09,6369.87,300,activa
3028,2292,corriente,2025-01-19,-7812.92,0,activa
3029,2292,corriente,2024-07-04,-9159.53,0,activa
3030,2293,corriente,2022-12-11,290.55,1000,activa
3031,2294,corriente,2024-05-06,9500.03,300,activa
3032,2295,corriente,2021-01-22,-4651.71,500,activa
3033,2295,corriente,2022-12-09,-4763.89,0,activa
3034,2296,corriente,2025-09-10,-3438.25,0,activa
3035,2296,corriente,2025-10-30,-4252.73,300,activa
3036,2297,corriente,2026-04-06,-1372.48,0,activa
3037,2297,corriente,2026-06-05,-601.79,1000,activa
3038,2298,corriente,2023-12-16,9898.42,0,activa
3039,2298,corriente,2026-06-25,-301.79,500,activa
3040,2299,ahorro,2022-09-01,6130.21,0,activa
3041,2300,corriente,2026-06-18,447.97,1000,activa
3042,2301,corriente,2026-05-21,1264.86,500,activa
3043,2301,corriente,2026-05-26,-207.19,0,activa
3044,2302,corriente,2023-12-11,66.02,500,activa
3045,2302,corriente,2026-01-20,-1827.6,1000,activa
3046,2303,corriente,2024-11-02,11273.15,300,activa
3047,2303,corriente,2026-03-21,-654.62,1000,activa
3048,2303,corriente,2023-04-15,-4525.66,1000,activa
3049,2304,ahorro,2017-09-30,-9498.45,0,activa
3050,2305,corriente,2012-07-19,-8446.77,300,activa
3051,2306,ahorro,2017-01-08,28163.44,0,activa
3052,2306,corriente,2021-12-18,-7863.23,0,activa
3053,2307,corriente,2024-10-12,16242.28,500,activa
3054,2307,corriente,2025-02-23,-3549.04,300,activa
3055,2307,corriente,2023-08-19,-10021.52,0,activa
3056,2308,corriente,2025-01-26,9930.33,500,activa
3057,2308,corriente,2025-04-02,-7813.61,1000,activa
3058,2309,corriente,2013-10-17,-5189.69,0,activa
3059,2310,corriente,2017-02-18,3062.21,1000,activa
3060,2311,corriente,2023-06-18,-7896.38,500,activa
3061,2312,corriente,2013-03-07,10764.33,1000,cerrada
3062,2313,corriente,2023-07-23,8927.37,0,activa
3063,2314,corriente,2026-04-18,2915.67,0,activa
3064,2315,corriente,2026-06-02,-80.17,300,activa
3065,2316,corriente,2026-02-17,6818.74,1000,activa
3066,2317,ahorro,2019-09-04,13612.66,0,activa
3067,2318,corriente,2025-02-14,6275.07,300,activa
3068,2319,corriente,2025-11-05,7880.68,1000,activa
3069,2320,corriente,2024-09-09,19000.55,0,activa
3070,2320,corriente,2025-04-10,-6750.62,1000,activa
3071,2321,ahorro,2026-06-10,2686.83,0,activa
3072,2321,ahorro,2025-03-08,-2696.33,0,activa
3073,2322,corriente,2023-12-04,16572.98,500,activa
3074,2322,corriente,2016-08-28,-6601.48,1000,activa
3075,2322,corriente,2026-06-08,977.92,1000,activa
3076,2323,ahorro,2025-08-26,22847.63,0,activa
3077,2324,corriente,2020-11-19,20624.5,0,activa
3078,2325,corriente,2020-12-13,2163.2,1000,activa
3079,2326,corriente,2026-03-27,6977.53,1000,activa
3080,2326,corriente,2022-03-19,-5265.28,500,activa
3081,2326,ahorro,2022-11-14,-8450.24,0,activa
3082,2327,corriente,2021-10-21,-6937.1,1000,activa
3083,2328,corriente,2026-04-08,3076.03,500,cerrada
3084,2329,ahorro,2025-05-24,19699.22,0,activa
3085,2329,corriente,2021-11-08,-8980.26,1000,activa
3086,2329,corriente,2017-02-20,-11590.48,500,activa
3087,2330,corriente,2023-11-13,-1905.41,0,activa
3088,2331,corriente,2026-01-08,7841.19,500,activa
3089,2332,corriente,2021-09-20,-1112.66,300,activa
3090,2332,corriente,2018-11-07,-7351.64,0,activa
3091,2332,corriente,2022-08-16,-12241.51,0,activa
3092,2333,corriente,2023-03-22,20163.71,300,activa
3093,2334,corriente,2014-06-19,14845.64,0,activa
3094,2335,ahorro,2026-01-16,2691.92,0,activa
3095,2335,corriente,2025-01-01,-9241.57,300,cerrada
3096,2336,corriente,2021-07-03,3396.92,500,activa
3097,2337,ahorro,2023-04-29,27643.86,0,activa
3098,2338,corriente,2025-05-25,44550.76,1000,activa
3099,2339,corriente,2024-01-31,11667.86,1000,activa
3100,2340,corriente,2023-09-18,37276.14,300,activa
3101,2341,corriente,2019-08-25,7524.53,1000,activa
3102,2342,corriente,2025-11-01,1513.83,500,activa
3103,2343,corriente,2026-03-12,10639.53,1000,activa
3104,2343,corriente,2017-04-25,-12299.69,500,activa
3105,2344,corriente,2026-05-01,1000.13,0,activa
3106,2344,corriente,2025-12-11,-1436.57,1000,activa
3107,2345,ahorro,2011-04-11,8713.01,0,activa
3108,2345,ahorro,2010-07-20,-8585.07,0,activa
3109,2346,corriente,2026-04-13,1304.69,300,cerrada
3110,2346,corriente,2026-06-15,-275.72,300,activa
3111,2347,corriente,2024-08-21,14750.61,0,activa
3112,2348,corriente,2021-04-23,11948.14,0,activa
3113,2349,corriente,2017-06-12,68980.07,1000,activa
3114,2350,corriente,2022-02-25,11688.89,300,activa
3115,2350,corriente,2016-11-23,-8873.99,500,activa
3116,2350,corriente,2014-12-12,-9204.57,500,activa
3117,2351,ahorro,2021-03-31,10912.22,0,activa
3118,2351,corriente,2020-08-27,-5031.63,1000,activa
3119,2351,corriente,2026-06-07,-2009.58,500,activa
3120,2352,corriente,2025-12-10,23750.78,500,activa
3121,2353,corriente,2020-07-17,17612.32,500,activa
3122,2354,corriente,2015-10-30,44771.16,0,activa
3123,2354,corriente,2023-03-18,-10481.73,1000,activa
3124,2355,ahorro,2025-01-31,14368.29,0,activa
3125,2355,corriente,2023-05-17,-8248.05,300,activa
3126,2355,corriente,2023-11-01,-6128.92,300,activa
3127,2356,ahorro,2024-09-28,19834.21,0,activa
3128,2357,corriente,2015-07-17,345.2,0,activa
3129,2358,corriente,2018-06-13,78933.81,1000,activa
3130,2358,corriente,2020-06-06,-5225.39,300,activa
3131,2359,corriente,2026-06-02,799.27,0,activa
3132,2360,ahorro,2019-11-06,20500.64,0,activa
3133,2361,corriente,2025-09-16,9409.07,1000,activa
3134,2362,corriente,2025-02-22,15022.91,0,activa
3135,2363,corriente,2017-08-01,39542.17,300,activa
3136,2363,ahorro,2024-01-24,-5338.59,0,activa
3137,2364,corriente,2023-03-28,1738.29,500,activa
3138,2365,corriente,2022-11-08,36345.95,0,activa
3139,2365,corriente,2024-06-17,-3451.93,300,activa
3140,2366,corriente,2026-03-25,8482.95,500,activa
3141,2366,ahorro,2025-12-07,-2840.17,0,activa
3142,2367,corriente,2019-12-24,71152.84,1000,activa
3143,2367,corriente,2014-07-10,-1713.45,300,activa
3144,2368,corriente,2026-02-26,2154.93,500,activa
3145,2369,corriente,2015-03-14,7870.19,300,cerrada
3146,2370,ahorro,2019-10-15,13403.96,0,activa
3147,2370,ahorro,2017-09-12,-9632.49,0,activa
3148,2371,corriente,2023-04-14,11759.93,500,activa
3149,2371,corriente,2025-07-08,-7315.64,1000,activa
3150,2372,ahorro,2019-01-20,-4760.04,0,activa
3151,2373,corriente,2021-03-05,8182.74,0,activa
3152,2373,ahorro,2024-07-17,-7034.6,0,activa
3153,2374,corriente,2025-09-13,15794.02,300,activa
3154,2375,corriente,2017-08-28,15389.49,1000,cerrada
3155,2376,ahorro,2025-12-21,11281.59,0,activa
3156,2377,corriente,2024-08-26,4924.36,300,activa
3157,2378,corriente,2025-11-04,6797.83,0,activa
3158,2378,corriente,2026-01-24,-865.89,0,activa
3159,2379,corriente,2021-05-07,14483.88,0,activa
3160,2380,corriente,2026-01-24,1347.49,1000,activa
3161,2380,corriente,2024-04-10,-12432.76,0,activa
3162,2381,corriente,2023-12-29,9518.24,500,activa
3163,2382,corriente,2024-10-22,20997.04,300,activa
3164,2383,corriente,2022-09-02,7682.26,1000,activa
3165,2383,corriente,2022-04-13,-8139.68,0,activa
3166,2384,corriente,2023-11-12,5163.36,500,activa
3167,2385,corriente,2017-06-27,5976.79,300,activa
3168,2386,corriente,2021-03-11,-6027.84,1000,activa
3169,2387,corriente,2025-11-08,-2584.8,500,activa
3170,2387,corriente,2025-12-09,-4153.49,500,cerrada
3171,2388,corriente,2018-05-06,7843.73,0,activa
3172,2389,corriente,2022-10-17,-8897.65,1000,activa
3173,2390,corriente,2023-02-07,9462.71,500,activa
3174,2391,ahorro,2024-06-24,-4426.99,0,activa
3175,2392,corriente,2021-03-04,35868.24,1000,activa
3176,2393,corriente,2011-04-02,11080.35,1000,activa
3177,2393,corriente,2013-01-14,-4847.77,1000,activa
3178,2393,corriente,2022-08-17,-8475.47,300,activa
3179,2394,ahorro,2026-05-14,3353.79,0,activa
3180,2395,corriente,2020-12-18,9548.99,1000,activa
3181,2395,corriente,2020-09-29,-7707.46,300,activa
3182,2396,ahorro,2024-01-02,9536.77,0,activa
3183,2397,ahorro,2018-12-04,46239.73,0,activa
3184,2398,corriente,2020-09-27,27360.34,1000,activa
3185,2399,corriente,2025-06-28,13438.71,0,activa
3186,2400,corriente,2014-06-22,30423.48,1000,activa
3187,2401,corriente,2016-03-02,14980.93,1000,activa
3188,2402,corriente,2021-09-27,25678.13,500,activa
3189,2402,corriente,2024-10-23,-10513.39,0,activa
3190,2403,corriente,2026-03-26,4235.62,0,activa
3191,2404,corriente,2020-06-07,3287.47,500,activa
3192,2405,corriente,2024-07-09,10886.5,0,activa
3193,2406,corriente,2025-11-09,-9954.52,500,activa
3194,2407,corriente,2017-06-26,44179.46,1000,cerrada
3195,2407,corriente,2022-07-07,-8369.51,500,activa
3196,2407,corriente,2024-07-29,-3326.32,1000,activa
3197,2408,ahorro,2022-06-21,6035.35,0,activa
3198,2408,corriente,2011-10-31,-6834.87,500,activa
3199,2409,ahorro,2026-03-18,2860.38,0,activa
3200,2410,corriente,2019-04-03,32041.51,300,activa
3201,2411,corriente,2023-12-05,11896.69,0,activa
3202,2412,corriente,2013-05-17,6333.88,500,activa
3203,2413,corriente,2026-06-09,1290.49,1000,activa
3204,2414,corriente,2019-02-12,3846.13,500,activa
3205,2415,corriente,2011-07-01,9370.31,0,activa
3206,2416,corriente,2023-05-03,6025.29,300,activa
3207,2417,ahorro,2025-08-09,-1440.59,0,activa
3208,2417,corriente,2025-08-23,-5982.65,0,activa
3209,2418,corriente,2025-11-27,-915.13,0,activa
3210,2419,ahorro,2024-09-11,24821.54,0,activa
3211,2420,corriente,2010-06-03,-2187.06,1000,activa
3212,2421,corriente,2023-10-11,3730.73,0,activa
3213,2421,corriente,2024-01-05,-12215.68,500,activa
3214,2421,corriente,2023-11-02,-10152.17,500,activa
3215,2422,corriente,2019-10-13,3365.69,0,activa
3216,2423,corriente,2023-04-17,8623.03,1000,activa
3217,2423,ahorro,2021-01-02,-5349.58,0,activa
3218,2424,corriente,2020-05-09,-5500.45,300,activa
3219,2425,ahorro,2024-05-27,8873.36,0,activa
3220,2425,corriente,2024-10-02,-10942.47,300,activa
3221,2425,ahorro,2024-10-01,-6314.67,0,activa
3222,2426,ahorro,2025-07-17,-9511.91,0,activa
3223,2426,corriente,2025-03-04,-5237.79,0,activa
3224,2427,corriente,2026-06-07,-832.34,300,activa
3225,2428,corriente,2024-12-10,13160.46,500,activa
3226,2429,corriente,2025-12-18,-5555.69,500,activa
3227,2429,ahorro,2023-03-11,-3917.25,0,activa
3228,2430,ahorro,2013-01-16,15266.24,0,activa
3229,2430,ahorro,2020-11-26,-4697.72,0,activa
3230,2431,corriente,2024-07-09,15380.06,0,activa
3231,2431,ahorro,2024-03-18,-11822.05,0,activa
3232,2432,corriente,2020-05-10,13951.15,300,activa
3233,2432,ahorro,2020-02-03,-9732.05,0,activa
3234,2433,ahorro,2025-10-18,13928.11,0,activa
3235,2433,corriente,2025-10-03,-3296.5,500,activa
3236,2434,ahorro,2024-06-12,20322.34,0,activa
3237,2435,corriente,2026-03-06,2241.72,1000,activa
3238,2436,corriente,2024-03-28,11556.1,1000,activa
3239,2437,corriente,2020-08-24,7455.7,300,activa
3240,2438,ahorro,2020-10-14,24556.74,0,activa
3241,2439,corriente,2025-12-11,18753.83,0,activa
3242,2440,corriente,2019-08-21,27849.31,0,activa
3243,2440,corriente,2023-03-27,-6469.98,300,bloqueada
3244,2441,corriente,2014-02-13,12532.06,500,activa
3245,2442,ahorro,2021-12-29,6158.57,0,cerrada
3246,2443,corriente,2024-12-06,23024.32,500,activa
3247,2443,ahorro,2025-07-20,-9062.75,0,cerrada
3248,2444,corriente,2018-11-27,24421.34,1000,activa
3249,2445,corriente,2025-04-09,6508.08,300,activa
3250,2445,corriente,2022-08-24,-8601.67,1000,activa
3251,2446,corriente,2026-05-09,-464.8,1000,activa
3252,2447,corriente,2026-06-26,64.06,1000,activa
3253,2448,corriente,2021-08-14,22731.34,300,activa
3254,2449,corriente,2019-10-20,19451.62,300,activa
3255,2450,ahorro,2023-04-19,11389.71,0,activa
3256,2451,corriente,2025-09-20,13031.9,0,activa
3257,2452,ahorro,2019-11-03,10585.63,0,activa
3258,2453,corriente,2026-03-10,-2211.78,1000,activa
3259,2454,ahorro,2023-01-25,37355.74,0,activa
3260,2455,corriente,2024-09-21,82916.19,300,cerrada
3261,2456,corriente,2025-10-18,13326.72,500,activa
3262,2456,corriente,2026-03-07,-634.88,300,activa
3263,2456,ahorro,2025-10-21,-1725.04,0,activa
3264,2457,corriente,2020-06-20,22435.34,500,activa
3265,2458,ahorro,2025-08-17,-1489.15,0,activa
3266,2459,corriente,2017-05-24,4273.93,0,activa
3267,2459,corriente,2021-09-10,-8062.88,500,activa
3268,2459,corriente,2019-11-30,-11741.19,300,activa
3269,2460,corriente,2023-09-21,-2455.98,0,activa
3270,2461,corriente,2017-11-09,-4577.64,500,activa
3271,2462,corriente,2021-03-15,9820.66,0,activa
3272,2462,corriente,2011-10-21,-9052.06,0,activa
3273,2463,ahorro,2017-12-07,7841.53,0,activa
3274,2464,corriente,2011-07-06,-4127.33,300,activa
3275,2465,corriente,2026-04-17,6290.66,500,activa
3276,2466,corriente,2023-01-27,-40.34,1000,cerrada
3277,2466,corriente,2022-08-22,-4296.81,1000,activa
3278,2467,corriente,2022-07-28,17208.77,1000,activa
3279,2468,corriente,2014-02-20,8300.43,500,activa
3280,2469,corriente,2022-04-11,6341.45,1000,activa
3281,2469,corriente,2022-02-08,-6734.83,1000,activa
3282,2470,corriente,2017-04-17,15849.11,300,activa
3283,2471,corriente,2021-08-21,14665.24,0,activa
3284,2472,corriente,2024-05-17,21736.18,300,activa
3285,2473,corriente,2022-01-30,8481.72,0,activa
3286,2474,corriente,2025-06-21,-10155.6,500,activa
3287,2475,corriente,2026-02-01,11230.41,0,activa
3288,2476,corriente,2025-07-05,3130.71,0,activa
3289,2477,ahorro,2018-05-08,14098.28,0,activa
3290,2478,ahorro,2026-02-02,7443.15,0,activa
3291,2479,corriente,2024-03-16,21392.35,0,activa
3292,2480,ahorro,2026-01-14,-1172.52,0,activa
3293,2480,corriente,2025-10-18,-5090.02,300,activa
3294,2481,corriente,2025-06-12,8610.68,0,activa
3295,2482,corriente,2010-11-01,9668.34,0,activa
3296,2483,corriente,2008-08-08,1095.3,500,activa
3297,2483,ahorro,2022-03-07,-8659.16,0,activa
3298,2484,corriente,2023-01-04,2029.91,500,cerrada
3299,2484,corriente,2021-08-20,-10285.61,1000,activa
3300,2485,ahorro,2017-05-19,982.0,0,activa
3301,2486,corriente,2023-12-06,33680.2,300,activa
3302,2487,corriente,2024-10-18,13868.84,300,activa
3303,2488,corriente,2016-01-17,14359.08,300,cerrada
3304,2488,corriente,2010-10-25,-2322.93,0,activa
3305,2489,corriente,2025-12-06,-2252.79,500,activa
3306,2489,corriente,2025-11-04,-3256.23,300,activa
3307,2490,ahorro,2018-08-19,-5800.54,0,activa
3308,2490,corriente,2021-05-07,-3975.41,1000,activa
3309,2490,corriente,2023-06-01,-10855.09,500,activa
3310,2491,corriente,2023-05-11,3763.18,1000,activa
3311,2492,corriente,2023-11-05,7043.26,500,activa
3312,2493,ahorro,2017-06-06,19513.33,0,activa
3313,2494,corriente,2024-02-15,4765.76,0,activa
3314,2495,corriente,2025-07-06,25828.55,0,activa
3315,2496,corriente,2024-06-13,8189.67,1000,activa
3316,2496,corriente,2024-04-04,-2934.95,500,activa
3317,2497,corriente,2026-05-01,594.33,0,cerrada
3318,2497,corriente,2026-06-07,-916.8,1000,activa
3319,2498,corriente,2024-09-18,4541.55,1000,activa
3320,2499,corriente,2024-02-10,22739.55,0,activa
3321,2500,corriente,2015-07-24,3718.79,300,activa
3322,2500,corriente,2021-08-13,-5615.26,300,activa
3323,2501,corriente,2019-12-28,11703.81,0,activa
3324,2502,corriente,2026-06-29,-1369.68,1000,activa
3325,2502,ahorro,2023-01-12,-5299.02,0,activa
3326,2503,corriente,2023-09-01,29122.46,1000,activa
3327,2504,corriente,2025-12-24,1740.98,0,activa
3328,2504,ahorro,2025-11-11,-2235.41,0,activa
3329,2505,ahorro,2022-12-21,4379.93,0,activa
3330,2505,corriente,2017-05-12,-11730.57,500,activa
3331,2506,corriente,2025-04-13,-7294.28,300,activa
3332,2506,ahorro,2025-11-25,-8980.75,0,activa
3333,2507,ahorro,2026-05-19,-239.15,0,activa
3334,2507,corriente,2026-05-04,-583.71,1000,activa
3335,2508,ahorro,2022-05-26,22819.91,0,activa
3336,2508,corriente,2026-06-16,-38.63,300,activa
3337,2508,corriente,2023-12-08,-8534.83,300,activa
3338,2509,corriente,2017-02-26,2383.38,500,activa
3339,2510,corriente,2020-10-11,9499.5,300,activa
3340,2510,corriente,2021-02-20,-9141.26,300,bloqueada
3341,2510,corriente,2023-01-07,-7828.97,500,activa
3342,2511,ahorro,2023-05-23,18398.04,0,activa
3343,2512,corriente,2025-07-11,7792.33,0,activa
3344,2512,corriente,2025-04-22,-5968.72,500,activa
3345,2513,ahorro,2020-04-30,7718.18,0,activa
3346,2514,corriente,2026-04-16,1906.32,0,activa
3347,2515,corriente,2019-12-02,15834.04,500,activa
3348,2515,ahorro,2013-11-20,-11048.45,0,activa
3349,2516,corriente,2022-11-14,6313.55,500,activa
3350,2517,corriente,2026-03-16,5870.23,500,activa
3351,2518,corriente,2022-11-02,15445.95,1000,activa
3352,2519,corriente,2018-11-11,2274.7,1000,activa
3353,2520,corriente,2023-09-08,-4396.52,500,activa
3354,2521,corriente,2014-02-09,37607.57,1000,activa
3355,2522,corriente,2010-12-24,5487.17,500,activa
3356,2523,corriente,2026-02-03,2972.21,1000,activa
3357,2523,corriente,2025-09-24,-3204.73,0,activa
3358,2524,corriente,2016-03-16,16377.93,0,activa
3359,2525,corriente,2026-04-10,-737.49,0,activa
3360,2525,corriente,2025-05-01,-7116.87,300,activa
3361,2526,corriente,2026-04-23,290.61,1000,activa
3362,2527,corriente,2026-05-05,4171.44,0,activa
3363,2528,corriente,2019-01-25,16353.34,300,cerrada
3364,2529,ahorro,2023-07-04,-3753.36,0,activa
3365,2530,corriente,2017-10-20,33244.28,500,activa
3366,2531,corriente,2015-03-11,14625.98,0,activa
3367,2532,ahorro,2025-05-29,15089.65,0,activa
3368,2532,ahorro,2025-10-12,-5480.6,0,activa
3369,2533,corriente,2012-12-01,13787.57,500,activa
3370,2533,corriente,2015-08-01,-2718.79,1000,activa
3371,2534,corriente,2026-04-08,282.02,1000,activa
3372,2535,ahorro,2023-02-24,7363.16,0,activa
3373,2535,corriente,2019-07-06,-8391.7,1000,activa
3374,2536,corriente,2023-03-08,22021.19,300,activa
3375,2536,ahorro,2012-03-31,-5603.22,0,activa
3376,2537,ahorro,2008-05-25,1900.58,0,activa
3377,2538,corriente,2016-06-15,5441.38,1000,activa
3378,2539,corriente,2017-03-25,-4231.76,0,activa
3379,2540,corriente,2026-06-14,-347.87,300,activa
3380,2541,corriente,2017-08-24,3928.06,0,activa
3381,2542,corriente,2019-02-18,24498.05,1000,activa
3382,2543,corriente,2014-05-11,19834.41,500,activa
3383,2544,corriente,2014-03-17,32222.65,300,activa
3384,2545,corriente,2021-09-12,13420.43,0,activa
3385,2546,corriente,2021-02-09,5375.29,500,activa
3386,2547,corriente,2024-12-16,11496.76,0,activa
3387,2547,corriente,2022-12-19,-4596.04,0,activa
3388,2548,corriente,2019-11-04,2838.61,0,activa
3389,2549,corriente,2024-02-20,36939.9,500,activa
3390,2550,corriente,2022-02-06,9538.24,500,activa
3391,2551,corriente,2025-09-10,14178.76,300,activa
3392,2551,corriente,2026-06-10,-1354.6,0,activa
3393,2552,corriente,2024-11-23,28177.28,0,activa
3394,2552,corriente,2022-08-28,-4542.98,500,activa
3395,2553,corriente,2026-01-04,-1528.17,300,activa
3396,2553,corriente,2023-10-17,-6187.54,300,activa
3397,2554,corriente,2022-02-11,9251.09,0,activa
3398,2554,corriente,2025-11-28,-3032.2,0,activa
3399,2555,corriente,2026-01-18,6584.04,500,activa
3400,2555,corriente,2021-06-27,-8286.36,500,activa
3401,2556,corriente,2021-07-12,3463.55,500,activa
3402,2556,corriente,2020-12-12,-7668.26,1000,activa
3403,2557,corriente,2026-02-07,6049.49,500,activa
3404,2558,corriente,2024-11-04,13952.28,500,activa
3405,2558,corriente,2024-11-02,-6820.46,1000,activa
3406,2559,ahorro,2023-12-26,12423.97,0,activa
3407,2559,corriente,2023-09-22,-4317.29,300,activa
3408,2559,ahorro,2023-11-04,-13358.88,0,activa
3409,2560,corriente,2014-12-05,-2405.53,1000,activa
3410,2561,corriente,2026-03-21,3409.17,500,activa
3411,2562,corriente,2026-03-15,2788.04,1000,activa
3412,2562,corriente,2026-03-18,-201.02,0,activa
3413,2563,ahorro,2024-11-17,-6999.21,0,activa
3414,2564,corriente,2026-04-28,3687.21,300,activa
3415,2564,corriente,2025-06-11,-5398.08,300,activa
3416,2565,corriente,2016-07-01,24941.37,1000,activa
3417,2565,corriente,2024-05-11,-13100.11,500,activa
3418,2565,corriente,2020-04-13,-3700.84,500,activa
3419,2566,corriente,2026-06-27,-981.18,0,activa
3420,2567,corriente,2022-08-22,-1150.98,300,activa
3421,2568,corriente,2024-05-22,22735.08,500,activa
3422,2569,corriente,2025-01-11,20782.61,500,activa
3423,2570,corriente,2013-01-18,6744.25,1000,activa
3424,2570,corriente,2014-08-11,-4557.84,1000,activa
3425,2571,corriente,2017-09-03,11201.9,0,activa
3426,2572,corriente,2026-03-12,-1097.84,300,activa
3427,2573,corriente,2025-09-05,21624.07,500,activa
3428,2574,corriente,2022-05-18,-4877.76,300,activa
3429,2574,corriente,2022-05-17,-10199.6,300,activa
3430,2575,corriente,2012-07-10,10820.92,1000,activa
3431,2576,corriente,2016-02-10,15615.7,500,activa
3432,2577,corriente,2025-02-16,11599.68,1000,activa
3433,2577,corriente,2025-08-15,-6268.03,500,activa
3434,2577,corriente,2025-05-12,-8977.58,300,activa
3435,2578,corriente,2015-05-10,-10049.69,1000,activa
3436,2578,ahorro,2009-05-14,-4422.91,0,activa
3437,2579,corriente,2025-08-26,44998.2,500,activa
3438,2579,corriente,2026-04-10,913.23,300,activa
3439,2580,corriente,2020-11-28,6876.74,500,activa
3440,2581,ahorro,2022-12-04,-3151.03,0,activa
3441,2581,ahorro,2022-05-23,-2896.46,0,activa
3442,2581,ahorro,2023-05-02,-6092.61,0,activa
3443,2582,corriente,2026-01-21,-1257.28,300,activa
3444,2582,corriente,2026-04-08,-965.17,0,activa
3445,2582,corriente,2026-05-02,-1610.11,500,activa
3446,2583,ahorro,2025-04-22,12153.57,0,activa
3447,2583,corriente,2025-08-17,-3158.72,300,cerrada
3448,2584,corriente,2026-05-18,8631.43,300,activa
3449,2585,corriente,2023-08-13,10351.33,500,activa
3450,2586,corriente,2015-08-15,6896.62,500,activa
3451,2586,corriente,2021-07-02,-7411.55,500,activa
3452,2587,ahorro,2023-03-18,2688.78,0,activa
3453,2588,corriente,2008-09-21,16969.49,0,activa
3454,2589,ahorro,2025-10-16,11538.15,0,activa
3455,2590,corriente,2020-06-28,24504.84,500,activa
3456,2591,corriente,2024-12-07,32808.57,1000,cerrada
3457,2592,corriente,2013-12-28,-8470.12,1000,activa
3458,2592,corriente,2019-03-04,-8612.4,500,activa
3459,2593,corriente,2025-04-16,3267.46,0,activa
3460,2594,ahorro,2022-03-02,10938.71,0,activa
3461,2595,corriente,2012-10-21,12198.5,0,activa
3462,2596,corriente,2025-10-01,10176.86,500,activa
3463,2596,corriente,2026-03-12,-2151.8,300,activa
3464,2597,ahorro,2025-10-20,-955.04,0,activa
3465,2598,corriente,2023-11-08,-8293.11,500,activa
3466,2598,corriente,2024-08-25,-9080.66,300,cerrada
3467,2598,ahorro,2025-05-07,-6859.92,0,activa
3468,2599,corriente,2021-01-20,-6400.22,300,activa
3469,2600,corriente,2022-01-17,22294.82,1000,activa
3470,2601,corriente,2017-12-02,26906.16,500,activa
3471,2602,corriente,2012-06-10,5270.71,0,activa
3472,2603,corriente,2024-07-19,32514.0,0,activa
3473,2603,corriente,2025-07-09,-5634.35,1000,activa
3474,2604,corriente,2007-05-25,29935.98,300,activa
3475,2605,corriente,2022-05-27,13721.66,500,activa
3476,2606,corriente,2025-05-01,3248.64,0,activa
3477,2607,ahorro,2025-05-24,-1658.89,0,activa
3478,2608,corriente,2022-04-05,19288.38,300,activa
3479,2609,corriente,2025-08-12,4282.37,300,activa
3480,2610,corriente,2023-10-04,5443.54,0,activa
3481,2611,ahorro,2024-10-24,-3681.57,0,activa
3482,2612,corriente,2025-03-13,5966.69,500,activa
3483,2613,corriente,2025-10-01,8551.1,1000,activa
3484,2613,corriente,2025-01-23,-5185.12,300,activa
3485,2613,corriente,2026-05-31,-2313.19,1000,activa
3486,2614,corriente,2021-06-08,9409.27,1000,activa
3487,2615,corriente,2022-01-21,14916.92,500,activa
3488,2615,ahorro,2019-08-08,-6666.59,0,activa
3489,2616,ahorro,2016-10-18,13715.77,0,activa
3490,2616,corriente,2023-04-30,-9838.51,1000,activa
3491,2617,corriente,2015-11-12,6435.28,0,activa
3492,2618,ahorro,2016-06-28,-7555.04,0,activa
3493,2619,corriente,2013-04-15,26508.8,300,activa
3494,2619,corriente,2013-04-24,-4117.29,1000,activa
3495,2620,ahorro,2020-05-21,35640.56,0,activa
3496,2620,corriente,2019-02-17,-4055.51,300,activa
3497,2620,ahorro,2018-04-11,-3725.81,0,activa
3498,2621,ahorro,2026-01-25,2297.27,0,activa
3499,2622,corriente,2011-11-29,38069.44,0,activa
3500,2622,ahorro,2009-06-02,-5067.74,0,activa
3501,2622,corriente,2012-01-24,-5835.81,0,activa
3502,2623,corriente,2017-09-02,-7067.92,500,activa
3503,2624,corriente,2025-10-03,10237.48,0,activa
3504,2624,corriente,2025-10-09,-6935.25,0,activa
3505,2625,corriente,2025-08-17,3365.16,300,activa
3506,2625,corriente,2026-02-15,-1826.25,500,activa
3507,2626,corriente,2025-06-09,12409.96,500,activa
3508,2627,corriente,2025-04-16,-5499.35,500,activa
3509,2628,ahorro,2023-06-16,-1634.15,0,activa
3510,2628,corriente,2023-03-14,-9346.58,300,activa
3511,2629,corriente,2018-02-14,6850.26,300,activa
3512,2630,corriente,2023-11-17,13799.88,300,cerrada
3513,2631,corriente,2022-02-17,15776.92,500,activa
3514,2632,corriente,2024-08-11,2570.83,0,activa
3515,2633,corriente,2017-02-07,6630.0,300,activa
3516,2634,corriente,2020-07-27,9118.29,0,activa
3517,2635,corriente,2025-07-28,9411.58,500,activa
3518,2636,corriente,2025-03-17,-325.86,0,activa
3519,2637,corriente,2022-05-06,10399.01,1000,activa
3520,2637,corriente,2022-01-30,-2849.28,500,activa
3521,2638,corriente,2022-03-08,27967.16,300,activa
3522,2639,corriente,2023-03-29,9770.28,0,cerrada
3523,2640,corriente,2022-11-28,6163.91,0,activa
3524,2641,corriente,2008-08-28,16893.93,1000,activa
3525,2642,corriente,2026-02-12,2510.54,500,activa
3526,2643,corriente,2026-06-12,3629.73,300,activa
3527,2643,ahorro,2026-05-13,-788.54,0,activa
3528,2644,corriente,2013-12-04,8418.01,300,activa
3529,2645,corriente,2021-10-19,3410.22,0,activa
3530,2645,corriente,2025-09-29,-4182.04,0,activa
3531,2646,corriente,2022-06-06,26908.14,500,cerrada
3532,2647,corriente,2026-06-24,-107.99,300,activa
3533,2647,ahorro,2026-06-24,-2066.17,0,activa
3534,2648,ahorro,2025-01-15,11836.94,0,activa
3535,2649,corriente,2009-03-20,-8259.28,500,activa
3536,2649,corriente,2011-04-07,-6676.66,1000,activa
3537,2650,corriente,2022-07-28,4909.7,1000,activa
3538,2650,corriente,2015-01-10,-6916.52,0,activa
3539,2650,corriente,2020-01-22,-6833.89,0,activa
3540,2651,corriente,2024-05-28,-5568.27,500,activa
3541,2652,ahorro,2020-12-07,3046.45,0,activa
3542,2653,corriente,2026-04-04,1723.67,0,activa
3543,2653,corriente,2026-04-10,-273.52,0,activa
3544,2654,ahorro,2016-05-31,48029.65,0,activa
3545,2655,corriente,2021-08-16,-4053.21,500,activa
3546,2656,corriente,2021-11-26,-8400.36,300,activa
3547,2657,corriente,2025-08-31,3813.42,300,activa
3548,2657,corriente,2025-12-17,-491.94,0,activa
3549,2658,corriente,2025-01-21,3226.87,500,activa
3550,2659,corriente,2024-12-22,33885.22,500,activa
3551,2659,corriente,2018-08-06,-2451.11,500,activa
3552,2660,corriente,2022-07-20,50982.57,300,activa
3553,2660,corriente,2018-12-20,-1791.18,1000,activa
3554,2661,ahorro,2026-02-23,4280.93,0,activa
3555,2662,ahorro,2018-11-05,1957.65,0,activa
3556,2663,ahorro,2023-09-19,2707.35,0,activa
3557,2663,corriente,2025-10-07,-3985.09,1000,activa
3558,2664,corriente,2024-07-04,11934.02,1000,activa
3559,2665,corriente,2023-01-25,11966.38,0,activa
3560,2666,corriente,2026-05-02,13761.11,1000,activa
3561,2667,ahorro,2026-05-30,-196.82,0,activa
3562,2667,corriente,2025-10-01,-4546.54,1000,activa
3563,2668,corriente,2011-05-11,25920.49,1000,activa
3564,2669,ahorro,2022-05-26,15707.72,0,activa
3565,2670,corriente,2018-03-08,24291.43,1000,activa
3566,2670,corriente,2024-07-13,-5002.13,0,activa
3567,2671,corriente,2023-12-01,23029.87,500,activa
3568,2671,ahorro,2021-03-12,-6878.9,0,activa
3569,2672,corriente,2025-09-12,6582.5,500,activa
3570,2672,ahorro,2024-11-16,-8959.89,0,activa
3571,2673,ahorro,2025-10-21,17214.59,0,activa
3572,2674,corriente,2025-07-14,22126.57,300,activa
3573,2675,corriente,2023-02-20,-186.08,1000,activa
3574,2675,corriente,2026-01-21,-1713.65,1000,activa
3575,2676,corriente,2018-12-10,43778.11,500,activa
3576,2676,corriente,2024-08-06,-7869.17,300,activa
3577,2676,ahorro,2025-12-01,-1913.18,0,activa
3578,2677,ahorro,2023-07-27,7953.88,0,activa
3579,2678,corriente,2018-08-10,25459.3,300,activa
3580,2679,corriente,2021-03-27,2024.92,300,activa
3581,2680,corriente,2017-12-25,9571.93,300,activa
3582,2681,corriente,2021-10-29,3118.02,1000,activa
3583,2682,corriente,2025-10-07,14285.23,300,activa
3584,2682,corriente,2026-06-20,-530.53,300,activa
3585,2683,ahorro,2020-10-27,5263.21,0,cerrada
3586,2684,corriente,2023-01-27,14026.51,1000,activa
3587,2685,corriente,2025-08-29,2275.17,1000,activa
3588,2686,corriente,2025-09-19,9590.58,300,cerrada
3589,2687,corriente,2017-07-03,21112.73,0,activa
3590,2688,corriente,2023-09-02,4319.42,1000,cerrada
3591,2689,corriente,2021-09-03,48270.52,300,activa
3592,2690,corriente,2021-01-17,-1675.26,1000,activa
3593,2690,ahorro,2021-08-14,-5692.91,0,activa
3594,2691,corriente,2013-03-25,-4681.56,1000,activa
3595,2692,corriente,2025-05-18,17409.09,500,activa
3596,2693,corriente,2017-07-03,-5460.05,500,activa
3597,2694,corriente,2024-08-01,7760.15,500,activa
3598,2695,ahorro,2026-04-12,74.82,0,bloqueada
3599,2696,corriente,2022-04-28,-6349.4,0,activa
3600,2697,corriente,2022-03-18,-2106.08,1000,activa
3601,2698,corriente,2024-02-09,1902.88,1000,cerrada
3602,2698,ahorro,2025-01-30,-9270.13,0,activa
3603,2699,corriente,2021-05-03,1193.77,0,activa
3604,2700,corriente,2025-07-13,5368.45,300,activa
3605,2701,ahorro,2017-06-21,-2698.9,0,activa
3606,2702,corriente,2024-12-05,31972.88,1000,activa
3607,2703,corriente,2010-09-03,17605.19,500,activa
3608,2704,corriente,2024-07-31,1026.78,300,activa
3609,2705,ahorro,2022-04-14,5673.86,0,activa
3610,2705,ahorro,2023-02-05,-7272.89,0,activa
3611,2706,corriente,2025-10-17,10445.3,500,activa
3612,2707,ahorro,2026-05-31,1407.9,0,activa
3613,2707,ahorro,2026-01-31,-3037.15,0,activa
3614,2708,corriente,2024-11-17,8817.79,0,activa
3615,2709,corriente,2021-09-08,9987.72,0,activa
3616,2710,corriente,2025-08-30,23104.69,1000,activa
3617,2711,ahorro,2015-11-15,18126.69,0,activa
3618,2712,corriente,2024-07-16,9387.59,1000,activa
3619,2713,corriente,2025-08-29,23777.99,0,activa
3620,2713,corriente,2023-06-19,-10010.29,500,activa
3621,2714,corriente,2022-10-07,52107.15,0,activa
3622,2715,corriente,2021-09-07,-2446.34,0,activa
3623,2716,corriente,2023-10-28,19516.74,300,activa
3624,2717,corriente,2022-05-11,35088.69,500,activa
3625,2718,ahorro,2023-02-20,9767.72,0,activa
3626,2719,corriente,2026-06-22,629.03,500,activa
3627,2720,corriente,2012-11-13,35905.21,500,activa
3628,2721,corriente,2024-03-27,28259.47,300,activa
3629,2722,corriente,2017-02-06,-88.19,500,activa
3630,2723,ahorro,2010-02-14,1117.77,0,activa
3631,2724,ahorro,2026-04-17,4457.28,0,activa
3632,2725,ahorro,2024-07-29,105696.74,0,activa
3633,2726,ahorro,2023-09-26,15341.41,0,activa
3634,2727,corriente,2024-04-05,7692.56,500,activa
3635,2727,corriente,2025-04-15,-7735.3,500,activa
3636,2728,corriente,2022-02-26,29915.51,500,activa
3637,2729,corriente,2015-11-08,10333.37,1000,activa
3638,2730,corriente,2012-10-24,13234.57,0,activa
3639,2731,corriente,2010-12-16,-6057.03,500,activa
3640,2732,corriente,2025-05-21,30955.27,1000,activa
3641,2733,ahorro,2019-12-10,-5123.93,0,activa
3642,2734,corriente,2024-11-09,9312.62,300,activa
3643,2735,corriente,2021-04-06,16865.36,300,activa
3644,2736,corriente,2026-04-25,4224.24,500,activa
3645,2737,corriente,2022-03-30,-4393.42,0,activa
3646,2738,ahorro,2010-02-19,36415.66,0,activa
3647,2739,corriente,2023-02-08,-12476.75,1000,activa
3648,2740,corriente,2019-06-02,7883.21,500,activa
3649,2740,corriente,2019-06-12,-10454.65,1000,activa
3650,2741,corriente,2014-12-13,14199.17,0,activa
3651,2741,corriente,2022-01-23,-4516.21,1000,activa
3652,2742,corriente,2023-10-12,18609.94,0,activa
3653,2743,ahorro,2014-08-07,7339.01,0,activa
3654,2744,corriente,2019-06-19,11916.04,500,activa
3655,2745,ahorro,2025-09-25,14572.29,0,activa
3656,2746,corriente,2015-02-03,2290.87,500,activa
3657,2746,corriente,2015-09-07,-4385.06,500,activa
3658,2747,ahorro,2022-07-18,22334.17,0,activa
3659,2748,corriente,2024-04-27,5651.22,1000,activa
3660,2749,corriente,2023-02-08,8054.54,0,activa
3661,2750,corriente,2021-01-26,26986.8,1000,activa
3662,2751,ahorro,2025-07-04,20280.43,0,activa
3663,2752,corriente,2025-01-19,55104.33,300,activa
3664,2753,corriente,2026-03-30,6433.48,0,activa
3665,2753,corriente,2026-02-11,-4206.18,500,activa
3666,2754,corriente,2025-03-21,16959.72,1000,activa
3667,2754,corriente,2025-02-25,-8530.91,1000,activa
3668,2755,corriente,2010-09-08,8439.88,300,activa
3669,2756,corriente,2015-08-23,29713.24,0,activa
3670,2756,corriente,2015-10-10,-3785.87,500,activa
3671,2757,corriente,2023-05-08,8057.67,500,activa
3672,2758,corriente,2023-05-03,-5200.18,300,activa
3673,2759,corriente,2011-11-02,25357.25,300,activa
3674,2760,corriente,2024-08-05,11541.39,300,activa
3675,2761,corriente,2023-08-23,18313.73,500,activa
3676,2762,ahorro,2022-03-12,17091.31,0,activa
3677,2763,corriente,2022-02-13,17970.49,0,activa
3678,2763,ahorro,2026-04-18,-1346.93,0,activa
3679,2764,ahorro,2025-12-09,11950.52,0,activa
3680,2764,corriente,2011-06-03,-4970.0,300,activa
3681,2764,ahorro,2017-09-27,-4401.56,0,activa
3682,2765,corriente,2022-09-14,17114.01,300,activa
3683,2766,corriente,2024-11-01,16651.46,0,activa
3684,2766,corriente,2024-09-27,-4453.62,1000,activa
3685,2767,ahorro,2026-06-21,2145.8,0,activa
3686,2767,corriente,2026-06-20,-394.77,1000,activa
3687,2768,corriente,2017-12-28,9801.81,0,activa
3688,2769,corriente,2015-12-25,195.89,500,activa
3689,2769,corriente,2025-03-30,-9330.41,500,activa
3690,2770,ahorro,2017-08-11,7478.75,0,activa
3691,2770,corriente,2018-02-23,-5351.61,0,activa
3692,2771,corriente,2024-04-20,12299.82,0,activa
3693,2772,corriente,2024-05-27,22143.54,300,activa
3694,2773,corriente,2018-11-24,27468.92,0,activa
3695,2773,corriente,2019-12-14,-9961.85,300,activa
3696,2774,corriente,2021-07-25,7797.28,1000,activa
3697,2774,ahorro,2023-03-25,-4415.3,0,activa
3698,2775,ahorro,2026-02-04,11247.61,0,activa
3699,2776,corriente,2021-07-02,17128.77,500,activa
3700,2777,corriente,2026-03-17,7076.96,300,activa
3701,2778,corriente,2013-09-23,11759.26,500,activa
3702,2778,corriente,2024-01-20,-4898.33,500,activa
3703,2779,corriente,2026-04-30,3755.79,500,activa
3704,2779,corriente,2026-03-17,-842.11,1000,activa
3705,2780,corriente,2026-06-14,814.77,500,activa
3706,2780,corriente,2026-06-09,-657.48,0,activa
3707,2781,ahorro,2025-12-23,-1876.99,0,activa
3708,2781,corriente,2026-03-18,-1080.64,0,activa
3709,2782,ahorro,2026-04-06,-99.06,0,activa
3710,2783,ahorro,2026-03-06,2828.82,0,activa
3711,2784,corriente,2017-12-19,19502.22,500,activa
3712,2785,corriente,2026-06-27,258.0,1000,activa
3713,2785,corriente,2026-05-06,291.79,300,activa
3714,2786,corriente,2021-02-15,17197.93,500,cerrada
3715,2787,corriente,2025-12-04,12097.18,500,activa
3716,2788,corriente,2010-10-10,20683.74,500,activa
3717,2789,ahorro,2021-08-27,55468.22,0,activa
3718,2790,corriente,2019-04-06,16472.22,0,activa
3719,2791,ahorro,2024-07-06,-383.16,0,activa
3720,2792,corriente,2025-03-10,6692.69,300,activa
3721,2793,ahorro,2024-08-09,7744.32,0,activa
3722,2794,ahorro,2024-09-03,-3117.78,0,activa
3723,2795,corriente,2020-12-19,11969.37,500,activa
3724,2796,corriente,2025-06-01,8888.53,500,activa
3725,2797,ahorro,2013-05-23,-3767.07,0,activa
3726,2798,corriente,2021-10-11,881.91,0,activa
3727,2799,corriente,2021-10-31,29961.82,500,activa
3728,2799,corriente,2011-10-16,-8390.84,500,activa
3729,2800,corriente,2024-10-06,20318.83,300,activa
3730,2801,corriente,2019-07-20,-6847.3,500,activa
3731,2802,corriente,2019-09-25,12126.41,1000,activa
3732,2803,corriente,2019-07-06,37307.61,300,activa
3733,2804,corriente,2023-03-22,1245.52,500,cerrada
3734,2805,ahorro,2026-05-21,2414.67,0,activa
3735,2806,corriente,2023-12-17,-2449.66,1000,activa
3736,2807,corriente,2025-11-18,15653.08,1000,activa
3737,2808,corriente,2026-04-29,-1579.52,0,activa
3738,2809,corriente,2025-09-27,17475.29,500,activa
3739,2810,corriente,2025-01-05,11735.9,1000,activa
3740,2810,ahorro,2025-02-24,-8352.73,0,activa
3741,2811,corriente,2023-06-14,15273.5,0,activa
3742,2812,corriente,2018-11-15,14109.19,300,activa
3743,2812,corriente,2015-11-10,-9123.86,300,activa
3744,2813,corriente,2024-11-08,22216.25,1000,activa
3745,2814,corriente,2025-01-13,20166.07,300,activa
3746,2815,corriente,2021-05-18,39595.65,0,activa
3747,2816,corriente,2018-06-07,16161.59,300,activa
3748,2817,ahorro,2015-12-02,18013.91,0,cerrada
3749,2817,corriente,2016-03-06,-5861.61,500,activa
3750,2818,corriente,2022-04-29,29257.96,0,activa
3751,2818,corriente,2022-06-25,-4768.62,0,activa
3752,2818,corriente,2022-10-03,-5434.57,300,activa
3753,2819,corriente,2022-03-23,9868.45,0,activa
3754,2820,corriente,2025-08-14,3336.86,0,activa
3755,2820,corriente,2024-07-19,-5372.78,300,activa
3756,2821,corriente,2024-10-05,42369.96,300,activa
3757,2822,corriente,2019-10-25,17680.11,0,activa
3758,2823,corriente,2026-06-12,1273.24,500,activa
3759,2824,corriente,2022-03-24,17815.71,500,activa
3760,2825,corriente,2024-12-11,-3933.23,1000,activa
3761,2825,corriente,2024-05-27,-9130.25,300,activa
3762,2826,corriente,2016-10-28,10012.92,0,activa
3763,2826,corriente,2022-11-22,-7812.49,300,activa
3764,2827,corriente,2026-05-28,-409.68,500,activa
3765,2827,corriente,2026-05-22,376.23,1000,activa
3766,2828,corriente,2019-06-10,7419.61,500,activa
3767,2829,corriente,2022-11-20,16109.28,500,activa
3768,2830,corriente,2021-12-26,-7828.58,300,bloqueada
3769,2831,ahorro,2012-02-14,17320.02,0,activa
3770,2832,corriente,2015-04-04,3534.4,1000,activa
3771,2833,corriente,2018-09-26,10334.3,0,activa
3772,2833,ahorro,2017-06-01,-4818.64,0,activa
3773,2834,corriente,2025-09-05,-238.23,0,activa
3774,2835,ahorro,2024-10-18,-1529.05,0,activa
3775,2836,ahorro,2024-03-07,1207.56,0,activa
3776,2837,corriente,2022-10-26,10651.93,1000,activa
3777,2837,corriente,2024-05-28,-7751.46,500,activa
3778,2837,corriente,2015-09-30,-4807.42,0,activa
3779,2838,corriente,2026-06-12,-1423.75,1000,activa
3780,2839,corriente,2021-11-05,-4295.5,1000,activa
3781,2840,corriente,2023-10-01,-8923.66,1000,activa
3782,2841,corriente,2021-05-25,-7560.53,300,activa
3783,2842,corriente,2019-09-26,7000.84,0,activa
3784,2843,corriente,2018-04-26,10155.11,1000,activa
3785,2844,corriente,2018-12-18,19722.99,500,activa
3786,2845,ahorro,2023-01-28,19905.7,0,activa
3787,2845,corriente,2024-09-12,-4598.18,1000,activa
3788,2846,corriente,2025-06-13,18771.57,300,activa
3789,2847,corriente,2026-02-09,10899.72,500,activa
3790,2847,corriente,2026-04-18,508.91,1000,activa
3791,2848,corriente,2023-01-29,16928.1,1000,activa
3792,2849,corriente,2024-09-10,25627.47,0,activa
3793,2850,corriente,2026-03-16,6870.87,300,activa
3794,2850,corriente,2025-07-06,-8040.55,300,activa
3795,2851,corriente,2010-11-27,8616.5,300,activa
3796,2851,corriente,2024-01-15,-7295.57,1000,activa
3797,2852,corriente,2015-03-04,7925.41,0,activa
3798,2853,corriente,2025-12-01,514.02,300,activa
3799,2854,corriente,2019-02-27,6665.45,0,activa
3800,2855,corriente,2012-12-28,13622.86,1000,activa
3801,2856,corriente,2019-09-07,11872.44,300,activa
3802,2857,corriente,2009-06-19,20283.36,0,activa
3803,2858,corriente,2013-06-14,17.41,0,activa
3804,2859,corriente,2025-02-25,14130.36,0,activa
3805,2860,corriente,2021-08-11,-6865.76,0,activa
3806,2861,corriente,2024-06-06,8719.41,0,activa
3807,2862,ahorro,2024-08-31,-1636.85,0,cerrada
3808,2863,corriente,2019-08-01,17804.77,500,activa
3809,2864,corriente,2011-03-23,5447.98,500,cerrada
3810,2864,corriente,2014-04-04,-4651.78,300,activa
3811,2865,ahorro,2024-09-12,10261.0,0,activa
3812,2866,corriente,2026-02-02,14747.1,0,activa
3813,2867,corriente,2019-05-05,16818.4,0,activa
3814,2867,corriente,2020-11-22,-6550.74,500,activa
3815,2867,corriente,2020-03-21,-14391.62,300,activa
3816,2868,corriente,2014-12-13,15306.49,0,activa
3817,2869,ahorro,2017-08-03,8948.37,0,activa
3818,2870,corriente,2014-12-21,21708.68,0,activa
3819,2870,corriente,2021-07-11,-8724.9,300,activa
3820,2871,corriente,2020-02-19,-3041.47,300,activa
3821,2872,corriente,2025-07-23,-3758.02,0,activa
3822,2872,corriente,2017-05-10,-13088.95,1000,activa
3823,2872,corriente,2025-05-09,-4372.12,500,activa
3824,2873,corriente,2023-02-02,9551.49,300,activa
3825,2874,corriente,2014-10-17,21499.56,0,activa
3826,2874,ahorro,2016-07-31,-9315.96,0,activa
3827,2874,corriente,2022-12-23,-4710.01,0,activa
3828,2875,corriente,2022-08-07,14805.76,300,activa
3829,2875,ahorro,2025-10-08,-3502.88,0,activa
3830,2876,ahorro,2022-01-30,9440.73,0,activa
3831,2876,corriente,2023-05-20,-5770.35,300,activa
3832,2877,corriente,2024-07-11,8992.3,0,activa
3833,2878,corriente,2023-04-18,6250.87,0,activa
3834,2878,ahorro,2024-08-07,-3938.79,0,activa
3835,2878,ahorro,2026-06-22,-555.91,0,activa
3836,2879,corriente,2026-05-03,500.17,500,activa
3837,2879,corriente,2025-11-05,-5572.83,0,activa
3838,2880,corriente,2026-05-25,2651.71,500,activa
3839,2881,corriente,2020-07-15,23282.55,500,activa
3840,2882,corriente,2023-08-04,68785.23,500,cerrada
3841,2883,corriente,2017-06-14,20553.58,0,activa
3842,2884,corriente,2010-06-04,14324.77,300,cerrada
3843,2885,corriente,2025-12-25,11216.79,1000,activa
3844,2885,corriente,2020-08-15,-5961.06,500,activa
3845,2886,corriente,2012-04-01,31642.54,500,activa
3846,2887,ahorro,2024-11-19,12435.98,0,activa
3847,2888,ahorro,2019-05-24,12750.33,0,activa
3848,2889,corriente,2026-05-11,-757.59,0,activa
3849,2890,corriente,2020-09-12,4751.51,500,activa
3850,2891,ahorro,2025-03-07,-3453.8,0,activa
3851,2892,corriente,2026-02-26,16642.94,300,activa
3852,2893,ahorro,2023-07-13,9581.45,0,activa
3853,2894,corriente,2024-03-03,12255.79,500,activa
3854,2894,ahorro,2023-09-11,-8333.08,0,activa
3855,2894,corriente,2025-12-30,-4265.14,1000,activa
3856,2895,ahorro,2026-04-24,3650.62,0,activa
3857,2896,ahorro,2024-01-18,1919.13,0,activa
3858,2897,corriente,2025-10-08,8810.73,500,activa
3859,2898,corriente,2024-09-14,-12041.1,500,activa
3860,2898,ahorro,2024-08-13,-11789.36,0,activa
3861,2899,corriente,2019-06-19,6120.2,300,activa
3862,2900,corriente,2020-03-14,-10462.96,300,activa
3863,2900,corriente,2023-05-08,-11399.15,1000,activa
3864,2901,ahorro,2022-08-16,20850.3,0,activa
3865,2902,corriente,2016-01-06,7237.52,0,activa
3866,2902,corriente,2018-04-18,-5327.79,1000,activa
3867,2903,corriente,2024-10-11,14665.57,500,activa
3868,2904,corriente,2025-10-31,9416.33,500,cerrada
3869,2905,ahorro,2018-02-14,13717.4,0,activa
3870,2906,corriente,2023-05-15,10250.56,1000,activa
3871,2906,ahorro,2025-06-15,-8240.53,0,activa
3872,2907,corriente,2025-11-24,7591.7,1000,activa
3873,2908,corriente,2022-05-07,-7464.67,1000,activa
3874,2909,corriente,2024-12-31,30455.37,0,activa
3875,2909,corriente,2025-04-12,-8389.23,300,activa
3876,2910,ahorro,2026-05-03,134.45,0,cerrada
3877,2911,corriente,2008-06-02,2508.05,500,activa
3878,2912,corriente,2024-02-13,16524.72,1000,activa
3879,2913,ahorro,2025-02-28,9391.96,0,activa
3880,2913,corriente,2024-02-15,-7177.29,0,activa
3881,2913,corriente,2026-03-09,-1589.84,0,activa
3882,2914,corriente,2017-02-14,-6309.69,0,activa
3883,2915,ahorro,2025-05-09,-4131.86,0,activa
3884,2916,corriente,2026-06-22,-1170.96,0,activa
3885,2917,corriente,2018-02-16,11495.87,1000,activa
3886,2918,corriente,2026-05-28,2453.31,500,activa
3887,2918,corriente,2025-11-27,-1437.89,500,activa
3888,2919,ahorro,2024-06-08,-466.48,0,activa
3889,2920,corriente,2023-11-28,4343.2,300,activa
3890,2921,corriente,2023-03-11,19141.86,1000,activa
3891,2922,corriente,2026-05-17,2612.98,1000,activa
3892,2922,corriente,2025-01-02,-8607.22,1000,activa
3893,2923,corriente,2022-06-25,-7442.03,300,activa
3894,2924,corriente,2024-06-18,7981.35,0,activa
3895,2925,corriente,2011-11-01,-8730.71,300,activa
3896,2926,corriente,2009-07-19,19627.05,300,activa
3897,2926,ahorro,2013-05-14,-8494.55,0,activa
3898,2927,corriente,2019-05-29,-1059.5,500,activa
3899,2927,ahorro,2025-04-23,-9317.06,0,activa
3900,2928,corriente,2025-11-30,-2502.95,0,activa
3901,2929,corriente,2021-02-03,10482.18,300,activa
3902,2930,corriente,2026-02-02,6033.55,0,activa
3903,2930,ahorro,2025-08-20,-10280.73,0,activa
3904,2931,corriente,2022-08-22,2618.65,500,activa
3905,2932,corriente,2026-05-16,7747.49,500,activa
3906,2932,corriente,2023-09-14,-10072.79,500,activa
3907,2933,ahorro,2021-05-05,10411.89,0,activa
3908,2934,corriente,2025-02-19,902.3,1000,activa
3909,2935,ahorro,2022-03-26,4310.18,0,activa
3910,2936,corriente,2015-06-09,10569.35,1000,activa
3911,2936,corriente,2015-09-03,-7334.24,0,activa
3912,2937,corriente,2023-11-14,30518.86,300,activa
3913,2938,ahorro,2026-02-14,10476.14,0,activa
3914,2939,ahorro,2026-06-26,-963.86,0,activa
3915,2939,corriente,2026-06-26,-1043.98,300,activa
3916,2940,ahorro,2025-11-09,6206.95,0,activa
3917,2941,corriente,2024-07-09,20721.15,500,activa
3918,2942,ahorro,2026-02-20,2357.36,0,activa
3919,2943,corriente,2023-12-11,721.2,0,activa
3920,2944,ahorro,2024-10-03,2995.25,0,activa
3921,2945,corriente,2026-04-10,6592.37,500,activa
3922,2946,corriente,2020-07-13,2734.98,1000,activa
3923,2947,corriente,2024-06-07,50722.88,500,activa
3924,2948,corriente,2026-06-30,-540.1,500,activa
3925,2949,corriente,2022-03-03,-5584.73,500,activa
3926,2950,corriente,2024-06-22,-120.78,1000,activa
3927,2951,ahorro,2025-01-20,31700.81,0,activa
3928,2951,ahorro,2025-01-14,-7348.75,0,activa
3929,2952,corriente,2019-11-06,5215.63,1000,activa
3930,2953,corriente,2022-06-30,36067.74,1000,activa
3931,2954,corriente,2026-01-31,5746.41,500,activa
3932,2954,corriente,2026-06-14,736.96,500,activa
3933,2955,corriente,2018-02-05,97.62,500,activa
3934,2956,corriente,2025-12-31,-3601.34,0,activa
3935,2957,corriente,2025-05-04,3500.36,500,activa
3936,2958,ahorro,2019-12-02,-6.21,0,activa
3937,2959,ahorro,2024-03-05,-6353.94,0,activa
3938,2960,corriente,2023-04-23,-1764.0,0,activa
3939,2961,corriente,2022-04-14,10428.28,500,activa
3940,2962,corriente,2015-01-15,29896.01,0,activa
3941,2962,corriente,2012-01-16,-5007.85,500,activa
3942,2962,ahorro,2018-02-06,-6158.21,0,activa
3943,2963,corriente,2019-03-05,21957.15,300,activa
3944,2964,corriente,2026-04-14,15342.81,1000,activa
3945,2965,corriente,2026-06-02,-914.93,500,activa
3946,2966,corriente,2020-06-10,25662.7,0,activa
3947,2967,ahorro,2026-03-18,-2209.73,0,activa
3948,2968,corriente,2023-04-22,8415.72,1000,activa
3949,2968,corriente,2020-08-14,-5769.86,1000,activa
3950,2969,ahorro,2010-02-17,8572.82,0,cerrada
3951,2970,corriente,2019-04-27,-1064.69,0,activa
3952,2970,corriente,2018-05-08,-2357.76,1000,activa
3953,2971,ahorro,2022-03-22,-7734.47,0,activa
3954,2972,corriente,2023-11-25,7661.34,300,activa
3955,2973,corriente,2020-04-04,-5069.82,1000,activa
3956,2974,corriente,2026-03-25,8943.14,1000,activa
3957,2975,corriente,2026-01-10,10505.83,500,activa
3958,2975,corriente,2026-04-15,-33.06,500,activa
3959,2976,corriente,2026-01-01,5273.24,0,activa
3960,2977,corriente,2021-08-01,24146.28,500,activa
3961,2978,corriente,2009-01-29,9310.4,1000,cerrada
3962,2979,corriente,2017-09-05,7594.54,300,activa
3963,2979,corriente,2018-03-01,-9748.7,500,activa
3964,2980,corriente,2023-04-08,-983.6,300,activa
3965,2981,ahorro,2024-02-25,19578.78,0,activa
3966,2981,corriente,2022-12-11,-7210.34,0,activa
3967,2982,ahorro,2025-12-08,37744.98,0,activa
3968,2983,ahorro,2023-10-03,4055.43,0,activa
3969,2983,corriente,2025-11-19,-3563.33,0,cerrada
3970,2984,corriente,2025-12-30,6091.37,0,activa
3971,2984,corriente,2020-09-20,-11241.09,0,activa
3972,2985,corriente,2020-09-02,39076.65,1000,activa
3973,2985,corriente,2024-08-20,-5292.87,300,cerrada
3974,2986,ahorro,2021-12-20,-7246.4,0,activa
3975,2987,corriente,2022-11-24,12811.73,1000,activa
3976,2988,corriente,2025-03-22,14223.68,0,activa
3977,2989,corriente,2022-03-05,3245.15,500,activa
3978,2990,corriente,2019-07-15,52115.9,500,activa
3979,2991,ahorro,2026-06-27,6543.08,0,activa
3980,2992,corriente,2019-07-18,5287.54,0,activa
3981,2993,corriente,2025-02-03,10619.05,300,activa
3982,2994,ahorro,2025-10-11,8744.63,0,cerrada
3983,2995,corriente,2026-06-05,3140.01,0,activa
3984,2996,ahorro,2020-12-20,6929.92,0,activa
3985,2997,corriente,2026-06-17,8101.73,1000,activa
3986,2997,corriente,2021-09-02,-4699.94,1000,activa
3987,2998,corriente,2016-08-11,8725.3,500,activa
3988,2999,ahorro,2026-06-26,6903.36,0,activa
3989,3000,corriente,2022-09-13,16472.46,300,activa
3990,3000,ahorro,2024-03-12,-5173.58,0,activa
3991,3000,ahorro,2020-12-26,-7452.17,0,activa
3992,3001,corriente,2020-05-27,-6459.8,0,activa
3993,3002,corriente,2019-04-27,17019.44,1000,activa
3994,3002,ahorro,2024-07-23,-4071.2,0,activa
3995,3003,corriente,2011-04-06,22283.58,1000,activa
3996,3004,corriente,2025-09-01,44122.61,0,activa
3997,3004,corriente,2024-10-13,-2838.05,300,activa
3998,3005,corriente,2025-01-02,24178.2,300,activa
3999,3005,corriente,2023-07-23,-6947.6,1000,activa
4000,3006,corriente,2024-07-28,-5295.63,500,activa
4001,3007,corriente,2018-09-01,18545.26,500,activa
4002,3008,corriente,2026-05-03,4377.71,1000,activa
4003,3009,corriente,2026-01-27,4368.39,1000,activa
4004,3009,corriente,2024-12-13,-10816.39,300,activa
4005,3010,ahorro,2026-03-19,2.51,0,activa
4006,3011,corriente,2023-01-30,7427.67,1000,activa
4007,3012,corriente,2021-06-06,10341.86,0,activa
4008,3013,corriente,2010-07-17,10317.54,0,activa
4009,3014,corriente,2018-06-07,16135.16,0,activa
4010,3014,corriente,2017-07-05,-9292.72,300,activa
4011,3015,corriente,2021-06-11,16648.59,0,activa
4012,3016,corriente,2024-04-24,7624.2,1000,activa
4013,3016,corriente,2025-03-07,-7113.21,1000,activa
4014,3017,corriente,2018-05-25,14724.24,1000,activa
4015,3017,corriente,2023-11-13,-10458.44,300,activa
4016,3018,corriente,2024-07-31,-2383.5,300,cerrada
4017,3018,ahorro,2021-06-07,-5392.78,0,activa
4018,3019,corriente,2023-08-14,13670.65,300,activa
4019,3019,corriente,2022-03-29,-10920.95,500,activa
4020,3020,corriente,2024-07-01,23508.28,1000,activa
4021,3020,corriente,2025-02-27,-10025.39,0,activa
4022,3021,corriente,2020-05-18,14842.81,300,activa
4023,3022,corriente,2025-02-08,2658.59,1000,activa
4024,3023,corriente,2026-05-27,138.49,1000,activa
4025,3024,corriente,2026-06-23,766.21,300,activa
4026,3025,corriente,2024-05-23,24182.76,0,activa
4027,3026,ahorro,2024-01-15,13923.68,0,activa
4028,3026,ahorro,2021-02-15,-6654.54,0,activa
4029,3027,corriente,2014-07-10,10794.41,0,activa
4030,3028,corriente,2026-01-24,-5798.18,500,activa
4031,3029,corriente,2026-02-14,4331.89,500,activa
4032,3030,corriente,2008-09-10,-6954.95,1000,activa
4033,3031,corriente,2021-09-27,12245.19,300,activa
4034,3032,corriente,2007-05-02,11549.72,0,activa
4035,3033,ahorro,2018-05-25,3996.88,0,activa
4036,3033,corriente,2018-03-10,-7571.17,500,activa
4037,3034,corriente,2026-03-04,1327.16,1000,activa
4038,3035,corriente,2024-07-24,8644.42,1000,activa
4039,3036,ahorro,2026-01-05,-4256.9,0,activa
4040,3037,corriente,2018-02-23,30485.33,300,activa
4041,3038,ahorro,2021-09-01,7884.7,0,activa
4042,3039,corriente,2026-01-24,18109.69,1000,activa
4043,3039,ahorro,2026-05-06,-25.35,0,activa
4044,3039,corriente,2026-01-04,-1847.08,0,activa
4045,3040,corriente,2019-05-31,5503.88,500,activa
4046,3041,corriente,2021-06-01,19132.85,300,activa
4047,3042,ahorro,2024-10-24,3325.11,0,activa
4048,3043,corriente,2024-11-27,20929.7,500,activa
4049,3043,corriente,2026-03-31,-363.95,300,activa
4050,3044,corriente,2024-05-18,-5876.86,300,activa
4051,3045,corriente,2025-09-03,18176.8,1000,activa
4052,3046,corriente,2022-11-03,6923.03,300,activa
4053,3047,corriente,2018-12-29,21747.23,1000,activa
4054,3047,corriente,2023-04-24,-7924.67,500,activa
4055,3048,corriente,2020-11-08,20260.93,0,activa
4056,3049,ahorro,2024-03-26,40183.94,0,cerrada
4057,3050,corriente,2025-04-25,18468.53,500,activa
4058,3051,corriente,2026-02-23,1582.03,300,activa
4059,3051,ahorro,2026-01-02,-3567.87,0,activa
4060,3051,corriente,2026-05-21,-797.41,1000,activa
4061,3052,corriente,2024-04-14,9196.42,300,activa
4062,3053,corriente,2026-04-06,3386.11,500,activa
4063,3053,corriente,2025-09-13,-6090.96,1000,activa
4064,3054,corriente,2016-02-29,13992.39,300,activa
4065,3055,ahorro,2022-06-07,-1049.52,0,activa
4066,3055,corriente,2021-02-10,-5473.07,0,activa
4067,3056,ahorro,2024-12-13,-5203.12,0,activa
4068,3057,corriente,2006-06-07,-3620.44,1000,activa
4069,3058,corriente,2022-11-30,24886.77,300,activa
4070,3059,corriente,2021-09-22,36992.86,500,activa
4071,3059,corriente,2024-10-17,-1612.59,0,activa
4072,3060,ahorro,2025-04-06,-3530.76,0,activa
4073,3061,corriente,2013-05-27,24672.67,0,activa
4074,3062,corriente,2026-05-31,3047.7,300,activa
4075,3062,ahorro,2026-06-24,-370.15,0,activa
4076,3063,corriente,2012-04-08,10531.96,300,activa
4077,3063,corriente,2025-11-29,-2442.93,300,cerrada
4078,3064,corriente,2021-06-03,-5413.87,1000,activa
4079,3065,corriente,2021-11-13,9079.0,500,activa
4080,3065,corriente,2017-08-23,-10614.96,1000,activa
4081,3066,corriente,2023-07-23,16900.77,0,activa
4082,3066,corriente,2026-02-22,-3224.25,500,activa
4083,3067,corriente,2023-05-28,-1766.67,300,activa
4084,3067,corriente,2024-09-13,-13630.29,500,activa
4085,3068,corriente,2026-05-10,2700.0,1000,activa
4086,3069,corriente,2008-11-05,-998.01,300,activa
4087,3070,corriente,2023-11-25,827.48,0,activa
4088,3071,corriente,2017-06-17,22375.49,0,cerrada
4089,3072,corriente,2026-02-14,1730.29,300,activa
4090,3072,corriente,2026-05-14,231.3,0,activa
4091,3073,corriente,2020-01-19,257.04,1000,activa
4092,3073,corriente,2021-09-02,-9946.49,300,activa
4093,3074,corriente,2022-01-27,15602.96,300,activa
4094,3075,corriente,2013-08-02,-2957.04,0,activa
4095,3076,ahorro,2009-04-21,33258.16,0,activa
4096,3077,corriente,2021-08-02,18425.87,300,activa
4097,3078,ahorro,2010-02-16,-10674.79,0,activa
4098,3079,corriente,2018-09-05,4318.11,0,activa
4099,3080,corriente,2022-07-23,14177.74,500,activa
4100,3080,corriente,2024-01-24,-7812.1,500,activa
4101,3081,corriente,2022-12-16,17412.6,0,activa
4102,3082,ahorro,2025-11-29,14920.88,0,activa
4103,3082,corriente,2026-03-17,-1397.38,500,activa
4104,3083,corriente,2020-04-15,-4695.28,300,activa
4105,3084,corriente,2018-06-04,-47.68,0,cerrada
4106,3085,corriente,2022-05-12,-10441.11,300,activa
4107,3085,corriente,2022-09-10,-5778.94,300,activa
4108,3086,corriente,2016-01-09,20779.06,1000,activa
4109,3087,corriente,2024-03-12,17889.61,0,activa
4110,3088,corriente,2013-06-07,9420.5,500,activa
4111,3089,corriente,2026-06-20,7368.35,300,activa
4112,3090,corriente,2007-10-23,7727.88,500,activa
4113,3091,corriente,2021-01-24,8852.76,0,activa
4114,3092,corriente,2026-01-31,2054.61,500,activa
4115,3093,ahorro,2020-03-13,-10844.18,0,activa
4116,3094,corriente,2013-10-03,-7545.7,1000,activa
4117,3095,corriente,2023-02-23,12321.47,500,activa
4118,3096,corriente,2016-03-28,16440.98,0,activa
4119,3097,corriente,2024-12-19,10634.75,300,activa
4120,3098,corriente,2022-07-19,10068.11,300,activa
4121,3099,ahorro,2013-10-15,58661.81,0,activa
4122,3100,corriente,2007-08-01,6699.5,300,activa
4123,3100,corriente,2025-11-08,-3086.95,0,activa
4124,3101,corriente,2024-01-17,1270.53,1000,activa
4125,3101,corriente,2026-06-02,-813.17,1000,activa
4126,3102,ahorro,2015-07-11,1537.93,0,activa
4127,3103,corriente,2024-07-29,-5521.91,300,activa
4128,3103,ahorro,2024-11-11,-6489.76,0,activa
4129,3104,corriente,2010-12-20,26269.54,300,activa
4130,3105,corriente,2014-01-10,15988.57,1000,activa
4131,3106,ahorro,2012-12-08,8319.64,0,activa
4132,3106,corriente,2015-12-06,-6533.04,300,activa
4133,3107,corriente,2019-02-18,28933.22,0,activa
4134,3108,corriente,2016-03-06,27088.2,0,activa
4135,3109,ahorro,2024-01-05,-5819.14,0,activa
4136,3109,corriente,2026-01-28,-2252.04,1000,activa
4137,3110,corriente,2024-07-07,7404.32,300,activa
4138,3111,corriente,2014-03-28,21830.99,300,activa
4139,3112,ahorro,2025-11-20,15890.44,0,activa
4140,3113,ahorro,2020-02-18,18083.75,0,activa
4141,3114,corriente,2019-08-15,21062.56,300,activa
4142,3114,corriente,2024-09-02,-8105.69,500,activa
4143,3115,ahorro,2025-10-19,14674.77,0,activa
4144,3116,corriente,2019-03-08,91672.88,300,activa
4145,3117,corriente,2024-07-16,4759.91,500,activa
4146,3117,corriente,2024-01-13,-5625.32,500,activa
4147,3118,ahorro,2015-05-02,2707.69,0,activa
4148,3118,ahorro,2020-06-13,-5332.04,0,activa
4149,3118,corriente,2024-02-21,-8882.13,0,activa
4150,3119,corriente,2010-01-03,54042.72,300,activa
4151,3120,corriente,2011-01-28,18225.08,500,activa
4152,3121,ahorro,2023-10-21,-8741.61,0,activa
4153,3122,ahorro,2017-07-19,13705.91,0,activa
4154,3123,corriente,2017-10-01,-2732.37,1000,activa
4155,3124,ahorro,2026-04-11,-1398.84,0,activa
4156,3125,ahorro,2022-05-25,5404.82,0,activa
4157,3126,corriente,2024-01-13,4214.2,300,activa
4158,3127,corriente,2025-07-17,8916.32,500,activa
4159,3128,corriente,2025-10-30,1993.21,1000,activa
4160,3129,ahorro,2022-01-15,9201.69,0,activa
4161,3130,corriente,2023-05-04,9421.58,300,activa
4162,3130,corriente,2016-04-27,-5563.52,300,activa
4163,3131,corriente,2017-08-15,13452.32,0,activa
4164,3132,corriente,2015-10-31,8166.62,500,activa
4165,3133,ahorro,2019-02-16,10378.5,0,activa
4166,3134,corriente,2022-08-30,16835.21,1000,activa
4167,3134,corriente,2026-03-30,-3059.5,300,activa
4168,3134,corriente,2023-12-24,-9107.59,300,activa
4169,3135,corriente,2025-06-08,30315.24,1000,activa
4170,3136,corriente,2017-08-20,12121.75,0,activa
4171,3137,corriente,2025-09-26,-135.76,1000,activa
4172,3137,corriente,2023-10-02,-5002.24,0,activa
4173,3138,ahorro,2026-06-17,1820.76,0,activa
4174,3139,corriente,2024-09-26,-6124.66,300,activa
4175,3140,ahorro,2024-08-30,8230.6,0,activa
4176,3141,ahorro,2026-02-03,3500.53,0,activa
4177,3142,ahorro,2026-06-23,581.86,0,activa
4178,3143,corriente,2026-01-27,-2365.27,500,activa
4179,3144,corriente,2025-02-25,36026.03,1000,activa
4180,3145,corriente,2025-01-28,22137.08,0,activa
4181,3146,ahorro,2025-03-23,46325.42,0,activa
4182,3147,ahorro,2025-08-26,3319.79,0,activa
4183,3148,ahorro,2026-02-01,8724.52,0,activa
4184,3149,corriente,2024-05-14,17850.53,1000,activa
4185,3149,corriente,2023-05-04,-4522.99,1000,activa
4186,3150,corriente,2019-07-16,26986.25,300,activa
4187,3151,corriente,2013-08-18,12001.99,0,activa
4188,3152,corriente,2014-12-13,13488.03,500,activa
4189,3153,corriente,2015-06-12,27407.91,500,activa
4190,3153,corriente,2024-11-26,-5304.53,300,activa
4191,3154,corriente,2026-02-12,-669.32,300,activa
4192,3155,ahorro,2013-04-22,-7785.86,0,activa
4193,3155,corriente,2017-03-03,-9627.0,1000,activa
4194,3156,corriente,2025-05-24,10514.92,300,activa
4195,3157,corriente,2026-06-24,4916.11,500,activa
4196,3158,ahorro,2023-06-25,6181.45,0,activa
4197,3159,corriente,2024-10-13,31853.87,1000,cerrada
4198,3160,corriente,2025-07-25,2997.06,300,activa
4199,3161,ahorro,2024-08-13,-5590.51,0,activa
4200,3162,corriente,2026-01-05,7142.83,500,activa
4201,3162,ahorro,2023-08-21,-4965.45,0,activa
4202,3163,corriente,2025-11-21,4979.66,300,activa
4203,3164,corriente,2025-10-01,13192.46,300,activa
4204,3165,ahorro,2018-11-23,2022.17,0,activa
4205,3166,corriente,2023-11-19,59123.61,300,activa
4206,3166,corriente,2026-06-01,3535.96,1000,activa
4207,3167,ahorro,2010-06-11,17784.68,0,activa
4208,3167,corriente,2019-07-24,-8877.35,500,activa
4209,3168,corriente,2023-06-06,16858.66,300,activa
4210,3168,corriente,2017-08-28,-5914.82,300,cerrada
4211,3169,corriente,2015-07-28,-7583.05,500,activa
4212,3170,corriente,2024-09-29,39345.67,1000,activa
4213,3170,corriente,2022-12-23,-5461.68,500,activa
4214,3171,corriente,2024-10-01,6025.98,500,activa
4215,3172,corriente,2017-04-28,3687.3,500,activa
4216,3173,corriente,2024-09-22,7469.37,1000,activa
4217,3174,corriente,2017-09-06,-7543.9,300,activa
4218,3175,corriente,2026-01-18,5221.69,1000,activa
4219,3176,corriente,2024-09-10,17833.34,300,activa
4220,3177,corriente,2014-12-25,3399.48,300,activa
4221,3178,corriente,2026-05-18,5892.44,1000,cerrada
4222,3179,ahorro,2023-08-31,8405.79,0,activa
4223,3180,corriente,2024-02-26,10384.27,300,activa
4224,3180,corriente,2018-08-02,-6270.5,500,activa
4225,3181,corriente,2015-07-05,4500.74,1000,activa
4226,3181,corriente,2016-12-18,-5908.01,300,activa
4227,3182,corriente,2023-03-06,-903.0,1000,activa
4228,3183,corriente,2026-02-11,8612.56,0,activa
4229,3184,ahorro,2025-02-17,5285.38,0,activa
4230,3185,corriente,2017-08-04,25454.01,0,activa
4231,3186,corriente,2023-10-13,-486.79,300,activa
4232,3187,corriente,2013-06-07,6125.55,0,activa
4233,3188,ahorro,2023-12-09,28532.62,0,activa
4234,3189,corriente,2023-09-01,15704.43,500,activa
4235,3189,corriente,2018-04-26,-5283.83,0,activa
4236,3190,corriente,2021-07-21,-3088.84,500,activa
4237,3190,corriente,2022-05-07,-9545.7,500,activa
4238,3191,corriente,2021-09-14,295.48,300,activa
4239,3191,ahorro,2024-08-31,-7644.23,0,activa
4240,3192,corriente,2026-06-21,330.08,300,activa
4241,3193,corriente,2022-10-30,17047.19,300,activa
4242,3194,corriente,2023-07-19,30721.3,1000,activa
4243,3195,corriente,2021-05-22,13447.74,0,activa
4244,3195,corriente,2022-12-19,-5901.73,500,activa
4245,3196,corriente,2017-05-05,18088.0,300,activa
4246,3197,corriente,2023-01-09,8267.61,1000,activa
4247,3198,corriente,2025-10-05,4230.41,1000,activa
4248,3198,corriente,2026-05-02,541.1,0,activa
4249,3198,corriente,2026-04-01,-1591.74,1000,activa
4250,3199,corriente,2018-05-14,-94.61,1000,activa
4251,3200,corriente,2011-04-30,10506.18,0,activa
4252,3201,corriente,2008-08-16,18851.4,0,activa
4253,3202,corriente,2025-05-19,16918.06,0,activa
4254,3203,corriente,2006-10-19,3481.19,1000,activa
4255,3204,corriente,2024-08-15,21174.54,500,activa
4256,3205,corriente,2024-05-08,-5779.44,300,activa
4257,3205,corriente,2024-05-07,-10348.24,300,activa
4258,3206,corriente,2025-01-08,2982.28,500,activa
4259,3207,corriente,2009-10-11,2928.18,1000,activa
4260,3207,corriente,2026-06-17,-147.38,0,bloqueada
4261,3207,ahorro,2025-05-16,-11657.11,0,activa
4262,3208,corriente,2024-10-29,13253.37,0,activa
4263,3209,corriente,2024-06-09,29937.2,1000,activa
4264,3210,ahorro,2022-11-11,1279.4,0,activa
4265,3211,corriente,2017-04-11,14142.09,0,activa
4266,3212,ahorro,2024-04-15,66007.46,0,activa
4267,3213,corriente,2026-03-16,15786.28,500,activa
4268,3214,corriente,2024-11-23,36887.89,500,activa
4269,3215,corriente,2022-10-16,10050.45,300,cerrada
4270,3216,corriente,2026-06-26,1294.76,500,activa
4271,3217,corriente,2024-04-09,2455.23,300,activa
4272,3218,corriente,2024-09-05,42513.52,300,activa
4273,3219,corriente,2020-05-02,3157.2,500,activa
4274,3220,corriente,2025-12-21,4983.77,500,activa
4275,3221,corriente,2026-06-09,4433.09,300,activa
4276,3221,corriente,2022-12-23,-6494.47,300,cerrada
4277,3222,corriente,2021-05-04,-7411.82,500,activa
4278,3223,corriente,2024-05-30,12121.63,500,activa
4279,3224,corriente,2024-01-22,17527.1,300,activa
4280,3224,ahorro,2026-04-17,212.54,0,activa
4281,3225,corriente,2022-07-27,9975.37,0,activa
4282,3226,corriente,2019-09-28,8664.37,1000,activa
4283,3227,corriente,2017-10-09,18515.5,1000,activa
4284,3227,corriente,2019-01-06,-7765.88,1000,cerrada
4285,3227,ahorro,2017-01-01,-3915.38,0,activa
4286,3228,corriente,2026-06-18,-43.36,300,activa
4287,3228,corriente,2026-06-20,-153.44,1000,activa
4288,3229,corriente,2016-04-30,12568.34,0,activa
4289,3230,corriente,2021-06-17,23403.18,300,activa
4290,3231,corriente,2023-01-05,3628.3,0,activa
4291,3232,ahorro,2026-01-19,-3797.34,0,activa
4292,3232,corriente,2022-03-12,-3693.56,300,activa
4293,3233,corriente,2023-10-07,81.78,500,activa
4294,3234,corriente,2018-01-24,21700.2,500,activa
4295,3234,corriente,2025-07-03,-6458.3,300,activa
4296,3234,ahorro,2020-12-26,-9198.01,0,activa
4297,3235,ahorro,2021-01-31,31781.86,0,activa
4298,3235,corriente,2023-02-16,-6434.11,1000,activa
4299,3235,corriente,2023-05-28,-3113.32,500,activa
4300,3236,ahorro,2013-01-16,26726.67,0,activa
4301,3236,ahorro,2023-04-22,-9228.31,0,activa
4302,3237,corriente,2025-10-30,-4471.63,500,activa
4303,3238,corriente,2016-12-03,18229.54,300,activa
4304,3239,corriente,2020-06-23,12167.63,300,activa
4305,3240,ahorro,2021-07-17,-8035.51,0,activa
4306,3241,corriente,2025-04-28,14155.94,300,activa
4307,3241,corriente,2024-10-18,-5803.46,1000,activa
4308,3242,corriente,2024-10-19,10945.07,1000,activa
4309,3243,corriente,2018-06-28,120.48,300,activa
4310,3244,corriente,2026-02-11,3557.7,500,activa
4311,3244,corriente,2023-04-11,-10115.62,0,activa
4312,3245,corriente,2026-02-20,-3242.93,300,activa
4313,3246,corriente,2013-05-14,2508.26,1000,activa
4314,3247,corriente,2026-06-14,1875.36,300,activa
4315,3248,ahorro,2022-10-02,17320.16,0,activa
4316,3249,corriente,2024-11-22,20735.31,1000,activa
4317,3250,corriente,2022-06-04,4707.24,300,activa
4318,3250,corriente,2022-10-08,-8579.61,0,activa
4319,3251,corriente,2025-11-13,3339.39,300,activa
4320,3252,ahorro,2026-04-13,1638.73,0,activa
4321,3253,corriente,2026-06-25,1714.73,300,activa
4322,3254,corriente,2025-10-09,-1138.44,1000,activa
4323,3254,corriente,2025-09-02,-7771.74,1000,activa
4324,3255,corriente,2015-11-30,-5366.55,0,activa
4325,3256,corriente,2021-02-04,18163.08,300,activa
4326,3257,corriente,2026-05-12,6670.99,0,activa
4327,3258,ahorro,2023-08-10,30303.85,0,activa
4328,3258,corriente,2026-01-11,-739.66,300,activa
4329,3259,corriente,2015-12-01,3514.85,1000,activa
4330,3260,corriente,2015-05-26,-5404.51,1000,activa
4331,3260,corriente,2024-04-12,-7893.92,0,activa
4332,3261,corriente,2020-07-07,-5333.0,300,activa
4333,3262,corriente,2025-01-26,4708.18,1000,activa
4334,3262,ahorro,2026-01-02,-4135.08,0,activa
4335,3262,ahorro,2025-03-12,-5641.99,0,activa
4336,3263,corriente,2026-02-23,3078.88,500,activa
4337,3264,corriente,2023-04-04,9006.16,0,activa
4338,3265,corriente,2016-02-26,43957.55,500,activa
4339,3266,ahorro,2013-01-21,47787.7,0,activa
4340,3267,corriente,2022-07-08,5925.2,300,activa
4341,3268,ahorro,2010-11-07,28013.82,0,activa
4342,3269,ahorro,2024-11-27,7492.91,0,activa
4343,3270,corriente,2018-07-18,1608.56,0,bloqueada
4344,3271,corriente,2023-08-31,-5259.19,500,activa
4345,3272,corriente,2023-07-16,11222.61,500,activa
4346,3273,corriente,2018-02-28,8817.32,1000,activa
4347,3274,corriente,2017-09-21,-7785.34,500,activa
4348,3275,ahorro,2007-06-28,20139.52,0,activa
4349,3276,corriente,2026-05-18,-545.98,0,activa
4350,3276,ahorro,2026-05-31,-583.02,0,activa
4351,3277,corriente,2026-03-20,4481.94,300,activa
4352,3278,corriente,2015-10-17,137.65,1000,activa
4353,3279,corriente,2013-11-06,-5868.65,0,activa
4354,3280,corriente,2025-10-04,47269.53,300,activa
4355,3281,corriente,2024-03-05,8377.55,500,activa
4356,3282,corriente,2025-12-04,8886.17,1000,activa
4357,3283,corriente,2026-06-24,-661.75,1000,activa
4358,3284,ahorro,2023-07-19,7087.71,0,activa
4359,3284,corriente,2018-04-11,-3876.33,500,activa
4360,3285,corriente,2026-06-01,7242.29,500,activa
4361,3286,corriente,2024-08-24,16734.22,1000,activa
4362,3287,ahorro,2026-04-29,-1223.83,0,activa
4363,3288,corriente,2023-01-02,20456.43,1000,activa
4364,3289,corriente,2026-02-26,12923.02,1000,activa
4365,3290,ahorro,2026-06-30,-700.1,0,activa
4366,3291,corriente,2020-12-07,35558.15,500,activa
4367,3292,ahorro,2014-01-15,-5916.02,0,activa
4368,3293,corriente,2023-06-28,19171.24,500,activa
4369,3293,corriente,2023-09-07,-5014.17,0,activa
4370,3294,corriente,2026-05-23,-806.09,1000,activa
4371,3295,corriente,2019-07-24,2891.13,500,activa
4372,3295,ahorro,2020-11-10,-6370.68,0,activa
4373,3296,corriente,2025-06-20,5879.29,0,activa
4374,3296,ahorro,2025-04-29,-10611.16,0,activa
4375,3297,corriente,2021-08-25,-1329.58,300,activa
4376,3298,corriente,2026-05-27,-2158.79,0,cerrada
4377,3299,corriente,2024-12-07,58916.31,300,activa
4378,3299,corriente,2023-06-02,-4114.11,1000,cerrada
4379,3300,corriente,2025-09-12,17454.16,300,activa
4380,3301,corriente,2024-10-16,36561.07,1000,activa
4381,3302,corriente,2021-11-13,23665.32,0,activa
4382,3302,corriente,2022-06-12,-7489.24,300,activa
4383,3303,corriente,2021-06-01,26480.46,300,cerrada
4384,3304,corriente,2018-06-14,20847.82,0,activa
4385,3305,ahorro,2013-05-31,33469.6,0,activa
4386,3306,corriente,2025-04-02,15955.13,300,activa
4387,3306,corriente,2024-10-12,-5778.46,1000,activa
4388,3307,ahorro,2022-02-16,3777.59,0,activa
4389,3308,ahorro,2020-03-09,10224.9,0,activa
4390,3308,ahorro,2011-01-12,-5623.87,0,activa
4391,3309,ahorro,2018-04-06,5727.21,0,activa
4392,3309,corriente,2019-05-13,-8104.11,500,activa
4393,3310,ahorro,2025-03-01,19396.0,0,activa
4394,3311,corriente,2012-07-27,24216.99,300,activa
4395,3311,corriente,2011-08-27,-3651.96,1000,activa
4396,3311,corriente,2024-02-16,-7895.64,0,activa
4397,3312,corriente,2024-07-24,14844.44,0,activa
4398,3312,corriente,2022-01-08,-6407.31,1000,activa
4399,3313,corriente,2019-02-17,4153.67,500,activa
4400,3314,corriente,2025-02-17,1553.28,300,activa
4401,3314,corriente,2025-10-19,-1972.48,300,activa
4402,3315,corriente,2017-08-25,11067.29,1000,activa
4403,3316,corriente,2026-02-13,939.58,0,activa
4404,3317,corriente,2023-01-07,-7104.62,500,activa
4405,3317,corriente,2020-10-18,-4886.78,300,activa
4406,3318,corriente,2023-08-23,15307.93,0,activa
4407,3319,ahorro,2021-05-12,33007.05,0,activa
4408,3320,corriente,2017-09-12,6605.39,300,activa
4409,3321,corriente,2013-02-15,-12016.59,300,activa
4410,3322,corriente,2024-05-29,58511.36,0,activa
4411,3323,ahorro,2011-04-08,22791.15,0,activa
4412,3324,corriente,2013-10-24,26252.35,0,activa
4413,3325,corriente,2026-04-20,5963.49,1000,activa
4414,3326,corriente,2015-11-22,20586.69,0,activa
4415,3327,ahorro,2024-05-08,26294.48,0,activa
4416,3327,corriente,2023-09-16,-8066.21,300,activa
4417,3328,corriente,2026-06-29,-322.93,300,activa
4418,3329,corriente,2026-03-21,-77.55,500,activa
4419,3330,corriente,2020-01-03,23597.2,300,activa
4420,3330,corriente,2025-12-15,-3377.82,500,activa
4421,3331,corriente,2012-12-23,14505.33,300,activa
4422,3332,corriente,2024-02-13,21915.58,0,activa
4423,3333,ahorro,2021-03-26,-6665.7,0,activa
4424,3333,ahorro,2024-06-02,-8158.05,0,activa
4425,3334,corriente,2014-12-03,17665.78,300,activa
4426,3335,corriente,2022-07-28,10830.34,500,activa
4427,3335,ahorro,2021-07-30,-7745.67,0,activa
4428,3336,corriente,2019-07-12,11714.03,0,activa
4429,3337,corriente,2026-05-19,1668.11,0,activa
4430,3338,corriente,2012-09-24,-8929.72,300,activa
4431,3339,corriente,2026-02-15,9183.75,1000,activa
4432,3339,ahorro,2020-09-26,-4901.27,0,activa
4433,3340,corriente,2026-05-21,851.53,1000,activa
4434,3341,corriente,2014-11-12,-8255.93,1000,activa
4435,3342,corriente,2026-06-17,1923.99,1000,activa
4436,3343,corriente,2024-11-13,28691.86,0,activa
4437,3344,ahorro,2021-11-24,19446.57,0,activa
4438,3345,ahorro,2026-02-08,3320.34,0,activa
4439,3346,corriente,2011-09-02,-7720.93,1000,activa
4440,3347,corriente,2011-01-16,2527.23,500,activa
4441,3348,corriente,2015-04-20,-25.88,0,activa
4442,3349,corriente,2022-10-21,17441.82,0,activa
4443,3350,corriente,2022-04-29,5584.63,300,activa
4444,3351,corriente,2026-06-13,-587.49,1000,activa
4445,3352,corriente,2025-03-22,8500.08,300,activa
4446,3353,corriente,2026-01-29,7046.61,1000,activa
4447,3354,corriente,2020-04-22,5853.85,500,activa
4448,3355,corriente,2020-07-09,14322.71,1000,activa
4449,3356,corriente,2023-05-17,-7181.83,500,activa
4450,3357,ahorro,2019-01-13,17596.81,0,activa
4451,3357,corriente,2016-05-25,-5742.11,300,activa
4452,3358,corriente,2021-04-13,16406.0,1000,activa
4453,3359,ahorro,2021-08-11,-1900.53,0,activa
4454,3360,corriente,2021-10-26,18268.2,0,activa
4455,3361,corriente,2023-06-06,18732.24,300,activa
4456,3361,corriente,2023-04-10,-4024.68,500,activa
4457,3362,corriente,2025-07-18,13032.07,300,activa
4458,3363,corriente,2026-03-07,4291.05,0,activa
4459,3364,corriente,2026-03-03,-966.94,500,activa
4460,3364,corriente,2025-05-19,-8647.51,0,activa
4461,3365,corriente,2026-06-07,3016.74,300,activa
4462,3366,corriente,2025-08-18,4100.55,0,activa
4463,3366,corriente,2010-07-03,-5521.13,0,activa
4464,3367,corriente,2022-03-31,15287.89,500,activa
4465,3367,ahorro,2017-05-31,-8206.48,0,activa
4466,3368,corriente,2025-02-21,7201.51,0,activa
4467,3368,corriente,2025-06-08,-5920.21,300,activa
4468,3369,ahorro,2016-06-15,4215.42,0,activa
4469,3370,corriente,2025-11-27,8551.54,0,activa
4470,3371,ahorro,2020-04-25,16604.87,0,activa
4471,3371,corriente,2020-02-18,-5751.55,1000,activa
4472,3372,corriente,2024-03-14,11270.39,500,activa
4473,3373,corriente,2021-02-07,2633.05,500,activa
4474,3373,corriente,2020-10-30,-13454.39,300,activa
4475,3374,corriente,2026-06-18,706.16,300,activa
4476,3375,corriente,2019-09-13,15824.05,500,activa
4477,3375,corriente,2020-07-23,-6569.74,300,activa
4478,3376,corriente,2023-03-24,7940.25,500,activa
4479,3377,ahorro,2025-11-21,-1508.44,0,activa
4480,3377,corriente,2018-09-10,-7791.39,1000,activa
4481,3378,corriente,2019-09-27,-8887.01,500,activa
4482,3379,ahorro,2023-06-05,10661.6,0,activa
4483,3380,corriente,2021-12-08,15251.35,300,activa
4484,3381,corriente,2016-09-23,14159.97,1000,activa
4485,3381,corriente,2018-03-24,-5234.9,0,activa
4486,3382,corriente,2025-01-02,8531.24,0,activa
4487,3382,corriente,2026-02-02,-2917.27,300,bloqueada
4488,3383,ahorro,2026-05-03,-2855.39,0,activa
4489,3384,corriente,2023-09-26,11519.88,500,activa
4490,3384,ahorro,2015-02-07,-4324.94,0,activa
4491,3385,ahorro,2025-12-26,1313.78,0,activa
4492,3386,corriente,2025-06-13,-1426.3,1000,cerrada
4493,3387,corriente,2025-09-10,23202.21,1000,activa
4494,3388,corriente,2011-11-25,-2062.83,500,activa
4495,3388,corriente,2010-06-01,-4693.59,500,activa
4496,3389,ahorro,2025-10-24,5320.46,0,activa
4497,3390,corriente,2023-02-08,20225.84,500,activa
4498,3391,corriente,2024-03-07,50285.75,300,activa
4499,3392,corriente,2026-05-04,591.95,500,activa
4500,3393,ahorro,2026-06-25,4272.94,0,activa
4501,3394,corriente,2025-05-06,32013.84,0,activa
4502,3395,corriente,2026-05-07,4142.08,0,activa
4503,3396,ahorro,2026-02-11,4778.79,0,activa
4504,3397,corriente,2022-05-05,3486.49,500,activa
4505,3398,ahorro,2016-06-04,3798.14,0,activa
4506,3399,corriente,2019-02-02,-5970.03,0,activa
4507,3400,corriente,2026-05-20,-2626.28,0,activa
4508,3401,ahorro,2007-12-27,9887.93,0,activa
4509,3402,ahorro,2018-11-16,8761.2,0,activa
4510,3402,corriente,2022-04-14,-7551.86,500,activa
4511,3403,ahorro,2020-04-16,8208.81,0,activa
4512,3404,corriente,2018-12-04,19636.62,1000,activa
4513,3404,ahorro,2018-03-27,-6528.39,0,activa
4514,3405,corriente,2017-01-27,-628.55,1000,activa
4515,3406,corriente,2018-07-04,10449.82,500,activa
4516,3407,corriente,2019-07-29,14495.94,1000,activa
4517,3408,corriente,2021-08-23,17273.95,0,activa
4518,3409,corriente,2024-07-02,61292.07,500,activa
4519,3410,ahorro,2023-08-27,-6849.94,0,activa
4520,3410,corriente,2023-09-19,-6550.5,300,activa
4521,3411,corriente,2017-03-11,37713.5,300,activa
4522,3411,corriente,2020-02-02,-4333.43,300,activa
4523,3412,corriente,2015-05-03,-7114.04,0,activa
4524,3412,ahorro,2020-07-15,-6506.96,0,activa
4525,3413,ahorro,2018-02-23,40027.65,0,activa
4526,3414,corriente,2023-06-02,34293.3,500,activa
4527,3415,corriente,2026-03-14,1082.77,0,activa
4528,3416,corriente,2024-04-19,26574.82,500,activa
4529,3417,corriente,2026-06-21,12767.67,0,activa
4530,3417,corriente,2026-06-03,526.84,0,activa
4531,3418,corriente,2024-04-29,7409.91,500,activa
4532,3418,corriente,2025-05-23,-5561.88,0,activa
4533,3418,corriente,2026-05-09,-803.73,0,activa
4534,3419,ahorro,2020-03-19,6188.04,0,activa
4535,3419,corriente,2022-05-27,-6257.58,1000,activa
4536,3419,corriente,2024-06-05,-8061.68,300,activa
4537,3420,corriente,2023-07-06,-6527.75,0,activa
4538,3421,corriente,2022-04-24,14934.8,500,activa
4539,3422,corriente,2024-02-18,15257.55,500,activa
4540,3423,ahorro,2020-04-16,-7605.32,0,activa
4541,3424,ahorro,2026-06-23,192.07,0,activa
4542,3425,corriente,2022-07-11,16271.21,0,activa
4543,3425,corriente,2014-06-12,-8091.86,0,activa
4544,3426,corriente,2016-04-25,14538.42,0,activa
4545,3427,corriente,2016-01-14,2032.85,0,activa
4546,3428,ahorro,2021-04-02,26529.84,0,activa
4547,3428,corriente,2019-08-14,-5295.42,500,activa
4548,3429,corriente,2022-09-10,3435.01,300,activa
4549,3430,corriente,2024-10-04,21284.53,0,activa
4550,3430,corriente,2022-01-02,-5044.53,0,activa
4551,3431,corriente,2022-07-14,544.73,300,activa
4552,3432,corriente,2014-06-27,8668.09,500,activa
4553,3433,ahorro,2023-06-07,11410.24,0,activa
4554,3434,corriente,2025-12-01,-3045.83,0,cerrada
4555,3434,corriente,2026-01-20,-4010.79,0,activa
4556,3435,ahorro,2014-12-26,15269.75,0,activa
4557,3435,corriente,2015-03-06,-4489.33,0,activa
4558,3436,corriente,2023-08-11,-7446.59,300,activa
4559,3437,ahorro,2026-01-24,-387.86,0,activa
4560,3438,ahorro,2024-09-14,8664.17,0,activa
4561,3439,corriente,2015-06-05,7549.42,1000,activa
4562,3440,corriente,2025-06-16,7069.74,0,activa
4563,3440,ahorro,2020-09-17,-9498.27,0,cerrada
4564,3441,corriente,2020-12-28,8301.01,500,activa
4565,3441,corriente,2023-11-03,-11068.38,500,activa
4566,3442,corriente,2025-06-25,22989.94,1000,activa
4567,3443,corriente,2012-02-08,7716.93,500,activa
4568,3444,corriente,2022-06-29,-5780.62,0,activa
4569,3445,corriente,2016-10-21,36425.92,0,activa
4570,3446,corriente,2022-08-14,-5013.21,1000,activa
4571,3446,ahorro,2023-05-18,-6635.21,0,activa
4572,3447,corriente,2020-11-17,-3238.98,300,activa
4573,3448,corriente,2021-11-26,30486.84,0,activa
4574,3449,ahorro,2008-09-30,52448.65,0,activa
4575,3450,corriente,2025-08-20,-8528.26,300,activa
4576,3451,corriente,2013-10-24,-7622.57,300,activa
4577,3452,ahorro,2025-11-25,-2634.8,0,activa
4578,3453,corriente,2008-08-18,22003.82,1000,activa
4579,3453,corriente,2012-06-11,-8972.18,300,activa
4580,3454,corriente,2014-08-30,6069.41,500,activa
4581,3455,corriente,2022-06-10,23206.94,300,activa
4582,3456,corriente,2021-09-24,14094.68,1000,activa
4583,3457,corriente,2018-08-13,16058.52,1000,activa
4584,3458,corriente,2021-11-04,20634.1,0,activa
4585,3459,ahorro,2023-08-24,166.33,0,activa
4586,3460,ahorro,2022-07-19,11692.35,0,activa
4587,3461,corriente,2021-03-26,24164.84,300,activa
4588,3461,ahorro,2025-04-09,-7095.88,0,cerrada
4589,3462,corriente,2025-12-02,15564.89,1000,activa
4590,3463,corriente,2016-11-03,-6132.24,1000,activa
4591,3464,corriente,2024-11-26,24384.5,300,activa
4592,3465,corriente,2018-08-15,13296.56,0,activa
4593,3465,corriente,2020-09-01,-9939.56,500,activa
4594,3466,corriente,2026-06-18,-1417.48,1000,activa
4595,3466,corriente,2017-03-10,-5957.35,1000,activa
4596,3466,ahorro,2023-07-14,-9358.65,0,activa
4597,3467,corriente,2018-04-02,-1751.19,1000,activa
4598,3468,ahorro,2024-11-17,25285.82,0,activa
4599,3469,corriente,2025-06-08,18422.44,1000,activa
4600,3470,corriente,2024-11-27,23819.87,500,activa
4601,3471,corriente,2024-05-11,-2811.01,1000,activa
4602,3471,corriente,2026-03-14,-2345.13,0,activa
4603,3472,corriente,2023-06-09,16994.21,300,activa
4604,3473,corriente,2025-11-30,7314.9,300,activa
4605,3473,corriente,2026-02-16,-584.46,500,activa
4606,3474,ahorro,2025-10-16,12220.77,0,activa
4607,3474,corriente,2023-12-16,-8869.56,0,activa
4608,3475,corriente,2021-07-01,30387.11,0,activa
4609,3476,corriente,2021-12-02,8351.75,300,activa
4610,3477,corriente,2017-01-09,26849.98,0,activa
4611,3478,corriente,2024-08-24,-1060.63,0,activa
4612,3478,corriente,2026-04-16,-1145.76,500,activa
4613,3479,ahorro,2022-06-11,-8001.91,0,activa
4614,3480,ahorro,2023-09-14,23555.76,0,activa
4615,3480,corriente,2025-06-10,-1173.35,1000,activa
4616,3481,ahorro,2018-08-11,57678.92,0,activa
4617,3482,corriente,2022-04-14,11084.02,1000,activa
4618,3483,corriente,2025-08-24,18926.11,300,activa
4619,3484,corriente,2024-03-02,14315.03,500,activa
4620,3485,corriente,2025-03-31,-4220.87,1000,activa
4621,3486,corriente,2023-09-03,9017.12,300,activa
4622,3487,corriente,2025-03-06,23796.5,0,activa
4623,3488,ahorro,2025-05-11,23587.74,0,cerrada
4624,3489,corriente,2022-06-24,22433.67,300,activa
4625,3490,corriente,2022-02-02,4065.93,500,activa
4626,3491,corriente,2021-01-17,-9835.97,0,activa
4627,3492,corriente,2021-11-25,17453.28,0,activa
4628,3493,corriente,2026-06-30,735.34,1000,activa
4629,3494,corriente,2023-06-08,21798.48,500,activa
4630,3494,corriente,2024-11-18,-7193.72,1000,activa
4631,3495,corriente,2018-05-13,44532.95,500,bloqueada
4632,3496,corriente,2022-03-21,-281.86,300,activa
4633,3496,corriente,2021-12-21,-5888.31,500,activa
4634,3497,corriente,2025-02-07,22131.63,1000,activa
4635,3497,corriente,2018-05-23,-10533.77,500,activa
4636,3497,ahorro,2023-05-16,-9488.77,0,activa
4637,3498,ahorro,2025-11-28,5456.92,0,activa
4638,3499,corriente,2018-07-15,30027.93,300,activa
4639,3500,corriente,2011-05-10,-4146.1,0,activa
4640,3500,corriente,2010-10-02,-5449.01,300,activa
4641,3501,corriente,2024-10-01,31482.52,1000,activa
4642,3501,corriente,2025-11-08,-2825.36,1000,activa
4643,3502,corriente,2022-03-13,16734.33,300,activa
4644,3503,corriente,2016-12-02,494.63,1000,activa
4645,3504,ahorro,2023-06-22,-6601.76,0,activa
4646,3504,corriente,2026-06-08,-999.58,1000,activa
4647,3505,ahorro,2022-06-19,31019.76,0,activa
4648,3505,corriente,2025-09-08,-5271.92,300,activa
4649,3506,corriente,2025-08-23,6838.17,0,activa
4650,3507,ahorro,2016-01-21,13379.3,0,activa
4651,3508,ahorro,2019-04-15,-5918.78,0,activa
4652,3509,corriente,2025-02-28,-8097.56,1000,activa
4653,3510,ahorro,2022-09-02,15979.58,0,activa
4654,3511,corriente,2025-06-25,25285.21,300,activa
4655,3512,ahorro,2013-01-31,4916.92,0,activa
4656,3512,corriente,2009-09-30,-5089.92,500,activa
4657,3513,corriente,2021-11-04,17197.0,0,activa
4658,3514,ahorro,2020-10-20,10285.79,0,activa
4659,3515,corriente,2026-06-12,1136.3,0,activa
4660,3516,corriente,2023-03-03,14345.22,1000,activa
4661,3517,corriente,2026-01-04,6564.09,0,activa
4662,3518,ahorro,2020-07-02,6293.26,0,activa
4663,3519,ahorro,2018-12-21,5680.75,0,activa
4664,3520,corriente,2022-10-20,7612.13,500,activa
4665,3521,corriente,2025-07-12,15102.66,500,activa
4666,3522,corriente,2026-04-21,2080.58,300,activa
4667,3522,ahorro,2026-06-05,453.71,0,activa
4668,3523,corriente,2024-08-25,2958.47,300,bloqueada
4669,3523,corriente,2024-05-08,-7259.24,1000,activa
4670,3523,corriente,2025-04-05,-8189.56,0,activa
4671,3524,corriente,2026-06-01,-1180.58,1000,activa
4672,3525,corriente,2020-06-15,-5640.94,0,activa
4673,3526,corriente,2025-06-28,3982.93,300,activa
4674,3527,corriente,2021-10-20,16423.14,0,activa
4675,3528,corriente,2019-09-24,-7047.64,500,activa
4676,3529,ahorro,2023-08-02,19117.74,0,activa
4677,3530,corriente,2023-09-08,-1250.67,0,activa
4678,3531,corriente,2023-09-07,8815.12,500,activa
4679,3531,corriente,2022-07-04,-5774.89,1000,activa
4680,3531,corriente,2012-04-13,-5523.37,1000,activa
4681,3532,ahorro,2025-07-15,6605.02,0,activa
4682,3533,ahorro,2017-11-12,-5189.28,0,activa
4683,3534,corriente,2026-06-13,3592.33,0,activa
4684,3534,corriente,2026-06-20,30.48,500,activa
4685,3535,ahorro,2021-05-15,27949.16,0,activa
4686,3536,corriente,2023-09-29,5323.92,0,activa
4687,3537,corriente,2015-11-24,59124.01,300,activa
4688,3538,corriente,2025-03-10,14752.9,1000,activa
4689,3538,ahorro,2025-07-03,-7729.25,0,activa
4690,3539,corriente,2025-09-22,1736.83,500,activa
4691,3539,ahorro,2022-06-15,-3637.94,0,activa
4692,3540,corriente,2024-06-17,882.53,500,activa
4693,3541,corriente,2017-01-12,16625.25,1000,activa
4694,3542,ahorro,2025-11-11,-3324.65,0,activa
4695,3543,corriente,2021-03-23,-10813.51,300,activa
4696,3544,corriente,2025-01-06,13618.92,500,activa
4697,3544,corriente,2020-04-06,-4965.21,500,activa
4698,3545,ahorro,2026-02-24,14292.29,0,activa
4699,3546,corriente,2026-06-27,-379.02,0,activa
4700,3546,corriente,2026-06-13,-115.57,500,activa
4701,3547,corriente,2024-12-03,26236.59,0,activa
4702,3548,corriente,2025-01-02,13229.42,500,activa
4703,3549,ahorro,2026-03-15,4464.8,0,activa
4704,3550,corriente,2018-08-25,7173.27,1000,activa
4705,3551,corriente,2017-06-15,10502.91,0,activa
4706,3552,ahorro,2026-04-23,5441.29,0,activa
4707,3553,corriente,2021-11-14,-7151.93,1000,activa
4708,3554,corriente,2024-11-09,20759.41,1000,activa
4709,3555,corriente,2016-07-01,-963.61,500,activa
4710,3556,corriente,2024-05-20,-5769.07,1000,activa
4711,3557,corriente,2024-10-16,-5518.25,1000,activa
4712,3557,ahorro,2025-11-16,-5386.35,0,activa
4713,3558,corriente,2026-01-08,3.45,0,activa
4714,3559,corriente,2020-12-21,28644.64,0,activa
4715,3559,corriente,2025-06-13,-3080.75,1000,bloqueada
4716,3560,corriente,2026-03-21,4537.21,0,activa
4717,3561,corriente,2015-08-31,12226.64,500,activa
4718,3561,corriente,2023-10-15,-6333.79,300,activa
4719,3561,corriente,2015-03-15,-6496.3,300,activa
4720,3562,corriente,2026-03-22,-2106.87,0,activa
4721,3563,corriente,2026-06-18,399.01,300,activa
4722,3564,corriente,2026-06-27,1023.53,300,activa
4723,3565,corriente,2026-01-21,-515.83,0,activa
4724,3565,corriente,2023-10-23,-5768.49,1000,activa
4725,3565,corriente,2025-07-05,-6477.34,1000,activa
4726,3566,ahorro,2024-11-09,2656.17,0,activa
4727,3567,corriente,2014-12-24,31638.11,1000,activa
4728,3568,ahorro,2024-11-18,9478.23,0,activa
4729,3568,corriente,2024-12-19,-5891.41,500,activa
4730,3569,ahorro,2012-07-23,-8443.19,0,activa
4731,3569,ahorro,2007-12-15,-4387.4,0,activa
4732,3570,corriente,2019-11-12,-3989.89,1000,activa
4733,3571,corriente,2016-09-22,7837.71,500,activa
4734,3572,ahorro,2017-02-24,5165.5,0,activa
4735,3573,corriente,2025-07-26,-4823.99,0,activa
4736,3574,corriente,2016-07-04,28366.61,500,activa
4737,3575,corriente,2024-05-11,-3256.45,0,activa
4738,3576,corriente,2025-03-01,1328.86,300,activa
4739,3576,ahorro,2022-12-05,-5703.99,0,activa
4740,3577,ahorro,2025-11-19,5143.91,0,activa
4741,3578,corriente,2022-10-29,7379.52,300,cerrada
4742,3579,ahorro,2026-05-20,4997.41,0,activa
4743,3580,corriente,2023-05-09,945.46,1000,activa
4744,3581,ahorro,2016-12-17,24568.73,0,activa
4745,3581,corriente,2019-05-26,-5591.2,1000,activa
4746,3582,corriente,2018-01-12,1246.37,0,activa
4747,3583,corriente,2012-05-20,25908.82,500,activa
4748,3583,corriente,2012-11-01,-6124.87,1000,activa
4749,3584,corriente,2026-05-31,-950.92,500,activa
4750,3585,corriente,2020-03-02,6578.34,300,cerrada
4751,3585,ahorro,2019-11-27,-5673.43,0,activa
4752,3586,ahorro,2022-09-29,17052.0,0,activa
4753,3587,corriente,2020-06-09,24334.87,1000,activa
4754,3587,ahorro,2013-05-09,-9757.41,0,activa
4755,3588,corriente,2024-09-19,13178.03,0,activa
4756,3589,corriente,2023-06-08,6302.16,500,activa
4757,3590,corriente,2020-02-04,4936.6,300,activa
4758,3591,corriente,2026-05-31,4790.3,300,activa
4759,3592,corriente,2026-03-26,2107.3,500,activa
4760,3592,ahorro,2026-02-22,-2073.71,0,activa
4761,3592,ahorro,2025-09-26,-3336.82,0,activa
4762,3593,corriente,2019-06-05,7706.1,500,activa
4763,3593,corriente,2020-02-20,-6432.47,500,activa
4764,3594,ahorro,2018-04-16,24455.46,0,activa
4765,3595,corriente,2023-03-02,23151.67,500,activa
4766,3595,ahorro,2026-02-26,-760.1,0,activa
4767,3596,corriente,2021-02-21,20156.17,500,activa
4768,3597,corriente,2025-10-07,15535.83,1000,activa
4769,3597,corriente,2023-05-09,-7246.56,300,activa
4770,3598,corriente,2020-08-21,6383.21,1000,activa
4771,3599,corriente,2015-07-15,-4969.28,500,activa
4772,3600,ahorro,2025-02-07,19426.66,0,activa
4773,3601,corriente,2025-11-27,10099.88,0,activa
4774,3602,ahorro,2022-05-16,44550.72,0,activa
4775,3603,corriente,2026-05-29,-1810.86,1000,activa
4776,3603,corriente,2020-02-13,-3938.61,500,activa
4777,3604,corriente,2021-03-03,18289.79,0,activa
4778,3604,corriente,2014-08-01,-7673.63,1000,activa
4779,3605,ahorro,2026-06-15,2188.55,0,activa
4780,3606,corriente,2011-09-21,6195.27,0,activa
4781,3606,corriente,2014-07-03,-3830.16,1000,cerrada
4782,3607,corriente,2026-03-21,4733.34,1000,activa
4783,3608,corriente,2020-08-04,13174.73,300,activa
4784,3609,corriente,2026-06-21,216.9,1000,activa
4785,3610,corriente,2026-05-20,-161.32,500,activa
4786,3610,corriente,2026-06-09,-579.37,0,activa
4787,3611,corriente,2019-11-28,29549.14,0,activa
4788,3612,corriente,2024-09-24,11535.28,300,activa
4789,3612,corriente,2025-03-24,-7654.8,300,activa
4790,3613,corriente,2007-09-19,11428.29,300,activa
4791,3613,corriente,2017-02-28,-4994.79,300,activa
4792,3614,ahorro,2025-05-18,18705.69,0,activa
4793,3615,corriente,2020-12-22,12700.38,0,activa
4794,3616,corriente,2011-10-04,47405.98,0,activa
4795,3616,corriente,2017-01-28,-5740.57,500,activa
4796,3617,corriente,2021-06-30,2824.42,300,cerrada
4797,3618,corriente,2025-01-27,-9134.64,0,activa
4798,3619,corriente,2023-12-15,7888.32,1000,activa
4799,3620,corriente,2018-05-27,24480.52,1000,activa
4800,3621,ahorro,2014-12-31,15535.99,0,activa
4801,3622,corriente,2026-06-15,885.89,1000,activa
4802,3623,ahorro,2021-06-22,6286.77,0,activa
4803,3624,ahorro,2025-05-23,8234.47,0,activa
4804,3625,corriente,2026-02-21,4425.23,300,activa
4805,3626,corriente,2024-06-09,-4825.53,300,activa
4806,3627,corriente,2011-01-27,14328.31,0,activa
4807,3628,corriente,2023-03-28,-10949.08,0,activa
4808,3629,ahorro,2020-04-10,820.43,0,activa
4809,3630,ahorro,2023-08-22,-3829.98,0,activa
4810,3631,ahorro,2025-07-11,13264.67,0,activa
4811,3632,corriente,2020-02-05,20109.35,300,activa
4812,3633,corriente,2026-06-13,3998.45,1000,activa
4813,3633,corriente,2026-05-09,-2013.5,500,cerrada
4814,3634,corriente,2023-10-20,19299.11,500,activa
4815,3634,ahorro,2020-04-19,-10152.85,0,activa
4816,3634,corriente,2025-01-27,-5193.18,500,activa
4817,3635,corriente,2021-08-12,46706.54,0,activa
4818,3636,corriente,2015-01-30,15893.08,300,activa
4819,3637,ahorro,2025-02-26,14766.98,0,activa
4820,3638,ahorro,2022-10-28,4311.45,0,activa
4821,3639,corriente,2023-01-16,29307.68,1000,activa
4822,3640,ahorro,2024-10-27,16061.52,0,activa
4823,3640,corriente,2025-10-29,-9130.75,300,activa
4824,3641,corriente,2022-02-04,11180.0,300,activa
4825,3642,corriente,2023-01-11,2749.12,500,activa
4826,3643,corriente,2026-04-17,5959.63,1000,activa
4827,3644,corriente,2024-10-17,14904.73,500,activa
4828,3644,corriente,2025-06-23,-4176.31,500,activa
4829,3644,corriente,2024-12-24,-10164.18,1000,activa
4830,3645,ahorro,2018-11-06,4963.44,0,activa
4831,3646,corriente,2026-01-29,7673.34,500,activa
4832,3646,corriente,2025-12-31,-1842.95,300,activa
4833,3647,ahorro,2024-07-15,-207.27,0,activa
4834,3648,corriente,2024-09-15,12124.0,1000,activa
4835,3648,corriente,2025-11-19,-7801.07,300,activa
4836,3648,ahorro,2025-10-10,-2730.93,0,activa
4837,3649,corriente,2024-08-12,4989.56,500,activa
4838,3650,corriente,2025-05-07,3412.06,300,activa
4839,3651,ahorro,2021-11-21,17661.87,0,activa
4840,3651,corriente,2021-07-27,-10913.33,1000,activa
4841,3652,ahorro,2021-09-09,35698.6,0,activa
4842,3652,corriente,2025-02-21,-5338.25,0,activa
4843,3653,corriente,2025-04-18,-6947.91,1000,activa
4844,3653,corriente,2025-11-10,-5028.42,500,activa
4845,3654,corriente,2013-01-23,774.73,0,activa
4846,3655,corriente,2018-06-21,22775.63,300,activa
4847,3656,corriente,2025-09-13,566.94,300,activa
4848,3657,corriente,2026-05-24,1142.8,1000,activa
4849,3658,corriente,2025-01-09,5769.78,500,activa
4850,3658,corriente,2025-07-18,-6431.82,500,activa
4851,3659,corriente,2016-05-25,8250.11,500,activa
4852,3660,corriente,2022-04-19,-478.79,500,activa
4853,3660,corriente,2012-07-10,-9823.46,0,activa
4854,3660,corriente,2019-09-11,-7974.91,1000,activa
4855,3661,corriente,2021-04-05,1265.73,300,activa
4856,3662,ahorro,2026-04-09,-154.74,0,activa
4857,3663,corriente,2012-11-26,18774.2,1000,activa
4858,3663,corriente,2018-04-09,-6825.35,1000,cerrada
4859,3664,corriente,2016-12-10,-10834.19,300,activa
4860,3665,corriente,2022-01-20,18690.03,500,activa
4861,3666,ahorro,2025-12-30,4447.53,0,activa
4862,3667,ahorro,2012-03-18,-3494.92,0,activa
4863,3668,corriente,2012-03-18,10866.13,500,activa
4864,3669,corriente,2023-10-18,-1832.15,0,activa
4865,3669,corriente,2023-12-15,-7976.25,300,bloqueada
4866,3670,corriente,2017-06-08,18860.21,0,activa
4867,3671,corriente,2024-02-29,9052.03,500,activa
4868,3672,corriente,2024-09-17,20867.58,1000,activa
4869,3673,ahorro,2026-01-09,6446.22,0,bloqueada
4870,3673,corriente,2026-03-05,-699.83,300,cerrada
4871,3674,corriente,2023-12-06,25404.29,300,bloqueada
4872,3675,corriente,2026-01-27,4972.43,1000,activa
4873,3675,corriente,2025-02-27,-7011.58,300,activa
4874,3676,ahorro,2022-02-05,582.55,0,activa
4875,3677,ahorro,2022-11-08,7310.91,0,activa
4876,3677,corriente,2026-06-05,-911.77,0,activa
4877,3677,corriente,2022-07-11,-6820.38,500,cerrada
4878,3678,corriente,2026-01-28,-1089.86,0,activa
4879,3679,corriente,2018-02-11,7008.89,1000,activa
4880,3680,corriente,2019-07-07,-12566.43,0,activa
4881,3680,ahorro,2026-06-20,-1527.15,0,activa
4882,3681,corriente,2021-09-05,3182.14,0,activa
4883,3682,corriente,2020-05-09,26866.8,1000,activa
4884,3683,corriente,2026-03-08,7237.94,1000,activa
4885,3684,ahorro,2024-05-02,16872.21,0,activa
4886,3684,corriente,2016-09-13,-4534.1,500,activa
4887,3685,corriente,2020-06-03,5478.86,500,activa
4888,3685,corriente,2025-06-09,-7446.23,500,activa
4889,3686,corriente,2021-11-13,499.23,300,activa
4890,3687,corriente,2019-08-14,22602.77,500,activa
4891,3688,corriente,2026-04-14,-1735.9,500,activa
4892,3689,ahorro,2025-09-02,34565.45,0,activa
4893,3690,corriente,2026-05-29,-583.68,300,activa
4894,3690,ahorro,2026-06-07,-700.45,0,activa
4895,3691,corriente,2023-12-18,4223.18,500,activa
4896,3692,corriente,2025-01-24,18934.17,300,activa
4897,3693,ahorro,2026-06-13,-1703.98,0,activa
4898,3694,corriente,2025-07-18,12559.53,300,cerrada
4899,3695,corriente,2025-05-28,11063.43,0,activa
4900,3696,corriente,2024-08-20,20398.78,300,activa
4901,3697,corriente,2019-08-16,17184.93,1000,activa
4902,3698,corriente,2024-09-30,10119.49,0,activa
4903,3699,corriente,2026-04-21,-347.29,300,activa
4904,3700,corriente,2026-06-29,-176.12,500,activa
4905,3701,corriente,2024-12-15,12057.2,300,cerrada
4906,3702,corriente,2026-05-06,-486.27,0,activa
4907,3703,ahorro,2025-07-19,-1985.25,0,activa
4908,3704,corriente,2022-01-28,10321.58,300,activa
4909,3705,corriente,2025-10-14,-1334.86,1000,activa
4910,3705,corriente,2024-10-26,-9636.68,1000,activa
4911,3706,corriente,2016-10-03,-8701.31,500,activa
4912,3706,corriente,2016-12-01,-7598.74,0,activa
4913,3707,corriente,2023-08-27,21317.13,500,activa
4914,3707,corriente,2022-03-23,-10056.67,1000,activa
4915,3707,corriente,2025-10-08,-2511.94,300,activa
4916,3708,corriente,2022-04-17,13104.75,500,cerrada
4917,3709,corriente,2012-07-01,8077.04,0,activa
4918,3710,corriente,2011-10-13,-5021.34,300,activa
4919,3711,corriente,2016-03-16,-9427.84,1000,activa
4920,3712,corriente,2020-01-12,13907.13,500,activa
4921,3713,corriente,2026-06-20,712.78,300,activa
4922,3714,corriente,2025-11-12,21162.99,500,activa
4923,3714,corriente,2024-10-06,-10327.07,0,activa
4924,3715,corriente,2023-11-16,2124.04,300,cerrada
4925,3716,corriente,2019-02-26,3754.0,300,activa
4926,3717,corriente,2014-05-31,33453.19,1000,activa
4927,3717,corriente,2017-06-25,-5935.72,1000,activa
4928,3718,corriente,2026-06-23,6385.29,0,activa
4929,3719,corriente,2022-08-13,-2536.75,500,activa
4930,3719,corriente,2025-03-17,-5571.55,0,activa
4931,3720,corriente,2022-05-19,1797.65,0,activa
4932,3720,corriente,2025-03-22,-6663.24,0,activa
4933,3720,corriente,2020-09-03,-6454.1,1000,activa
4934,3721,ahorro,2021-04-28,48690.32,0,activa
4935,3722,corriente,2016-04-23,9950.13,300,activa
4936,3723,ahorro,2013-08-04,21224.43,0,activa
4937,3724,corriente,2020-12-03,14355.12,300,activa
4938,3725,corriente,2026-03-13,4429.17,1000,activa
4939,3726,corriente,2021-04-01,10340.17,300,activa
4940,3727,corriente,2018-04-09,37260.85,0,activa
4941,3728,ahorro,2026-05-17,-1055.55,0,activa
4942,3728,corriente,2013-06-13,-9363.63,1000,activa
4943,3728,ahorro,2011-12-30,-3621.52,0,activa
4944,3729,corriente,2018-04-18,25820.01,1000,activa
4945,3730,ahorro,2017-11-15,3054.66,0,activa
4946,3730,corriente,2020-03-23,-11233.75,300,activa
4947,3731,corriente,2015-10-21,-1229.98,300,activa
4948,3732,corriente,2011-05-14,-1191.76,1000,activa
4949,3732,corriente,2016-12-04,-7525.66,1000,activa
4950,3733,corriente,2025-08-31,10434.64,500,activa
4951,3733,corriente,2024-12-13,-9457.94,300,activa
4952,3734,corriente,2018-07-22,13199.6,0,activa
4953,3734,ahorro,2021-01-06,-7944.1,0,activa
4954,3735,ahorro,2017-10-01,5571.09,0,activa
4955,3736,corriente,2015-02-10,4203.09,300,activa
4956,3737,corriente,2026-05-22,1006.02,300,activa
4957,3738,ahorro,2025-05-29,-1379.19,0,activa
4958,3738,corriente,2024-02-27,-9511.61,300,activa
4959,3739,corriente,2021-07-05,14422.62,0,activa
4960,3740,corriente,2023-03-05,11424.76,1000,cerrada
4961,3741,ahorro,2017-01-15,11988.13,0,activa
4962,3741,ahorro,2022-11-11,-5911.49,0,activa
4963,3741,corriente,2026-06-21,-202.86,500,activa
4964,3742,corriente,2026-06-19,1895.96,0,activa
4965,3742,corriente,2008-01-15,-6988.32,500,activa
4966,3743,corriente,2026-06-25,2519.77,500,activa
4967,3744,corriente,2024-10-15,-2748.23,300,activa
4968,3745,corriente,2023-06-10,3239.11,300,activa
4969,3746,ahorro,2021-12-14,11728.42,0,activa
4970,3747,corriente,2024-08-29,-727.75,300,activa
4971,3747,corriente,2024-03-17,-9731.97,0,activa
4972,3748,corriente,2023-11-18,12145.4,500,activa
4973,3749,ahorro,2024-07-26,54079.85,0,activa
4974,3750,ahorro,2024-03-12,21200.36,0,activa
4975,3751,corriente,2025-04-12,14765.23,0,activa
4976,3752,corriente,2015-07-29,22551.67,0,activa
4977,3753,corriente,2018-03-13,6817.93,0,activa
4978,3753,ahorro,2021-02-01,-8870.75,0,activa
4979,3753,corriente,2025-06-21,-9761.55,300,activa
4980,3754,corriente,2021-10-31,12749.8,0,cerrada
4981,3755,corriente,2026-03-07,4507.37,500,activa
4982,3756,corriente,2022-10-14,18535.67,300,activa
4983,3757,ahorro,2026-06-30,-1596.04,0,activa
4984,3758,corriente,2013-04-07,14417.62,0,activa
4985,3759,corriente,2023-07-18,22120.75,500,activa
4986,3760,corriente,2026-04-16,3679.1,1000,activa
4987,3761,ahorro,2010-05-29,8965.3,0,activa
4988,3762,corriente,2025-03-25,10416.74,500,cerrada
4989,3762,corriente,2021-07-26,-7292.53,1000,activa
4990,3763,corriente,2023-07-25,2311.96,500,activa
4991,3764,corriente,2022-11-11,-6893.63,500,activa
4992,3765,corriente,2024-12-26,11030.85,0,activa
4993,3766,corriente,2024-08-27,7948.09,0,activa
4994,3766,corriente,2013-11-20,-6988.06,1000,activa
4995,3767,corriente,2015-11-29,3252.8,1000,activa
4996,3768,corriente,2022-09-07,26425.76,0,activa
4997,3769,corriente,2022-04-10,20851.46,300,activa
4998,3770,corriente,2021-09-01,9773.63,0,activa
4999,3770,corriente,2019-01-28,-5530.16,0,activa
5000,3771,corriente,2026-04-19,2813.02,300,activa
5001,3771,corriente,2026-06-23,-7.02,500,activa
5002,3771,corriente,2026-03-29,-833.78,300,activa
5003,3772,corriente,2024-01-27,-3602.14,300,activa
5004,3773,corriente,2023-01-05,1773.71,500,activa
5005,3774,ahorro,2020-02-07,1558.67,0,activa
5006,3775,corriente,2023-01-01,9139.04,1000,activa
5007,3776,corriente,2026-06-14,3794.87,1000,activa
5008,3776,corriente,2026-06-26,-3704.72,1000,cerrada
5009,3777,corriente,2022-09-18,-8410.96,0,activa
5010,3778,ahorro,2024-02-26,-1494.66,0,activa
5011,3779,ahorro,2026-01-24,298.77,0,activa
5012,3780,ahorro,2020-11-19,30328.85,0,cerrada
5013,3781,corriente,2026-06-27,2434.46,0,activa
5014,3782,corriente,2023-10-13,31879.08,0,activa
5015,3782,corriente,2023-11-03,-6043.59,1000,activa
5016,3782,corriente,2015-11-12,-2727.32,0,activa
5017,3783,corriente,2016-02-26,26660.6,0,activa
5018,3784,corriente,2016-03-07,30433.83,300,activa
5019,3785,ahorro,2022-11-11,10581.4,0,activa
5020,3785,corriente,2021-07-16,-7345.74,0,activa
5021,3786,corriente,2026-01-05,27860.32,300,activa
5022,3787,corriente,2018-06-12,23732.79,500,activa
5023,3788,ahorro,2023-09-19,9297.45,0,activa
5024,3789,corriente,2019-11-16,4267.42,500,activa
5025,3790,corriente,2026-05-02,3029.19,300,bloqueada
5026,3791,corriente,2026-03-28,7859.74,0,activa
5027,3792,corriente,2025-05-02,11361.14,0,activa
5028,3793,corriente,2026-04-26,558.87,500,activa
5029,3794,corriente,2010-08-13,21381.24,1000,activa
5030,3795,ahorro,2025-10-02,4585.88,0,activa
5031,3795,ahorro,2026-06-03,-826.02,0,activa
5032,3796,corriente,2014-02-01,9712.94,1000,activa
5033,3797,corriente,2023-10-14,13993.71,500,activa
5034,3798,corriente,2026-04-22,5095.86,1000,activa
5035,3799,corriente,2010-07-24,7252.33,300,activa
5036,3800,corriente,2026-01-09,11298.42,1000,activa
5037,3800,corriente,2026-01-31,1259.87,1000,activa
5038,3800,corriente,2026-05-03,1069.04,1000,activa
5039,3801,ahorro,2025-08-07,15098.37,0,activa
5040,3802,corriente,2024-11-13,8541.05,500,activa
5041,3803,corriente,2017-07-01,-946.51,0,activa
5042,3803,ahorro,2025-08-01,-12143.59,0,activa
5043,3804,corriente,2025-08-07,10452.97,300,activa
5044,3804,corriente,2025-11-30,-4839.81,0,activa
5045,3805,corriente,2026-05-18,1094.03,1000,activa
5046,3806,corriente,2024-04-09,-9599.29,1000,activa
5047,3806,corriente,2024-07-14,-6594.47,300,activa
5048,3807,corriente,2017-08-28,9692.18,1000,activa
5049,3808,ahorro,2024-01-10,28645.71,0,activa
5050,3809,corriente,2016-01-18,-5670.53,0,activa
5051,3810,corriente,2010-03-21,5818.96,0,activa
5052,3811,corriente,2013-04-06,-977.92,500,activa
5053,3812,corriente,2024-09-23,7681.1,300,activa
5054,3813,corriente,2025-01-13,12817.54,0,activa
5055,3814,ahorro,2020-01-07,16556.92,0,activa
5056,3815,ahorro,2026-02-09,1348.79,0,activa
5057,3816,corriente,2013-09-05,11766.58,300,activa
5058,3817,corriente,2015-12-01,8987.92,300,activa
5059,3818,corriente,2022-03-15,12796.06,500,activa
5060,3819,corriente,2024-05-20,1163.12,0,activa
5061,3820,ahorro,2026-06-23,-869.78,0,activa
5062,3820,ahorro,2026-06-30,-969.47,0,activa
5063,3821,corriente,2024-03-11,9215.81,300,activa
5064,3822,corriente,2025-04-09,17545.95,0,activa
5065,3823,ahorro,2026-06-09,3519.46,0,activa
5066,3824,ahorro,2020-04-14,-11196.24,0,activa
5067,3825,corriente,2025-07-21,3527.79,0,activa
5068,3826,corriente,2013-05-31,18930.36,0,activa
5069,3826,ahorro,2025-01-08,-7941.81,0,activa
5070,3827,corriente,2013-07-24,-4800.42,0,activa
5071,3828,ahorro,2020-02-09,-8176.52,0,activa
5072,3829,corriente,2022-07-31,24926.2,1000,activa
5073,3830,corriente,2026-05-26,4911.56,300,cerrada
5074,3831,corriente,2018-12-27,-7928.6,1000,activa
5075,3831,corriente,2023-03-19,-7795.47,1000,activa
5076,3832,corriente,2024-07-13,-4971.28,300,activa
5077,3833,ahorro,2026-05-04,3241.89,0,activa
5078,3833,corriente,2023-09-25,-3564.36,300,activa
5079,3834,corriente,2022-10-13,20565.45,1000,activa
5080,3835,corriente,2017-10-21,-7734.44,1000,cerrada
5081,3836,corriente,2021-12-16,24704.52,1000,activa
5082,3837,corriente,2025-08-09,-962.91,300,activa
5083,3837,ahorro,2020-04-15,-8873.66,0,activa
5084,3838,corriente,2026-05-17,6421.46,500,cerrada
5085,3839,ahorro,2026-06-14,6277.46,0,activa
5086,3840,corriente,2020-02-22,24522.88,0,activa
5087,3841,corriente,2025-09-06,10930.13,1000,activa
5088,3842,corriente,2026-05-27,567.82,300,activa
5089,3843,ahorro,2025-07-16,2798.18,0,activa
5090,3844,corriente,2024-01-15,1788.76,300,activa
5091,3844,corriente,2022-11-08,-8896.0,0,activa
5092,3845,ahorro,2026-04-24,4478.63,0,activa
5093,3845,corriente,2026-05-26,-687.84,300,cerrada
5094,3845,corriente,2026-03-05,-183.87,300,activa
5095,3846,corriente,2025-09-10,22389.87,0,activa
5096,3847,corriente,2013-06-21,3640.77,500,activa
5097,3848,ahorro,2021-03-31,8308.79,0,activa
5098,3848,corriente,2022-08-07,-4624.87,500,activa
5099,3849,ahorro,2023-09-05,4793.22,0,cerrada
5100,3850,corriente,2026-01-10,6460.01,300,activa
5101,3851,ahorro,2026-02-12,1983.08,0,activa
5102,3852,corriente,2020-08-28,7174.2,500,activa
5103,3853,corriente,2024-03-14,8622.39,300,activa
5104,3854,corriente,2024-03-27,7354.08,300,activa
5105,3854,corriente,2025-12-08,-4201.6,1000,activa
5106,3855,corriente,2022-05-06,-7581.59,500,activa
5107,3855,corriente,2023-04-22,-4675.66,300,cerrada
5108,3856,ahorro,2022-06-30,6021.71,0,activa
5109,3857,ahorro,2024-10-20,16174.52,0,activa
5110,3857,ahorro,2015-10-01,-5750.38,0,activa
5111,3858,corriente,2022-03-14,2538.03,1000,activa
5112,3858,corriente,2025-06-13,-8721.77,0,activa
5113,3859,ahorro,2023-09-08,-9445.59,0,activa
5114,3859,corriente,2024-12-06,-4598.49,300,activa
5115,3860,corriente,2021-12-22,17543.55,500,activa
5116,3860,corriente,2017-08-26,-5113.48,500,activa
5117,3861,ahorro,2020-08-25,16502.1,0,activa
5118,3862,corriente,2024-02-24,29238.95,500,cerrada
5119,3862,corriente,2026-04-09,-696.03,500,bloqueada
5120,3862,corriente,2024-03-12,-2995.52,0,activa
5121,3863,corriente,2012-10-14,8262.06,1000,activa
5122,3864,corriente,2019-10-26,16489.46,0,activa
5123,3865,ahorro,2024-12-25,7000.12,0,activa
5124,3866,corriente,2013-09-03,1803.11,500,activa
5125,3867,ahorro,2021-10-11,28505.34,0,activa
5126,3868,corriente,2025-08-07,15770.37,300,activa
5127,3868,corriente,2025-04-08,-7959.83,300,activa
5128,3869,corriente,2017-12-18,15644.86,0,activa
5129,3870,corriente,2026-03-21,-826.02,0,activa
5130,3870,corriente,2025-10-05,-6753.44,500,activa
5131,3871,corriente,2022-07-15,8466.25,300,activa
5132,3871,ahorro,2024-10-26,-6263.64,0,activa
5133,3872,corriente,2018-08-21,34605.96,300,activa
5134,3873,corriente,2024-10-03,20912.57,1000,activa
5135,3874,corriente,2026-01-19,2500.05,0,activa
5136,3875,ahorro,2021-02-05,3904.02,0,activa
5137,3876,corriente,2025-11-15,17854.0,0,activa
5138,3877,corriente,2023-08-11,16937.26,500,activa
5139,3878,ahorro,2025-10-24,6196.3,0,activa
5140,3878,ahorro,2021-09-10,-4677.34,0,activa
5141,3879,ahorro,2025-04-21,5263.83,0,activa
5142,3880,corriente,2025-11-15,-940.67,500,activa
5143,3880,ahorro,2025-07-26,-7540.05,0,activa
5144,3881,corriente,2025-12-30,-117.66,500,activa
5145,3881,corriente,2025-09-24,-1441.23,500,activa
5146,3882,ahorro,2025-10-04,13572.05,0,activa
5147,3882,corriente,2025-08-28,-8364.16,1000,activa
5148,3883,corriente,2020-04-19,6356.83,500,activa
5149,3884,corriente,2024-12-11,12731.44,1000,activa
5150,3885,corriente,2018-03-17,9139.27,0,activa
5151,3885,corriente,2020-02-19,-8301.0,0,activa
5152,3886,corriente,2016-01-28,8598.82,0,activa
5153,3886,corriente,2018-08-25,-7610.51,500,activa
5154,3886,ahorro,2014-09-09,-10944.16,0,cerrada
5155,3887,corriente,2018-05-02,6164.06,0,activa
5156,3887,corriente,2015-11-02,-4724.23,0,activa
5157,3888,corriente,2026-06-27,-1458.19,1000,activa
5158,3888,corriente,2026-06-11,1487.97,0,activa
5159,3889,corriente,2020-05-23,5541.89,0,activa
5160,3890,corriente,2026-06-15,1832.76,500,activa
5161,3890,corriente,2026-01-17,-6369.35,300,activa
5162,3891,corriente,2021-04-16,-12071.92,1000,activa
5163,3892,corriente,2026-03-31,7984.16,300,activa
5164,3892,corriente,2025-07-10,-6070.85,0,activa
5165,3892,corriente,2025-01-19,-8069.21,300,activa
5166,3893,corriente,2025-04-08,-6504.88,0,activa
5167,3893,corriente,2023-01-28,-6807.72,300,activa
5168,3894,corriente,2025-02-14,-5218.1,300,activa
5169,3895,corriente,2026-06-10,-652.41,500,activa
5170,3896,corriente,2022-09-02,42124.68,0,activa
5171,3897,corriente,2026-05-16,1819.32,300,cerrada
5172,3897,corriente,2023-07-22,-7240.08,300,activa
5173,3898,corriente,2018-01-02,-2677.56,1000,activa
5174,3899,corriente,2025-04-17,8523.25,500,activa
5175,3900,corriente,2016-09-04,14248.76,300,activa
5176,3900,corriente,2025-10-18,-3791.07,500,activa
5177,3901,ahorro,2019-07-29,-2546.24,0,activa
5178,3902,corriente,2026-01-18,15237.05,300,activa
5179,3902,corriente,2017-10-16,-9946.04,1000,activa
5180,3903,corriente,2017-10-23,18989.22,1000,activa
5181,3904,corriente,2023-01-23,6753.47,0,cerrada
5182,3905,ahorro,2026-06-28,2375.86,0,activa
5183,3906,corriente,2022-03-13,11581.44,300,activa
5184,3907,corriente,2026-05-15,9706.12,0,activa
5185,3908,ahorro,2020-09-16,4246.12,0,activa
5186,3909,corriente,2019-09-04,7663.66,1000,activa
5187,3910,ahorro,2023-10-18,18733.4,0,activa
5188,3910,ahorro,2022-12-14,-8323.33,0,activa
5189,3911,corriente,2025-08-23,11351.41,1000,activa
5190,3911,corriente,2017-02-09,-9637.27,500,activa
5191,3912,corriente,2025-08-01,32889.65,300,activa
5192,3912,corriente,2026-01-13,-953.4,500,bloqueada
5193,3913,corriente,2025-07-10,-93.98,1000,activa
5194,3914,ahorro,2026-06-25,-1139.19,0,activa
5195,3915,ahorro,2025-06-01,5368.28,0,activa
5196,3916,ahorro,2023-05-30,4035.85,0,activa
5197,3917,corriente,2018-07-04,8096.62,1000,activa
5198,3918,corriente,2022-04-29,43041.79,0,activa
5199,3919,corriente,2022-03-03,13002.24,1000,activa
5200,3920,ahorro,2024-10-20,13273.87,0,activa
5201,3921,corriente,2017-10-04,13653.14,0,activa
5202,3921,corriente,2015-07-21,-7511.51,0,activa
5203,3922,corriente,2026-03-28,-374.14,300,activa
5204,3923,corriente,2026-04-17,-994.67,0,activa
5205,3923,corriente,2023-01-30,-5471.23,500,activa
5206,3924,corriente,2026-03-21,20875.14,500,activa
5207,3924,corriente,2024-01-20,-7481.4,0,activa
5208,3925,corriente,2011-05-05,9315.55,1000,activa
5209,3926,corriente,2022-06-18,14674.67,500,activa
5210,3927,corriente,2019-02-28,-7043.49,1000,activa
5211,3928,corriente,2016-03-20,3341.13,0,activa
5212,3929,corriente,2025-07-09,21687.02,1000,activa
5213,3930,corriente,2023-08-17,8421.5,500,activa
5214,3930,corriente,2025-05-31,-7973.94,300,cerrada
5215,3931,corriente,2018-05-26,13247.59,0,activa
5216,3932,corriente,2023-03-16,7794.84,1000,activa
5217,3933,corriente,2026-06-14,616.99,1000,cerrada
5218,3933,corriente,2021-03-06,-8029.28,300,activa
5219,3934,ahorro,2005-10-29,-2324.09,0,activa
5220,3935,ahorro,2024-05-18,15749.43,0,activa
5221,3935,corriente,2015-11-25,-9194.75,500,activa
5222,3936,ahorro,2016-03-17,-4713.15,0,activa
5223,3937,ahorro,2026-05-12,4907.1,0,activa
5224,3938,corriente,2026-03-27,1667.6,1000,activa
5225,3939,corriente,2017-08-30,-5966.65,500,activa
5226,3939,corriente,2018-08-01,-7742.82,1000,activa
5227,3940,corriente,2025-06-27,-5870.2,500,activa
5228,3941,corriente,2024-06-02,-8720.71,0,activa
5229,3941,ahorro,2024-01-24,-7453.14,0,activa
5230,3942,corriente,2021-07-25,23411.96,300,activa
5231,3943,ahorro,2024-11-30,21063.33,0,activa
5232,3944,corriente,2022-02-17,49668.72,300,activa
5233,3945,ahorro,2025-03-24,-7624.39,0,activa
5234,3946,corriente,2025-06-06,11154.27,1000,activa
5235,3947,corriente,2024-03-13,14451.26,300,activa
5236,3947,corriente,2021-12-16,-5097.0,1000,activa
5237,3948,corriente,2025-02-25,22989.65,1000,activa
5238,3948,corriente,2016-12-04,-9953.28,500,activa
5239,3949,corriente,2009-05-26,38050.09,500,activa
5240,3950,corriente,2026-03-19,-1972.31,500,activa
5241,3951,corriente,2020-10-19,-296.53,500,activa
5242,3951,corriente,2010-12-06,-11213.06,300,activa
5243,3952,corriente,2025-08-21,12083.37,1000,activa
5244,3952,corriente,2019-12-21,-6095.09,1000,activa
5245,3953,ahorro,2021-01-13,4355.19,0,activa
5246,3954,corriente,2025-03-24,30495.19,300,activa
5247,3955,ahorro,2026-06-22,1085.97,0,activa
5248,3956,corriente,2024-06-09,24755.1,1000,activa
5249,3956,corriente,2022-06-29,-6922.45,0,activa
5250,3957,ahorro,2014-02-17,3714.07,0,activa
5251,3957,corriente,2015-09-03,-10577.98,500,activa
5252,3958,corriente,2024-11-09,18165.2,500,activa
5253,3959,corriente,2022-08-16,16645.62,1000,activa
5254,3960,ahorro,2023-07-21,-8598.96,0,activa
5255,3961,corriente,2023-06-09,-816.8,0,activa
5256,3961,ahorro,2017-01-06,-4652.29,0,activa
5257,3962,ahorro,2014-07-10,32019.62,0,activa
5258,3963,corriente,2026-02-21,2422.78,1000,activa
5259,3964,corriente,2013-03-19,-2260.62,300,activa
5260,3964,corriente,2016-09-22,-9414.62,0,activa
5261,3965,corriente,2020-06-13,25051.77,300,activa
5262,3966,corriente,2017-11-11,36752.64,1000,activa
5263,3967,corriente,2024-04-24,5368.8,1000,activa
5264,3968,ahorro,2023-06-07,18634.7,0,activa
5265,3969,corriente,2023-11-04,15842.31,0,activa
5266,3970,corriente,2025-08-08,15847.85,300,activa
5267,3971,corriente,2013-11-17,44078.15,1000,activa
5268,3971,corriente,2019-12-17,-1498.3,0,activa
5269,3972,corriente,2017-04-06,21283.51,300,activa
5270,3972,corriente,2022-03-13,-5830.28,0,activa
5271,3972,ahorro,2021-01-08,-10649.48,0,activa
5272,3973,corriente,2026-03-29,2757.04,300,activa
5273,3973,corriente,2025-09-05,-8222.54,500,activa
5274,3974,corriente,2026-06-11,895.78,300,activa
5275,3975,corriente,2025-06-08,7596.5,1000,activa
5276,3975,ahorro,2026-05-06,-374.56,0,activa
5277,3976,corriente,2025-08-16,2086.37,500,activa
5278,3976,corriente,2025-02-12,-7435.25,500,activa
5279,3976,corriente,2021-05-30,-4188.7,500,activa
5280,3977,ahorro,2006-05-14,10521.01,0,activa
5281,3978,ahorro,2021-02-28,-7035.41,0,activa
5282,3979,corriente,2025-10-07,5666.2,300,activa
5283,3980,corriente,2024-09-18,5162.47,0,activa
5284,3981,ahorro,2022-02-03,-6436.39,0,activa
5285,3981,corriente,2019-10-10,-5507.04,0,activa
5286,3981,corriente,2025-08-27,-5403.45,300,activa
5287,3982,ahorro,2019-04-07,-7489.03,0,activa
5288,3983,corriente,2026-04-14,6027.36,0,cerrada
5289,3983,corriente,2026-05-08,415.59,500,activa
5290,3983,corriente,2026-04-08,-1083.04,500,activa
5291,3984,corriente,2026-06-20,3432.91,300,activa
5292,3985,ahorro,2025-11-25,23765.89,0,activa
5293,3985,corriente,2025-01-03,-4614.32,0,activa
5294,3986,corriente,2026-03-13,4383.12,0,activa
5295,3987,corriente,2023-12-05,13111.64,300,activa
5296,3988,corriente,2026-05-26,-356.0,0,activa
5297,3989,corriente,2026-01-07,4886.07,500,activa
5298,3990,ahorro,2021-09-12,3441.68,0,activa
5299,3991,ahorro,2024-11-08,8722.98,0,activa
5300,3992,corriente,2017-12-23,-3659.48,300,cerrada
5301,3993,ahorro,2025-07-30,1051.0,0,activa
5302,3994,ahorro,2024-05-15,-8371.38,0,activa
5303,3995,corriente,2019-07-12,4832.44,300,activa
5304,3996,corriente,2020-07-13,32158.75,300,activa
5305,3997,corriente,2021-02-28,21927.76,500,activa
5306,3997,corriente,2020-01-11,-7821.21,300,activa
5307,3998,ahorro,2024-07-12,4240.9,0,activa
5308,3998,ahorro,2021-02-14,-5880.1,0,activa
5309,3999,corriente,2017-11-10,10296.53,300,activa
5310,4000,corriente,2025-02-20,16698.64,500,activa
5311,4001,corriente,2017-09-20,1379.26,0,activa
5312,4001,corriente,2024-07-06,-11926.35,1000,activa
5313,4002,corriente,2026-04-25,2638.89,0,activa
5314,4003,corriente,2022-05-01,17385.6,1000,activa
5315,4004,corriente,2025-12-26,3470.55,500,activa
5316,4005,corriente,2022-07-25,5841.54,0,activa
5317,4006,corriente,2022-08-29,21702.0,300,activa
5318,4007,corriente,2014-12-21,920.53,500,activa
5319,4008,corriente,2016-03-22,3870.09,300,activa
5320,4009,corriente,2020-05-13,11347.19,300,activa
5321,4010,corriente,2021-10-29,8026.24,300,activa
5322,4011,corriente,2025-06-08,11570.33,0,activa
5323,4012,corriente,2026-06-14,-471.76,500,cerrada
5324,4012,corriente,2023-08-09,-5472.36,300,activa
5325,4013,corriente,2026-06-05,-780.1,1000,activa
5326,4013,corriente,2026-06-02,-327.68,500,activa
5327,4014,corriente,2021-08-18,579.79,500,activa
5328,4015,ahorro,2020-11-20,32050.06,0,activa
5329,4016,corriente,2019-12-01,18461.44,500,activa
5330,4017,corriente,2024-11-01,11710.55,0,activa
5331,4017,ahorro,2024-03-20,-7713.52,0,activa
5332,4018,corriente,2023-06-16,1488.04,1000,activa
5333,4019,corriente,2024-04-15,-6976.45,1000,activa
5334,4020,corriente,2024-08-13,12642.19,500,activa
5335,4021,corriente,2021-09-20,3188.3,500,activa
5336,4022,corriente,2015-06-23,10656.61,1000,activa
5337,4022,corriente,2020-11-08,-7387.37,500,activa
5338,4023,corriente,2026-06-11,-1485.77,300,activa
5339,4024,corriente,2023-08-09,5598.55,500,activa
5340,4024,corriente,2026-05-06,-575.75,500,activa
5341,4024,corriente,2024-11-18,-6856.55,500,bloqueada
5342,4025,corriente,2018-04-10,8365.18,0,activa
5343,4026,corriente,2025-12-10,13012.91,0,activa
5344,4027,ahorro,2019-04-01,-3761.94,0,activa
5345,4028,ahorro,2008-12-18,23701.9,0,activa
5346,4029,corriente,2012-05-04,18180.08,0,activa
5347,4030,corriente,2025-07-18,9178.35,500,activa
5348,4031,corriente,2021-08-09,-7676.16,300,activa
5349,4031,corriente,2020-12-08,-8075.9,300,activa
5350,4031,corriente,2021-06-27,-6684.64,1000,activa
5351,4032,corriente,2014-12-29,-5497.48,1000,activa
5352,4032,corriente,2016-05-03,-5700.02,0,activa
5353,4032,corriente,2007-07-06,-11404.42,300,activa
5354,4033,corriente,2025-03-21,10461.2,0,activa
5355,4034,ahorro,2010-01-05,5818.47,0,activa
5356,4035,ahorro,2025-10-08,22306.41,0,cerrada
5357,4036,ahorro,2019-05-07,5182.99,0,activa
5358,4036,ahorro,2015-03-02,-5125.31,0,activa
5359,4037,ahorro,2012-10-02,36088.99,0,activa
5360,4038,ahorro,2025-02-24,809.84,0,bloqueada
5361,4039,corriente,2020-10-11,8943.75,500,activa
5362,4039,corriente,2014-01-12,-8169.66,300,activa
5363,4040,ahorro,2013-04-29,-7659.91,0,activa
5364,4040,corriente,2015-06-05,-9182.66,300,activa
5365,4041,corriente,2022-01-11,7187.09,500,activa
5366,4042,corriente,2017-04-09,11300.9,500,activa
5367,4042,corriente,2022-09-08,-8653.36,300,activa
5368,4043,corriente,2016-01-27,15831.94,1000,activa
5369,4044,corriente,2023-02-24,28537.58,500,activa
5370,4045,corriente,2025-11-21,45350.58,0,activa
5371,4046,ahorro,2023-11-05,35923.86,0,activa
5372,4047,corriente,2022-04-24,14576.64,0,activa
5373,4047,corriente,2019-11-25,-6320.22,1000,activa
5374,4048,corriente,2024-12-04,3540.74,500,activa
5375,4049,corriente,2012-05-22,11838.78,0,activa
5376,4050,corriente,2012-06-10,537.8,0,activa
5377,4051,corriente,2026-02-01,-1912.82,300,activa
5378,4052,corriente,2021-04-19,6499.97,1000,activa
5379,4052,corriente,2020-11-21,-7225.39,300,activa
5380,4053,corriente,2007-07-18,7118.99,300,activa
5381,4054,corriente,2013-08-30,-2247.36,300,activa
5382,4055,corriente,2018-06-30,14536.18,1000,activa
5383,4055,corriente,2019-10-27,-3603.32,300,activa
5384,4056,corriente,2023-06-28,3716.61,0,activa
5385,4057,corriente,2017-05-29,5051.54,0,activa
5386,4058,corriente,2021-02-17,2024.62,500,activa
5387,4059,corriente,2022-05-11,-9163.11,0,activa
5388,4060,corriente,2009-02-26,9800.46,300,activa
5389,4061,corriente,2010-12-10,10918.62,500,activa
5390,4062,corriente,2026-04-15,6684.06,500,activa
5391,4062,corriente,2014-02-18,-5759.73,500,activa
5392,4063,corriente,2024-06-21,11509.48,0,activa
5393,4064,corriente,2022-02-11,24497.4,1000,activa
5394,4065,corriente,2013-01-08,9600.48,300,activa
5395,4066,corriente,2010-09-15,3240.37,0,activa
5396,4067,corriente,2023-10-22,305.55,1000,activa
5397,4067,corriente,2020-05-31,-7008.97,300,activa
5398,4068,corriente,2021-04-11,-8654.84,300,activa
5399,4069,corriente,2024-01-10,10133.81,1000,activa
5400,4070,corriente,2026-06-14,1608.4,0,activa
5401,4071,corriente,2026-05-18,8889.39,500,activa
5402,4072,corriente,2020-07-29,24565.8,1000,activa
5403,4073,ahorro,2018-05-05,-6864.43,0,activa
5404,4073,corriente,2017-12-16,-4499.09,500,activa
5405,4073,corriente,2016-03-03,-4422.49,500,activa
5406,4074,corriente,2025-04-25,8908.81,1000,activa
5407,4075,corriente,2017-05-01,14104.86,300,activa
5408,4075,corriente,2025-08-04,-7619.62,500,activa
5409,4076,corriente,2026-05-07,7753.11,1000,activa
5410,4076,corriente,2026-05-03,1069.86,1000,activa
5411,4077,ahorro,2026-01-10,5191.18,0,activa
5412,4077,corriente,2025-12-01,-2505.46,300,activa
5413,4078,corriente,2016-02-18,16267.91,0,activa
5414,4079,ahorro,2024-09-05,415.15,0,activa
5415,4079,corriente,2026-02-18,-3086.98,500,activa
5416,4079,corriente,2022-05-20,-11972.97,0,activa
5417,4080,corriente,2026-04-15,2284.35,300,activa
5418,4081,corriente,2013-11-16,8465.42,0,activa
5419,4082,corriente,2026-01-21,9965.27,0,cerrada
5420,4083,corriente,2026-05-15,3719.03,1000,activa
5421,4084,ahorro,2010-11-08,24575.58,0,cerrada
5422,4085,corriente,2011-09-18,29610.74,500,activa
5423,4086,corriente,2024-06-19,353.07,300,activa
5424,4086,ahorro,2020-09-02,-9263.02,0,activa
5425,4087,ahorro,2022-11-04,7761.54,0,activa
5426,4088,corriente,2019-09-19,7866.43,300,activa
5427,4088,ahorro,2025-03-07,-7097.47,0,cerrada
5428,4089,ahorro,2026-03-25,2605.57,0,activa
5429,4089,corriente,2026-01-29,-4144.39,1000,activa
5430,4090,corriente,2026-04-23,3814.03,500,activa
5431,4091,corriente,2026-01-13,3811.16,0,activa
5432,4092,corriente,2023-01-17,2057.24,300,activa
5433,4093,ahorro,2025-09-01,7436.85,0,activa
5434,4093,corriente,2025-08-10,-5844.82,1000,activa
5435,4094,corriente,2026-06-27,-2296.36,300,activa
5436,4095,ahorro,2012-07-17,24933.65,0,activa
5437,4095,corriente,2014-03-22,-4481.8,1000,activa
5438,4096,corriente,2010-04-26,4704.92,500,activa
5439,4096,corriente,2021-10-28,-6381.72,0,activa
5440,4096,ahorro,2016-09-19,-7314.73,0,activa
5441,4097,corriente,2018-01-10,27353.64,300,activa
5442,4098,ahorro,2026-06-14,1771.08,0,activa
5443,4098,ahorro,2026-06-17,-1255.72,0,activa
5444,4098,corriente,2026-06-13,-695.55,300,activa
5445,4099,corriente,2024-12-19,1727.53,0,activa
5446,4100,ahorro,2025-03-19,15264.99,0,activa
5447,4101,corriente,2025-09-10,5011.34,300,activa
5448,4102,corriente,2024-04-20,32926.04,0,activa
5449,4103,corriente,2011-12-14,6299.67,500,activa
5450,4104,corriente,2013-10-12,-249.48,500,activa
5451,4105,corriente,2010-01-03,3781.62,1000,activa
5452,4105,corriente,2024-05-21,-8893.42,0,activa
5453,4106,corriente,2026-05-30,3397.65,0,activa
5454,4106,ahorro,2026-04-04,-734.15,0,activa
5455,4107,corriente,2026-06-24,-1179.94,500,activa
5456,4108,corriente,2021-04-29,6255.49,0,activa
5457,4109,corriente,2025-03-04,-7152.57,1000,activa
5458,4109,corriente,2014-11-17,-5431.1,500,activa
5459,4110,corriente,2022-12-20,-8532.55,0,activa
5460,4111,corriente,2025-07-10,830.36,300,activa
5461,4111,corriente,2021-12-27,-8604.69,1000,activa
5462,4112,corriente,2020-04-19,597.34,500,activa
5463,4113,corriente,2024-05-15,2412.76,300,activa
5464,4114,corriente,2026-05-24,-1105.75,0,activa
5465,4115,corriente,2023-10-07,15339.8,300,cerrada
5466,4116,ahorro,2015-01-23,12013.83,0,bloqueada
5467,4117,corriente,2024-03-09,20309.09,1000,activa
5468,4118,corriente,2021-06-23,8621.91,300,activa
5469,4119,corriente,2021-12-10,11283.55,0,activa
5470,4119,ahorro,2021-03-21,-8720.08,0,activa
5471,4120,corriente,2021-04-09,9221.54,500,activa
5472,4120,ahorro,2019-08-28,-3720.67,0,activa
5473,4121,ahorro,2025-12-25,1054.41,0,activa
5474,4122,corriente,2026-04-22,953.34,1000,cerrada
5475,4123,ahorro,2013-03-28,12047.96,0,activa
5476,4124,corriente,2026-03-05,4304.56,0,activa
5477,4124,corriente,2026-05-02,-1244.6,300,activa
5478,4125,corriente,2026-06-30,895.08,0,activa
5479,4126,corriente,2026-04-24,-3505.75,1000,activa
5480,4126,corriente,2025-06-08,-6414.25,300,activa
5481,4127,corriente,2025-12-29,6375.9,300,activa
5482,4127,corriente,2026-04-20,309.36,500,activa
5483,4128,corriente,2022-09-04,8126.82,0,activa
5484,4129,corriente,2026-05-10,1193.0,500,activa
5485,4130,corriente,2026-04-09,3595.18,0,activa
5486,4130,corriente,2026-04-12,-2211.28,300,activa
5487,4131,ahorro,2022-11-25,19876.46,0,activa
5488,4132,ahorro,2023-02-05,28059.47,0,activa
5489,4133,corriente,2024-04-08,-3885.97,1000,activa
5490,4134,corriente,2017-01-15,19581.64,0,activa
5491,4135,corriente,2023-08-09,3571.31,1000,activa
5492,4136,corriente,2026-01-07,6888.57,0,activa
5493,4137,corriente,2025-05-20,-1192.59,0,activa
5494,4137,corriente,2025-02-03,-9621.96,1000,activa
5495,4137,corriente,2023-06-10,-5186.54,0,activa
5496,4138,corriente,2026-06-18,5308.18,1000,activa
5497,4139,corriente,2025-02-15,25724.44,300,activa
5498,4139,corriente,2022-05-31,-11117.14,0,activa
5499,4140,corriente,2023-06-04,17508.63,300,activa
5500,4141,corriente,2021-05-01,-3547.96,300,activa
5501,4142,corriente,2019-02-04,6087.62,0,activa
5502,4142,ahorro,2024-07-18,-8588.54,0,activa
5503,4142,corriente,2020-02-25,-8546.2,500,activa
5504,4143,corriente,2024-10-10,3200.21,1000,activa
5505,4143,corriente,2024-11-22,-8700.22,1000,activa
5506,4144,ahorro,2025-04-02,7285.35,0,activa
5507,4145,corriente,2014-09-19,47466.47,1000,activa
5508,4146,corriente,2024-04-07,24984.85,0,activa
5509,4147,ahorro,2023-09-05,41791.81,0,activa
5510,4147,corriente,2025-03-06,-9653.72,0,cerrada
5511,4148,corriente,2025-04-26,13671.74,1000,cerrada
5512,4149,ahorro,2023-12-13,15246.86,0,activa
5513,4150,ahorro,2010-04-07,-3498.62,0,activa
5514,4151,corriente,2023-05-12,-8150.84,1000,activa
5515,4152,corriente,2020-03-28,-3725.83,500,activa
5516,4152,corriente,2026-05-08,-1302.54,0,activa
5517,4153,corriente,2025-04-29,-7557.79,1000,activa
5518,4154,corriente,2023-07-30,-7433.75,500,activa
5519,4154,ahorro,2025-12-04,-4542.88,0,activa
5520,4155,ahorro,2020-12-24,32763.76,0,activa
5521,4156,corriente,2020-02-09,5649.21,1000,activa
5522,4157,corriente,2019-07-21,-5425.63,500,activa
5523,4158,corriente,2020-06-06,1567.2,0,activa
5524,4159,corriente,2025-06-21,-592.09,1000,activa
5525,4159,ahorro,2025-03-15,-8430.28,0,activa
5526,4160,ahorro,2011-10-16,-2029.16,0,activa
5527,4160,corriente,2015-02-28,-11244.74,300,cerrada
5528,4161,corriente,2014-11-09,18942.1,1000,activa
5529,4162,ahorro,2026-01-11,8909.16,0,activa
5530,4163,corriente,2011-12-22,13434.72,1000,activa
5531,4164,ahorro,2022-12-21,5545.07,0,activa
5532,4165,corriente,2023-04-23,13579.65,0,activa
5533,4165,ahorro,2021-09-24,-4485.46,0,activa
5534,4165,corriente,2026-05-12,-1199.67,300,activa
5535,4166,corriente,2026-06-14,-831.97,0,activa
5536,4167,corriente,2022-10-24,4690.58,1000,activa
5537,4167,corriente,2023-03-29,-5808.92,1000,activa
5538,4168,corriente,2015-03-16,12394.98,0,activa
5539,4169,corriente,2025-08-12,-726.04,1000,activa
5540,4170,corriente,2021-09-02,18677.2,0,activa
5541,4171,corriente,2024-02-15,40958.73,1000,activa
5542,4171,corriente,2023-04-04,-9386.98,300,cerrada
5543,4172,corriente,2026-04-08,7171.28,1000,activa
5544,4172,ahorro,2015-10-19,-6460.81,0,activa
5545,4173,ahorro,2022-07-30,528.12,0,activa
5546,4174,ahorro,2010-06-15,10175.62,0,activa
5547,4175,corriente,2014-12-22,8545.92,0,activa
5548,4176,ahorro,2018-11-30,-5873.32,0,activa
5549,4177,corriente,2025-03-07,40083.35,300,activa
5550,4177,ahorro,2022-12-09,-4349.85,0,activa
5551,4178,corriente,2012-03-08,17755.62,500,activa
5552,4179,corriente,2025-04-26,10916.36,1000,activa
5553,4180,corriente,2024-04-11,3532.29,0,activa
5554,4181,corriente,2011-06-18,18006.31,0,activa
5555,4182,corriente,2023-01-27,6339.36,500,activa
5556,4183,corriente,2020-04-07,36864.76,0,activa
5557,4184,corriente,2020-11-03,-5705.79,0,activa
5558,4185,corriente,2025-07-21,37784.14,500,activa
5559,4185,ahorro,2022-09-14,-6326.44,0,activa
5560,4186,ahorro,2025-08-31,44807.9,0,activa
5561,4187,corriente,2026-04-11,4244.75,300,activa
5562,4188,corriente,2026-01-22,-3015.08,0,activa
5563,4189,corriente,2018-08-22,25012.43,300,activa
5564,4190,corriente,2025-08-20,15499.04,1000,activa
5565,4191,corriente,2025-12-14,8025.02,500,activa
5566,4192,corriente,2026-05-11,848.49,0,activa
5567,4193,ahorro,2024-08-22,-7973.98,0,activa
5568,4193,corriente,2023-12-01,-8882.66,500,activa
5569,4194,corriente,2020-05-05,12734.79,500,activa
5570,4194,corriente,2016-11-26,-5611.02,300,activa
5571,4195,ahorro,2020-09-11,3196.19,0,activa
5572,4196,corriente,2017-09-19,19239.58,0,activa
5573,4197,ahorro,2026-03-14,6541.76,0,activa
5574,4197,corriente,2026-06-16,106.72,0,activa
5575,4198,ahorro,2025-02-01,3417.57,0,activa
5576,4199,corriente,2011-12-02,3823.51,0,activa
5577,4200,ahorro,2025-05-13,7496.39,0,bloqueada
5578,4201,corriente,2024-07-27,14372.85,300,activa
5579,4202,corriente,2023-01-11,-4673.57,1000,activa
5580,4203,corriente,2013-04-05,16526.88,300,activa
5581,4204,ahorro,2026-05-05,3807.56,0,activa
5582,4205,corriente,2023-11-03,7071.62,300,activa
5583,4206,ahorro,2024-01-18,-8551.75,0,activa
5584,4207,ahorro,2022-12-17,-7381.92,0,activa
5585,4208,corriente,2026-03-20,2774.45,500,cerrada
5586,4209,corriente,2024-07-01,-702.14,300,activa
5587,4209,corriente,2022-09-29,-6613.67,1000,activa
5588,4209,corriente,2023-07-20,-3157.3,300,activa
5589,4210,corriente,2025-01-14,32317.94,300,activa
5590,4211,corriente,2024-02-29,32887.43,300,activa
5591,4212,corriente,2025-10-07,4220.02,300,activa
5592,4213,corriente,2026-01-27,6104.48,500,activa
5593,4214,corriente,2025-09-02,7457.21,1000,activa
5594,4215,corriente,2021-09-05,16295.63,500,activa
5595,4216,corriente,2025-11-11,7122.52,300,activa
5596,4216,ahorro,2024-09-03,-6625.9,0,activa
5597,4217,corriente,2015-08-15,8155.1,500,activa
5598,4217,corriente,2005-06-19,-9320.37,500,activa
5599,4218,corriente,2016-02-27,-4089.83,500,activa
5600,4219,corriente,2023-01-15,23330.17,1000,activa
5601,4220,corriente,2018-10-29,6992.94,500,activa
5602,4221,ahorro,2026-05-01,8685.24,0,activa
5603,4222,ahorro,2022-04-22,7710.72,0,activa
5604,4222,corriente,2024-10-22,-4824.04,0,activa
5605,4223,corriente,2023-03-25,1096.24,1000,activa
5606,4224,corriente,2019-12-10,3235.32,300,activa
5607,4225,corriente,2025-05-22,8580.78,1000,activa
5608,4226,corriente,2026-03-09,452.08,500,activa
5609,4226,corriente,2021-06-16,-5770.16,0,activa
5610,4227,ahorro,2017-10-25,12077.72,0,activa
5611,4227,corriente,2018-06-12,-8842.62,300,activa
5612,4227,corriente,2025-03-10,-11611.18,0,activa
5613,4228,ahorro,2021-10-07,11388.46,0,cerrada
5614,4229,ahorro,2021-03-02,3379.95,0,activa
5615,4230,ahorro,2024-06-07,3200.44,0,cerrada
5616,4230,ahorro,2024-06-01,-5170.46,0,activa
5617,4231,corriente,2025-09-02,27788.88,300,activa
5618,4231,corriente,2025-09-17,-5770.03,1000,activa
5619,4232,ahorro,2021-03-28,6446.99,0,activa
5620,4233,corriente,2025-05-05,9468.29,0,activa
5621,4234,ahorro,2024-06-30,-3811.27,0,activa
5622,4234,corriente,2026-02-14,-477.34,300,activa
5623,4235,ahorro,2020-09-26,39005.77,0,activa
5624,4236,corriente,2026-06-01,530.24,300,activa
5625,4237,corriente,2018-03-03,15843.78,1000,activa
5626,4238,ahorro,2021-07-02,52068.91,0,activa
5627,4238,corriente,2021-08-23,-1888.62,0,activa
5628,4239,corriente,2024-07-17,-6907.74,1000,activa
5629,4240,corriente,2014-05-22,486.81,0,activa
5630,4241,corriente,2026-02-04,-4500.3,1000,activa
5631,4242,corriente,2021-03-03,13049.11,1000,activa
5632,4243,corriente,2026-03-15,-2885.78,0,activa
5633,4244,ahorro,2021-03-08,15377.12,0,activa
5634,4245,corriente,2025-01-24,11000.02,300,activa
5635,4246,corriente,2019-09-10,8347.72,300,activa
5636,4247,corriente,2024-02-23,-1455.86,300,activa
5637,4248,corriente,2020-07-01,38163.13,0,activa
5638,4249,corriente,2025-11-15,13606.23,500,activa
5639,4250,corriente,2025-09-30,12566.23,300,activa
5640,4251,corriente,2026-06-14,5532.5,300,activa
5641,4252,corriente,2026-05-30,3137.63,300,activa
5642,4253,corriente,2025-01-16,5749.46,0,activa
5643,4253,ahorro,2024-01-25,-7276.31,0,activa
5644,4254,corriente,2025-11-17,197.04,500,activa
5645,4255,corriente,2023-12-04,13883.6,0,activa
5646,4255,corriente,2025-07-11,-5534.84,0,activa
5647,4256,corriente,2025-08-12,15755.8,0,activa
5648,4257,corriente,2021-09-01,11399.6,0,activa
5649,4258,corriente,2025-09-25,5990.51,500,activa
5650,4259,corriente,2022-11-28,1671.42,0,activa
5651,4259,corriente,2021-06-04,-6997.18,300,activa
5652,4260,corriente,2024-09-30,59458.09,1000,activa
5653,4261,corriente,2021-10-21,15232.68,0,activa
5654,4261,ahorro,2020-04-04,-6774.87,0,activa
5655,4262,corriente,2019-07-11,-7819.49,300,activa
5656,4263,ahorro,2015-09-01,31188.0,0,activa
5657,4263,corriente,2019-11-05,-6411.51,500,activa
5658,4264,corriente,2018-05-30,22411.99,1000,activa
5659,4264,corriente,2019-03-01,-4700.01,0,activa
5660,4264,corriente,2024-06-05,-3396.9,1000,activa
5661,4265,ahorro,2021-11-23,5453.62,0,activa
5662,4266,corriente,2026-06-30,-2044.27,300,activa
5663,4267,corriente,2026-05-22,6174.56,1000,activa
5664,4268,corriente,2016-11-18,-9043.63,0,activa
5665,4268,corriente,2023-08-02,-6584.76,1000,activa
5666,4269,ahorro,2025-07-27,16503.58,0,activa
5667,4270,corriente,2025-06-24,3355.26,1000,activa
5668,4271,ahorro,2019-08-31,7891.56,0,activa
5669,4272,ahorro,2021-03-04,8913.36,0,activa
5670,4273,corriente,2026-01-09,3506.44,0,activa
5671,4273,ahorro,2026-06-03,-935.38,0,activa
5672,4274,corriente,2025-08-15,23736.61,0,activa
5673,4275,corriente,2026-05-22,-585.04,0,activa
5674,4275,corriente,2026-05-04,-760.43,1000,activa
5675,4276,corriente,2015-03-14,23481.13,1000,activa
5676,4277,ahorro,2019-12-25,12521.47,0,activa
5677,4277,corriente,2026-06-19,-1084.11,0,activa
5678,4278,corriente,2025-06-18,9735.89,0,activa
5679,4279,corriente,2019-09-27,927.67,0,activa
5680,4280,corriente,2019-07-28,10489.74,0,activa
5681,4280,corriente,2009-08-14,-3522.01,300,activa
5682,4281,corriente,2024-10-29,8746.85,0,activa
5683,4282,corriente,2024-05-19,-5651.5,500,activa
5684,4283,corriente,2025-03-07,3992.85,300,activa
5685,4284,corriente,2022-05-21,4968.86,500,activa
5686,4285,corriente,2026-06-10,1302.66,1000,activa
5687,4286,corriente,2021-01-18,26065.09,300,activa
5688,4287,ahorro,2022-01-22,1378.75,0,activa
5689,4288,corriente,2021-02-24,20105.21,500,activa
5690,4289,corriente,2014-12-09,15324.96,300,activa
5691,4289,ahorro,2020-04-20,-9569.33,0,cerrada
5692,4290,corriente,2025-09-10,9796.69,0,activa
5693,4291,corriente,2025-07-13,12252.47,500,activa
5694,4291,corriente,2023-08-22,-12610.32,300,activa
5695,4291,corriente,2023-03-26,-11115.91,500,activa
5696,4292,ahorro,2010-10-12,10673.13,0,activa
5697,4292,corriente,2019-06-09,-10626.11,1000,activa
5698,4293,corriente,2022-01-23,13513.48,1000,activa
5699,4294,corriente,2022-08-19,28459.77,0,activa
5700,4295,ahorro,2012-02-18,7559.75,0,activa
5701,4295,corriente,2015-08-03,-8441.96,300,activa
5702,4296,ahorro,2023-09-17,24782.42,0,activa
5703,4297,corriente,2016-06-27,9865.59,0,activa
5704,4298,corriente,2024-03-20,26385.4,0,activa
5705,4299,corriente,2026-03-08,3690.85,300,cerrada
5706,4299,corriente,2016-11-07,-5426.71,0,activa
5707,4300,corriente,2025-06-10,13637.66,300,activa
5708,4301,corriente,2026-04-15,1578.34,0,activa
5709,4302,corriente,2019-10-01,18181.47,1000,activa
5710,4303,ahorro,2015-01-14,15891.04,0,activa
5711,4304,ahorro,2019-10-13,2681.0,0,activa
5712,4305,corriente,2023-10-08,3387.82,0,activa
5713,4306,corriente,2017-05-04,3427.99,0,activa
5714,4307,corriente,2026-02-15,5156.22,500,activa
5715,4308,corriente,2024-05-28,-1015.14,500,activa
5716,4309,corriente,2026-01-25,18222.36,300,activa
5717,4310,corriente,2024-03-24,7788.66,300,activa
5718,4311,ahorro,2024-10-02,22312.83,0,activa
5719,4312,corriente,2025-11-25,3525.6,300,activa
5720,4313,corriente,2018-01-25,9664.3,300,activa
5721,4314,corriente,2019-12-17,11385.85,300,activa
5722,4314,corriente,2024-05-19,-9896.16,500,bloqueada
5723,4315,ahorro,2026-04-06,-1104.08,0,activa
5724,4316,corriente,2016-10-15,6490.87,300,activa
5725,4317,corriente,2026-05-19,5314.6,1000,activa
5726,4318,corriente,2025-12-05,-2433.92,300,activa
5727,4319,ahorro,2016-10-26,16098.62,0,activa
5728,4319,ahorro,2021-06-25,-6679.54,0,activa
5729,4320,corriente,2007-12-05,12235.34,500,activa
5730,4321,corriente,2025-01-18,28210.13,300,activa
5731,4322,ahorro,2009-11-06,-35.61,0,activa
5732,4323,corriente,2025-08-28,8331.98,1000,activa
5733,4324,corriente,2019-10-03,12472.02,1000,activa
5734,4325,corriente,2025-10-14,7477.3,300,activa
5735,4326,corriente,2017-08-14,10690.01,1000,activa
5736,4326,corriente,2025-02-25,-7868.53,0,activa
5737,4327,corriente,2021-05-06,-1266.57,0,activa
5738,4328,corriente,2015-01-16,16759.63,500,activa
5739,4329,corriente,2025-12-16,19839.18,1000,activa
5740,4330,corriente,2021-12-08,1153.46,300,activa
5741,4331,corriente,2020-06-04,-3005.01,300,activa
5742,4331,corriente,2024-09-23,-5680.4,0,activa
5743,4332,corriente,2025-02-05,370.16,300,activa
5744,4332,corriente,2025-06-12,-9331.86,1000,activa
5745,4333,corriente,2022-03-25,32243.86,1000,bloqueada
5746,4333,corriente,2022-10-15,-3828.75,300,activa
5747,4334,corriente,2025-10-10,13362.21,0,activa
5748,4335,corriente,2024-02-27,10583.41,0,activa
5749,4335,corriente,2025-09-12,-8359.36,1000,activa
5750,4336,corriente,2017-09-15,11733.71,300,activa
5751,4337,corriente,2026-06-05,-1723.14,0,activa
5752,4338,corriente,2024-12-27,9288.8,1000,activa
5753,4338,corriente,2022-11-06,-7193.11,300,bloqueada
5754,4339,corriente,2019-09-09,1614.53,0,activa
5755,4340,corriente,2019-08-11,3636.01,0,activa
5756,4340,corriente,2020-01-22,-5757.52,1000,activa
5757,4341,corriente,2025-06-29,102.17,300,activa
5758,4341,corriente,2022-07-09,-6794.64,0,activa
5759,4342,ahorro,2018-06-05,7183.28,0,activa
5760,4343,corriente,2022-11-18,-7498.84,300,activa
5761,4344,corriente,2025-07-25,-4323.77,300,activa
5762,4345,corriente,2022-05-28,25068.4,500,activa
5763,4346,corriente,2018-12-13,10879.13,0,activa
5764,4347,corriente,2024-10-05,6481.56,500,activa
5765,4348,corriente,2026-06-29,-407.28,300,cerrada
5766,4349,corriente,2019-11-21,3153.57,0,activa
5767,4350,corriente,2025-03-09,7102.61,0,activa
5768,4351,corriente,2018-01-05,10768.65,0,activa
5769,4351,corriente,2020-01-19,-8025.17,300,activa
5770,4352,corriente,2024-05-04,5675.52,0,activa
5771,4353,corriente,2017-01-26,1676.32,0,activa
5772,4353,ahorro,2020-11-29,-5473.61,0,activa
5773,4353,corriente,2019-02-05,-5420.5,1000,activa
5774,4354,ahorro,2026-06-28,4349.9,0,activa
5775,4354,corriente,2026-06-30,144.66,500,activa
5776,4355,corriente,2017-07-09,22453.46,300,activa
5777,4356,corriente,2016-09-07,6841.91,1000,cerrada
5778,4357,corriente,2025-10-12,4393.25,1000,activa
5779,4358,corriente,2025-03-14,13811.66,1000,activa
5780,4359,ahorro,2022-12-09,13807.45,0,activa
5781,4360,corriente,2025-06-27,-3875.51,0,activa
5782,4361,corriente,2013-07-21,-9795.56,500,activa
5783,4362,ahorro,2023-10-15,18163.13,0,activa
5784,4363,corriente,2015-04-03,1645.68,0,activa
5785,4364,corriente,2009-05-25,5324.79,500,activa
5786,4365,corriente,2018-12-23,17372.4,0,activa
5787,4365,corriente,2023-01-02,-8554.8,300,activa
5788,4366,corriente,2023-11-17,-498.79,500,activa
5789,4366,corriente,2025-05-24,-10358.02,0,activa
5790,4367,corriente,2020-05-16,6041.96,300,activa
5791,4368,ahorro,2021-09-08,20900.15,0,activa
5792,4368,corriente,2025-11-20,-3971.47,1000,activa
5793,4369,corriente,2020-11-05,11485.65,500,activa
5794,4369,ahorro,2026-05-29,-907.46,0,activa
5795,4369,corriente,2017-11-07,-9978.21,500,activa
5796,4370,corriente,2026-04-01,8440.47,500,activa
5797,4371,corriente,2025-06-04,22617.07,1000,activa
5798,4372,corriente,2021-09-09,895.82,1000,activa
5799,4373,corriente,2013-11-13,5944.42,500,activa
5800,4374,corriente,2022-02-18,-5636.55,1000,activa
5801,4375,ahorro,2022-05-14,10918.5,0,activa
5802,4376,corriente,2023-11-24,9882.8,500,activa
5803,4377,corriente,2019-03-04,13307.23,0,activa
5804,4378,corriente,2026-01-06,6148.27,500,activa
5805,4379,corriente,2024-11-01,1217.65,500,activa
5806,4380,corriente,2011-02-06,-6613.45,1000,activa
5807,4380,corriente,2018-01-28,-7121.04,1000,activa
5808,4380,corriente,2015-11-19,-10891.33,300,activa
5809,4381,ahorro,2021-12-12,30084.97,0,activa
5810,4382,ahorro,2025-12-31,11912.43,0,activa
5811,4382,corriente,2026-02-03,-2313.98,500,activa
5812,4383,corriente,2022-07-25,16724.22,300,activa
5813,4384,ahorro,2025-09-09,10876.0,0,activa
5814,4385,corriente,2024-01-02,-297.62,1000,activa
5815,4386,corriente,2026-06-25,8157.84,0,activa
5816,4387,corriente,2025-07-06,10957.67,300,activa
5817,4388,corriente,2024-04-10,237.49,500,activa
5818,4389,ahorro,2021-04-23,2397.82,0,activa
5819,4390,corriente,2026-06-21,-2102.68,500,activa
5820,4391,ahorro,2016-02-20,14259.33,0,activa
5821,4392,ahorro,2019-01-15,4037.52,0,activa
5822,4393,ahorro,2026-06-26,-2478.61,0,activa
5823,4394,corriente,2024-09-03,10746.55,300,activa
5824,4395,corriente,2026-05-15,5916.6,1000,activa
5825,4395,corriente,2025-06-25,-9271.9,300,activa
5826,4396,corriente,2012-01-05,5505.18,300,activa
5827,4397,corriente,2024-03-21,1405.92,0,activa
5828,4398,ahorro,2021-09-22,11368.94,0,activa
5829,4399,corriente,2026-05-19,4529.9,500,activa
5830,4400,corriente,2017-10-03,12219.3,300,activa
5831,4400,ahorro,2017-12-12,-8969.01,0,activa
5832,4401,corriente,2022-04-05,-7225.37,0,activa
5833,4402,corriente,2025-08-28,-4368.96,300,activa
5834,4403,corriente,2015-02-13,-7514.33,300,activa
5835,4404,corriente,2025-12-04,1623.06,0,activa
5836,4405,ahorro,2023-09-16,10826.55,0,activa
5837,4406,corriente,2025-11-06,717.38,1000,activa
5838,4407,corriente,2016-02-20,25236.23,1000,activa
5839,4408,corriente,2025-01-22,-497.08,1000,activa
5840,4409,corriente,2012-04-05,7955.08,1000,activa
5841,4410,corriente,2024-08-28,27605.44,300,activa
5842,4411,corriente,2021-10-03,-2862.78,0,activa
5843,4412,corriente,2021-04-24,-2943.48,1000,activa
5844,4412,corriente,2022-06-18,-11127.57,0,activa
5845,4413,corriente,2025-10-30,9697.0,500,activa
5846,4414,corriente,2016-09-30,5418.91,500,activa
5847,4415,ahorro,2021-07-30,-453.69,0,activa
5848,4416,corriente,2024-05-05,17219.46,500,activa
5849,4417,corriente,2026-01-30,9709.96,500,activa
5850,4418,corriente,2023-06-11,10933.7,300,activa
5851,4418,ahorro,2013-09-24,-4140.28,0,activa
5852,4418,corriente,2016-12-16,-9361.19,1000,activa
5853,4419,ahorro,2025-04-19,17010.35,0,activa
5854,4420,corriente,2023-11-22,4902.97,300,bloqueada
5855,4421,ahorro,2024-12-31,-3618.98,0,activa
5856,4422,corriente,2025-06-03,4874.01,500,activa
5857,4423,corriente,2025-04-28,-6408.57,300,activa
5858,4423,ahorro,2025-06-25,-5120.32,0,activa
5859,4424,corriente,2025-02-09,15541.67,0,activa
5860,4424,ahorro,2011-06-09,-7685.09,0,activa
5861,4425,corriente,2024-04-01,35955.89,300,activa
5862,4426,corriente,2026-04-26,5490.94,300,activa
5863,4427,corriente,2019-06-11,9848.72,0,activa
5864,4427,corriente,2014-08-30,-1853.86,300,activa
5865,4428,corriente,2021-06-25,-2357.9,500,cerrada
5866,4429,corriente,2024-08-24,-4341.95,1000,activa
5867,4430,corriente,2016-10-10,7585.61,300,activa
5868,4431,corriente,2024-02-06,13222.56,300,activa
5869,4432,corriente,2026-04-18,447.51,300,activa
5870,4433,ahorro,2023-08-19,6400.86,0,activa
5871,4434,corriente,2025-03-01,28465.2,0,activa
5872,4435,corriente,2026-06-25,4984.83,300,cerrada
5873,4436,corriente,2022-12-15,22823.58,1000,activa
5874,4437,corriente,2023-03-03,-7632.53,1000,activa
5875,4437,corriente,2024-08-02,-5834.29,1000,activa
5876,4438,corriente,2017-10-29,25207.22,500,activa
5877,4439,corriente,2020-04-07,7673.64,500,activa
5878,4440,corriente,2011-05-23,1497.27,1000,activa
5879,4440,corriente,2025-08-21,-4835.18,0,activa
5880,4440,ahorro,2018-09-24,-10116.88,0,activa
5881,4441,corriente,2026-03-29,3419.91,500,activa
5882,4441,corriente,2026-05-10,-873.18,300,activa
5883,4442,corriente,2018-12-29,19137.78,1000,activa
5884,4442,ahorro,2023-03-12,-6103.72,0,activa
5885,4443,corriente,2022-11-20,19238.04,0,activa
5886,4444,ahorro,2025-05-18,8108.14,0,cerrada
5887,4444,corriente,2025-06-09,-3724.12,1000,activa
5888,4445,corriente,2012-04-25,-466.61,500,activa
5889,4446,corriente,2026-01-30,13456.84,0,activa
5890,4446,corriente,2024-08-02,-7417.37,0,activa
5891,4447,corriente,2017-10-31,4143.6,0,activa
5892,4448,corriente,2020-10-30,-2096.4,500,activa
5893,4449,corriente,2009-10-03,12046.06,0,activa
5894,4449,corriente,2009-12-07,-3462.68,300,activa
5895,4450,corriente,2021-01-09,28206.97,0,cerrada
5896,4451,corriente,2017-09-09,4152.29,0,activa
5897,4452,ahorro,2026-04-01,8447.11,0,activa
5898,4453,corriente,2022-01-05,474.75,500,activa
5899,4454,corriente,2023-11-10,19485.51,500,activa
5900,4454,corriente,2025-02-11,-4286.6,0,activa
5901,4455,corriente,2022-08-08,26904.01,0,activa
5902,4456,ahorro,2025-02-19,19182.9,0,activa
5903,4457,corriente,2025-07-22,2480.74,500,activa
5904,4458,corriente,2021-01-13,11430.91,0,bloqueada
5905,4458,corriente,2024-02-15,-8115.47,500,activa
5906,4459,corriente,2021-01-24,6372.33,500,activa
5907,4459,corriente,2017-01-01,-6721.37,0,activa
5908,4460,ahorro,2018-01-27,14550.94,0,activa
5909,4461,corriente,2011-05-14,9996.26,0,activa
5910,4461,corriente,2014-01-16,-7914.76,1000,activa
5911,4462,ahorro,2025-03-21,5613.86,0,activa
5912,4463,corriente,2020-03-18,15277.42,500,activa
5913,4463,corriente,2022-11-06,-8083.16,500,activa
5914,4464,corriente,2024-02-05,30339.78,1000,activa
5915,4465,corriente,2023-07-02,65865.92,500,activa
5916,4466,corriente,2022-02-09,-5052.99,500,activa
5917,4467,corriente,2014-10-08,5974.42,500,activa
5918,4468,corriente,2020-12-16,15848.01,1000,activa
5919,4469,corriente,2015-12-01,6903.94,300,activa
5920,4470,corriente,2014-10-07,7902.38,300,activa
5921,4471,ahorro,2024-10-06,25001.63,0,activa
5922,4471,corriente,2022-11-26,-4893.16,1000,activa
5923,4472,ahorro,2005-07-16,16985.56,0,activa
5924,4472,corriente,2011-12-16,-6146.7,300,activa
5925,4473,corriente,2023-03-20,36714.34,1000,activa
5926,4474,corriente,2026-06-11,-1850.99,500,activa
5927,4475,corriente,2021-01-08,23319.53,0,activa
5928,4476,corriente,2023-01-19,4290.13,500,activa
5929,4476,corriente,2022-01-23,-5234.5,1000,activa
5930,4477,corriente,2025-02-06,20929.41,300,activa
5931,4477,ahorro,2025-10-05,-3466.39,0,activa
5932,4478,ahorro,2024-10-17,7998.88,0,activa
5933,4479,corriente,2019-12-13,5954.82,0,activa
5934,4480,corriente,2026-06-06,4948.38,0,activa
5935,4480,ahorro,2023-07-22,-7658.28,0,activa
5936,4481,corriente,2026-03-16,5967.07,500,activa
5937,4482,corriente,2023-06-16,8428.89,0,activa
5938,4483,corriente,2021-03-04,70113.02,300,activa
5939,4484,corriente,2020-11-18,3870.9,300,cerrada
5940,4485,corriente,2020-04-17,5198.17,300,activa
5941,4486,corriente,2026-04-20,4061.1,500,activa
5942,4487,ahorro,2026-05-18,4954.6,0,activa
5943,4488,corriente,2021-02-28,856.69,1000,activa
5944,4489,corriente,2026-03-05,5907.86,500,activa
5945,4490,corriente,2017-10-01,-9039.75,500,activa
5946,4490,ahorro,2017-03-06,-8201.8,0,activa
5947,4490,corriente,2018-11-16,-9807.28,0,activa
5948,4491,ahorro,2021-05-28,10711.9,0,activa
5949,4491,corriente,2023-01-28,-8520.77,0,activa
5950,4492,ahorro,2021-01-24,8233.99,0,activa
5951,4493,ahorro,2024-08-20,27254.58,0,activa
5952,4494,ahorro,2015-10-31,12418.21,0,activa
5953,4495,corriente,2017-08-26,17491.95,0,activa
5954,4496,corriente,2020-05-27,15091.03,1000,activa
5955,4497,corriente,2026-01-12,17082.73,500,activa
5956,4498,ahorro,2013-07-05,1703.53,0,activa
5957,4498,corriente,2008-04-03,-6520.05,0,activa
5958,4499,ahorro,2025-11-30,2415.41,0,activa
5959,4500,corriente,2024-04-14,24830.04,300,activa
5960,4501,corriente,2026-01-06,-4031.98,300,activa
5961,4502,corriente,2021-08-18,9700.0,500,activa
5962,4503,corriente,2023-04-05,9379.02,1000,activa
5963,4504,corriente,2025-04-30,-6031.67,0,activa
5964,4505,corriente,2019-07-01,-5735.18,1000,activa
5965,4505,ahorro,2016-09-22,-7360.2,0,activa
5966,4506,ahorro,2024-03-23,6788.81,0,activa
5967,4507,corriente,2017-11-16,7336.65,0,cerrada
5968,4508,corriente,2015-02-03,-6237.99,300,activa
5969,4509,corriente,2018-02-09,-9450.7,300,activa
5970,4510,corriente,2013-07-10,10659.89,1000,activa
5971,4511,ahorro,2024-04-12,10836.68,0,activa
5972,4512,corriente,2025-10-26,-2941.17,1000,activa
5973,4512,corriente,2020-05-20,-9947.76,300,activa
5974,4513,ahorro,2025-12-30,22735.72,0,activa
5975,4514,corriente,2026-01-02,23875.9,500,activa
5976,4515,corriente,2016-09-08,22314.09,300,activa
5977,4516,corriente,2025-03-26,17200.23,0,activa
5978,4517,ahorro,2023-06-23,25051.23,0,activa
5979,4518,corriente,2025-12-07,17728.35,500,activa
5980,4519,corriente,2026-03-06,13761.6,500,activa
5981,4520,ahorro,2025-12-24,-1390.0,0,activa
5982,4520,corriente,2016-12-19,-9099.2,0,activa
5983,4521,corriente,2025-08-23,-7551.15,0,activa
5984,4522,corriente,2015-11-01,10052.03,500,activa
5985,4523,corriente,2026-02-21,8191.47,0,activa
5986,4523,corriente,2021-01-07,-12063.12,300,activa
5987,4524,ahorro,2024-01-14,43994.62,0,activa
5988,4525,corriente,2024-08-08,22913.76,0,activa
5989,4526,corriente,2022-01-26,-2730.86,300,activa
5990,4527,corriente,2020-04-29,2154.15,300,cerrada
5991,4528,ahorro,2017-08-19,6743.91,0,activa
5992,4529,corriente,2025-10-15,31314.15,300,activa
5993,4530,ahorro,2026-01-24,6536.66,0,activa
5994,4530,corriente,2023-09-22,-2478.38,1000,activa
5995,4531,corriente,2024-02-18,29236.29,500,activa
5996,4531,corriente,2023-11-08,-3841.97,500,activa
5997,4532,corriente,2016-11-22,12831.26,0,activa
5998,4533,corriente,2026-06-01,2729.46,0,activa
5999,4534,ahorro,2020-05-28,11894.61,0,activa
6000,4535,corriente,2025-04-29,14216.58,0,activa
6001,4536,ahorro,2025-12-22,1209.58,0,activa
6002,4537,corriente,2026-05-31,1078.89,300,activa
6003,4538,corriente,2018-04-28,9124.02,300,activa
6004,4539,corriente,2021-05-14,46055.17,300,activa
6005,4540,corriente,2012-07-25,65449.84,0,activa
6006,4541,corriente,2012-06-23,8553.08,500,activa
6007,4542,ahorro,2018-06-21,2203.19,0,activa
6008,4543,corriente,2008-07-04,4258.6,1000,activa
6009,4544,corriente,2022-11-11,27959.11,0,activa
6010,4545,corriente,2026-05-09,2203.79,500,activa
6011,4546,corriente,2021-09-28,15649.59,1000,activa
6012,4547,corriente,2024-06-21,8086.05,0,activa
6013,4548,corriente,2010-10-10,4534.66,0,activa
6014,4549,corriente,2018-07-18,-3429.72,300,activa
6015,4549,corriente,2012-08-14,-8080.9,1000,activa
6016,4550,corriente,2007-04-05,25254.64,1000,activa
6017,4551,corriente,2022-11-27,3789.32,0,activa
6018,4551,corriente,2026-04-18,-70.17,1000,activa
6019,4552,ahorro,2023-11-08,19592.6,0,activa
6020,4553,ahorro,2025-01-07,5643.71,0,activa
6021,4554,corriente,2019-12-20,11519.91,300,activa
6022,4555,corriente,2009-03-30,-7600.99,500,activa
6023,4556,corriente,2021-10-31,8480.11,300,activa
6024,4557,ahorro,2016-12-27,101462.22,0,activa
6025,4557,corriente,2022-10-15,-3674.62,500,activa
6026,4558,ahorro,2016-10-24,17400.84,0,activa
6027,4559,corriente,2014-03-17,28739.78,300,activa
6028,4560,corriente,2021-04-04,1226.71,1000,activa
6029,4561,ahorro,2020-06-09,10223.65,0,cerrada
6030,4562,ahorro,2025-05-23,4603.63,0,activa
6031,4562,corriente,2026-01-03,-1888.29,0,activa
6032,4563,ahorro,2022-07-19,12057.72,0,cerrada
6033,4564,corriente,2021-06-11,16490.11,1000,activa
6034,4564,ahorro,2023-01-10,-7197.68,0,activa
6035,4565,ahorro,2022-09-13,15697.75,0,activa
6036,4566,corriente,2025-06-01,7095.32,1000,activa
6037,4567,corriente,2018-09-04,16305.96,500,activa
6038,4567,ahorro,2020-11-07,-9305.28,0,activa
6039,4568,ahorro,2024-10-25,-10031.37,0,activa
6040,4568,corriente,2026-02-27,-2294.13,0,activa
6041,4569,ahorro,2024-10-27,15656.94,0,activa
6042,4570,corriente,2018-04-17,-7710.44,1000,activa
6043,4570,ahorro,2021-02-02,-12865.59,0,activa
6044,4571,corriente,2025-05-30,1662.68,500,activa
6045,4572,corriente,2026-02-11,5534.01,1000,activa
6046,4573,corriente,2026-03-08,290.2,500,activa
6047,4573,corriente,2025-07-07,-5771.3,300,activa
6048,4574,ahorro,2023-11-22,7802.7,0,activa
6049,4575,corriente,2026-06-01,199.01,0,activa
6050,4576,corriente,2023-01-07,-8359.46,0,activa
6051,4577,ahorro,2020-06-30,-6554.28,0,activa
6052,4578,corriente,2026-06-18,1708.22,0,activa
6053,4578,corriente,2026-05-17,-1108.56,0,activa
6054,4579,corriente,2024-02-13,-4142.49,1000,activa
6055,4580,ahorro,2026-05-24,-2269.5,0,activa
6056,4581,corriente,2026-02-08,-2488.33,1000,activa
6057,4582,corriente,2025-06-05,24143.37,500,activa
6058,4583,corriente,2021-04-10,11513.92,1000,activa
6059,4584,corriente,2025-12-05,10171.31,0,activa
6060,4584,corriente,2025-10-22,-2867.52,500,activa
6061,4585,ahorro,2026-04-12,5919.43,0,activa
6062,4586,corriente,2017-03-10,-2374.19,500,activa
6063,4587,corriente,2008-02-06,17698.93,1000,activa
6064,4587,corriente,2022-11-30,-1817.14,0,activa
6065,4588,ahorro,2024-04-04,-1420.78,0,activa
6066,4589,ahorro,2017-02-16,9594.19,0,activa
6067,4590,corriente,2022-02-25,14817.63,300,activa
6068,4591,corriente,2024-02-04,1200.32,1000,activa
6069,4592,ahorro,2014-05-29,6892.59,0,activa
6070,4593,corriente,2011-08-30,14829.59,1000,activa
6071,4593,ahorro,2019-09-22,-7731.53,0,cerrada
6072,4594,corriente,2026-04-23,-1894.61,0,activa
6073,4595,corriente,2024-02-09,-2282.09,300,activa
6074,4596,corriente,2025-08-03,10983.93,1000,activa
6075,4596,corriente,2021-08-03,-7195.61,300,activa
6076,4597,ahorro,2025-08-05,22283.43,0,activa
6077,4598,corriente,2016-07-20,16449.75,300,cerrada
6078,4599,corriente,2019-09-16,8289.71,1000,activa
6079,4600,corriente,2021-04-28,16383.77,500,activa
6080,4601,corriente,2022-05-16,6975.34,300,activa
6081,4602,corriente,2019-10-28,542.74,0,activa
6082,4603,ahorro,2014-03-01,2786.2,0,activa
6083,4604,corriente,2023-03-01,24681.41,300,activa
6084,4604,corriente,2026-02-19,641.45,300,activa
6085,4605,corriente,2026-02-25,10535.03,300,activa
6086,4605,corriente,2025-11-19,-5579.3,500,bloqueada
6087,4606,corriente,2016-10-28,72567.36,500,activa
6088,4606,corriente,2016-04-01,3204.73,500,activa
6089,4607,corriente,2016-05-02,13411.93,300,activa
6090,4608,corriente,2024-08-02,18693.18,1000,activa
6091,4609,corriente,2021-02-11,24821.71,500,activa
6092,4610,ahorro,2021-09-30,17907.94,0,activa
6093,4610,ahorro,2026-01-04,-155.46,0,activa
6094,4611,corriente,2024-02-10,10856.63,500,activa
6095,4612,corriente,2023-01-31,-4560.75,300,activa
6096,4613,corriente,2021-12-18,18660.28,0,activa
6097,4613,corriente,2025-12-22,-5752.69,500,activa
6098,4614,corriente,2009-06-17,12158.96,1000,activa
6099,4615,corriente,2010-12-03,11213.19,300,activa
6100,4615,ahorro,2020-02-02,-10341.64,0,activa
6101,4616,ahorro,2026-01-25,2716.15,0,activa
6102,4617,ahorro,2023-12-22,30863.55,0,activa
6103,4618,corriente,2025-02-03,8226.57,500,activa
6104,4619,corriente,2025-10-17,3418.54,1000,activa
6105,4620,ahorro,2023-06-22,16260.53,0,activa
6106,4621,corriente,2016-05-13,-2478.27,0,activa
6107,4622,corriente,2025-02-12,3145.97,500,activa
6108,4623,corriente,2006-06-07,10858.99,0,activa
6109,4624,corriente,2021-05-30,11228.48,300,activa
6110,4624,corriente,2023-05-11,-5303.41,500,activa
6111,4625,corriente,2025-04-19,20288.31,0,activa
6112,4626,corriente,2023-08-10,23506.63,1000,activa
6113,4626,corriente,2022-04-27,-4000.8,500,activa
6114,4627,ahorro,2020-11-19,-4972.67,0,activa
6115,4628,corriente,2022-03-08,8737.97,300,activa
6116,4628,corriente,2021-09-09,-4721.09,1000,activa
6117,4629,corriente,2026-06-06,-3213.64,500,activa
6118,4630,corriente,2025-08-22,13212.06,500,activa
6119,4630,corriente,2021-08-02,-4026.9,0,activa
6120,4631,corriente,2024-08-05,16190.16,1000,activa
6121,4631,corriente,2016-07-08,-7118.81,1000,activa
6122,4632,corriente,2021-10-05,-5261.03,300,activa
6123,4632,ahorro,2019-10-05,-8543.24,0,activa
6124,4633,corriente,2021-11-24,14781.69,500,activa
6125,4633,corriente,2021-08-20,-9117.85,1000,activa
6126,4633,corriente,2011-07-09,-15590.61,0,activa
6127,4634,corriente,2022-11-05,7755.82,0,activa
6128,4634,corriente,2011-04-08,-7976.31,0,activa
6129,4634,corriente,2023-04-21,-11157.78,1000,activa
6130,4635,corriente,2021-08-28,30157.43,300,activa
6131,4636,corriente,2017-08-05,-2397.44,1000,cerrada
6132,4637,corriente,2026-06-01,-320.93,0,activa
6133,4638,corriente,2026-06-09,2013.89,300,activa
6134,4639,corriente,2020-04-29,27607.45,1000,activa
6135,4640,corriente,2018-11-04,4206.0,0,activa
6136,4641,corriente,2023-07-12,-5964.73,500,activa
6137,4641,corriente,2012-03-09,-5179.89,300,activa
6138,4642,corriente,2026-06-21,1928.51,300,activa
6139,4643,corriente,2025-01-28,-1877.58,0,activa
6140,4643,corriente,2025-11-13,-7311.41,300,activa
6141,4644,corriente,2014-09-23,-1031.32,500,activa
6142,4645,corriente,2025-11-28,14115.33,500,activa
6143,4646,corriente,2014-02-01,3981.03,1000,activa
6144,4647,corriente,2019-06-26,15937.05,0,activa
6145,4648,corriente,2025-12-11,2347.26,300,activa
6146,4649,corriente,2026-04-28,-252.25,500,bloqueada
6147,4649,corriente,2023-01-26,-8722.66,0,activa
6148,4650,corriente,2021-05-13,-6005.6,1000,activa
6149,4651,ahorro,2021-09-16,21564.8,0,activa
6150,4651,corriente,2023-04-13,-6615.29,0,activa
6151,4652,ahorro,2026-06-04,1034.71,0,activa
6152,4653,corriente,2023-04-11,5996.92,1000,cerrada
6153,4654,corriente,2026-05-09,1671.49,0,activa
6154,4655,corriente,2007-03-18,10345.72,0,activa
6155,4656,ahorro,2011-10-15,7386.41,0,activa
6156,4657,corriente,2023-03-17,41371.61,300,activa
6157,4658,ahorro,2024-07-29,14289.76,0,activa
6158,4658,corriente,2018-06-21,-6032.7,300,activa
6159,4659,corriente,2019-02-21,16249.82,1000,activa
6160,4660,corriente,2019-07-14,177.37,1000,activa
6161,4661,corriente,2015-02-20,-5349.38,500,cerrada
6162,4662,corriente,2026-05-19,1373.59,1000,activa
6163,4662,ahorro,2023-09-23,-3631.5,0,activa
6164,4663,corriente,2025-12-31,9057.91,1000,activa
6165,4663,corriente,2025-10-04,-4857.12,0,activa
6166,4664,corriente,2021-01-12,-6352.54,1000,activa
6167,4665,corriente,2025-02-21,13637.81,500,activa
6168,4665,ahorro,2021-09-04,-5016.98,0,activa
6169,4666,corriente,2026-01-12,3766.45,300,activa
6170,4666,corriente,2026-01-06,-4067.46,300,activa
6171,4667,corriente,2025-11-15,1924.21,500,activa
6172,4667,ahorro,2026-03-25,-2056.77,0,activa
6173,4667,corriente,2026-04-08,-2146.48,1000,activa
6174,4668,corriente,2025-07-14,3646.9,1000,activa
6175,4669,corriente,2022-05-31,20755.93,0,activa
6176,4669,corriente,2025-07-19,-2397.69,0,activa
6177,4670,corriente,2018-01-15,1726.5,500,activa
6178,4671,corriente,2021-03-18,20643.57,0,activa
6179,4672,corriente,2019-05-12,13869.84,0,activa
6180,4673,corriente,2026-02-16,-547.32,500,activa
6181,4673,ahorro,2025-07-14,-6444.33,0,activa
6182,4674,corriente,2024-04-14,24700.72,500,activa
6183,4675,corriente,2022-07-16,17796.26,300,activa
6184,4676,corriente,2026-06-01,4568.24,1000,activa
6185,4676,corriente,2026-06-23,1713.86,1000,activa
6186,4677,corriente,2026-03-04,21214.02,500,activa
6187,4677,corriente,2024-03-27,-5584.3,0,activa
6188,4678,ahorro,2019-09-08,1189.97,0,activa
6189,4679,corriente,2024-07-20,20887.19,500,activa
6190,4680,corriente,2024-03-13,-8620.22,1000,activa
6191,4681,ahorro,2025-07-23,-4454.3,0,activa
6192,4682,corriente,2023-10-27,-30.07,500,activa
6193,4683,corriente,2025-09-13,5610.0,1000,activa
6194,4684,ahorro,2018-03-18,18480.25,0,activa
6195,4685,corriente,2024-02-20,1533.56,1000,cerrada
6196,4686,ahorro,2026-05-18,5579.08,0,activa
6197,4687,ahorro,2023-11-12,-5515.81,0,activa
6198,4688,corriente,2025-05-28,-628.13,0,activa
6199,4689,corriente,2025-08-14,16908.38,0,activa
6200,4690,corriente,2016-01-16,30770.17,0,activa
6201,4691,corriente,2016-07-18,8364.59,500,cerrada
6202,4692,corriente,2025-08-14,10048.38,500,activa
6203,4693,corriente,2025-11-02,586.12,0,cerrada
6204,4693,corriente,2024-04-05,-4906.63,500,activa
6205,4694,ahorro,2025-06-19,4735.19,0,activa
6206,4694,corriente,2025-11-19,-3990.11,500,bloqueada
6207,4695,corriente,2021-09-11,18830.51,300,activa
6208,4696,ahorro,2024-03-03,23227.84,0,activa
6209,4697,corriente,2018-09-18,11681.52,500,activa
6210,4697,ahorro,2013-07-22,-10044.08,0,activa
6211,4697,corriente,2022-07-29,-4043.91,500,activa
6212,4698,ahorro,2026-06-09,195.63,0,activa
6213,4699,corriente,2021-12-09,6638.23,1000,bloqueada
6214,4700,corriente,2018-10-18,6784.98,0,activa
6215,4701,corriente,2018-04-04,5458.47,1000,activa
6216,4702,corriente,2024-04-21,20276.97,300,activa
6217,4702,corriente,2021-02-05,-11507.06,1000,activa
6218,4702,corriente,2018-02-09,-4550.55,1000,activa
6219,4703,ahorro,2007-01-30,435.87,0,activa
6220,4704,corriente,2019-12-24,4248.98,0,cerrada
6221,4705,corriente,2026-04-15,-982.45,300,activa
6222,4706,corriente,2024-10-04,15062.29,300,activa
6223,4707,corriente,2024-06-25,8356.79,500,cerrada
6224,4707,corriente,2020-10-09,-7360.06,300,activa
6225,4708,corriente,2026-03-02,4868.02,300,activa
6226,4709,ahorro,2025-04-24,-1868.37,0,activa
6227,4709,corriente,2026-06-12,-304.79,300,activa
6228,4710,corriente,2019-05-08,19123.13,300,activa
6229,4711,corriente,2016-08-10,6456.92,500,activa
6230,4712,corriente,2025-12-26,-2296.3,300,activa
6231,4713,corriente,2022-12-15,7446.17,0,activa
6232,4714,corriente,2025-03-17,16240.66,300,activa
6233,4714,corriente,2025-05-19,-5867.78,500,activa
6234,4715,corriente,2020-02-12,12907.42,1000,activa
6235,4716,ahorro,2026-06-27,2964.22,0,activa
6236,4717,corriente,2007-07-28,-172.43,500,activa
6237,4718,corriente,2019-09-04,23557.33,500,activa
6238,4719,corriente,2026-05-11,-1120.89,500,activa
6239,4720,corriente,2022-10-17,8651.13,500,cerrada
6240,4720,ahorro,2022-07-20,-6351.16,0,activa
6241,4721,corriente,2016-06-16,-400.82,500,activa
6242,4722,ahorro,2022-11-28,4157.44,0,activa
6243,4723,corriente,2020-04-17,1984.15,1000,activa
6244,4723,corriente,2012-02-07,-8212.99,300,activa
6245,4724,ahorro,2018-05-30,45770.41,0,activa
6246,4724,ahorro,2026-05-22,982.57,0,activa
6247,4725,ahorro,2020-01-17,8012.54,0,activa
6248,4725,corriente,2024-01-21,-7260.65,300,activa
6249,4726,corriente,2020-04-10,8714.0,500,activa
6250,4727,corriente,2021-04-02,23255.56,0,activa
6251,4727,corriente,2024-12-14,-3746.7,1000,activa
6252,4728,ahorro,2024-02-07,2690.06,0,activa
6253,4729,corriente,2024-04-24,13656.58,0,activa
6254,4730,corriente,2013-10-05,14507.54,1000,activa
6255,4731,corriente,2024-03-22,9824.02,0,activa
6256,4732,corriente,2022-05-25,-1575.01,300,activa
6257,4732,corriente,2024-10-02,-10402.55,0,activa
6258,4733,corriente,2025-01-09,2015.01,0,cerrada
6259,4734,corriente,2024-01-21,-8627.34,1000,activa
6260,4735,corriente,2023-05-09,41706.94,0,activa
6261,4736,corriente,2017-03-09,11288.23,500,activa
6262,4737,corriente,2024-11-28,22138.12,300,activa
6263,4738,corriente,2023-12-18,2881.26,0,activa
6264,4739,corriente,2015-03-26,-9460.42,0,activa
6265,4739,corriente,2025-07-02,-7752.59,300,activa
6266,4740,corriente,2019-12-09,3752.1,300,activa
6267,4741,corriente,2020-12-11,-8036.53,0,activa
6268,4742,corriente,2025-03-19,7021.71,500,activa
6269,4743,corriente,2022-07-05,3121.98,0,activa
6270,4744,ahorro,2026-04-16,-1998.36,0,activa
6271,4745,ahorro,2019-10-29,22203.13,0,activa
6272,4746,corriente,2020-06-15,-6203.29,0,activa
6273,4746,corriente,2021-05-27,-7669.04,1000,activa
6274,4747,corriente,2017-02-15,17961.14,0,activa
6275,4748,corriente,2019-10-03,17897.31,0,activa
6276,4748,corriente,2024-06-23,-8614.38,500,activa
6277,4749,corriente,2018-02-11,-352.76,1000,activa
6278,4750,ahorro,2026-06-04,-627.46,0,activa
6279,4750,corriente,2026-05-13,-1359.13,300,activa
6280,4750,corriente,2026-06-02,-1294.77,0,activa
6281,4751,corriente,2018-03-03,2087.11,0,activa
6282,4752,corriente,2026-01-29,-3845.08,500,activa
6283,4753,corriente,2025-09-12,11816.86,300,activa
6284,4754,ahorro,2026-04-07,2442.92,0,activa
6285,4755,ahorro,2024-06-16,-471.33,0,activa
6286,4756,ahorro,2018-11-06,8382.16,0,activa
6287,4757,corriente,2023-08-06,1857.31,300,activa
6288,4758,corriente,2024-11-24,29787.19,500,activa
6289,4759,corriente,2026-06-22,-589.01,1000,activa
6290,4760,corriente,2020-10-10,-5825.81,0,activa
6291,4760,corriente,2020-02-06,-6678.07,1000,activa
6292,4761,corriente,2026-06-02,184.44,300,activa
6293,4762,corriente,2021-07-27,21724.8,0,activa
6294,4763,corriente,2019-04-05,22217.46,0,cerrada
6295,4764,corriente,2022-09-29,3102.11,500,activa
6296,4764,corriente,2025-04-11,-7644.06,500,activa
6297,4765,corriente,2022-06-03,19132.38,500,activa
6298,4766,corriente,2011-10-03,8246.12,500,activa
6299,4767,corriente,2025-12-18,3942.88,0,activa
6300,4768,corriente,2019-07-18,5367.31,500,activa
6301,4769,corriente,2022-01-12,-7657.3,500,activa
6302,4770,ahorro,2020-08-25,26265.78,0,activa
6303,4771,corriente,2017-03-01,19735.29,500,activa
6304,4772,corriente,2023-12-31,21007.94,300,activa
6305,4773,corriente,2022-02-18,22424.79,300,activa
6306,4773,corriente,2023-01-10,-9165.05,500,activa
6307,4774,corriente,2014-02-04,28020.11,300,activa
6308,4775,ahorro,2025-09-13,-6641.96,0,activa
6309,4776,ahorro,2026-04-09,4525.37,0,activa
6310,4777,corriente,2021-01-27,16212.61,0,activa
6311,4778,corriente,2021-11-27,-5670.28,1000,activa
6312,4779,corriente,2022-03-07,60.57,0,activa
6313,4780,corriente,2026-06-30,-620.03,0,activa
6314,4780,corriente,2026-06-28,-1561.86,1000,activa
6315,4781,corriente,2025-02-20,35900.19,500,activa
6316,4782,corriente,2017-09-14,-6517.64,1000,activa
6317,4782,corriente,2011-04-20,-5431.28,300,activa
6318,4782,corriente,2013-02-10,-7050.37,1000,activa
6319,4783,ahorro,2024-03-11,12538.34,0,activa
6320,4784,corriente,2026-02-15,11374.4,0,activa
6321,4785,corriente,2010-02-05,-6709.68,0,activa
6322,4785,ahorro,2013-07-07,-12467.97,0,activa
6323,4786,corriente,2025-10-25,2753.36,1000,activa
6324,4787,ahorro,2026-06-29,883.42,0,activa
6325,4788,ahorro,2020-07-26,23722.92,0,activa
6326,4789,corriente,2022-04-02,19260.53,300,activa
6327,4789,corriente,2024-09-05,-6877.65,0,activa
6328,4790,corriente,2024-10-09,-2688.43,0,activa
6329,4791,corriente,2015-06-26,14441.23,300,activa
6330,4791,ahorro,2016-09-29,-9042.78,0,activa
6331,4792,corriente,2015-09-06,-6549.34,0,activa
6332,4792,corriente,2023-05-31,-7976.73,300,activa
6333,4793,corriente,2025-08-08,15724.79,300,activa
6334,4794,corriente,2014-03-09,16477.15,300,activa
6335,4795,corriente,2021-10-12,9699.05,0,activa
6336,4796,corriente,2025-09-17,7349.93,500,activa
6337,4797,corriente,2026-04-23,-581.23,500,cerrada
6338,4797,corriente,2023-11-08,-6783.66,1000,activa
6339,4798,corriente,2022-11-13,1002.7,0,activa
6340,4799,ahorro,2026-05-23,5437.91,0,activa
6341,4800,corriente,2026-03-27,9054.24,300,activa
6342,4801,corriente,2019-11-20,11180.13,300,activa
6343,4802,corriente,2025-07-04,-403.95,500,activa
6344,4802,corriente,2020-04-12,-8598.1,0,activa
6345,4803,ahorro,2025-10-17,6933.0,0,activa
6346,4804,ahorro,2023-01-10,7451.68,0,activa
6347,4805,ahorro,2025-10-18,1787.71,0,activa
6348,4805,corriente,2022-07-18,-2593.48,500,activa
6349,4806,ahorro,2021-07-19,-10320.54,0,activa
6350,4807,corriente,2025-02-21,4144.29,500,activa
6351,4808,ahorro,2026-01-29,2768.19,0,activa
6352,4809,corriente,2023-03-08,-3807.77,1000,activa
6353,4810,corriente,2023-10-12,16036.42,500,activa
6354,4811,corriente,2026-01-29,8151.71,300,activa
6355,4812,corriente,2026-01-22,918.25,0,activa
6356,4812,ahorro,2022-09-28,-10770.06,0,activa
6357,4813,corriente,2024-08-27,35841.36,1000,activa
6358,4814,corriente,2018-06-19,12035.38,300,activa
6359,4815,corriente,2026-04-27,1258.7,300,activa
6360,4816,corriente,2018-12-30,1175.17,500,activa
6361,4816,corriente,2023-07-23,-7332.07,0,activa
6362,4817,corriente,2026-04-30,417.63,300,activa
6363,4818,ahorro,2026-04-24,11255.16,0,activa
6364,4819,corriente,2025-01-27,41397.25,500,activa
6365,4820,corriente,2026-01-21,5484.65,500,activa
6366,4821,corriente,2009-03-23,19142.76,500,activa
6367,4822,corriente,2021-07-01,54.02,300,activa
6368,4822,corriente,2026-03-24,-899.19,0,activa
6369,4823,corriente,2021-05-04,-5067.92,1000,activa
6370,4824,corriente,2024-12-20,8194.14,0,activa
6371,4825,ahorro,2025-12-26,2506.48,0,activa
6372,4825,corriente,2023-12-07,-8561.56,500,activa
6373,4825,corriente,2022-05-10,-8566.61,500,activa
6374,4826,corriente,2020-12-02,20220.31,500,activa
6375,4827,ahorro,2026-05-01,788.19,0,activa
6376,4828,corriente,2025-04-11,27925.68,300,activa
6377,4829,corriente,2022-12-29,-5872.99,1000,activa
6378,4830,corriente,2026-03-06,-1065.7,300,activa
6379,4830,corriente,2025-09-24,-4695.56,1000,activa
6380,4831,corriente,2026-06-28,3287.42,500,cerrada
6381,4831,corriente,2026-06-25,630.65,0,activa
6382,4832,corriente,2022-02-06,-1347.11,300,activa
6383,4833,corriente,2026-06-05,-100.28,1000,activa
6384,4834,corriente,2024-06-28,13216.51,500,activa
6385,4834,corriente,2021-12-04,-5927.37,1000,activa
6386,4835,corriente,2018-01-25,27356.82,300,activa
6387,4836,corriente,2017-08-06,15769.89,0,activa
6388,4837,corriente,2025-04-06,6936.94,300,activa
6389,4838,corriente,2025-11-15,9296.7,500,activa
6390,4839,corriente,2025-12-25,10835.37,1000,activa
6391,4839,corriente,2026-02-16,-2262.92,500,activa
6392,4839,corriente,2026-06-13,-1210.26,300,activa
6393,4840,ahorro,2020-03-08,10369.09,0,activa
6394,4841,ahorro,2025-10-10,19472.4,0,activa
6395,4842,ahorro,2026-04-22,8027.74,0,activa
6396,4843,corriente,2023-08-13,29212.27,1000,cerrada
6397,4843,corriente,2018-01-02,-6660.01,300,cerrada
6398,4843,corriente,2026-05-03,1560.66,500,activa
6399,4844,ahorro,2025-02-01,-7715.41,0,activa
6400,4844,ahorro,2022-02-12,-8512.57,0,activa
6401,4845,corriente,2025-08-06,3486.41,1000,activa
6402,4845,corriente,2016-07-07,-6651.36,300,activa
6403,4845,corriente,2023-11-30,-6487.78,1000,activa
6404,4846,corriente,2020-04-29,12233.09,500,activa
6405,4847,ahorro,2020-07-22,18384.46,0,activa
6406,4848,ahorro,2024-05-19,-2093.59,0,activa
6407,4849,corriente,2022-04-19,13883.87,300,activa
6408,4850,corriente,2010-06-01,31361.78,0,activa
6409,4850,corriente,2025-06-24,-2825.47,300,activa
6410,4851,corriente,2026-06-30,-1661.41,1000,activa
6411,4852,corriente,2025-06-16,2506.67,300,activa
6412,4853,corriente,2025-01-06,9991.23,300,activa
6413,4853,corriente,2021-02-11,-7304.94,0,activa
6414,4854,corriente,2025-10-31,21389.15,0,cerrada
6415,4855,ahorro,2022-03-01,25681.66,0,activa
6416,4856,corriente,2025-07-18,12786.06,500,activa
6417,4857,ahorro,2026-06-26,827.17,0,activa
6418,4858,ahorro,2021-02-01,6655.05,0,activa
6419,4858,corriente,2020-03-08,-5725.98,0,activa
6420,4859,corriente,2016-12-26,-1269.9,0,activa
6421,4859,ahorro,2016-02-11,-10011.33,0,activa
6422,4860,ahorro,2017-01-29,12740.54,0,activa
6423,4861,corriente,2022-09-27,16217.89,1000,activa
6424,4862,corriente,2020-08-26,17444.03,300,activa
6425,4863,corriente,2021-12-21,356.02,1000,activa
6426,4863,corriente,2023-05-20,-6454.61,1000,activa
6427,4864,corriente,2024-11-02,-4857.71,500,activa
6428,4864,corriente,2024-12-05,-6203.93,300,activa
6429,4864,corriente,2024-03-08,-6903.51,500,activa
6430,4865,corriente,2008-09-18,4139.1,0,activa
6431,4866,corriente,2020-09-25,2773.7,1000,activa
6432,4867,corriente,2023-01-07,3441.71,0,activa
6433,4868,corriente,2026-03-19,19.44,300,activa
6434,4868,ahorro,2025-03-05,-3371.46,0,activa
6435,4869,corriente,2025-01-17,8464.62,300,activa
6436,4869,corriente,2023-10-04,-5275.53,0,activa
6437,4870,corriente,2022-01-26,30806.61,500,activa
6438,4871,corriente,2014-12-13,16867.83,500,activa
6439,4872,ahorro,2026-03-25,-10.43,0,activa
6440,4873,corriente,2026-06-18,1381.59,0,activa
6441,4874,corriente,2019-11-18,13295.13,0,activa
6442,4875,corriente,2026-01-04,-1391.44,500,activa
6443,4876,corriente,2018-12-09,8618.15,0,activa
6444,4876,corriente,2018-06-12,-6117.95,300,activa
6445,4877,corriente,2007-09-25,22440.01,1000,activa
6446,4878,corriente,2023-10-02,4722.15,1000,activa
6447,4879,corriente,2019-01-27,-6925.18,1000,activa
6448,4880,corriente,2021-06-18,5678.89,1000,activa
6449,4880,corriente,2024-06-18,-5892.21,500,activa
6450,4880,corriente,2018-08-21,-5044.53,1000,activa
6451,4881,corriente,2021-06-05,30108.59,1000,activa
6452,4882,corriente,2021-03-14,4276.88,1000,activa
6453,4883,corriente,2020-09-08,30140.21,1000,activa
6454,4883,corriente,2023-12-06,-2838.28,1000,activa
6455,4883,corriente,2026-05-14,-652.45,300,activa
6456,4884,ahorro,2014-08-27,6732.19,0,activa
6457,4885,ahorro,2012-07-09,-10222.28,0,activa
6458,4886,corriente,2025-03-11,4232.88,0,activa
6459,4886,ahorro,2025-09-29,-7296.42,0,activa
6460,4887,corriente,2020-11-16,6478.7,500,activa
6461,4887,corriente,2026-04-08,-709.31,300,activa
6462,4888,ahorro,2025-09-01,-2780.85,0,activa
6463,4889,corriente,2025-05-11,10197.47,1000,activa
6464,4890,corriente,2015-01-16,7553.15,1000,activa
6465,4890,corriente,2014-12-11,-10367.98,1000,activa
6466,4891,corriente,2025-07-03,21983.29,1000,activa
6467,4891,corriente,2025-10-28,-3377.72,500,activa
6468,4892,corriente,2025-11-16,4798.44,300,activa
6469,4893,ahorro,2018-05-14,7410.76,0,activa
6470,4894,corriente,2018-05-17,26014.6,1000,activa
6471,4895,corriente,2022-08-21,16283.18,500,activa
6472,4896,corriente,2020-06-28,25470.27,1000,activa
6473,4897,corriente,2021-11-30,48586.83,1000,activa
6474,4897,ahorro,2008-06-03,-9244.72,0,activa
6475,4898,corriente,2020-08-01,7565.08,500,activa
6476,4899,corriente,2021-12-17,27177.5,500,activa
6477,4900,corriente,2026-05-15,13437.53,0,activa
6478,4901,corriente,2010-07-23,13365.47,300,activa
6479,4902,ahorro,2026-06-25,3797.28,0,activa
6480,4903,corriente,2026-03-24,2486.44,0,activa
6481,4904,corriente,2026-03-10,11226.06,1000,activa
6482,4905,ahorro,2025-12-14,-3872.17,0,activa
6483,4905,corriente,2025-12-25,-4713.95,300,activa
6484,4906,corriente,2013-02-05,12365.29,1000,activa
6485,4906,corriente,2020-02-21,-12155.41,0,activa
6486,4907,ahorro,2026-05-15,2952.69,0,activa
6487,4908,corriente,2021-12-01,14099.54,0,activa
6488,4909,corriente,2026-03-13,335.09,500,activa
6489,4910,corriente,2024-04-13,-580.28,300,activa
6490,4911,corriente,2024-03-24,34049.13,0,activa
6491,4912,corriente,2025-04-24,25092.92,300,activa
6492,4913,ahorro,2016-11-27,22326.44,0,activa
6493,4914,corriente,2020-12-18,16475.35,500,activa
6494,4914,corriente,2012-10-07,-6906.52,300,activa
6495,4915,corriente,2022-03-05,-215.85,0,activa
6496,4916,ahorro,2017-10-06,5182.56,0,activa
6497,4916,ahorro,2025-11-26,-2597.6,0,activa
6498,4917,corriente,2024-09-20,5044.56,1000,activa
6499,4918,corriente,2026-04-24,-1477.85,500,activa
6500,4919,corriente,2026-06-28,342.91,300,activa
6501,4919,corriente,2026-06-28,296.96,500,activa
6502,4920,corriente,2024-11-24,13166.34,0,activa
6503,4920,corriente,2023-05-29,-7734.72,0,activa
6504,4921,corriente,2026-03-24,3497.61,0,activa
6505,4921,corriente,2025-05-08,-4623.12,500,activa
6506,4922,ahorro,2025-10-21,-241.68,0,activa
6507,4922,ahorro,2025-12-24,-1249.26,0,activa
6508,4923,ahorro,2019-06-26,9363.89,0,activa
6509,4924,ahorro,2025-03-10,33257.39,0,activa
6510,4924,corriente,2023-02-02,-6275.61,300,activa
6511,4925,corriente,2026-02-25,2153.98,0,activa
6512,4926,corriente,2013-07-01,14922.01,0,activa
6513,4926,corriente,2008-06-11,-3167.02,300,activa
6514,4927,corriente,2020-09-20,-2813.33,300,bloqueada
6515,4927,corriente,2025-12-13,-4130.1,500,activa
6516,4928,corriente,2022-05-04,27727.71,1000,activa
6517,4929,corriente,2018-12-09,-7589.82,0,activa
6518,4929,corriente,2025-04-04,-8120.63,1000,activa
6519,4930,corriente,2026-06-07,-196.51,300,activa
6520,4930,corriente,2026-05-21,-510.43,300,activa
6521,4931,corriente,2024-12-23,18988.58,300,activa
6522,4932,ahorro,2023-07-02,73847.66,0,activa
6523,4932,corriente,2016-07-12,-509.85,1000,activa
6524,4933,corriente,2022-05-31,25686.35,300,activa
6525,4934,corriente,2024-12-12,11003.16,1000,activa
6526,4935,corriente,2018-10-09,7615.92,0,activa
6527,4936,corriente,2020-03-12,19218.83,1000,activa
6528,4937,corriente,2021-06-26,-9335.2,0,activa
6529,4937,corriente,2018-06-14,-4545.76,1000,activa
6530,4938,corriente,2026-04-24,1570.8,300,activa
6531,4938,corriente,2026-02-13,-3024.93,0,cerrada
6532,4939,corriente,2021-02-20,4909.64,500,activa
6533,4940,ahorro,2026-06-17,5568.63,0,activa
6534,4941,corriente,2026-06-24,-298.81,500,activa
6535,4942,corriente,2021-01-26,22043.38,300,activa
6536,4943,corriente,2006-08-28,-1348.92,300,activa
6537,4943,corriente,2017-06-13,-5947.45,0,cerrada
6538,4943,corriente,2015-07-04,-4595.86,1000,activa
6539,4944,corriente,2016-07-18,22201.91,1000,activa
6540,4945,corriente,2021-09-24,8853.04,1000,activa
6541,4946,corriente,2010-10-06,4353.03,0,cerrada
6542,4946,corriente,2011-06-09,-8646.1,1000,activa
6543,4946,corriente,2023-01-24,-7166.23,300,activa
6544,4947,ahorro,2024-10-30,-7923.0,0,activa
6545,4948,corriente,2022-04-30,-1348.01,1000,activa
6546,4949,corriente,2018-07-15,22175.12,0,activa
6547,4950,ahorro,2026-02-13,1837.16,0,activa
6548,4951,corriente,2022-11-14,-2522.86,500,activa
6549,4951,corriente,2018-06-29,-9945.38,500,cerrada
6550,4952,corriente,2025-07-17,15962.08,0,activa
6551,4953,corriente,2026-02-12,-2732.28,300,activa
6552,4954,corriente,2025-12-17,-2085.83,500,activa
6553,4955,corriente,2026-04-01,2731.5,1000,activa
6554,4955,ahorro,2025-12-07,-2735.0,0,activa
6555,4956,corriente,2026-05-02,-1801.48,0,activa
6556,4957,corriente,2026-05-27,-919.36,500,activa
6557,4958,corriente,2023-03-17,10941.89,500,activa
6558,4958,corriente,2021-06-10,-6467.35,300,activa
6559,4959,corriente,2026-05-28,-487.6,500,activa
6560,4960,corriente,2013-06-04,23657.71,500,activa
6561,4961,corriente,2026-06-16,4554.47,1000,activa
6562,4962,corriente,2013-08-26,7869.85,1000,activa
6563,4963,corriente,2023-10-24,2097.02,300,activa
6564,4964,corriente,2019-04-03,34999.24,300,activa
6565,4965,ahorro,2024-01-11,5598.57,0,activa
6566,4966,corriente,2025-10-12,1570.69,300,activa
6567,4966,corriente,2025-03-21,-10217.71,500,cerrada
6568,4967,corriente,2019-01-26,-181.25,500,activa
6569,4968,corriente,2013-05-31,18986.1,0,activa
6570,4968,corriente,2026-03-28,-411.78,0,activa
6571,4969,corriente,2023-03-23,12350.68,0,activa
6572,4970,corriente,2022-03-01,22443.66,0,activa
6573,4971,corriente,2023-11-25,25853.75,300,activa
6574,4971,corriente,2026-01-26,-2040.71,1000,activa
6575,4972,corriente,2026-02-10,11071.59,0,activa
6576,4973,ahorro,2024-02-21,40044.04,0,activa
6577,4974,ahorro,2026-06-18,5628.82,0,activa
6578,4975,corriente,2024-06-27,-7977.74,0,bloqueada
6579,4976,corriente,2026-04-14,7867.83,0,activa
6580,4977,corriente,2025-07-16,14979.09,1000,activa
6581,4978,corriente,2025-09-30,18181.82,1000,cerrada
6582,4979,ahorro,2026-06-19,-379.4,0,activa
6583,4980,corriente,2025-02-17,10061.38,1000,activa
6584,4980,corriente,2026-05-25,-1035.63,0,activa
6585,4981,corriente,2020-08-30,8045.28,1000,activa
6586,4981,corriente,2023-06-14,-13540.56,300,activa
6587,4982,ahorro,2025-10-15,19954.63,0,activa
6588,4983,corriente,2021-08-15,5445.67,0,activa
6589,4984,corriente,2025-10-14,5912.94,1000,cerrada
6590,4984,corriente,2023-08-01,-8625.55,1000,activa
6591,4985,ahorro,2013-06-30,882.77,0,activa
6592,4985,corriente,2024-01-08,-7789.88,0,activa
6593,4985,ahorro,2020-06-17,-5046.47,0,activa
6594,4986,corriente,2025-08-05,20264.43,0,activa
6595,4986,corriente,2026-02-09,-775.29,0,activa
6596,4987,corriente,2024-10-30,25563.41,300,activa
6597,4988,corriente,2010-10-02,7795.7,1000,activa
6598,4989,corriente,2026-01-29,-3118.68,300,activa
6599,4989,corriente,2025-10-04,-7935.07,300,activa
6600,4990,corriente,2026-06-14,-1644.51,0,activa
6601,4990,corriente,2026-06-16,-120.12,500,activa
6602,4991,ahorro,2025-03-25,-7203.85,0,activa
6603,4992,ahorro,2009-04-03,28455.55,0,activa
6604,4993,ahorro,2023-08-01,12487.25,0,activa
6605,4994,corriente,2005-09-28,9966.61,500,activa
6606,4994,corriente,2023-02-02,-5486.51,500,activa
6607,4995,corriente,2010-06-17,9095.95,1000,activa
6608,4996,corriente,2021-05-18,18612.96,0,activa
6609,4996,corriente,2020-05-07,-5289.0,500,activa
6610,4997,corriente,2025-07-17,32098.09,1000,activa
6611,4998,corriente,2026-01-21,4441.82,0,activa
6612,4998,ahorro,2025-12-24,-2757.04,0,activa
6613,4999,corriente,2024-03-20,-5753.34,300,activa
6614,5000,corriente,2021-07-22,23404.08,300,activa
