id_prestamo,id_solicitud,fecha_concesion,importe_concedido,tipo_interes,plazo_meses,cuota_mensual,saldo_pendiente,fecha_vencimiento,estado_prestamo
1,1,2025-09-26,31711.14,8.99,60,658.18,27810.2,2030-09-26,activo
2,2,2023-10-08,21277.64,8.43,24,966.5,0.22,2025-10-07,pagado
3,3,2024-11-03,17652.41,8.26,60,360.11,12555.03,2029-11-03,activo
4,5,2023-04-11,36844.52,8.53,36,1163.64,0,2026-04-10,pagado
5,7,2024-08-22,12769.53,7.53,60,256.09,8632.33,2029-08-22,activo
6,8,2024-11-19,18332.7,9.73,24,843.68,4117.66,2026-11-19,activo
7,9,2023-08-07,39110.67,8.24,36,1229.97,1219.6,2026-08-06,activo
8,11,2026-06-07,31761.08,11.06,60,691.56,31761.08,2031-06-07,activo
9,12,2023-09-01,9317.78,9.85,24,429.34,0,2025-08-31,pagado
10,13,2025-11-22,43266.31,10.66,48,1111.03,38041.96,2029-11-22,activo
11,15,2024-12-19,12189.25,8.48,36,384.66,6480.59,2027-12-19,mora
12,16,2024-05-15,159783.25,7.87,180,1514.94,147140.75,2039-05-16,activo
13,17,2026-06-16,13033.4,8.56,36,411.82,13033.4,2029-06-15,activo
14,18,2026-06-26,7876.46,11.38,36,259.27,7876.46,2029-06-25,activo
15,20,2025-07-27,9692.6,10.45,72,181.79,8573.5,2031-07-27,mora
16,22,2025-03-23,7631.23,8.98,60,158.34,6142.92,2030-03-23,impagado
17,23,2023-08-06,16388.93,9.12,60,341.19,7740.0,2028-08-05,mora
18,24,2025-02-04,14338.2,9.31,36,458.0,8062.83,2028-02-04,activo
19,25,2026-03-28,18837.44,8.5,36,594.65,17443.96,2029-03-27,activo
20,26,2025-12-29,14164.89,9.9,36,456.43,12084.99,2028-12-28,activo
21,27,2025-05-06,165809.03,8.68,240,1457.8,162015.62,2045-05-06,activo
22,28,2023-02-14,34277.42,9.37,60,717.66,12630.16,2028-02-14,mora
23,29,2026-06-29,32383.87,11.37,84,560.86,32383.87,2033-06-28,activo
24,30,2024-04-14,24708.17,10.48,60,530.79,15558.21,2029-04-14,mora
25,31,2026-06-19,14575.76,8.26,48,357.63,14575.76,2030-06-19,activo
26,33,2026-06-07,27737.6,7.88,24,1252.95,27737.6,2028-06-06,activo
27,34,2026-04-15,11440.8,10.2,12,1006.9,9613.76,2027-04-15,activo
28,35,2025-06-16,27146.08,9.82,48,686.17,21320.2,2029-06-16,activo
29,36,2026-03-03,22793.22,9.97,12,2003.52,17305.44,2027-03-03,activo
30,37,2025-04-01,14191.22,7.3,24,637.31,5565.13,2027-04-01,activo
31,38,2024-03-28,11136.06,7.75,48,270.56,5297.3,2028-03-28,activo
32,39,2024-07-16,29815.93,6.28,12,2569.92,0.86,2025-07-16,pagado
33,40,2023-11-14,284420.31,11.01,360,2711.75,280775.03,2053-11-14,mora
34,41,2023-06-24,22562.93,9.09,60,469.41,10262.26,2028-06-23,mora
35,42,2026-05-18,14698.3,8.46,60,301.31,14500.61,2031-05-18,activo
36,43,2026-04-10,5807.14,9.31,24,266.11,5363.31,2028-04-09,activo
37,44,2023-03-27,7502.78,8.73,36,237.65,0,2026-03-26,pagado
38,45,2023-08-18,22780.41,9.84,24,1049.57,0,2025-08-17,pagado
39,46,2023-06-30,27373.73,11.15,72,523.09,15946.7,2029-06-29,activo
40,48,2025-03-22,27911.27,9.19,60,581.92,22082.67,2030-03-22,activo
41,49,2026-05-18,17304.16,9.48,24,794.32,16646.54,2028-05-17,activo
42,50,2026-01-29,21468.16,10.53,48,549.94,19628.37,2030-01-29,activo
43,51,2025-07-20,17630.2,8.25,12,1535.7,1524.74,2026-07-20,activo
44,52,2025-09-17,14176.51,10.03,48,359.77,11930.97,2029-09-17,mora
45,53,2025-07-07,15983.83,9.62,60,336.66,13595.89,2030-07-07,activo
46,54,2024-03-30,29363.87,10.73,36,957.56,8246.03,2027-03-30,mora
47,55,2025-05-30,27960.82,9.69,84,459.74,24767.58,2032-05-29,mora
48,56,2025-12-20,16453.51,9.47,36,526.82,14024.17,2028-12-19,activo
49,57,2023-05-26,17712.88,7.3,24,795.43,0.84,2025-05-25,pagado
50,58,2026-06-30,17336.33,10.73,48,445.83,17336.33,2030-06-30,activo
51,59,2026-03-22,2652.74,10.59,48,68.04,2517.67,2030-03-22,activo
52,60,2026-03-09,24262.74,10.84,24,1129.04,21508.41,2028-03-08,activo
53,61,2024-01-09,229959.5,9.72,240,2176.01,219367.08,2044-01-09,activo
54,63,2025-04-07,29521.13,11.39,48,768.62,22245.01,2029-04-07,mora
55,64,2025-08-15,3420.77,8.24,12,297.94,589.89,2026-08-15,activo
56,65,2024-10-22,9955.34,9.7,84,163.72,8156.11,2031-10-22,mora
57,66,2024-09-20,28137.66,10.38,60,603.07,20321.1,2029-09-20,activo
58,67,2023-12-19,14556.45,10.96,36,476.31,2767.63,2026-12-18,mora
59,68,2024-08-06,2735.26,8.38,36,86.19,1067.69,2027-08-06,activo
60,69,2023-12-24,233820.87,10.13,360,2073.69,230555.44,2053-12-24,impagado
61,70,2026-06-10,14892.35,6.99,12,1288.51,14892.35,2027-06-10,activo
62,71,2026-06-04,17594.46,6.85,48,420.1,17594.46,2030-06-04,activo
63,73,2025-09-16,20961.67,11.57,48,547.63,18102.37,2029-09-16,impagado
64,74,2023-10-13,38585.49,9.49,36,1235.83,3649.48,2026-10-12,activo
65,75,2024-11-05,6642.02,11.89,12,589.8,0,2025-11-05,pagado
66,77,2026-01-10,33653.24,9.8,36,1082.77,29547.04,2029-01-09,activo
67,78,2025-10-29,32954.79,8.02,48,804.82,28167.35,2029-10-29,activo
68,79,2023-04-11,23143.39,11.59,72,447.55,12594.41,2029-04-10,mora
69,80,2025-01-05,22948.5,10.0,72,425.13,18426.54,2031-01-05,activo
70,81,2024-09-24,10978.15,9.74,60,231.86,7724.01,2029-09-24,activo
71,82,2024-04-27,41470.21,10.35,84,696.03,31655.87,2031-04-27,activo
72,83,2023-04-26,29685.5,9.93,60,629.69,12618.93,2028-04-25,mora
73,84,2024-05-20,24051.58,11.06,12,2126.34,0.65,2025-05-20,pagado
74,85,2023-01-11,304520.28,5.92,300,1946.31,283855.63,2048-01-12,mora
75,86,2023-08-30,43132.6,9.3,60,901.62,21159.55,2028-08-29,activo
76,87,2026-06-30,8659.13,9.3,12,758.47,8659.13,2027-06-30,activo
77,88,2023-11-12,1551.31,8.21,36,48.77,191.51,2026-11-11,mora
78,90,2025-03-18,19830.85,8.57,60,407.56,15636.11,2030-03-18,activo
79,91,2024-07-22,8626.38,11.01,48,222.99,4961.63,2028-07-22,mora
80,92,2024-11-14,2723.3,10.7,12,240.31,0,2025-11-14,pagado
81,93,2024-03-14,38884.45,10.54,36,1264.5,10899.24,2027-03-14,mora
82,94,2026-04-11,137291.2,9.79,300,1227.3,137075.86,2051-04-12,activo
83,95,2026-03-09,20177.53,9.19,36,643.47,18699.44,2029-03-08,activo
84,96,2023-09-23,15789.22,7.49,36,491.06,1934.38,2026-09-22,impagado
85,97,2023-05-07,20775.09,9.08,24,949.82,1.24,2025-05-06,activo
86,98,2026-04-21,23725.02,9.26,48,593.3,22901.41,2030-04-21,activo
87,99,2025-11-21,15873.29,9.38,12,1390.94,6794.56,2026-11-21,activo
88,100,2025-10-06,7418.75,7.03,12,642.01,2531.02,2026-10-06,activo
89,101,2025-01-13,2046.17,7.07,12,177.12,0,2026-01-13,pagado
90,102,2025-07-17,18469.7,9.82,60,390.75,15723.5,2030-07-17,activo
91,103,2024-01-29,15235.18,10.5,36,495.21,3347.09,2027-01-28,mora
92,104,2023-05-24,16689.98,6.97,36,515.14,0,2026-05-23,pagado
93,105,2023-12-21,3579.47,9.96,36,115.44,672.65,2026-12-20,mora
94,106,2023-04-30,17976.91,9.06,60,373.71,7547.96,2028-04-29,activo
95,107,2026-05-30,22879.12,8.57,24,1040.67,22001.85,2028-05-29,activo
96,109,2025-08-05,8644.0,11.16,48,224.09,7145.34,2029-08-05,activo
97,110,2023-02-26,17522.43,10.49,12,1544.51,0,2024-02-26,pagado
98,111,2025-07-18,7821.97,11.0,36,256.07,5698.36,2028-07-17,mora
99,112,2025-06-14,11247.56,9.4,12,985.71,0,2026-06-14,pagado
100,113,2026-05-25,1746.96,9.9,12,153.51,1607.86,2027-05-25,activo
101,115,2023-07-19,27801.08,11.31,36,914.29,904.42,2026-07-18,mora
102,116,2025-02-28,4323.23,9.27,24,198.04,1530.67,2027-02-28,mora
103,117,2024-12-05,85452.62,10.0,300,776.63,84130.21,2049-12-06,mora
104,118,2025-08-29,8105.69,9.78,48,204.71,6667.23,2029-08-29,activo
105,119,2025-04-02,10440.16,11.14,72,199.48,8797.65,2031-04-02,activo
106,122,2025-06-08,21710.93,10.42,12,1913.0,0,2026-06-08,pagado
107,125,2025-06-08,5068.53,8.63,12,442.39,0,2026-06-08,pagado
108,126,2023-12-16,267045.84,8.47,240,2313.09,252794.5,2043-12-16,mora
109,127,2023-10-20,10788.06,8.79,60,222.87,5621.91,2028-10-19,mora
110,128,2024-03-29,21011.73,9.89,24,968.56,0,2026-03-29,pagado
111,129,2023-06-12,11457.31,9.89,60,242.82,5068.14,2028-06-11,mora
112,130,2023-11-26,297366.56,9.35,180,3078.71,270773.42,2038-11-26,mora
113,131,2025-07-23,315985.63,10.8,360,2962.1,314624.97,2055-07-24,activo
114,132,2026-04-22,23059.76,9.68,60,486.37,22456.63,2031-04-22,activo
115,133,2025-11-18,21065.74,8.41,36,664.11,17373.51,2028-11-17,activo
116,136,2024-11-04,12973.11,11.28,12,1148.3,0,2025-11-04,pagado
117,137,2024-03-24,25374.01,8.61,36,802.32,6967.31,2027-03-24,mora
118,138,2026-06-17,19977.49,9.15,36,636.71,19977.49,2029-06-16,activo
119,139,2026-05-15,23393.08,8.05,36,733.63,22816.38,2029-05-14,activo
120,140,2023-01-05,15506.91,11.04,24,723.01,0.58,2025-01-04,pagado
121,142,2026-02-17,17343.82,9.3,60,362.55,16420.62,2031-02-17,activo
122,143,2025-05-15,28203.27,10.05,48,716.01,21642.51,2029-05-15,activo
123,144,2025-10-07,22987.79,8.47,60,471.29,20453.57,2030-10-07,activo
124,145,2023-12-08,11905.77,10.79,12,1051.07,0.2,2024-12-07,pagado
125,146,2023-09-23,6211.01,9.66,36,199.42,588.83,2026-09-22,mora
126,148,2025-03-20,23215.77,11.12,12,2053.12,0.35,2026-03-20,pagado
127,149,2024-08-09,15713.82,10.11,48,399.39,8968.65,2028-08-09,activo
128,150,2025-12-03,97749.7,11.52,360,969.76,97556.95,2055-12-04,activo
129,151,2023-02-17,15385.17,9.71,36,494.36,0,2026-02-16,pagado
130,152,2025-08-02,17249.6,9.26,36,550.64,12475.39,2028-08-01,activo
131,153,2024-02-21,17744.74,9.71,48,447.61,8233.48,2028-02-21,activo
132,155,2025-11-06,2326.91,8.86,24,106.15,1690.16,2027-11-06,activo
133,156,2025-09-24,30185.36,7.78,60,608.93,26368.38,2030-09-24,activo
134,157,2024-03-05,5075.92,7.71,24,228.9,0,2026-03-05,pagado
135,158,2024-09-24,121515.75,8.81,180,1218.77,114128.46,2039-09-25,activo
136,160,2024-08-28,25047.52,10.32,24,1159.48,2290.4,2026-08-28,activo
137,163,2023-10-22,25485.74,9.28,60,532.57,13358.22,2028-10-21,activo
138,165,2025-09-05,8274.47,9.06,60,172.01,7258.33,2030-09-05,activo
139,166,2025-05-08,23471.15,8.19,48,575.11,17850.69,2029-05-08,activo
140,169,2023-06-13,13358.31,9.4,48,334.96,3517.38,2027-06-13,activo
141,172,2025-08-24,84775.94,9.48,180,884.22,82553.16,2040-08-24,activo
142,173,2024-10-01,11178.43,8.92,24,510.3,2003.15,2026-10-01,activo
143,174,2023-02-06,26442.06,9.58,48,665.31,4512.39,2027-02-06,activo
144,177,2026-04-12,20441.94,7.34,60,408.04,20158.94,2031-04-12,impagado
145,178,2026-04-20,23308.88,8.1,24,1055.25,21506.99,2028-04-19,activo
146,179,2026-03-24,197544.21,8.02,300,1527.68,196917.76,2051-03-25,activo
147,180,2024-03-04,16579.43,8.55,48,409.02,7600.41,2028-03-04,activo
148,181,2024-08-09,26771.32,9.37,72,487.53,19784.59,2030-08-09,mora
149,182,2023-09-29,282943.62,10.23,180,3080.8,257583.38,2038-09-29,mora
150,183,2024-05-07,22394.91,9.8,36,720.51,6892.14,2027-05-07,mora
151,184,2024-01-02,23660.64,10.47,48,605.41,10559.63,2028-01-02,activo
152,185,2025-04-01,13223.92,11.41,24,618.87,5313.72,2027-04-01,activo
153,186,2024-10-19,17896.41,8.42,60,366.5,12742.74,2029-10-19,mora
154,187,2024-08-28,20805.38,9.72,60,439.24,14314.64,2029-08-28,mora
155,188,2026-06-29,11551.89,8.47,72,205.2,11551.89,2032-06-28,activo
156,189,2026-06-30,14275.26,11.71,36,472.15,14275.26,2029-06-29,activo
157,190,2023-06-14,15715.26,8.97,84,252.62,9979.36,2030-06-13,activo
158,191,2023-01-28,6951.51,10.49,12,612.72,0.17,2024-01-28,pagado
159,194,2026-05-29,9621.66,10.15,36,311.12,9391.92,2029-05-28,activo
160,195,2026-02-18,86589.75,9.12,240,785.86,86072.78,2046-02-18,activo
161,197,2026-03-19,19800.88,10.0,60,420.76,19027.21,2031-03-19,activo
162,198,2023-09-30,6150.11,9.48,60,129.11,3127.81,2028-09-29,mora
163,199,2023-08-28,2020.33,10.44,48,51.67,678.23,2027-08-28,activo
164,201,2025-06-17,11435.07,9.47,12,1002.5,0.1,2026-06-17,pagado
165,202,2025-02-27,32098.08,10.15,84,535.3,27897.92,2032-02-27,impagado
166,203,2024-08-06,2809.99,10.88,24,130.81,129.66,2026-08-06,mora
167,204,2025-02-10,8284.21,9.13,36,263.93,4879.7,2028-02-10,mora
168,205,2024-08-29,7233.76,8.06,48,176.79,4205.18,2028-08-29,mora
169,206,2026-03-25,25027.5,9.49,36,801.59,23815.4,2029-03-24,impagado
170,207,2024-09-05,17474.53,10.15,72,325.09,13207.53,2030-09-05,mora
171,208,2023-08-19,9072.64,8.38,84,143.12,6023.63,2030-08-18,mora
172,209,2024-07-21,17889.68,9.75,36,575.14,7068.76,2027-07-21,activo
173,210,2026-03-04,33715.52,9.37,48,844.96,31956.76,2030-03-04,activo
174,212,2024-04-21,20147.61,9.35,12,1765.17,0.5,2025-04-21,pagado
175,213,2025-12-14,6770.82,9.72,36,217.59,5774.35,2028-12-13,activo
176,214,2026-04-22,271216.52,9.64,240,2552.65,270465.76,2046-04-22,activo
177,215,2023-06-03,31991.22,9.27,36,1021.34,0,2026-06-02,pagado
178,216,2026-03-30,18755.95,8.53,60,385.06,17995.36,2031-03-30,activo
179,218,2024-08-03,15815.92,9.28,36,505.02,6222.65,2027-08-03,mora
180,219,2026-05-16,22914.17,7.26,84,348.73,22704.07,2033-05-15,activo
181,220,2025-06-19,22431.41,8.8,48,556.12,17537.68,2029-06-19,activo
182,221,2023-03-07,20609.9,9.82,48,520.91,4019.59,2027-03-07,mora
183,223,2025-01-14,44755.04,10.65,60,965.32,34379.9,2030-01-14,activo
184,224,2025-11-05,19955.63,10.25,48,508.5,17527.8,2029-11-05,activo
185,225,2025-07-23,2876.85,12.15,60,64.22,2470.69,2030-07-23,mora
186,226,2023-08-02,21353.2,11.08,36,699.84,695.36,2026-08-01,activo
187,227,2024-03-26,35158.88,8.14,84,550.37,25951.94,2031-03-26,activo
188,228,2026-06-30,16378.68,10.05,24,756.16,16378.68,2028-06-29,activo
189,229,2026-05-14,14691.89,10.15,72,273.27,14542.89,2032-05-13,activo
190,230,2023-05-04,9960.96,7.83,36,311.35,0.39,2026-05-03,pagado
191,232,2025-04-02,3630.51,9.58,48,91.35,2640.88,2029-04-02,activo
192,234,2023-11-02,26830.18,9.65,84,440.59,18662.31,2030-11-01,activo
193,235,2025-05-26,25451.12,10.0,84,422.56,22573.97,2032-05-25,mora
194,236,2025-07-04,13733.95,8.47,60,281.54,11430.68,2030-07-04,mora
195,237,2024-02-25,252465.85,9.4,180,2621.18,233200.0,2039-02-25,mora
196,238,2023-01-30,4334.62,10.32,36,140.53,0,2026-01-29,pagado
197,239,2024-12-20,10813.06,6.5,48,256.43,7299.67,2028-12-20,activo
198,240,2024-05-27,9564.7,8.76,60,197.42,6230.97,2029-05-27,activo
199,241,2023-01-27,34108.35,10.47,60,732.57,12778.13,2028-01-27,mora
200,246,2023-05-30,29085.08,11.42,24,1361.28,0,2025-05-29,pagado
201,247,2024-12-28,21037.24,10.27,24,973.38,5669.4,2026-12-28,activo
202,248,2026-05-22,28645.68,9.34,60,599.41,28269.23,2031-05-22,activo
203,249,2026-06-13,2972.97,9.6,60,62.58,2972.97,2031-06-13,activo
204,251,2024-08-08,10047.54,8.79,24,458.05,454.77,2026-08-08,mora
205,252,2026-03-23,25738.51,8.94,24,1175.16,22766.25,2028-03-22,activo
206,253,2026-06-30,22435.1,10.33,84,376.3,22435.1,2033-06-29,activo
207,254,2026-03-31,26693.82,10.03,48,677.47,25319.33,2030-03-31,activo
208,256,2025-06-27,26802.61,9.98,60,569.22,22451.41,2030-06-27,activo
209,257,2025-12-23,44571.85,9.21,84,721.97,42248.38,2032-12-22,activo
210,258,2026-01-31,11017.26,11.61,36,363.88,9705.69,2029-01-30,activo
211,259,2026-04-19,17524.57,9.81,36,563.94,16679.78,2029-04-18,activo
212,260,2026-02-05,24146.85,7.61,72,418.74,23074.27,2032-02-05,activo
213,262,2025-03-24,42446.38,11.07,48,1098.45,31130.3,2029-03-24,activo
214,264,2025-11-29,26362.66,8.98,24,1204.12,19154.57,2027-11-29,activo
215,265,2024-12-22,22996.41,10.2,12,2023.89,0,2025-12-22,pagado
216,266,2023-10-23,25512.0,10.39,84,428.64,17889.52,2030-10-22,mora
217,267,2026-02-06,4947.98,10.11,36,159.92,4469.04,2029-02-05,activo
218,268,2024-07-31,17638.04,10.88,60,382.43,12247.33,2029-07-31,mora
219,269,2025-07-26,16984.02,7.19,60,337.84,14307.96,2030-07-26,activo
220,270,2025-06-26,16460.99,7.53,48,398.22,12797.13,2029-06-26,activo
221,271,2023-02-22,44150.2,9.15,72,799.04,22618.9,2029-02-21,mora
222,273,2024-11-15,3373.93,8.44,24,153.27,750.48,2026-11-15,activo
223,277,2023-04-04,15456.96,10.79,24,718.94,0,2025-04-03,pagado
224,279,2024-06-28,13066.63,10.71,48,335.85,7228.01,2028-06-28,activo
225,280,2025-12-11,10785.67,10.11,12,948.8,5528.44,2026-12-11,activo
226,281,2026-06-11,260013.39,10.48,240,2592.77,260013.39,2046-06-11,activo
227,282,2026-02-20,22282.67,11.94,48,586.14,21178.47,2030-02-20,impagado
228,283,2024-01-31,18340.1,7.88,48,446.73,7953.89,2028-01-31,mora
229,284,2026-02-08,9519.69,8.06,48,232.67,8837.94,2030-02-08,activo
230,285,2025-02-23,17424.94,10.33,48,444.73,12392.22,2029-02-23,activo
231,286,2024-08-13,7596.57,9.41,24,348.47,689.04,2026-08-13,activo
232,287,2024-08-09,41775.14,8.57,48,1031.07,23529.91,2028-08-09,mora
233,288,2024-08-21,5001.09,10.26,12,440.28,0.0,2025-08-21,pagado
234,289,2025-11-11,107396.54,9.08,240,972.03,106255.12,2045-11-11,activo
235,290,2026-06-30,94836.56,9.0,360,762.82,94836.56,2056-06-30,activo
236,291,2026-05-18,279640.86,10.08,180,3019.43,278970.41,2041-05-18,activo
237,292,2024-02-15,6282.89,8.44,48,154.68,2876.69,2028-02-15,activo
238,294,2024-11-10,191323.13,10.45,180,2108.62,182222.72,2039-11-11,mora
239,295,2023-09-28,126946.26,9.34,240,1169.92,120133.91,2043-09-28,activo
240,296,2026-03-09,203855.07,8.47,360,1562.72,203480.91,2056-03-09,activo
241,297,2024-12-07,85529.04,8.51,180,842.72,80743.44,2039-12-08,mora
242,298,2023-05-11,20623.25,10.41,12,1817.07,0,2024-05-10,pagado
243,299,2026-01-13,27750.47,10.78,60,600.38,25963.2,2031-01-13,activo
244,300,2025-03-25,9024.42,7.78,72,157.24,7474.31,2031-03-25,mora
245,302,2026-01-15,24921.84,9.89,84,412.3,23870.13,2033-01-14,mora
246,304,2023-12-07,26424.25,8.68,24,1203.33,0,2025-12-06,pagado
247,305,2024-03-02,8172.16,11.02,24,380.96,0.07,2026-03-02,pagado
248,306,2026-04-08,26989.84,9.32,36,862.24,25679.53,2029-04-07,activo
249,307,2024-10-30,43643.3,7.4,36,1355.56,20593.49,2027-10-30,activo
250,308,2023-09-13,26667.18,11.04,12,2357.45,0,2024-09-12,pagado
251,309,2024-06-05,228110.49,11.5,360,2258.72,226068.87,2054-06-06,mora
252,311,2023-06-17,36508.27,8.39,60,747.15,16451.27,2028-06-16,mora
253,312,2024-05-23,22158.31,10.25,24,1025.05,0.06,2026-05-23,pagado
254,313,2024-05-06,33182.42,8.79,60,685.41,20563.89,2029-05-06,activo
255,314,2025-08-10,29527.36,10.71,12,2605.66,5142.68,2026-08-10,activo
256,315,2026-02-13,6506.5,8.79,12,568.38,4400.62,2027-02-13,activo
257,316,2023-08-19,23802.03,10.56,12,2098.83,0,2024-08-18,pagado
258,319,2023-04-15,12399.41,9.44,24,568.96,0.27,2025-04-14,pagado
259,320,2023-06-13,8554.73,8.96,12,747.96,0.06,2024-06-12,pagado
260,322,2023-04-29,32384.91,10.29,36,1049.35,1.46,2026-04-28,mora
261,325,2025-11-15,87635.51,7.14,180,794.4,85690.28,2040-11-15,activo
262,326,2024-12-01,21330.96,9.66,36,684.91,10840.51,2027-12-01,mora
263,327,2026-01-07,8518.93,10.07,36,275.18,7483.23,2029-01-06,activo
264,329,2025-10-09,9361.95,10.52,24,434.24,6456.64,2027-10-09,activo
265,332,2024-05-16,7044.43,11.37,60,154.48,4582.6,2029-05-16,mora
266,334,2026-06-23,19068.61,7.47,48,460.78,19068.61,2030-06-23,activo
267,336,2026-03-10,11973.5,9.15,12,1047.94,9081.64,2027-03-10,activo
268,337,2025-08-21,43147.37,7.6,48,1045.27,35203.56,2029-08-21,activo
269,338,2026-06-23,19986.5,9.29,48,500.1,19986.5,2030-06-23,activo
270,339,2023-11-18,20611.97,8.78,36,653.34,3196.47,2026-11-17,activo
271,340,2023-10-25,23386.49,10.54,48,599.27,8906.36,2027-10-25,mora
272,342,2025-12-25,37272.81,11.96,48,980.73,33525.04,2029-12-25,activo
273,343,2026-05-12,22678.75,12.08,36,754.12,22152.93,2029-05-11,activo
274,345,2026-04-18,154780.63,9.48,360,1299.58,154626.4,2056-04-18,activo
275,347,2026-03-01,13378.42,11.97,60,297.41,12712.7,2031-03-01,mora
276,348,2026-02-04,11205.68,5.54,84,161.22,10764.69,2033-02-03,activo
277,349,2023-04-01,12033.81,6.28,60,234.19,4647.6,2028-03-31,activo
278,350,2024-10-09,13686.15,10.22,72,255.05,10680.38,2030-10-09,activo
279,353,2026-06-30,19804.55,9.48,36,634.23,19804.55,2029-06-29,activo
280,354,2026-05-27,18457.48,11.21,12,1633.14,16996.76,2027-05-27,activo
281,355,2026-04-27,14406.65,10.89,48,371.58,13922.79,2030-04-27,activo
282,356,2024-08-13,8852.92,10.25,72,165.13,6696.58,2030-08-13,activo
283,357,2025-01-10,28520.66,9.39,24,1308.08,8876.27,2027-01-10,activo
284,358,2024-09-11,20014.3,10.18,36,647.51,9083.55,2027-09-11,mora
285,361,2023-07-19,5423.37,10.32,60,116.1,2600.82,2028-07-18,mora
286,362,2024-08-09,31731.16,9.13,60,660.65,21237.26,2029-08-09,mora
287,363,2023-01-18,22003.57,11.2,36,722.41,1.89,2026-01-17,mora
288,364,2024-03-02,19372.58,10.83,12,1710.62,0.31,2025-03-02,pagado
289,366,2023-03-06,11550.68,7.87,60,233.46,4364.38,2028-03-05,mora
290,367,2023-05-11,40749.26,10.69,84,691.02,25992.81,2030-05-10,activo
291,368,2024-03-05,33281.58,9.33,60,696.27,19654.6,2029-03-05,activo
292,369,2023-08-30,14949.24,10.0,24,689.82,0.31,2025-08-29,pagado
293,372,2023-11-24,14883.19,9.53,36,476.96,2329.07,2026-11-23,mora
294,373,2024-08-19,21316.04,8.79,12,1862.08,0,2025-08-19,pagado
295,374,2026-02-06,8445.68,10.08,60,179.79,8004.78,2031-02-06,activo
296,375,2023-09-12,9799.31,9.83,48,247.72,3264.87,2027-09-12,activo
297,378,2026-05-28,13954.18,9.83,48,352.75,13715.74,2030-05-28,activo
298,381,2025-04-20,4155.69,10.96,60,90.27,3378.17,2030-04-20,mora
299,383,2026-01-09,5627.97,10.24,12,495.41,3815.39,2027-01-09,activo
300,384,2026-01-31,134869.05,8.59,240,1178.21,133789.85,2046-01-31,activo
301,385,2024-09-09,11355.58,9.72,60,239.7,7988.82,2029-09-09,mora
302,386,2024-02-10,44154.02,9.73,72,812.04,29377.61,2030-02-09,activo
303,387,2025-08-21,9896.98,8.24,60,201.82,8516.24,2030-08-21,activo
304,388,2025-10-22,9190.48,8.41,48,226.15,7864.37,2029-10-22,activo
305,389,2025-12-26,24293.25,11.34,84,420.28,23121.62,2032-12-25,activo
306,390,2026-05-13,12936.46,6.2,12,1114.56,11888.74,2027-05-13,activo
307,391,2026-04-20,25814.17,10.92,24,1202.23,23870.73,2028-04-19,activo
308,392,2026-05-20,22012.26,10.96,36,720.21,21493.1,2029-05-19,activo
309,393,2025-03-13,20413.86,9.69,12,1791.73,0.39,2026-03-13,pagado
310,395,2026-02-06,17129.9,9.51,60,359.82,16222.93,2031-02-06,activo
311,397,2025-09-02,13695.22,9.84,24,630.94,8871.4,2027-09-02,activo
312,398,2024-11-25,30574.76,9.3,84,496.51,25283.64,2031-11-25,activo
313,399,2025-04-18,28126.5,8.12,60,571.89,22543.12,2030-04-18,activo
314,402,2023-07-08,11320.32,9.78,36,364.09,0.7,2026-07-07,pagado
315,403,2026-06-02,27796.2,8.9,24,1268.56,27796.2,2028-06-01,activo
316,404,2024-02-16,14307.3,10.35,60,306.45,8538.01,2029-02-15,mora
317,405,2023-02-11,257269.57,10.25,360,2305.63,251988.04,2053-02-11,mora
318,406,2023-03-05,245947.57,8.63,240,2155.11,228115.67,2043-03-05,mora
319,407,2024-10-08,18230.03,8.75,48,451.52,11028.45,2028-10-08,mora
320,408,2025-02-28,44060.62,8.17,36,1384.13,25799.68,2028-02-28,activo
321,409,2024-11-15,24093.12,8.18,60,490.6,17496.65,2029-11-15,activo
322,410,2023-11-25,2026.01,9.23,24,92.77,0.04,2025-11-24,pagado
323,411,2023-09-11,20855.04,10.91,60,452.46,10437.68,2028-09-10,mora
324,412,2024-12-19,29340.63,10.2,48,746.93,19707.67,2028-12-19,mora
325,413,2023-09-09,11914.85,9.86,48,301.41,3969.71,2027-09-09,mora
326,414,2024-04-23,9982.01,9.56,36,320.04,3064.27,2027-04-23,activo
327,415,2026-01-31,14145.72,8.76,12,1235.47,8401.43,2027-01-31,activo
328,416,2025-04-07,30212.55,11.24,60,660.49,24593.42,2030-04-07,activo
329,417,2025-08-07,19385.75,10.01,24,894.68,11774.7,2027-08-07,activo
330,418,2023-11-19,9990.87,11.45,24,467.73,0.35,2025-11-18,pagado
331,419,2025-11-11,18747.23,8.71,12,1636.95,8009.54,2026-11-11,activo
332,420,2024-08-21,7826.68,7.54,60,157.0,5291.33,2029-08-21,activo
333,423,2023-11-02,42752.62,10.4,36,1387.6,5430.15,2026-11-01,mora
334,426,2025-03-07,20820.36,10.27,36,674.43,12349.91,2028-03-06,mora
335,427,2026-06-30,23449.91,9.27,24,1074.18,23449.91,2028-06-29,activo
336,428,2024-01-07,16613.73,7.94,60,336.36,9126.92,2029-01-06,mora
337,429,2024-02-21,5354.65,8.62,48,132.29,2456.17,2028-02-21,activo
338,430,2024-01-15,10592.03,10.14,12,931.89,0.09,2025-01-14,pagado
339,431,2023-02-21,29455.61,8.3,48,723.23,5611.05,2027-02-21,mora
340,432,2025-08-04,29202.94,8.25,60,595.6,24707.4,2030-08-04,activo
341,437,2023-10-20,28090.7,9.31,48,703.11,10544.79,2027-10-20,activo
342,439,2026-02-04,44766.13,8.44,36,1411.82,40331.76,2029-02-03,activo
343,441,2026-06-16,27218.55,9.9,12,2391.7,27218.55,2027-06-16,activo
344,442,2025-09-04,16835.3,11.14,36,552.31,13135.84,2028-09-03,activo
345,443,2023-04-10,28436.15,9.23,48,710.76,6815.11,2027-04-10,mora
346,444,2024-05-12,18526.8,10.74,12,1635.2,0,2025-05-12,pagado
347,445,2023-06-13,198676.24,9.53,300,1739.59,191750.22,2048-06-13,mora
348,446,2023-08-19,25941.01,9.55,24,1191.63,0.93,2025-08-18,pagado
349,447,2024-07-14,4014.93,10.74,48,103.26,2303.98,2028-07-14,mora
350,448,2026-06-30,15769.62,10.46,60,338.62,15769.62,2031-06-30,activo
351,450,2023-08-21,18954.94,10.06,84,315.26,13039.24,2030-08-20,mora
352,451,2026-01-04,22090.25,9.06,48,550.35,20143.23,2030-01-04,activo
353,452,2023-06-02,25060.27,10.12,60,533.96,11119.56,2028-06-01,mora
354,453,2023-01-31,44275.67,9.95,60,939.66,16453.89,2028-01-31,mora
355,455,2023-06-22,14719.77,8.5,12,1283.86,0,2024-06-21,pagado
356,456,2026-01-16,14264.02,9.44,84,232.71,13651.97,2033-01-15,activo
357,457,2025-08-05,10997.54,6.6,36,337.55,8157.32,2028-08-04,activo
358,458,2024-06-06,20827.4,8.69,60,429.17,13229.12,2029-06-06,activo
359,459,2024-05-12,26603.38,8.38,36,838.37,8845.37,2027-05-12,mora
360,460,2025-02-17,26080.1,8.8,48,646.58,18380.15,2029-02-17,activo
361,461,2023-07-20,31726.18,9.31,84,515.43,21295.23,2030-07-19,impagado
362,462,2023-02-27,8373.96,9.11,36,266.71,0.35,2026-02-26,pagado
363,463,2026-06-30,2607.94,8.25,36,82.02,2607.94,2029-06-29,activo
364,464,2026-04-29,28003.57,10.57,60,602.9,27287.96,2031-04-29,activo
365,465,2026-01-23,5311.7,9.88,12,466.68,3161.85,2027-01-23,activo
366,466,2024-07-07,3003.71,7.96,48,73.28,1620.58,2028-07-07,activo
367,467,2025-02-03,32448.65,10.64,72,611.73,26531.74,2031-02-03,mora
368,469,2024-08-02,34852.01,8.73,36,1103.95,13644.85,2027-08-02,activo
369,471,2023-04-13,19940.57,9.58,72,365.2,10558.48,2029-04-12,activo
370,472,2025-10-09,22071.39,9.62,12,1936.56,7593.05,2026-10-09,mora
371,473,2023-07-19,18796.35,9.83,84,310.35,12487.57,2030-07-18,activo
372,474,2025-03-13,40030.64,10.25,84,669.81,34807.18,2032-03-12,activo
373,475,2025-03-30,20124.63,10.84,36,657.32,12522.54,2028-03-29,activo
374,476,2025-08-23,3947.73,9.33,24,180.95,2391.49,2027-08-23,activo
375,477,2025-09-27,6679.69,11.2,36,219.31,5382.16,2028-09-26,mora
376,478,2024-05-30,12440.59,10.24,48,316.95,6852.66,2028-05-30,impagado
377,479,2025-08-25,12025.36,10.41,36,390.32,9051.09,2028-08-24,activo
378,480,2023-12-14,13340.85,10.26,12,1174.52,0,2024-12-13,pagado
379,481,2023-03-08,11726.9,10.6,60,252.62,4613.86,2028-03-07,mora
380,483,2025-09-19,21764.58,9.79,24,1002.23,14095.7,2027-09-19,activo
381,485,2024-10-22,12830.72,6.9,12,1109.58,0.36,2025-10-22,pagado
382,486,2026-04-22,37881.68,10.52,36,1231.53,36074.93,2029-04-21,activo
383,487,2025-09-29,293727.35,9.75,180,3111.06,286990.63,2040-09-29,activo
384,488,2024-03-08,9781.92,9.09,48,243.84,4509.64,2028-03-08,activo
385,489,2025-05-02,312349.55,11.31,240,3290.24,307192.17,2045-05-02,mora
386,490,2023-04-21,23659.09,9.31,36,755.78,0,2026-04-20,pagado
387,491,2024-02-03,12071.54,11.61,12,1070.36,0,2025-02-02,pagado
388,492,2025-09-30,121453.85,8.41,180,1189.5,118322.29,2040-09-30,activo
389,494,2023-01-24,23441.37,9.13,48,584.78,3972.09,2027-01-24,mora
390,495,2023-11-25,9206.5,8.39,36,290.17,1420.42,2026-11-24,activo
391,496,2026-05-05,42082.64,10.36,36,1364.95,41081.0,2029-05-04,activo
392,497,2023-02-21,2637.7,8.78,36,83.61,0,2026-02-20,pagado
393,498,2026-04-02,318332.98,7.94,360,2323.5,317897.15,2056-04-02,activo
394,499,2025-01-05,115089.0,9.3,240,1057.59,112091.4,2045-01-05,activo
395,501,2025-01-15,17722.64,11.37,36,583.31,10099.55,2028-01-15,activo
396,502,2026-03-15,41781.55,11.7,60,923.16,40219.04,2031-03-15,activo
397,503,2026-04-20,25219.09,10.06,48,640.36,24357.61,2030-04-20,activo
398,505,2023-07-05,2345.29,11.13,24,109.45,0.01,2025-07-04,pagado
399,506,2023-04-30,27860.52,10.48,24,1291.76,1.13,2025-04-29,activo
400,507,2026-02-21,24396.78,9.94,12,2144.24,16531.11,2027-02-21,activo
401,510,2023-12-10,233521.61,10.41,300,2189.37,227732.26,2048-12-10,mora
402,511,2026-04-27,143090.75,9.38,300,1237.91,142850.98,2051-04-28,activo
403,512,2023-10-31,37987.5,9.86,36,1223.24,4794.66,2026-10-30,mora
404,513,2024-02-02,6262.08,9.13,12,548.02,0,2025-02-01,pagado
405,514,2024-02-27,252250.76,9.04,240,2276.16,240582.75,2044-02-27,activo
406,515,2023-09-10,24061.92,7.67,36,750.4,1484.76,2026-09-09,activo
407,516,2023-10-01,19446.64,7.19,36,602.12,1785.97,2026-09-30,activo
408,517,2023-06-11,16475.69,8.51,36,520.14,1.36,2026-06-10,mora
409,518,2023-02-28,40092.35,9.45,36,1283.39,0,2026-02-27,pagado
410,519,2023-11-08,1610.0,8.74,36,51.0,200.46,2026-11-07,mora
411,520,2024-08-21,191963.59,8.56,360,1484.64,189227.66,2054-08-22,activo
412,521,2023-05-02,285444.3,9.96,360,2495.82,279814.13,2053-05-02,activo
413,525,2023-03-11,10481.57,9.99,36,338.15,0.48,2026-03-10,pagado
414,526,2023-12-03,14394.09,8.87,60,297.86,7751.08,2028-12-02,mora
415,527,2026-06-25,29609.21,9.5,60,621.86,29609.21,2031-06-25,activo
416,529,2025-12-02,25224.96,10.3,48,643.41,22158.63,2029-12-02,activo
417,530,2025-09-11,13726.09,8.42,36,432.77,10611.57,2028-09-10,mora
418,531,2024-09-15,18508.91,8.76,24,843.55,2493.84,2026-09-15,mora
419,532,2023-05-08,197819.73,9.5,240,1843.64,185569.91,2043-05-08,activo
420,535,2024-10-22,21986.47,10.26,60,469.91,15865.6,2029-10-22,activo
421,536,2025-04-28,42008.45,10.86,84,716.23,37016.67,2032-04-27,activo
422,537,2026-06-05,15777.78,9.89,12,1386.31,15777.78,2027-06-05,activo
423,539,2025-01-30,12150.66,10.64,84,205.74,10361.0,2032-01-30,mora
424,541,2023-12-22,189558.09,7.38,180,1743.83,170577.66,2038-12-22,mora
425,542,2026-04-17,22895.51,7.96,12,1991.27,19204.52,2027-04-17,activo
426,544,2023-03-14,30248.77,7.71,84,467.07,17855.0,2030-03-13,mora
427,546,2023-02-01,38969.4,9.13,36,1241.54,1.47,2026-01-31,activo
428,547,2023-10-07,27805.43,8.97,48,691.52,9779.12,2027-10-07,mora
429,548,2026-01-13,3060.86,9.68,48,77.17,2794.2,2030-01-13,activo
430,549,2025-12-19,1861.01,10.97,36,60.9,1591.59,2028-12-18,activo
431,552,2025-08-29,176417.86,9.73,180,1866.59,171893.88,2040-08-29,activo
432,553,2025-01-24,24165.16,9.09,48,602.42,16587.05,2029-01-24,mora
433,554,2023-11-16,8585.34,9.67,60,181.04,4664.07,2028-11-15,mora
434,555,2025-09-21,27776.0,9.11,24,1270.31,17946.27,2027-09-21,activo
435,556,2026-02-28,10322.15,8.11,48,252.51,9583.71,2030-02-28,activo
436,557,2024-10-07,40533.25,7.14,60,805.27,27955.08,2029-10-07,mora
437,558,2026-02-06,265864.2,10.29,360,2390.02,265417.56,2056-02-07,activo
438,559,2025-01-11,31925.12,8.84,60,660.23,24735.37,2030-01-11,impagado
439,560,2024-12-26,22272.69,11.22,36,731.51,12066.78,2027-12-26,mora
440,561,2025-03-09,29502.38,10.31,60,631.34,23480.49,2030-03-09,mora
441,562,2023-06-03,20384.52,8.09,24,922.77,0.09,2025-06-02,pagado
442,563,2023-06-13,16127.76,8.13,24,730.35,0.56,2025-06-12,pagado
443,564,2025-01-04,92266.05,7.78,360,663.08,91103.83,2055-01-05,mora
444,565,2025-05-02,28736.45,10.92,84,490.83,25586.85,2032-05-01,activo
445,566,2025-08-06,24323.29,9.36,60,509.12,21014.83,2030-08-06,mora
446,567,2025-08-12,10733.5,8.36,36,338.13,8015.85,2028-08-11,activo
447,568,2023-07-20,16783.41,9.52,48,421.84,5189.63,2027-07-20,activo
448,569,2023-07-25,25462.09,9.72,36,818.24,811.95,2026-07-24,activo
449,570,2026-03-12,22423.17,9.9,24,1033.66,19856.1,2028-03-11,activo
450,571,2025-01-05,22976.46,10.13,12,2021.42,0,2026-01-05,pagado
451,572,2023-11-27,17846.32,10.64,48,458.13,7200.31,2027-11-27,activo
452,573,2024-03-15,25576.35,9.28,60,534.38,15513.08,2029-03-15,activo
453,574,2024-06-04,312719.71,10.2,360,2790.06,309061.71,2054-06-05,mora
454,575,2025-07-13,14174.57,8.19,12,1234.3,1225.55,2026-07-13,activo
455,576,2023-06-24,23280.33,7.91,24,1051.98,0,2025-06-23,pagado
456,577,2026-06-25,16836.9,9.36,60,352.49,16836.9,2031-06-25,activo
457,578,2026-03-20,88917.1,8.88,240,793.08,88508.81,2046-03-20,activo
458,579,2025-07-28,24876.33,9.44,36,796.18,18004.94,2028-07-27,activo
459,580,2024-02-12,14669.78,8.32,60,299.7,8574.61,2029-02-11,activo
460,581,2023-11-05,33792.56,9.64,72,619.87,21137.12,2029-11-04,mora
461,582,2026-06-30,19903.3,7.64,36,620.44,19903.3,2029-06-29,activo
462,583,2024-01-31,41612.58,11.13,48,1078.17,18700.42,2028-01-31,activo
463,584,2024-02-04,132113.0,12.3,180,1611.25,123481.83,2039-02-04,mora
464,586,2023-04-21,40449.0,9.79,84,667.19,25498.11,2030-04-20,mora
465,588,2025-11-01,3366.52,9.42,36,107.72,2698.03,2028-10-31,activo
466,589,2023-03-27,27754.99,6.96,60,549.1,10824.39,2028-03-26,mora
467,590,2025-12-21,24617.06,9.03,60,511.39,22961.6,2030-12-21,mora
468,591,2026-03-24,12108.1,9.17,60,252.34,11787.25,2031-03-24,impagado
469,592,2025-10-03,6197.19,8.53,24,281.77,3995.87,2027-10-03,activo
470,593,2026-03-17,27224.11,10.02,60,578.74,26518.34,2031-03-17,activo
471,594,2024-11-10,23299.51,9.02,12,2037.83,0,2025-11-10,pagado
472,595,2024-04-03,7412.45,8.59,60,152.42,4464.55,2029-04-03,mora
473,596,2023-10-27,23672.83,9.47,60,496.88,12831.29,2028-10-26,mora
474,597,2025-04-17,19104.36,8.99,48,475.33,14220.06,2029-04-17,activo
475,598,2025-10-22,28619.08,11.48,12,2535.84,9905.01,2026-10-22,activo
476,599,2023-04-03,24133.69,8.82,60,498.92,9672.72,2028-04-02,mora
477,600,2025-05-21,25519.97,8.74,36,808.39,17063.94,2028-05-20,activo
478,603,2026-02-22,7302.71,10.58,24,338.94,6189.88,2028-02-22,activo
479,604,2024-09-06,28863.27,7.8,24,1302.82,2579.34,2026-09-06,activo
480,605,2025-02-24,41541.25,7.75,36,1297.0,24260.05,2028-02-24,mora
481,606,2026-01-13,15876.64,10.43,72,297.62,15064.52,2032-01-13,activo
482,607,2026-02-10,4723.66,9.37,36,151.02,4261.74,2029-02-09,activo
483,608,2025-07-09,8883.7,9.77,84,146.42,8034.69,2032-07-08,activo
484,609,2024-06-10,16581.46,8.44,60,339.7,10507.45,2029-06-10,mora
485,610,2026-06-18,18217.35,8.07,60,369.97,18217.35,2031-06-18,activo
486,611,2023-03-31,20007.1,8.82,36,634.56,0,2026-03-30,pagado
487,612,2025-04-14,21557.28,8.59,12,1881.15,0,2026-04-14,pagado
488,614,2025-12-13,25107.95,10.6,60,540.86,23150.73,2030-12-13,activo
489,615,2023-01-17,11309.26,8.0,48,276.07,1619.64,2027-01-17,mora
490,616,2023-10-25,2865.28,9.8,36,92.19,361.18,2026-10-24,mora
491,617,2024-03-05,6547.63,8.19,48,160.44,2989.5,2028-03-05,mora
492,618,2026-03-05,271560.1,10.68,180,3031.55,269699.64,2041-03-05,activo
493,619,2023-11-28,10267.29,9.72,48,259.04,4097.79,2027-11-28,activo
494,620,2025-06-14,7280.21,9.49,24,334.24,3811.94,2027-06-14,activo
495,621,2025-06-25,42356.24,8.15,72,745.73,36649.47,2031-06-25,mora
496,622,2024-03-06,36216.25,9.69,36,1163.35,8976.84,2027-03-06,activo
497,623,2024-07-02,14742.65,10.5,48,377.46,8139.2,2028-07-02,mora
498,625,2025-04-05,19694.1,10.43,24,912.7,7868.32,2027-04-05,activo
499,626,2025-04-28,39922.38,9.54,48,1003.72,29800.99,2029-04-28,activo
500,627,2025-07-22,4885.51,8.25,12,425.56,422.5,2026-07-22,activo
501,628,2024-06-29,13877.92,8.29,48,340.73,7509.96,2028-06-29,activo
502,629,2024-09-11,10507.57,9.98,60,223.14,7406.72,2029-09-11,activo
503,630,2023-01-09,28765.77,8.38,36,906.46,0.24,2026-01-08,pagado
504,631,2025-07-17,7745.88,10.44,12,682.58,676.59,2026-07-17,activo
505,633,2024-02-18,5544.89,8.38,48,136.35,2537.29,2028-02-18,activo
506,634,2023-02-27,296845.51,10.14,240,2891.31,278710.13,2043-02-27,mora
507,635,2024-12-21,4909.44,7.54,12,426.02,0.01,2025-12-21,pagado
508,636,2025-05-19,273393.43,7.99,360,2004.36,270903.29,2055-05-20,activo
509,637,2024-09-19,9744.97,7.36,24,437.9,1297.74,2026-09-19,activo
510,638,2025-08-16,2951.59,8.68,24,134.42,1783.37,2027-08-16,activo
511,640,2026-02-24,35130.0,9.94,72,649.75,34044.79,2032-02-24,activo
512,642,2025-11-29,16678.26,9.71,36,535.93,13802.37,2028-11-28,activo
513,643,2024-05-04,40211.38,12.1,48,1060.93,20837.49,2028-05-04,activo
514,644,2026-01-03,33001.67,10.13,60,703.37,30841.6,2031-01-03,activo
515,646,2026-03-10,19735.6,8.13,36,619.61,18268.0,2029-03-09,activo
516,647,2025-03-22,23432.8,8.68,84,373.2,20217.59,2032-03-21,activo
517,648,2024-03-18,10340.28,6.71,48,246.22,4865.87,2028-03-18,mora
518,650,2026-06-25,28996.56,8.75,48,718.19,28996.56,2030-06-25,activo
519,651,2026-06-20,250587.42,8.89,180,2524.8,250587.42,2041-06-20,activo
520,652,2025-01-24,198997.09,9.89,180,2125.14,190184.09,2040-01-25,activo
521,653,2023-09-07,10339.15,9.39,12,906.03,0.19,2024-09-06,pagado
522,654,2023-06-12,167161.83,9.31,180,1725.98,148854.06,2038-06-12,mora
523,656,2025-10-29,34408.68,8.65,60,708.45,30631.03,2030-10-29,activo
524,657,2024-10-04,2021.33,9.07,24,92.41,273.06,2026-10-04,activo
525,658,2024-11-27,4758.76,9.98,36,153.52,2423.9,2027-11-27,mora
526,660,2026-05-26,4605.6,10.66,48,118.27,4528.24,2030-05-26,activo
527,662,2023-08-19,26614.81,10.07,48,675.88,8894.37,2027-08-19,mora
528,663,2023-02-17,2385.72,10.57,36,77.62,0.02,2026-02-16,pagado
529,664,2024-07-24,33785.9,7.61,84,520.11,26238.11,2031-07-24,mora
530,665,2025-12-06,19330.96,8.58,12,1686.78,9871.9,2026-12-06,mora
531,666,2025-01-28,7133.14,8.69,36,225.8,3994.81,2028-01-28,mora
532,668,2024-05-04,19923.97,9.37,60,417.14,12416.06,2029-05-04,mora
533,669,2024-11-07,7222.29,11.03,12,638.41,0.11,2025-11-07,pagado
534,670,2024-01-19,22864.16,9.65,48,576.08,10111.68,2028-01-19,activo
535,672,2024-07-08,6337.25,9.66,48,159.71,3472.19,2028-07-08,activo
536,673,2024-10-18,26353.58,8.92,36,837.11,12581.97,2027-10-18,activo
537,674,2025-09-13,26241.78,10.0,84,435.65,24222.69,2032-09-12,activo
538,675,2026-03-10,28150.27,9.88,72,519.84,27278.93,2032-03-09,activo
539,676,2025-07-23,24952.32,9.04,24,1140.42,14071.73,2027-07-23,activo
540,679,2023-07-18,23465.74,9.93,48,594.4,7295.59,2027-07-18,activo
541,680,2023-07-31,14309.42,10.02,60,304.19,6836.81,2028-07-30,mora
542,681,2023-01-24,19251.42,9.65,12,1689.39,0,2024-01-24,pagado
543,682,2024-01-21,29245.52,7.51,60,586.22,16468.37,2029-01-20,mora
544,683,2023-03-12,15207.66,7.92,60,307.75,5749.92,2028-03-11,mora
545,684,2025-05-16,18931.89,8.82,36,600.47,12662.99,2028-05-15,activo
546,685,2025-12-24,4922.39,10.27,24,227.76,3784.49,2027-12-24,activo
547,688,2025-04-16,17639.84,9.75,36,567.1,11383.23,2028-04-15,activo
548,689,2025-08-05,25710.34,7.6,12,2231.72,4421.76,2026-08-05,activo
549,690,2023-01-17,4097.14,6.93,60,80.99,1453.62,2028-01-17,mora
550,692,2024-02-09,18539.73,10.2,12,1631.69,0,2025-02-08,pagado
551,693,2026-01-15,3127.69,9.52,24,143.64,2524.05,2028-01-15,activo
552,695,2025-12-12,16184.5,8.18,60,329.57,14846.4,2030-12-12,activo
553,696,2024-11-15,22095.13,9.07,12,1932.99,0,2025-11-15,pagado
554,697,2025-12-08,19353.07,8.77,24,882.13,14826.93,2027-12-08,activo
555,698,2024-09-27,15307.2,9.95,24,706.0,2083.26,2026-09-27,activo
556,699,2023-10-18,20143.73,9.0,84,324.09,14130.84,2030-10-17,activo
557,700,2024-01-03,14421.02,8.98,48,358.72,6020.49,2028-01-03,activo
558,701,2026-05-08,24201.22,8.39,24,1098.86,23271.57,2028-05-07,activo
559,702,2026-02-07,20683.15,7.71,60,416.5,19537.73,2031-02-07,activo
560,703,2026-04-07,29581.13,11.03,36,968.82,28180.88,2029-04-06,activo
561,705,2026-05-18,18182.02,9.65,36,583.66,17744.57,2029-05-17,activo
562,706,2024-09-10,10803.62,7.51,60,216.52,7472.88,2029-09-10,activo
563,708,2025-12-09,40648.94,6.3,48,960.3,36108.35,2029-12-09,mora
564,709,2025-05-06,9050.42,9.66,60,190.79,7310.11,2030-05-06,activo
565,710,2025-10-14,83763.42,8.04,180,802.31,81788.82,2040-10-14,activo
566,711,2025-11-25,11555.2,7.86,36,361.36,9515.76,2028-11-24,activo
567,713,2023-10-24,23065.79,9.7,12,2024.61,0.28,2024-10-23,pagado
568,714,2026-02-19,7385.04,10.43,60,158.49,7002.89,2031-02-19,activo
569,715,2025-11-28,22258.02,7.44,48,537.6,19408.25,2029-11-28,activo
570,718,2026-04-18,9008.2,8.83,24,410.82,8663.67,2028-04-17,activo
571,719,2023-07-08,15823.19,10.1,48,402.11,4569.64,2027-07-08,activo
572,720,2024-02-28,21362.58,8.72,60,440.52,12539.3,2029-02-27,activo
573,721,2024-08-03,19851.48,7.87,60,401.29,13145.07,2029-08-03,mora
574,722,2023-09-20,8303.77,7.07,12,718.78,0,2024-09-19,pagado
575,723,2023-01-13,16486.4,7.9,24,744.87,0.35,2025-01-12,pagado
576,724,2024-06-25,3608.31,8.02,24,163.23,0,2026-06-25,pagado
577,725,2023-04-24,6270.05,7.15,12,542.98,0,2024-04-23,pagado
578,726,2023-03-21,266447.02,7.72,180,2504.16,231553.32,2038-03-21,activo
579,727,2023-02-28,28216.53,11.3,60,617.79,11717.29,2028-02-28,impagado
580,728,2025-03-04,16533.94,9.37,36,528.61,9753.49,2028-03-03,mora
581,731,2025-09-15,16660.69,9.08,36,530.44,12909.2,2028-09-14,activo
582,732,2026-06-04,13503.57,9.26,48,337.71,13503.57,2030-06-04,activo
583,733,2023-02-14,154054.13,10.69,240,1557.6,145199.64,2043-02-14,impagado
584,734,2026-06-24,72529.0,8.15,300,566.85,72529.0,2051-06-25,activo
585,736,2023-03-15,24350.85,10.37,84,408.91,14914.97,2030-03-14,activo
586,737,2026-06-27,42173.27,9.09,48,1051.29,42173.27,2030-06-27,activo
587,739,2024-05-02,19488.73,8.69,60,401.58,12067.04,2029-05-02,mora
588,742,2025-12-10,36898.33,9.7,60,778.48,33958.16,2030-12-10,activo
589,744,2026-06-13,15888.11,7.81,12,1380.69,15888.11,2027-06-13,activo
590,745,2026-03-29,14317.46,10.42,60,307.16,13764.17,2031-03-29,activo
591,746,2024-10-21,116270.43,10.31,300,1082.48,114456.33,2049-10-22,activo
592,747,2024-08-05,23023.86,8.3,36,724.68,8979.87,2027-08-05,mora
593,748,2023-07-04,16042.18,8.53,24,729.41,0.48,2025-07-03,pagado
594,749,2025-08-17,17761.48,10.36,36,576.12,14275.26,2028-08-16,impagado
595,750,2023-03-18,16098.49,9.07,24,735.95,0.59,2025-03-17,pagado
596,751,2024-09-08,9123.04,9.41,24,418.5,1236.12,2026-09-08,activo
597,752,2025-05-02,29252.99,10.83,48,753.71,21980.1,2029-05-02,activo
598,753,2026-06-20,17047.11,9.7,12,1496.32,17047.11,2027-06-20,activo
599,755,2024-02-11,11510.57,7.06,24,515.68,0,2026-02-10,pagado
600,756,2024-02-12,71240.42,7.72,300,536.48,68850.63,2049-02-12,activo
601,757,2025-11-22,24620.92,8.04,36,771.96,20285.56,2028-11-21,activo
602,758,2024-07-29,13347.68,9.14,60,277.97,8934.09,2029-07-29,activo
603,759,2026-05-12,168811.04,8.25,300,1331.49,168640.13,2051-05-13,activo
604,760,2023-05-19,22726.97,10.13,24,1050.06,1.02,2025-05-18,activo
605,761,2025-10-14,20739.56,9.96,48,525.64,17828.02,2029-10-14,activo
606,763,2026-03-14,28236.57,9.83,60,597.63,27128.57,2031-03-14,activo
607,764,2025-07-11,5881.48,9.42,36,188.18,4410.15,2028-07-10,impagado
608,765,2023-01-25,6317.29,9.53,60,132.77,2332.79,2028-01-25,mora
609,766,2025-07-20,268126.46,9.19,180,2749.26,260172.08,2040-07-20,activo
610,767,2026-05-29,29970.66,9.95,12,2634.17,27585.0,2027-05-29,activo
611,768,2025-05-07,11595.18,8.76,36,367.44,7753.43,2028-05-06,activo
612,769,2025-03-07,27115.92,10.44,24,1256.82,9670.98,2027-03-07,activo
613,770,2026-03-31,29326.44,9.19,24,1342.36,25947.39,2028-03-30,activo
614,771,2026-01-28,125040.8,9.15,360,1019.71,124704.34,2056-01-29,mora
615,776,2024-04-21,12013.36,9.61,12,1053.98,0.09,2025-04-21,pagado
616,779,2024-07-22,163781.28,9.08,240,1481.73,157715.21,2044-07-22,activo
617,780,2025-07-01,37374.03,9.7,36,1200.64,27080.85,2028-06-30,mora
618,781,2024-12-29,12838.32,10.14,60,273.68,9641.28,2029-12-29,mora
619,783,2025-05-04,301369.69,10.1,300,2760.11,298062.4,2050-05-05,mora
620,785,2026-05-22,11353.82,9.4,24,520.78,10921.98,2028-05-21,activo
621,786,2023-10-20,163840.51,9.26,180,1687.1,148560.58,2038-10-20,mora
622,787,2025-05-15,24687.89,9.43,36,790.06,16563.1,2028-05-14,activo
623,788,2026-06-11,4278.16,9.67,12,375.46,4278.16,2027-06-11,activo
624,789,2024-05-02,195581.97,9.6,180,2054.18,181496.24,2039-05-03,activo
625,790,2023-04-06,29281.64,9.18,36,933.67,0,2026-04-05,pagado
626,791,2025-06-29,2407.27,10.72,60,52.0,2022.8,2030-06-29,mora
627,792,2026-05-20,9743.08,10.81,12,860.26,8970.59,2027-05-20,activo
628,793,2026-06-30,253630.52,9.37,360,2107.73,253630.52,2056-06-30,activo
629,797,2023-12-20,15361.92,11.54,48,401.07,6600.33,2027-12-20,mora
630,798,2025-11-12,17323.42,8.42,60,354.79,15899.22,2030-11-12,impagado
631,799,2023-05-24,24954.56,7.39,12,2163.77,0,2024-05-23,pagado
632,800,2025-05-14,277011.94,9.35,180,2867.49,267350.06,2040-05-14,mora
633,801,2024-08-28,8538.52,8.82,24,389.36,770.61,2026-08-28,activo
634,802,2026-02-23,17420.76,11.67,12,1545.16,11836.99,2027-02-23,activo
635,803,2024-05-13,22864.57,8.4,24,1038.27,0.23,2026-05-13,pagado
636,804,2024-05-30,22005.17,8.37,12,1917.97,0,2025-05-30,pagado
637,805,2025-01-17,10600.28,8.56,60,217.78,8040.52,2030-01-17,activo
638,807,2025-06-01,23280.1,10.25,48,593.22,17882.15,2029-06-01,activo
639,808,2023-05-17,10718.8,9.37,84,174.46,6721.49,2030-05-16,mora
640,809,2026-05-25,25932.81,9.34,12,2271.93,23862.72,2027-05-25,activo
641,810,2026-02-24,22102.0,8.45,72,392.35,21145.09,2032-02-24,activo
642,811,2025-09-09,4441.13,9.87,60,94.07,3905.89,2030-09-09,activo
643,812,2024-05-22,219267.49,8.44,180,2151.03,202689.57,2039-05-23,activo
644,813,2025-05-01,12592.69,10.62,60,271.38,10220.13,2030-05-01,mora
645,814,2025-08-27,10999.8,9.42,24,504.66,6665.78,2027-08-27,mora
646,815,2025-11-09,208670.34,11.05,180,2378.63,205380.71,2040-11-09,activo
647,820,2025-09-13,19813.37,9.69,24,911.49,12827.27,2027-09-13,activo
648,822,2024-10-05,18492.44,10.88,36,604.41,8439.47,2027-10-05,mora
649,823,2025-12-12,5260.22,8.91,36,167.05,4477.87,2028-12-11,activo
650,824,2025-11-24,7882.26,9.42,12,690.86,3374.31,2026-11-24,activo
651,825,2025-12-16,16396.75,7.32,72,282.1,15287.47,2031-12-16,activo
652,826,2024-03-30,14948.83,8.4,48,367.79,7157.92,2028-03-30,mora
653,828,2023-07-25,24542.63,8.52,36,774.95,770.62,2026-07-24,mora
654,829,2024-02-26,39469.51,8.6,60,811.7,23136.4,2029-02-25,activo
655,830,2023-07-03,10256.21,9.14,48,255.93,2923.24,2027-07-03,activo
656,831,2026-02-05,18490.04,9.98,48,468.74,17214.38,2030-02-05,activo
657,832,2026-02-26,18019.1,9.4,12,1579.11,12199.32,2027-02-26,activo
658,833,2026-06-13,17380.56,9.5,84,284.04,17380.56,2033-06-12,activo
659,834,2023-07-14,44268.81,9.26,60,924.49,20186.95,2028-07-13,mora
660,835,2023-06-16,26834.98,7.57,36,835.63,0,2026-06-15,pagado
661,836,2026-04-03,206112.01,10.66,240,2080.4,205862.57,2046-04-03,impagado
662,837,2026-06-30,21794.15,9.5,36,698.08,21794.15,2029-06-29,activo
663,838,2023-07-22,28143.7,9.37,72,512.52,16412.27,2029-07-21,activo
664,842,2024-07-06,13746.91,12.22,12,1222.83,0,2025-07-06,pagado
665,843,2025-11-01,8492.98,9.92,48,215.07,7300.0,2029-11-01,mora
666,844,2026-06-22,23170.16,9.79,48,585.37,23170.16,2030-06-22,activo
667,845,2026-04-14,26316.46,10.02,48,667.7,25416.8,2030-04-14,activo
668,846,2026-02-09,39360.33,11.0,36,1288.52,35598.13,2029-02-08,activo
669,847,2023-12-21,17208.55,11.39,48,448.03,7381.18,2027-12-21,mora
670,848,2025-12-02,23176.75,10.54,60,498.67,21055.81,2030-12-02,activo
671,849,2024-10-30,13732.45,10.81,72,260.04,10759.32,2030-10-30,mora
672,850,2025-02-22,14842.42,10.48,12,1308.22,0,2026-02-22,pagado
673,851,2023-03-25,3725.06,9.94,36,120.1,0,2026-03-24,pagado
674,852,2023-01-10,23131.58,10.96,36,756.91,0,2026-01-09,pagado
675,853,2025-08-13,22849.36,9.24,36,729.13,17121.79,2028-08-12,activo
676,854,2024-05-29,79276.19,8.41,180,776.43,73265.04,2039-05-30,mora
677,855,2026-04-04,19059.71,10.36,36,618.2,18148.49,2029-04-03,activo
678,857,2024-04-25,23075.71,9.62,36,740.43,7089.88,2027-04-25,mora
679,858,2023-04-18,8383.41,8.73,12,732.11,0,2024-04-17,pagado
680,859,2026-03-05,28684.85,9.17,12,2510.81,21757.35,2027-03-05,activo
681,863,2024-11-23,16468.01,8.42,24,747.95,3662.6,2026-11-23,activo
682,864,2023-08-12,33167.95,8.53,72,590.21,19590.18,2029-08-11,impagado
683,865,2025-09-19,289916.56,8.74,180,2895.76,282649.6,2040-09-19,mora
684,867,2025-08-14,19738.23,8.03,24,892.97,11896.09,2027-08-14,activo
685,868,2023-08-01,17853.47,8.22,12,1554.84,0.27,2024-07-31,pagado
686,869,2025-05-06,137893.12,9.1,180,1407.21,132574.63,2040-05-06,activo
687,870,2024-05-10,10961.52,8.26,60,223.64,6758.12,2029-05-10,mora
688,872,2023-11-17,22904.34,9.27,36,731.19,3574.46,2026-11-16,activo
689,874,2024-10-20,7520.18,9.98,12,661.09,0,2025-10-20,pagado
690,875,2026-01-11,8648.7,9.95,24,398.9,6985.41,2028-01-11,activo
691,876,2025-09-17,25264.56,7.9,84,392.48,23174.73,2032-09-16,activo
692,877,2026-04-22,10161.1,10.13,48,258.36,9814.48,2030-04-22,activo
693,878,2023-03-27,21502.87,9.42,60,450.76,8695.54,2028-03-26,mora
694,879,2026-04-23,6300.18,10.19,36,203.86,5998.18,2029-04-22,activo
695,880,2024-05-28,7940.28,8.05,12,690.89,0.08,2025-05-28,pagado
696,881,2024-04-14,29828.29,9.01,72,537.79,20854.87,2030-04-14,activo
697,882,2025-04-18,18320.74,9.43,48,459.71,13667.35,2029-04-18,mora
698,883,2024-11-24,7046.59,8.09,36,221.1,3540.32,2027-11-24,activo
699,884,2025-12-12,10849.83,9.38,48,271.96,9704.75,2029-12-12,activo
700,885,2025-04-23,14299.91,11.3,36,470.19,9303.82,2028-04-22,mora
701,886,2025-10-27,8010.95,10.89,48,206.61,6905.01,2029-10-27,activo
702,887,2024-12-14,182699.84,9.29,300,1569.23,179721.74,2049-12-15,activo
703,888,2026-06-15,40419.59,8.62,48,998.63,40419.59,2030-06-15,activo
704,889,2025-08-13,12271.81,8.72,12,1071.62,2119.8,2026-08-13,activo
705,890,2025-12-12,16366.52,8.68,60,337.23,15029.47,2030-12-12,activo
706,894,2025-12-06,21477.81,8.72,48,531.62,19183.19,2029-12-06,activo
707,895,2024-03-12,18586.26,8.42,36,586.06,4542.82,2027-03-12,activo
708,897,2024-11-29,24316.16,10.0,12,2137.82,0,2025-11-29,pagado
709,898,2024-09-08,40832.75,10.26,60,872.76,28217.04,2029-09-08,activo
710,899,2025-08-06,13790.39,9.04,60,286.56,11900.48,2030-08-06,activo
711,900,2024-09-17,19325.45,12.28,60,432.59,13855.19,2029-09-17,mora
712,901,2026-02-25,7562.32,9.53,60,158.92,7162.13,2031-02-25,activo
713,902,2023-01-28,23294.67,11.14,12,2060.31,0.42,2024-01-28,pagado
714,903,2025-05-22,13073.17,9.51,36,418.84,8774.47,2028-05-21,mora
715,904,2025-01-06,20997.95,10.99,48,542.61,14176.81,2029-01-06,mora
716,905,2023-09-27,14932.25,10.24,84,249.76,10292.01,2030-09-26,mora
717,906,2026-01-14,23130.53,9.08,60,481.06,21577.0,2031-01-14,activo
718,907,2025-07-07,12484.0,8.85,60,258.23,10587.32,2030-07-07,activo
719,908,2023-08-30,43813.42,9.82,60,927.0,21633.07,2028-08-29,mora
720,909,2025-12-15,15851.55,9.5,36,507.79,13511.88,2028-12-14,activo
721,910,2026-04-05,15108.18,8.64,48,373.38,14577.07,2030-04-05,activo
722,911,2025-01-12,13989.82,7.49,84,214.48,11716.71,2032-01-12,mora
723,912,2026-05-10,20874.36,7.8,24,942.17,20067.87,2028-05-09,activo
724,913,2024-12-28,109468.93,8.35,180,1068.1,103615.51,2039-12-29,mora
725,915,2026-03-22,33527.91,8.53,60,688.37,32168.16,2031-03-22,activo
726,916,2024-10-28,34573.25,10.11,48,878.62,21836.98,2028-10-28,mora
727,917,2023-06-29,22062.75,7.57,60,442.78,9835.59,2028-06-28,activo
728,918,2026-06-30,17927.54,9.25,60,374.3,17927.54,2031-06-30,activo
729,919,2026-06-30,20450.97,9.96,36,659.5,20450.97,2029-06-29,activo
730,920,2026-06-30,40290.81,10.56,84,680.66,40290.81,2033-06-29,activo
731,921,2025-08-14,28009.2,8.39,12,2441.55,4832.11,2026-08-14,activo
732,922,2024-10-29,7252.71,8.53,12,632.7,0,2025-10-29,pagado
733,923,2024-04-19,26449.57,10.67,60,570.74,16682.69,2029-04-19,activo
734,924,2026-06-06,12597.43,7.97,84,196.14,12597.43,2033-06-05,activo
735,926,2024-07-02,17795.9,7.82,12,1546.55,0.08,2025-07-02,pagado
736,927,2023-05-28,27133.45,8.69,48,671.21,7688.91,2027-05-28,impagado
737,928,2025-04-18,271776.7,7.8,180,2565.42,260107.46,2040-04-18,activo
738,929,2024-07-24,13925.12,10.13,60,296.77,9396.72,2029-07-24,mora
739,930,2024-04-13,17870.55,12.22,24,843.05,0.43,2026-04-13,pagado
740,931,2024-01-19,98518.55,10.07,360,869.62,97117.11,2054-01-19,mora
741,932,2026-06-02,4590.86,9.22,36,146.46,4590.86,2029-06-01,activo
742,934,2026-01-26,2588.63,8.41,60,53.0,2411.88,2031-01-26,activo
743,935,2026-02-13,3220.07,8.65,36,101.87,2902.02,2029-02-12,activo
744,937,2023-11-07,29602.36,10.12,36,956.84,3748.56,2026-11-06,mora
745,938,2024-07-14,17693.08,7.65,48,429.06,9885.34,2028-07-14,activo
746,939,2024-09-20,20403.41,11.02,72,388.55,15767.16,2030-09-20,mora
747,940,2026-04-04,16815.4,8.45,36,530.4,15988.52,2029-04-03,activo
748,941,2024-04-06,30245.18,11.19,48,784.55,14897.26,2028-04-06,mora
749,942,2023-04-27,32275.63,9.69,36,1036.77,0,2026-04-26,pagado
750,943,2025-08-23,16413.61,8.12,36,515.23,12246.65,2028-08-22,mora
751,944,2026-05-11,17966.8,9.76,36,577.69,17535.24,2029-05-10,activo
752,945,2023-05-27,8047.32,8.6,60,165.48,3498.1,2028-05-26,mora
753,947,2024-05-08,12537.66,9.69,48,316.15,6347.85,2028-05-08,activo
754,949,2025-02-27,171265.72,11.57,300,1749.81,169570.07,2050-02-28,mora
755,951,2023-04-03,2127.98,8.87,36,67.54,0.02,2026-04-02,pagado
756,952,2023-06-09,41289.37,8.76,48,1022.69,10777.28,2027-06-09,mora
757,953,2025-11-06,302488.07,10.44,180,3332.22,297454.19,2040-11-06,activo
758,956,2025-09-10,198389.34,10.3,180,2168.81,194048.72,2040-09-10,mora
759,957,2023-03-01,17724.16,9.46,72,323.55,9119.25,2029-02-28,mora
760,958,2025-11-26,22525.69,11.45,12,1995.63,13450.67,2026-11-26,impagado
761,959,2026-04-20,4501.73,10.72,12,397.28,3784.41,2027-04-20,activo
762,960,2025-02-01,18680.46,10.5,24,866.32,5857.59,2027-02-01,mora
763,961,2024-10-19,28435.04,8.76,60,586.91,20298.44,2029-10-19,activo
764,962,2026-03-31,24593.02,8.78,60,507.84,23602.1,2031-03-31,activo
765,963,2023-01-08,22225.68,10.91,24,1034.98,0,2025-01-07,pagado
766,964,2025-05-02,281397.74,11.1,300,2778.14,278791.71,2050-05-03,mora
767,966,2025-12-07,6110.37,9.2,48,152.63,5463.38,2029-12-07,activo
768,967,2023-02-04,21475.46,8.75,72,384.42,10938.37,2029-02-03,activo
769,968,2023-07-16,42496.29,10.62,84,719.17,28492.97,2030-07-15,activo
770,969,2024-12-21,17901.32,10.71,48,460.15,12064.1,2028-12-21,mora
771,972,2025-05-11,33469.86,10.14,48,851.2,25694.45,2029-05-11,mora
772,973,2026-04-30,15790.98,8.6,36,499.24,15404.91,2029-04-29,activo
773,974,2025-02-09,95421.88,10.35,180,1045.83,91616.66,2040-02-10,activo
774,975,2024-05-07,24575.33,7.44,72,424.18,16932.33,2030-05-07,mora
775,976,2026-03-25,28815.22,9.36,48,722.05,27311.68,2030-03-25,activo
776,980,2026-05-12,29351.72,9.44,48,736.6,28846.02,2030-05-12,activo
777,981,2026-04-08,16863.03,9.91,60,357.55,16424.65,2031-04-08,activo
778,983,2024-01-29,7224.53,10.8,12,637.84,0.03,2025-01-28,pagado
779,984,2025-03-01,5278.23,8.56,12,460.51,0.03,2026-03-01,pagado
780,985,2025-11-16,26288.43,7.89,12,2285.46,11205.22,2026-11-16,activo
781,986,2025-08-22,178258.86,9.02,360,1437.07,177253.75,2055-08-23,activo
782,987,2023-12-22,6780.95,10.13,12,596.57,0,2024-12-21,pagado
783,988,2026-06-19,264405.83,10.06,240,2561.8,264405.83,2046-06-19,activo
784,989,2023-11-14,28915.68,9.84,60,612.06,15742.37,2028-11-13,mora
785,990,2025-05-07,9459.03,7.44,60,189.25,7696.56,2030-05-07,activo
786,991,2025-07-18,11613.27,11.09,60,253.04,9934.26,2030-07-18,mora
787,992,2024-02-15,43724.53,11.65,72,846.8,30211.46,2030-02-14,mora
788,993,2026-05-26,42416.29,9.43,48,1064.25,41685.36,2030-05-26,activo
789,994,2026-06-17,9214.37,8.29,48,226.19,9214.37,2030-06-17,activo
790,995,2024-07-30,27722.04,9.62,12,2432.26,0.64,2025-07-30,pagado
791,996,2026-06-14,17598.56,7.6,36,548.27,17598.56,2029-06-13,activo
792,997,2023-12-29,8169.48,10.99,60,177.59,4639.65,2028-12-28,activo
793,998,2024-01-16,26904.77,7.94,60,544.72,15224.11,2029-01-15,mora
794,999,2024-01-09,20978.7,9.19,48,523.98,8777.64,2028-01-09,mora
795,1001,2023-10-26,10122.91,7.85,48,246.41,3732.07,2027-10-26,mora
796,1002,2024-10-25,21918.41,10.24,72,408.75,17105.59,2030-10-25,activo
797,1003,2025-01-27,194493.43,10.5,300,1836.38,192038.51,2050-01-28,activo
798,1004,2026-04-09,34281.78,12.05,48,903.59,33157.48,2030-04-09,activo
799,1005,2024-10-08,5747.23,9.26,60,120.04,4028.86,2029-10-08,activo
800,1006,2024-11-25,79516.53,9.04,300,669.35,78085.77,2049-11-26,activo
801,1007,2026-03-21,188142.87,9.57,360,1592.17,187865.48,2056-03-21,activo
802,1008,2024-10-28,11783.83,10.75,12,1040.09,0.14,2025-10-28,pagado
803,1009,2025-09-22,26821.74,11.48,24,1256.09,17474.26,2027-09-22,mora
804,1010,2025-03-17,20149.28,10.11,84,335.68,17508.17,2032-03-16,mora
805,1011,2025-08-08,5218.28,10.64,60,112.53,4528.59,2030-08-08,activo
806,1012,2026-03-06,41917.81,8.81,36,1329.32,38830.53,2029-03-05,activo
807,1014,2025-07-03,21081.51,9.91,48,533.74,16564.29,2029-07-03,activo
808,1015,2024-11-09,14176.17,9.37,12,1242.15,0.13,2025-11-09,pagado
809,1016,2025-03-12,6960.34,7.95,60,140.97,5469.56,2030-03-12,mora
810,1017,2025-06-22,3297.47,9.42,60,69.13,2755.53,2030-06-22,activo
811,1018,2024-01-15,96474.5,8.07,180,926.1,87627.49,2039-01-15,mora
812,1019,2025-07-04,14410.62,8.66,60,296.78,12003.15,2030-07-04,activo
813,1021,2023-05-10,9901.8,8.61,72,176.6,5309.44,2029-05-09,mora
814,1024,2025-11-07,242457.4,9.05,180,2466.78,237887.31,2040-11-07,activo
815,1025,2025-09-21,27259.58,8.52,24,1239.35,17575.53,2027-09-21,activo
816,1026,2025-09-06,26428.05,8.64,60,544.02,23151.16,2030-09-06,activo
817,1027,2025-04-05,12776.9,9.0,24,583.72,5061.51,2027-04-05,activo
818,1028,2024-02-20,17716.71,9.08,48,441.59,8165.65,2028-02-20,mora
819,1030,2023-04-13,3090.58,9.63,12,271.19,0,2024-04-12,pagado
820,1031,2023-04-05,4907.64,9.97,48,124.4,1074.46,2027-04-05,activo
821,1032,2024-07-15,12256.58,8.84,36,388.82,4804.22,2027-07-15,mora
822,1033,2024-04-21,26035.14,9.45,24,1194.8,0,2026-04-21,pagado
823,1034,2024-11-04,15203.3,9.82,36,489.29,7309.6,2027-11-04,mora
824,1035,2025-06-04,36207.32,9.99,60,769.08,29814.68,2030-06-04,activo
825,1036,2026-03-07,5426.2,9.45,60,113.82,5283.46,2031-03-07,activo
826,1037,2024-06-18,21322.9,7.75,36,665.77,7662.07,2027-06-18,activo
827,1038,2023-09-28,18392.79,10.18,60,392.38,9435.65,2028-09-27,activo
828,1039,2024-10-28,14039.56,8.38,36,442.42,6675.36,2027-10-28,activo
829,1040,2025-08-13,80638.28,6.14,300,526.26,79475.14,2050-08-14,activo
830,1041,2023-07-28,21851.15,6.68,60,429.43,9993.67,2028-07-27,mora
831,1042,2023-10-09,26037.07,10.23,48,663.24,9302.03,2027-10-09,mora
832,1043,2023-08-12,28735.64,8.79,12,2510.12,0.71,2024-08-11,pagado
833,1044,2023-03-30,14489.16,8.86,48,359.63,3118.79,2027-03-30,mora
834,1045,2025-10-23,22673.29,11.65,36,749.32,18293.01,2028-10-22,activo
835,1046,2026-06-30,20965.79,8.1,36,657.98,20965.79,2029-06-29,activo
836,1047,2026-03-06,7416.76,8.7,60,152.89,7217.8,2031-03-06,activo
837,1049,2024-06-21,9974.96,10.82,36,325.73,3688.53,2027-06-21,mora
838,1051,2024-09-21,2239.59,9.47,36,71.71,1073.88,2027-09-21,impagado
839,1052,2024-12-21,261422.43,7.91,300,2001.86,256115.57,2049-12-22,activo
840,1053,2024-09-27,28043.62,9.25,60,585.5,19659.6,2029-09-27,activo
841,1055,2025-06-09,30811.23,8.91,48,765.48,24101.12,2029-06-09,activo
842,1056,2025-04-05,24807.67,8.7,12,2166.07,0,2026-04-05,pagado
843,1057,2023-07-19,16646.99,11.07,12,1471.82,0.15,2024-07-18,pagado
844,1058,2025-10-31,34082.16,8.66,84,542.51,31648.96,2032-10-30,activo
845,1059,2024-12-03,28179.61,8.87,12,2462.59,0.75,2025-12-03,pagado
846,1060,2023-07-01,25215.28,8.89,48,626.11,7166.69,2027-07-01,mora
847,1063,2026-06-30,15777.8,9.69,12,1384.85,15777.8,2027-06-30,activo
848,1064,2026-06-30,157469.78,8.62,240,1378.59,157469.78,2046-06-30,activo
849,1065,2025-03-10,254910.92,8.46,180,2504.21,243764.84,2040-03-10,activo
850,1066,2023-10-10,19114.55,10.84,12,1687.92,0.37,2024-10-09,pagado
851,1067,2024-11-05,43742.44,9.29,84,710.16,35739.31,2031-11-05,activo
852,1069,2023-07-03,4976.08,8.96,60,103.2,2259.78,2028-07-02,mora
853,1070,2023-06-07,4448.52,8.46,36,140.35,0,2026-06-06,pagado
854,1071,2025-01-05,15365.88,8.31,36,483.68,8160.11,2028-01-05,mora
855,1073,2026-05-27,21809.13,10.64,24,1012.85,20989.65,2028-05-26,activo
856,1074,2026-06-04,19429.74,9.04,72,350.66,19429.74,2032-06-03,activo
857,1076,2024-09-30,27125.36,11.48,24,1270.27,3740.03,2026-09-30,activo
858,1077,2023-01-09,16196.3,9.37,36,517.83,0.07,2026-01-08,pagado
859,1078,2025-07-07,88855.55,8.12,360,659.63,88191.26,2055-07-08,mora
860,1079,2023-07-19,15177.1,9.15,48,378.73,4672.23,2027-07-19,mora
861,1080,2025-05-02,28015.18,9.36,48,701.9,20893.8,2029-05-02,activo
862,1084,2025-12-03,28628.06,9.04,12,2504.1,14636.24,2026-12-03,activo
863,1086,2025-03-22,34115.42,9.75,48,861.21,25492.95,2029-03-22,activo
864,1087,2026-05-26,5790.01,10.45,48,148.11,5692.32,2030-05-26,activo
865,1088,2026-03-12,12371.54,9.22,48,309.15,11724.31,2030-03-12,activo
866,1090,2024-12-07,13249.94,7.92,24,598.79,2935.21,2026-12-07,activo
867,1091,2023-05-08,26061.1,10.44,60,559.32,11159.06,2028-05-07,activo
868,1092,2024-10-20,34001.35,7.14,48,816.35,21000.92,2028-10-20,mora
869,1094,2026-02-20,161341.44,7.55,180,1500.5,159381.47,2041-02-20,activo
870,1096,2026-06-30,4784.4,11.63,48,125.12,4784.4,2030-06-30,activo
871,1098,2026-06-30,30227.33,8.65,72,539.57,30227.33,2032-06-29,activo
872,1100,2023-12-31,193026.95,11.12,240,2008.43,185468.24,2043-12-31,activo
873,1101,2025-10-19,8665.22,10.21,48,220.65,7610.13,2029-10-19,activo
874,1104,2026-06-29,7094.03,12.02,60,157.86,7094.03,2031-06-29,activo
875,1105,2023-03-11,9448.38,10.51,48,241.95,1861.83,2027-03-11,mora
876,1106,2024-03-30,21510.74,8.29,48,528.11,10288.58,2028-03-30,activo
877,1107,2024-12-20,19281.25,8.71,60,397.5,14347.95,2029-12-20,mora
878,1109,2023-07-25,23758.81,9.97,12,2088.43,0.19,2024-07-24,pagado
879,1110,2024-12-28,21706.21,9.82,24,999.83,5830.82,2026-12-28,mora
880,1112,2025-11-09,26352.28,8.26,48,646.56,23028.08,2029-11-09,mora
881,1113,2026-02-25,36138.85,9.75,36,1161.91,32623.16,2029-02-24,activo
882,1115,2023-07-18,27896.55,9.04,12,2440.16,0,2024-07-17,pagado
883,1117,2024-12-04,29169.61,9.89,36,939.72,14849.5,2027-12-04,mora
884,1118,2024-01-13,8078.83,11.17,60,176.33,4729.84,2029-01-12,activo
885,1119,2025-08-09,34487.29,12.05,72,675.13,31046.45,2031-08-09,activo
886,1120,2025-02-13,29561.09,11.71,24,1387.47,10629.6,2027-02-13,mora
887,1121,2025-08-07,3915.06,9.78,36,125.92,2939.7,2028-08-06,activo
888,1122,2026-04-02,10953.82,9.02,84,176.33,10765.13,2033-04-01,activo
889,1123,2023-04-21,17813.32,9.68,12,1563.4,0.3,2024-04-20,pagado
890,1124,2023-12-11,35987.43,10.6,84,608.57,25673.78,2030-12-10,mora
891,1126,2024-09-19,13132.93,7.63,60,263.98,9091.96,2029-09-19,mora
892,1127,2025-04-09,13678.99,9.6,48,344.31,10214.11,2029-04-09,activo
893,1128,2026-02-12,16022.3,8.74,60,330.58,15157.37,2031-02-12,activo
894,1129,2024-03-08,4399.25,7.8,12,382.28,0,2025-03-08,pagado
895,1130,2026-05-13,11713.96,8.84,48,290.6,11713.96,2030-05-13,activo
896,1131,2023-12-22,29675.84,9.42,12,2600.94,0.49,2024-12-21,pagado
897,1132,2023-03-21,26264.29,10.49,48,672.28,5796.94,2027-03-21,mora
898,1134,2025-02-10,9561.92,9.68,24,439.81,3394.44,2027-02-10,activo
899,1135,2023-11-19,12359.31,8.67,12,1078.92,0.37,2024-11-18,pagado
900,1136,2025-01-12,38363.42,9.15,60,799.25,29202.97,2030-01-12,activo
901,1137,2025-01-08,16261.16,9.14,60,338.68,12377.91,2030-01-08,activo
902,1138,2024-07-02,311831.48,8.97,360,2502.94,307328.4,2054-07-03,activo
903,1139,2024-05-23,5674.05,9.58,36,181.97,1908.97,2027-05-23,mora
904,1140,2023-05-27,17745.39,8.9,48,440.75,4639.4,2027-05-27,activo
905,1141,2025-10-01,10954.77,9.08,60,227.84,9610.04,2030-10-01,activo
906,1142,2023-01-27,3827.37,10.03,36,123.55,0.1,2026-01-26,pagado
907,1143,2025-04-14,7304.02,10.52,36,237.47,4732.55,2028-04-13,activo
908,1144,2026-06-30,29740.96,10.54,72,559.12,29740.96,2032-06-29,activo
909,1145,2024-04-22,29966.23,11.1,84,514.65,23022.58,2031-04-22,mora
910,1146,2026-04-19,7779.79,9.34,12,681.59,6532.88,2027-04-19,activo
911,1147,2024-08-14,25067.63,10.48,60,538.56,17351.65,2029-08-14,mora
912,1148,2023-10-20,12339.94,9.95,84,204.53,8611.77,2030-10-19,mora
913,1149,2023-09-17,37498.67,11.08,84,643.72,26082.98,2030-09-16,mora
914,1150,2026-01-11,15052.73,10.75,60,325.39,14082.79,2031-01-11,activo
915,1151,2025-09-17,39727.01,11.35,36,1307.23,31019.43,2028-09-16,activo
916,1152,2023-02-04,29527.02,7.49,24,1328.62,0,2025-02-03,pagado
917,1153,2023-12-05,42780.65,8.96,84,687.49,29995.59,2030-12-04,activo
918,1154,2023-05-07,20410.2,8.91,36,648.15,1.41,2026-05-06,activo
919,1155,2025-01-12,24158.81,9.13,48,602.67,16587.82,2029-01-12,activo
920,1156,2025-01-30,9471.71,8.16,36,297.49,5286.25,2028-01-30,activo
921,1157,2024-10-17,13854.73,8.77,12,1210.14,0,2025-10-17,pagado
922,1158,2023-08-13,28232.33,7.66,48,684.79,8514.12,2027-08-13,activo
923,1159,2025-04-15,9773.71,8.72,12,853.44,0.21,2026-04-15,pagado
924,1160,2023-09-11,14959.36,9.85,36,481.62,952.48,2026-09-10,mora
925,1161,2024-01-02,22531.87,8.88,12,1969.24,0,2025-01-01,pagado
926,1162,2024-03-29,18682.41,10.27,60,399.44,11739.87,2029-03-29,activo
927,1163,2025-10-23,2481.12,10.57,36,80.73,1995.34,2028-10-22,activo
928,1165,2023-01-15,44547.25,8.54,60,914.74,15407.89,2028-01-15,mora
929,1168,2024-08-04,14214.55,11.73,24,667.33,661.07,2026-08-04,activo
930,1169,2025-12-21,9066.21,8.87,24,413.66,6947.52,2027-12-21,activo
931,1170,2024-04-11,18641.24,8.09,12,1622.31,0.47,2025-04-11,pagado
932,1171,2024-01-04,25971.14,6.97,36,801.61,4711.34,2027-01-03,activo
933,1172,2026-06-22,12345.83,9.93,36,397.98,12345.83,2029-06-21,activo
934,1173,2026-03-10,26309.89,8.23,60,536.35,25595.63,2031-03-10,impagado
935,1175,2026-02-06,17522.31,8.34,12,1526.97,11842.68,2027-02-06,mora
936,1176,2025-04-15,34458.8,10.77,60,745.35,27984.38,2030-04-15,mora
937,1177,2026-05-21,39098.23,11.17,60,853.35,38608.82,2031-05-21,activo
938,1179,2025-07-04,8968.6,7.72,60,180.66,7439.71,2030-07-04,activo
939,1180,2026-02-21,11820.52,9.14,60,246.16,11188.84,2031-02-21,activo
940,1181,2023-12-29,27825.83,10.82,60,602.45,15776.89,2028-12-28,mora
941,1182,2023-08-15,26466.69,11.0,36,866.52,1708.06,2026-08-14,mora
942,1184,2023-05-01,15641.95,7.61,12,1357.87,0,2024-04-30,pagado
943,1185,2025-03-08,3968.19,10.88,12,350.49,0.04,2026-03-08,pagado
944,1186,2026-06-17,12944.77,10.34,84,217.21,12944.77,2033-06-16,activo
945,1187,2025-03-19,17035.87,11.06,48,440.81,12493.01,2029-03-19,activo
946,1188,2025-02-25,5494.31,9.88,60,116.42,4282.27,2030-02-25,activo
947,1191,2024-10-18,9515.76,9.36,36,304.21,4558.68,2027-10-18,activo
948,1192,2025-11-07,19625.74,8.25,60,400.3,17729.37,2030-11-07,mora
949,1193,2025-01-01,11567.54,8.38,72,204.94,9194.93,2031-01-01,mora
950,1198,2024-09-07,13104.4,11.22,84,225.87,10593.08,2031-09-07,activo
951,1200,2024-08-06,3702.15,9.7,60,78.11,2489.56,2029-08-06,activo
952,1203,2025-06-17,7378.08,9.27,24,337.97,3859.38,2027-06-17,activo
953,1204,2025-07-30,6774.26,5.7,12,582.11,579.27,2026-07-30,activo
954,1205,2025-08-10,291746.5,6.85,240,2236.12,285890.3,2045-08-10,mora
955,1206,2024-01-16,7291.57,8.36,60,149.09,4144.84,2029-01-15,mora
956,1208,2024-01-28,39637.17,9.1,36,1262.3,8573.94,2027-01-27,mora
957,1209,2026-06-19,10236.66,9.46,12,897.42,10236.66,2027-06-19,activo
958,1212,2026-06-02,12717.49,7.33,36,394.57,12717.49,2029-06-01,activo
959,1216,2026-05-09,25006.26,10.52,36,813.01,24412.47,2029-05-08,activo
960,1218,2025-08-20,26738.47,8.75,36,847.15,19998.44,2028-08-19,activo
961,1219,2023-08-28,26777.06,9.71,36,860.4,1699.29,2026-08-27,mora
962,1225,2026-06-30,34237.77,11.84,36,1134.64,34237.77,2029-06-29,activo
963,1226,2024-02-29,24754.9,11.15,60,540.04,14892.28,2029-02-28,mora
964,1227,2025-12-30,30053.3,10.44,60,645.09,27700.89,2030-12-30,activo
965,1228,2025-02-09,28871.13,9.69,24,1328.1,10249.61,2027-02-09,mora
966,1229,2023-11-29,35475.31,6.85,48,847.05,13685.25,2027-11-29,activo
967,1233,2025-07-13,21396.75,9.62,36,686.6,15498.33,2028-07-12,mora
968,1234,2025-03-13,10194.44,9.47,60,213.95,8077.46,2030-03-13,activo
969,1235,2026-03-02,5657.02,11.19,48,146.72,5275.86,2030-03-02,activo
970,1236,2024-04-09,18931.63,7.83,48,460.64,9013.88,2028-04-09,mora
971,1237,2024-02-03,14091.23,8.02,60,285.87,7979.27,2029-02-02,mora
972,1238,2024-10-21,9617.44,7.07,36,297.27,4526.19,2027-10-21,activo
973,1239,2024-02-16,7302.0,9.52,60,153.43,4320.88,2029-02-15,activo
974,1240,2024-06-14,27191.27,9.15,72,492.15,19721.38,2030-06-14,activo
975,1242,2025-11-27,21780.74,10.42,60,467.3,19782.08,2030-11-27,activo
976,1243,2026-06-27,35933.11,9.33,72,653.66,35933.11,2032-06-26,activo
977,1244,2026-03-29,31394.59,7.9,48,764.93,29708.79,2030-03-29,activo
978,1245,2023-07-07,18271.74,10.67,84,309.72,12056.14,2030-07-06,mora
979,1246,2023-11-08,14081.61,9.0,48,350.45,5263.81,2027-11-08,activo
980,1247,2024-06-29,16377.85,10.62,12,1444.63,0,2025-06-29,pagado
981,1248,2024-09-22,12936.87,9.73,48,326.46,7886.67,2028-09-22,activo
982,1249,2025-06-17,279186.65,9.64,240,2628.7,274345.66,2045-06-17,activo
983,1250,2025-07-29,7136.84,7.35,48,172.08,5680.76,2029-07-29,activo
984,1251,2024-09-29,10902.19,10.21,12,959.56,0,2025-09-29,pagado
985,1252,2024-07-03,4120.5,9.44,24,189.08,0,2026-07-03,pagado
986,1253,2025-04-21,10785.64,9.23,60,225.08,8693.35,2030-04-21,activo
987,1254,2025-04-24,13066.54,8.03,36,409.66,8353.85,2028-04-23,activo
988,1255,2025-12-22,3080.98,8.29,60,62.89,2827.0,2030-12-22,activo
989,1256,2023-02-23,16480.17,8.99,36,523.96,1.16,2026-02-22,activo
990,1257,2023-04-24,15633.42,9.39,36,499.97,0.46,2026-04-23,pagado
991,1258,2025-10-02,17433.67,10.39,48,445.46,14689.37,2029-10-02,mora
992,1259,2025-04-01,18726.66,9.11,24,856.47,7423.55,2027-04-01,mora
993,1260,2023-12-12,181636.88,10.14,360,1612.19,178908.44,2053-12-12,activo
994,1265,2024-11-16,29886.63,10.15,48,760.13,19477.0,2028-11-16,activo
995,1266,2025-05-24,11001.26,9.81,36,353.98,7395.16,2028-05-23,activo
996,1267,2023-11-05,6387.57,8.39,48,157.12,2370.14,2027-11-05,mora
997,1268,2026-05-04,22751.76,10.68,12,2007.46,20946.79,2027-05-04,activo
998,1269,2026-01-23,3186.3,11.04,36,104.38,2804.0,2029-01-22,activo
999,1270,2023-09-29,20181.93,7.04,36,623.56,1847.71,2026-09-28,activo
1000,1271,2024-06-30,11930.35,8.14,60,242.71,7729.06,2029-06-30,activo
1001,1272,2026-05-29,15330.12,8.59,36,484.6,14955.26,2029-05-28,activo
1002,1276,2025-01-24,4611.47,10.39,12,406.26,0,2026-01-24,pagado
1003,1277,2023-07-01,15812.13,11.25,60,345.75,7401.04,2028-06-30,activo
1004,1281,2023-06-21,27119.85,8.32,12,2363.12,0.09,2024-06-20,pagado
1005,1282,2026-05-13,108708.08,11.09,240,1129.02,108583.7,2046-05-13,activo
1006,1283,2025-06-17,177469.7,10.49,240,1770.84,174705.81,2045-06-17,activo
1007,1284,2026-02-25,25931.19,10.04,72,480.87,24862.22,2032-02-25,activo
1008,1287,2026-06-19,22164.25,9.29,24,1015.52,22164.25,2028-06-18,activo
1009,1288,2025-03-13,179606.78,9.15,360,1464.92,178202.65,2055-03-14,mora
1010,1289,2024-08-07,34666.15,8.57,48,855.53,19527.75,2028-08-07,mora
1011,1292,2025-11-05,7743.84,8.71,36,245.21,6391.66,2028-11-04,activo
1012,1293,2023-10-25,28443.82,10.6,12,2508.62,0,2024-10-24,pagado
1013,1294,2025-08-20,27694.39,9.04,48,689.66,22717.71,2029-08-20,mora
1014,1295,2026-03-11,23450.84,8.95,12,2050.29,17782.62,2027-03-11,activo
1015,1296,2024-08-01,114870.59,8.56,240,1001.21,110344.11,2044-08-01,mora
1016,1297,2023-07-21,24535.57,9.75,36,788.85,781.14,2026-07-20,mora
1017,1298,2026-04-12,21940.36,8.64,24,998.77,21099.56,2028-04-11,impagado
1018,1299,2025-12-07,28689.59,9.55,60,603.3,26394.48,2030-12-07,activo
1019,1300,2026-02-14,32133.43,10.72,48,826.09,29948.24,2030-02-14,activo
1020,1301,2025-12-15,211976.0,10.15,300,1949.42,211017.19,2050-12-16,activo
1021,1302,2026-05-15,11120.61,10.2,36,359.87,10855.27,2029-05-14,activo
1022,1303,2023-07-23,305195.13,8.95,300,2551.07,294250.43,2048-07-23,activo
1023,1304,2024-03-24,217340.05,9.07,300,1834.59,211617.22,2049-03-25,activo
1024,1305,2026-03-13,25652.67,11.37,60,562.45,24685.39,2031-03-13,activo
1025,1306,2025-06-06,10560.45,10.92,24,491.82,5566.78,2027-06-06,activo
1026,1307,2024-07-26,9820.15,10.52,48,251.51,5625.06,2028-07-26,activo
1027,1308,2025-09-30,36218.91,8.14,60,736.86,31676.47,2030-09-30,activo
1028,1309,2023-09-25,273599.47,8.06,240,2299.12,256615.84,2043-09-25,activo
1029,1310,2023-01-31,13590.07,8.02,36,425.99,0,2026-01-30,pagado
1030,1311,2025-01-09,41054.18,9.62,84,673.44,34809.82,2032-01-09,activo
1031,1312,2025-02-03,18739.46,10.16,60,399.64,14353.23,2030-02-03,mora
1032,1316,2023-01-11,3442.61,9.09,48,85.82,501.36,2027-01-11,mora
1033,1317,2025-07-31,202352.76,9.95,360,1767.98,201319.09,2055-08-01,activo
1034,1318,2025-06-11,6611.02,8.77,12,577.43,0.11,2026-06-11,pagado
1035,1319,2026-04-18,16945.96,10.41,48,433.15,16371.19,2030-04-18,activo
1036,1320,2023-10-18,25715.06,9.87,60,544.78,13571.86,2028-10-17,activo
1037,1321,2025-03-09,15714.96,8.81,60,324.76,12407.51,2030-03-09,activo
1038,1322,2025-07-22,12759.76,8.31,12,1111.8,1103.92,2026-07-22,activo
1039,1323,2023-07-20,289754.12,10.98,300,2836.63,282147.11,2048-07-20,mora
1040,1325,2026-05-28,2549.82,9.34,24,116.89,2452.78,2028-05-27,activo
1041,1326,2026-04-01,10495.19,10.42,12,924.73,7972.62,2027-04-01,activo
1042,1327,2025-05-11,14636.16,9.95,60,310.58,12050.1,2030-05-11,mora
1043,1329,2026-02-18,11814.39,10.25,72,220.38,11330.37,2032-02-18,activo
1044,1330,2023-12-18,245707.72,10.52,360,2250.43,242540.57,2053-12-18,mora
1045,1333,2024-03-26,20438.43,8.17,72,360.02,13915.96,2030-03-26,activo
1046,1334,2024-10-25,12634.78,11.47,12,1119.46,0,2025-10-25,pagado
1047,1335,2024-11-11,18127.12,8.02,36,568.2,9606.37,2027-11-11,impagado
1048,1336,2023-06-28,4048.23,10.97,60,87.97,1887.23,2028-06-27,mora
1049,1337,2023-12-17,6005.22,10.98,36,196.56,1141.94,2026-12-16,activo
1050,1338,2024-12-11,8432.31,10.06,60,179.4,6329.67,2029-12-11,mora
1051,1339,2025-03-24,8851.15,9.84,60,187.37,7026.86,2030-03-24,activo
1052,1340,2023-04-04,42253.24,9.31,84,686.46,25992.4,2030-04-03,activo
1053,1341,2024-09-26,16223.22,9.31,84,263.54,13096.32,2031-09-26,activo
1054,1342,2023-03-20,24813.09,7.58,12,2153.68,0,2024-03-19,pagado
1055,1343,2025-02-28,33166.3,7.64,72,575.67,27047.19,2031-02-28,activo
1056,1344,2025-05-18,39326.74,7.34,48,948.01,29784.52,2029-05-18,activo
1057,1345,2026-04-22,15455.46,9.37,12,1354.23,12978.73,2027-04-22,activo
1058,1346,2023-09-28,9279.62,8.18,60,188.97,4645.02,2028-09-27,activo
1059,1348,2023-07-16,4253.33,9.08,48,106.0,1211.9,2027-07-16,mora
1060,1349,2025-07-26,4525.49,9.69,24,208.17,2559.5,2027-07-26,mora
1061,1350,2026-05-02,16985.05,10.08,36,548.73,16578.99,2029-05-01,activo
1062,1351,2026-06-09,81289.87,9.42,360,678.99,81289.87,2056-06-09,activo
1063,1352,2026-04-22,12700.88,10.56,84,214.51,12494.49,2033-04-21,activo
1064,1353,2024-08-24,18107.21,7.19,12,1568.38,0,2025-08-24,pagado
1065,1354,2025-03-21,23327.33,7.4,72,402.25,19279.49,2031-03-21,activo
1066,1355,2024-10-12,20279.49,8.46,60,415.67,14444.29,2029-10-12,mora
1067,1357,2023-11-01,13660.48,11.53,48,356.57,5568.89,2027-11-01,mora
1068,1358,2023-06-04,15926.56,10.82,60,344.89,7132.75,2028-06-03,mora
1069,1359,2023-04-25,26876.68,10.82,60,581.97,11565.34,2028-04-24,mora
1070,1360,2026-05-15,18051.2,11.41,48,470.16,17752.68,2030-05-15,activo
1071,1362,2025-02-23,38806.06,7.58,48,939.77,27149.35,2029-02-23,activo
1072,1364,2024-11-18,3950.34,8.57,36,124.84,1991.49,2027-11-18,mora
1073,1365,2024-05-09,32792.94,6.66,84,489.51,24217.6,2031-05-09,activo
1074,1366,2026-05-19,18933.91,6.05,24,839.56,18189.81,2028-05-18,activo
1075,1367,2024-07-01,24726.57,9.31,36,789.87,9017.29,2027-07-01,mora
1076,1368,2024-09-02,23060.18,7.31,24,1035.7,2052.82,2026-09-02,activo
1077,1369,2023-08-07,24446.75,9.92,36,787.93,780.64,2026-08-06,activo
1078,1370,2024-12-01,39528.39,8.8,60,816.79,28827.97,2029-12-01,activo
1079,1371,2026-01-07,10584.02,8.94,48,263.06,9649.15,2030-01-07,activo
1080,1372,2024-03-27,9444.35,9.01,84,152.02,7026.66,2031-03-27,mora
1081,1373,2025-07-26,14563.82,11.22,36,478.3,10619.44,2028-07-25,mora
1082,1374,2026-05-11,236395.88,9.12,360,1922.3,236270.19,2056-05-11,activo
1083,1375,2026-02-19,24488.11,8.23,12,2132.73,16547.76,2027-02-19,activo
1084,1376,2025-09-26,16246.05,8.1,24,735.48,11119.61,2027-09-26,activo
1085,1377,2026-06-17,3349.68,7.82,36,104.69,3349.68,2029-06-16,activo
1086,1379,2026-05-13,38931.98,9.77,84,641.62,38607.33,2033-05-12,activo
1087,1380,2024-01-14,25351.16,9.63,72,464.96,16850.22,2030-01-13,activo
1088,1382,2025-10-25,6965.35,9.84,36,224.23,5589.43,2028-10-24,activo
1089,1383,2024-05-30,26481.73,9.58,84,433.97,20620.01,2031-05-30,impagado
1090,1384,2025-03-08,17020.64,9.35,36,544.03,10501.26,2028-03-07,mora
1091,1387,2025-09-27,12806.42,10.78,48,329.65,10804.09,2029-09-27,activo
1092,1388,2024-08-20,86320.76,8.48,300,693.77,84334.41,2049-08-21,mora
1093,1390,2025-09-19,19684.05,9.94,60,417.68,17314.96,2030-09-19,mora
1094,1391,2023-03-08,9636.27,7.83,48,234.48,1822.01,2027-03-08,mora
1095,1392,2025-03-01,10331.32,9.06,48,257.4,7292.54,2029-03-01,activo
1096,1394,2024-03-29,9727.93,9.26,12,851.91,0,2025-03-29,pagado
1097,1398,2023-08-11,5302.68,8.9,48,131.71,1626.32,2027-08-11,activo
1098,1399,2024-05-11,6624.48,7.95,48,161.56,3297.67,2028-05-11,activo
1099,1400,2024-02-28,2545.01,10.28,36,82.45,635.09,2027-02-27,mora
1100,1401,2025-02-19,16915.19,9.08,60,351.77,13124.19,2030-02-19,mora
1101,1402,2023-01-29,18414.34,10.35,72,344.36,9335.15,2029-01-28,activo
1102,1403,2025-05-04,2149.62,10.6,24,99.8,950.95,2027-05-04,activo
1103,1404,2024-07-11,14249.17,9.76,24,655.97,650.14,2026-07-11,mora
1104,1405,2023-06-13,199254.81,10.89,240,2041.77,189040.95,2043-06-13,mora
1105,1408,2025-05-09,40411.3,9.58,72,740.2,34714.92,2031-05-09,mora
1106,1409,2024-04-13,25737.35,7.84,84,399.07,19216.51,2031-04-13,activo
1107,1410,2023-08-11,9417.59,10.22,36,304.85,302.39,2026-08-10,mora
1108,1411,2024-02-22,23716.86,10.35,36,769.19,5920.98,2027-02-21,activo
1109,1412,2023-04-12,4557.67,10.22,12,401.15,0.1,2024-04-11,pagado
1110,1413,2026-06-07,36245.84,8.58,48,894.7,36245.84,2030-06-07,activo
1111,1414,2026-05-09,8630.26,8.21,36,271.26,8418.05,2029-05-08,activo
1112,1415,2026-06-17,19692.77,8.75,60,406.43,19692.77,2031-06-17,activo
1113,1418,2026-06-12,315470.97,6.9,300,2210.1,315470.97,2051-06-13,activo
1114,1423,2024-12-02,31388.97,9.46,48,788.04,20355.41,2028-12-02,mora
1115,1426,2026-06-15,22898.8,10.38,36,742.99,22898.8,2029-06-14,activo
1116,1427,2023-10-10,42286.43,9.87,84,699.27,29023.65,2030-10-09,activo
1117,1428,2023-04-21,20662.08,10.41,36,670.65,1.75,2026-04-20,mora
1118,1429,2023-10-21,44859.15,9.3,60,937.74,23522.15,2028-10-20,activo
1119,1430,2026-03-11,11533.33,9.78,12,1012.76,9688.32,2027-03-11,activo
1120,1431,2025-03-16,36259.47,9.5,36,1161.48,22390.68,2028-03-15,mora
1121,1432,2025-07-02,29953.05,10.29,12,2637.37,0.26,2026-07-02,pagado
1122,1433,2025-05-12,16791.62,12.24,12,1493.78,0.27,2026-05-12,pagado
1123,1434,2025-02-28,14530.69,8.25,60,296.38,11219.57,2030-02-28,activo
1124,1435,2023-02-26,222923.97,10.03,240,2155.65,209104.33,2043-02-26,mora
1125,1436,2026-01-04,250746.21,11.05,300,2466.78,249942.42,2051-01-05,activo
1126,1437,2023-02-05,10465.21,9.54,60,220.0,3864.98,2028-02-05,mora
1127,1438,2023-02-25,12373.94,10.53,48,316.98,2732.34,2027-02-25,impagado
1128,1439,2025-10-03,20754.17,8.72,12,1812.32,5358.51,2026-10-03,mora
1129,1440,2024-05-28,8493.7,8.75,12,741.79,0.15,2025-05-28,pagado
1130,1441,2026-03-07,20058.83,9.7,84,329.94,19551.36,2033-03-06,activo
1131,1442,2026-05-01,4722.99,10.07,36,152.56,4496.19,2029-04-30,activo
1132,1443,2026-06-30,11931.14,8.61,60,245.4,11931.14,2031-06-30,activo
1133,1445,2025-02-02,25051.69,9.53,60,526.45,19116.06,2030-02-02,activo
1134,1446,2023-03-21,3357.86,9.92,60,71.22,1426.76,2028-03-20,activo
1135,1448,2025-04-22,40548.09,6.63,60,795.92,32247.62,2030-04-22,mora
1136,1449,2026-04-12,5918.04,9.13,24,270.72,5464.94,2028-04-11,activo
1137,1451,2025-12-17,2854.99,11.54,12,253.05,1468.46,2026-12-17,mora
1138,1452,2023-05-29,28999.62,7.9,48,706.64,7472.74,2027-05-29,mora
1139,1453,2025-06-04,16093.72,8.86,24,734.22,7729.41,2027-06-04,mora
1140,1454,2023-03-08,3002.04,9.05,60,62.39,1154.24,2028-03-07,mora
1141,1455,2023-09-29,1998.2,9.0,36,63.55,187.51,2026-09-28,mora
1142,1457,2026-06-11,33601.43,11.32,48,873.74,33601.43,2030-06-11,activo
1143,1459,2025-08-17,9450.09,9.32,12,827.84,1636.43,2026-08-17,activo
1144,1461,2023-02-05,277498.98,10.06,240,2689.86,259801.54,2043-02-05,mora
1145,1462,2026-05-16,18944.31,8.64,24,862.34,18218.37,2028-05-15,activo
1146,1463,2024-06-15,41058.48,8.84,72,736.87,29699.89,2030-06-15,activo
1147,1464,2025-03-05,10888.25,8.59,24,495.36,3838.73,2027-03-05,mora
1148,1465,2024-09-01,41431.23,8.17,60,843.51,28155.33,2029-09-01,activo
1149,1466,2026-05-03,10041.91,8.47,36,316.86,9795.93,2029-05-02,activo
1150,1467,2026-01-04,9873.17,9.25,36,315.13,8659.48,2029-01-03,activo
1151,1468,2026-03-02,17721.86,8.15,12,1542.79,11973.92,2027-03-02,activo
1152,1469,2023-05-04,5965.42,9.26,60,124.59,2511.83,2028-05-03,activo
1153,1470,2024-01-16,284153.92,9.91,360,2475.18,279961.38,2054-01-16,mora
1154,1474,2025-05-25,8139.27,8.2,12,708.77,0.06,2026-05-25,pagado
1155,1476,2025-08-09,20439.18,11.19,48,530.11,16897.96,2029-08-09,activo
1156,1477,2026-05-04,28760.88,10.44,60,617.26,28393.84,2031-05-04,activo
1157,1478,2025-12-04,23683.18,9.93,24,1092.09,18194.05,2027-12-04,activo
1158,1479,2026-02-27,4170.58,10.05,12,366.76,2826.49,2027-02-27,activo
1159,1480,2026-01-01,7269.62,9.93,12,638.89,3724.58,2027-01-01,activo
1160,1483,2025-05-24,19104.62,7.07,60,378.92,15516.82,2030-05-24,activo
1161,1484,2025-04-11,24482.08,11.46,12,2169.0,0.3,2026-04-11,pagado
1162,1485,2025-06-18,8219.65,6.75,60,161.79,6789.28,2030-06-18,activo
1163,1489,2025-12-11,44203.75,9.35,60,925.05,40651.41,2030-12-11,activo
1164,1490,2023-09-22,260500.74,10.34,300,2430.08,253457.62,2048-09-22,mora
1165,1491,2025-08-14,19164.44,8.77,48,474.78,15704.99,2029-08-14,activo
1166,1492,2025-10-21,144742.39,9.3,240,1329.95,143030.93,2045-10-21,activo
1167,1493,2026-06-19,2599.66,10.9,48,67.06,2599.66,2030-06-19,activo
1168,1494,2023-12-21,16415.93,6.85,48,391.94,6687.39,2027-12-21,mora
1169,1496,2024-06-16,25984.41,11.19,60,567.43,17284.5,2029-06-16,mora
1170,1497,2025-08-15,27175.68,8.71,48,672.55,22264.39,2029-08-15,activo
1171,1498,2026-03-14,7950.0,8.16,60,161.8,7624.58,2031-03-14,activo
1172,1500,2023-06-21,16411.68,9.62,60,345.63,7519.22,2028-06-20,activo
1173,1503,2024-10-09,16276.31,9.18,36,518.91,7787.94,2027-10-09,mora
1174,1504,2025-04-30,32994.84,10.4,84,554.54,29015.31,2032-04-29,activo
1175,1505,2025-09-29,22233.23,9.08,60,462.39,19504.24,2030-09-29,activo
1176,1506,2025-06-17,17038.48,8.61,12,1486.95,0.13,2026-06-17,pagado
1177,1507,2024-08-02,8949.43,8.07,24,405.03,402.69,2026-08-02,mora
1178,1508,2026-02-03,10025.05,9.52,24,460.4,8873.36,2028-02-03,impagado
1179,1509,2026-06-14,10178.23,8.2,36,319.89,10178.23,2029-06-13,activo
1180,1510,2026-06-04,29524.59,9.01,60,613.09,29524.59,2031-06-04,activo
1181,1512,2025-09-01,22588.57,7.52,72,390.77,20024.95,2031-09-01,mora
1182,1513,2026-03-22,4057.27,9.12,12,355.04,3077.25,2027-03-22,activo
1183,1514,2024-06-15,13167.49,11.65,48,344.51,7613.76,2028-06-15,mora
1184,1516,2023-08-11,14364.42,10.94,36,469.88,464.99,2026-08-10,mora
1185,1517,2023-04-27,238092.81,10.02,180,2560.76,212606.17,2038-04-27,mora
1186,1518,2025-02-23,26638.51,9.55,12,2336.39,0,2026-02-23,pagado
1187,1520,2023-12-06,18446.47,10.27,36,597.59,2911.4,2026-12-05,mora
1188,1521,2023-08-06,29501.48,9.79,48,745.25,9157.45,2027-08-06,mora
1189,1522,2026-06-19,23954.13,10.02,48,607.77,23954.13,2030-06-19,activo
1190,1523,2025-03-29,17079.0,5.76,36,517.74,10318.33,2028-03-28,activo
1191,1524,2026-04-25,11008.63,8.95,12,962.47,9241.34,2027-04-25,activo
1192,1526,2023-12-12,10025.27,8.07,48,245.09,3924.02,2027-12-12,activo
1193,1527,2024-05-13,15992.78,9.36,60,334.76,10220.24,2029-05-13,mora
1194,1529,2023-03-19,11021.86,9.04,60,228.99,4627.71,2028-03-18,activo
1195,1530,2026-02-18,26167.43,8.86,36,830.44,23590.11,2029-02-17,activo
1196,1531,2026-05-18,36552.78,8.99,84,587.89,36238.73,2033-05-17,activo
1197,1532,2024-10-13,31112.0,9.78,36,1000.74,14952.86,2027-10-13,activo
1198,1533,2025-01-15,27297.52,10.86,24,1270.48,8580.59,2027-01-15,mora
1199,1534,2025-02-03,23096.12,9.62,24,1061.69,8195.93,2027-02-03,mora
1200,1535,2023-05-20,21019.5,9.31,36,671.41,1.71,2026-05-19,activo
1201,1536,2025-08-02,4664.0,9.4,12,408.74,405.55,2026-08-02,activo
1202,1537,2025-10-05,2238.15,9.9,24,103.18,1540.53,2027-10-05,activo
1203,1538,2026-04-26,28759.61,8.32,36,905.46,27342.59,2029-04-25,activo
1204,1539,2025-02-01,31508.7,10.19,60,672.4,24138.45,2030-02-01,mora
1205,1541,2025-10-06,29717.32,11.23,36,976.21,23946.09,2028-10-05,activo
1206,1542,2026-05-25,18636.95,7.99,36,583.95,18177.09,2029-05-24,activo
1207,1543,2026-06-30,1842.12,8.06,60,37.41,1842.12,2031-06-30,activo
1208,1544,2023-08-08,14554.4,10.13,72,270.57,8568.97,2029-08-07,mora
1209,1545,2023-01-18,18913.49,8.65,12,1650.96,0,2024-01-18,pagado
1210,1546,2026-02-15,20845.42,9.52,84,340.86,20135.08,2033-02-14,activo
1211,1547,2025-06-19,10946.41,9.7,48,276.07,8797.5,2029-06-19,impagado
1212,1548,2024-03-31,104652.28,9.0,240,941.43,99986.72,2044-03-31,mora
1213,1549,2026-06-25,172907.21,8.87,360,1374.86,172907.21,2056-06-25,activo
1214,1550,2026-05-20,194599.38,11.92,180,2325.24,194207.16,2041-05-20,activo
1215,1551,2025-08-14,15314.37,8.67,60,315.47,13198.24,2030-08-14,activo
1216,1552,2023-05-14,29435.49,8.76,24,1341.58,0,2025-05-13,pagado
1217,1553,2023-10-21,107013.48,10.96,300,1045.79,104484.54,2048-10-21,activo
1218,1554,2026-03-26,180383.04,11.62,240,1938.93,179800.78,2046-03-26,activo
1219,1556,2024-11-29,15056.27,6.94,48,360.13,9589.14,2028-11-29,mora
1220,1557,2025-12-15,18792.4,9.31,84,305.32,17816.51,2032-12-14,activo
1221,1558,2026-06-21,10798.03,10.06,60,229.77,10798.03,2031-06-21,activo
1222,1559,2026-06-28,8948.24,9.26,36,285.64,8948.24,2029-06-27,activo
1223,1560,2025-11-23,18091.14,10.15,48,460.1,15886.27,2029-11-23,activo
1224,1561,2026-04-23,87111.57,8.8,240,772.37,86843.49,2046-04-23,activo
1225,1562,2023-06-05,11171.4,10.31,24,517.12,0,2025-06-04,pagado
1226,1563,2026-04-09,18796.49,9.9,72,347.3,18410.45,2032-04-08,activo
1227,1564,2026-03-03,14971.17,12.13,84,265.36,14741.96,2033-03-02,impagado
1228,1566,2024-07-17,24942.51,10.58,84,421.54,19826.23,2031-07-17,mora
1229,1567,2023-06-09,36168.72,9.05,36,1150.93,2.78,2026-06-08,mora
1230,1568,2023-03-23,22551.98,8.62,48,557.15,4838.71,2027-03-23,mora
1231,1569,2025-07-02,41875.85,9.31,72,761.2,36410.8,2031-07-02,activo
1232,1570,2025-11-28,16439.64,9.06,24,751.46,12603.83,2027-11-28,impagado
1233,1571,2026-05-18,23496.65,7.16,60,467.08,23169.77,2031-05-18,activo
1234,1572,2024-12-23,19852.39,8.73,12,1733.59,0.58,2025-12-23,pagado
1235,1573,2026-01-09,19044.22,8.27,24,863.68,15331.23,2028-01-09,activo
1236,1574,2024-08-09,11597.98,8.83,24,528.95,525.0,2026-08-09,activo
1237,1575,2025-05-29,12419.81,9.52,36,397.98,8336.17,2028-05-28,activo
1238,1576,2024-04-06,9138.07,10.62,24,424.28,0.41,2026-04-06,pagado
1239,1577,2023-08-14,14344.26,9.6,36,460.17,456.1,2026-08-13,activo
1240,1578,2023-09-27,89246.77,9.48,240,830.92,84522.49,2043-09-27,activo
1241,1579,2023-02-13,13302.31,8.48,60,272.81,4833.17,2028-02-13,mora
1242,1581,2023-10-19,6702.68,8.81,36,212.55,834.87,2026-10-18,activo
1243,1583,2024-04-21,256660.27,9.2,360,2102.26,252805.75,2054-04-22,mora
1244,1584,2023-11-21,22838.92,9.55,36,732.11,3575.63,2026-11-20,mora
1245,1585,2026-04-10,128885.97,11.27,360,1253.78,128798.91,2056-04-10,activo
1246,1587,2026-06-22,22830.3,10.46,72,428.28,22830.3,2032-06-21,activo
1247,1590,2025-11-18,7776.29,8.85,60,160.84,7143.79,2030-11-18,impagado
1248,1591,2026-01-16,10862.85,6.73,12,938.6,6424.96,2027-01-16,activo
1249,1592,2025-07-29,23510.39,7.68,48,570.42,18740.2,2029-07-29,activo
1250,1594,2025-02-12,21831.64,9.74,36,701.77,12907.72,2028-02-12,activo
1251,1599,2025-09-24,7256.29,10.69,24,337.15,4714.48,2027-09-24,activo
1252,1600,2024-09-11,17037.93,7.43,36,529.44,7561.58,2027-09-11,activo
1253,1601,2026-06-16,10832.78,10.63,48,278.03,10832.78,2030-06-16,activo
1254,1602,2025-05-01,16866.93,9.21,24,772.21,7405.35,2027-05-01,activo
1255,1604,2026-06-27,4044.93,8.98,24,184.75,4044.93,2028-06-26,activo
1256,1605,2026-06-30,14892.87,9.03,24,680.61,14892.87,2028-06-29,activo
1257,1606,2023-12-10,3413.68,9.51,24,156.75,0.08,2025-12-09,pagado
1258,1608,2024-10-10,11073.55,7.8,36,345.96,5241.98,2027-10-10,mora
1259,1609,2025-11-18,19085.86,8.05,36,598.53,15725.36,2028-11-17,activo
1260,1610,2026-06-09,8319.66,8.26,36,261.71,8319.66,2029-06-08,activo
1261,1611,2025-12-23,4744.57,9.04,24,216.85,3637.25,2027-12-23,activo
1262,1612,2023-06-04,41777.65,9.62,72,766.06,23292.69,2029-06-03,mora
1263,1613,2026-05-16,23825.75,8.49,48,587.12,23407.2,2030-05-16,activo
1264,1614,2025-11-01,22427.25,9.84,36,721.99,17996.97,2028-10-31,activo
1265,1615,2023-04-08,26919.18,8.56,48,664.23,5772.71,2027-04-08,mora
1266,1616,2023-03-15,25112.99,9.4,60,526.18,9706.45,2028-03-14,activo
1267,1617,2024-03-31,2443.5,9.05,48,60.86,1178.13,2028-03-31,mora
1268,1618,2026-05-28,27207.09,8.78,36,862.45,26543.71,2029-05-27,activo
1269,1619,2023-11-29,13572.4,9.17,60,282.88,7332.02,2028-11-28,activo
1270,1620,2025-11-25,7849.54,9.09,12,686.79,3357.17,2026-11-25,activo
1271,1621,2025-10-28,26405.17,9.08,36,840.61,21140.84,2028-10-27,activo
1272,1622,2026-05-25,15452.94,7.04,12,1337.39,14206.21,2027-05-25,activo
1273,1623,2026-01-27,10815.91,7.21,60,215.25,10055.51,2031-01-27,activo
1274,1624,2025-09-01,10775.81,10.2,12,948.35,1873.01,2026-09-01,activo
1275,1625,2025-05-23,19944.78,7.04,24,893.32,9489.75,2027-05-23,activo
1276,1626,2025-10-08,28518.27,8.92,12,2492.89,9789.18,2026-10-08,activo
1277,1627,2026-06-15,21495.56,7.67,60,432.43,21495.56,2031-06-15,activo
1278,1628,2025-11-23,16433.67,8.59,60,337.87,14858.54,2030-11-23,mora
1279,1629,2024-05-17,19933.89,10.63,48,511.65,10603.19,2028-05-17,activo
1280,1630,2023-09-13,10624.06,8.94,12,928.77,0.3,2024-09-12,pagado
1281,1631,2024-03-16,22464.34,9.06,12,1965.12,0.56,2025-03-16,pagado
1282,1632,2024-03-27,20092.15,9.39,24,921.48,0.63,2026-03-27,pagado
1283,1633,2025-07-07,251131.17,8.9,300,2090.47,248774.44,2050-07-08,activo
1284,1635,2024-10-25,14274.47,9.28,36,455.76,7235.06,2027-10-25,impagado
1285,1636,2026-06-12,14496.96,9.34,24,664.56,14496.96,2028-06-11,activo
1286,1637,2023-03-07,11166.29,8.76,84,178.32,6688.23,2030-03-06,mora
1287,1638,2023-01-22,21331.22,8.26,36,670.96,1.81,2026-01-21,mora
1288,1639,2023-12-12,19388.76,9.87,12,1703.38,0.35,2024-12-11,pagado
1289,1640,2023-12-29,24592.7,8.49,36,776.26,4542.69,2026-12-28,mora
1290,1641,2026-06-17,10511.98,7.76,60,211.93,10511.98,2031-06-17,activo
1291,1642,2025-05-14,39730.42,9.87,84,656.9,35220.59,2032-05-13,mora
1292,1643,2026-01-12,12039.65,10.31,72,224.91,11421.78,2032-01-12,activo
1293,1644,2026-03-05,29280.73,8.9,36,929.83,27850.12,2029-03-04,impagado
1294,1645,2024-04-10,187521.2,9.28,360,1547.19,184620.34,2054-04-11,mora
1295,1648,2024-04-17,2653.72,10.59,60,57.16,1672.49,2029-04-17,mora
1296,1649,2026-05-16,34461.56,9.78,84,568.11,34174.31,2033-05-15,activo
1297,1650,2026-06-17,9317.4,11.24,60,203.71,9317.4,2031-06-17,activo
1298,1655,2024-11-22,280294.01,9.1,240,2539.47,271869.26,2044-11-22,activo
1299,1656,2023-07-27,247190.91,10.21,360,2207.66,242952.23,2053-07-27,mora
1300,1657,2023-05-12,12442.3,10.42,60,266.97,5323.57,2028-05-11,activo
1301,1658,2025-06-19,159011.45,8.15,240,1344.44,155716.32,2045-06-19,activo
1302,1660,2025-04-18,12282.26,7.96,60,248.78,9836.23,2030-04-18,mora
1303,1661,2026-05-02,20485.03,8.37,36,645.42,19982.49,2029-05-01,activo
1304,1667,2024-01-21,22371.45,7.57,48,541.6,9671.34,2028-01-21,activo
1305,1668,2025-04-01,41340.15,11.2,48,1072.44,30340.31,2029-04-01,activo
1306,1669,2026-05-15,34376.09,11.69,60,759.31,33951.66,2031-05-15,activo
1307,1670,2023-06-03,11302.12,11.69,36,373.72,0.04,2026-06-02,pagado
1308,1672,2024-02-10,8886.18,10.81,24,413.37,0.33,2026-02-09,pagado
1309,1673,2023-02-19,10086.25,10.3,24,466.83,0,2025-02-18,pagado
1310,1674,2024-04-08,12274.9,8.28,12,1069.38,0,2025-04-08,pagado
1311,1677,2026-06-20,10751.66,9.61,36,344.97,10751.66,2029-06-19,activo
1312,1678,2026-06-11,21784.07,11.53,36,718.66,21784.07,2029-06-10,activo
1313,1680,2026-04-27,15417.26,10.43,48,394.2,14894.6,2030-04-27,activo
1314,1681,2025-02-18,15545.65,8.67,12,1357.09,0.28,2026-02-18,pagado
1315,1682,2024-01-19,4375.98,9.79,48,110.54,1938.54,2028-01-19,activo
1316,1683,2025-03-13,20476.86,8.64,48,506.09,14817.22,2029-03-13,mora
1317,1684,2026-06-01,11327.33,9.0,24,517.51,11327.33,2028-05-31,activo
1318,1685,2024-01-24,12260.47,11.22,24,572.69,0,2026-01-23,pagado
1319,1686,2026-04-04,27855.25,10.71,48,716.06,27387.8,2030-04-04,impagado
1320,1687,2026-02-24,44029.34,8.15,72,775.3,42104.77,2032-02-24,activo
1321,1688,2026-05-20,44807.16,10.85,84,763.62,44448.67,2033-05-19,activo
1322,1689,2025-03-17,33618.69,8.95,72,605.15,28015.81,2031-03-17,mora
1323,1690,2023-05-12,14297.86,9.44,12,1253.3,0,2024-05-11,pagado
1324,1691,2025-07-22,9171.2,10.52,36,298.19,6667.7,2028-07-21,activo
1325,1693,2026-06-30,42064.89,7.34,36,1305.45,42064.89,2029-06-29,activo
1326,1694,2025-05-09,24644.57,10.58,60,530.68,20695.97,2030-05-09,impagado
1327,1695,2026-05-28,7435.01,9.57,48,187.03,7307.27,2030-05-28,activo
1328,1697,2025-07-29,8810.73,9.67,12,773.24,767.2,2026-07-29,activo
1329,1699,2024-04-17,6500.4,9.26,24,297.74,0.14,2026-04-17,pagado
1330,1700,2026-01-09,24813.57,8.84,24,1131.79,19998.16,2028-01-09,activo
1331,1702,2023-01-14,22834.96,9.4,24,1047.42,0,2025-01-13,pagado
1332,1703,2023-01-22,21599.04,9.83,24,994.96,0.85,2025-01-21,pagado
1333,1704,2026-01-01,29244.76,9.32,72,531.88,27380.41,2032-01-01,activo
1334,1705,2026-06-26,29191.2,10.63,36,950.57,29191.2,2029-06-25,activo
1335,1706,2026-05-24,8369.41,9.36,48,209.7,8224.99,2030-05-24,activo
1336,1707,2024-12-05,193158.86,8.27,240,1648.68,186737.3,2044-12-05,activo
1337,1708,2024-12-31,264939.43,9.93,360,2311.49,262637.66,2055-01-01,mora
1338,1710,2023-12-08,42912.64,9.97,84,711.82,30409.17,2030-12-07,mora
1339,1711,2026-03-16,13859.34,8.85,84,221.9,13497.62,2033-03-15,activo
1340,1712,2026-03-12,26629.34,9.98,48,675.08,25257.15,2030-03-12,activo
1341,1713,2025-04-25,307197.82,11.6,180,3608.76,297664.69,2040-04-25,activo
1342,1714,2025-09-25,3547.23,9.81,48,89.65,3047.91,2029-09-25,activo
1343,1715,2026-06-29,39202.69,10.72,72,740.63,39202.69,2032-06-28,activo
1344,1716,2025-11-02,1773.73,6.54,60,34.74,1595.32,2030-11-02,activo
1345,1717,2026-01-16,19775.47,7.91,24,893.61,15908.54,2028-01-16,mora
1346,1718,2024-08-04,245034.52,10.99,240,2527.19,237823.67,2044-08-04,mora
1347,1719,2025-06-27,24358.62,9.11,60,506.89,20329.54,2030-06-27,activo
1348,1720,2026-04-06,14154.98,8.75,12,1236.26,11880.62,2027-04-06,activo
1349,1721,2025-09-13,7947.76,9.14,48,198.29,6669.52,2029-09-13,activo
1350,1722,2024-04-07,6044.36,10.71,12,533.39,0.04,2025-04-07,pagado
1351,1723,2025-07-18,29137.1,8.97,48,724.73,23347.71,2029-07-18,activo
1352,1724,2025-10-23,33524.34,9.3,36,1070.79,26857.79,2028-10-22,activo
1353,1725,2025-10-11,8094.5,8.9,24,369.43,5554.12,2027-10-11,mora
1354,1726,2025-02-07,4738.24,9.84,48,119.81,3360.14,2029-02-07,mora
1355,1727,2025-09-19,15271.68,10.08,36,493.32,11873.76,2028-09-18,activo
1356,1731,2025-10-01,26817.93,8.98,48,667.12,22492.16,2029-10-01,activo
1357,1732,2025-08-14,9608.0,8.72,36,304.29,7185.1,2028-08-13,mora
1358,1733,2025-12-31,18951.21,10.59,84,320.46,18171.49,2032-12-30,activo
1359,1735,2024-10-07,24702.7,10.26,36,800.09,11219.32,2027-10-07,activo
1360,1736,2025-01-23,20829.68,10.44,24,965.37,6529.67,2027-01-23,activo
1361,1737,2023-03-18,22851.11,10.47,48,584.76,5575.13,2027-03-18,activo
1362,1738,2026-05-01,44090.43,11.12,36,1445.95,42006.06,2029-04-30,activo
1363,1741,2023-09-12,25522.34,11.96,12,2267.09,0.78,2024-09-11,pagado
1364,1744,2023-01-30,24698.4,11.13,36,810.11,0.22,2026-01-29,pagado
1365,1748,2025-12-29,43843.48,8.37,72,776.65,40968.71,2031-12-29,activo
1366,1750,2025-08-13,18800.15,10.46,60,403.72,16305.4,2030-08-13,activo
1367,1751,2025-01-26,13549.61,10.05,36,437.5,7656.26,2028-01-26,activo
1368,1752,2023-11-28,3939.0,9.77,48,99.48,1572.8,2027-11-28,mora
1369,1753,2024-09-02,4233.42,10.08,60,90.11,2921.32,2029-09-02,activo
1370,1755,2023-04-28,21900.28,8.61,48,540.96,5201.2,2027-04-28,mora
1371,1756,2024-12-28,6456.58,10.54,48,165.43,4346.45,2028-12-28,activo
1372,1757,2026-06-26,43037.79,9.17,72,779.43,43037.79,2032-06-25,activo
1373,1758,2023-02-04,25862.32,10.25,36,837.58,0,2026-02-03,pagado
1374,1759,2026-05-18,29830.26,10.91,48,769.7,29331.77,2030-05-18,activo
1375,1760,2024-05-06,27089.12,8.93,60,561.44,16808.55,2029-05-06,activo
1376,1761,2025-04-19,21876.06,10.07,12,1924.01,0,2026-04-19,pagado
1377,1763,2025-05-23,40160.62,8.58,60,825.43,32854.75,2030-05-23,mora
1378,1765,2024-01-03,17486.51,6.49,48,414.6,7093.36,2028-01-03,activo
1379,1766,2024-03-11,19845.61,8.09,60,403.24,11572.57,2029-03-11,activo
1380,1767,2023-04-21,2903.49,9.82,12,255.02,0,2024-04-20,pagado
1381,1769,2026-02-20,21699.69,8.76,24,988.95,18340.97,2028-02-20,mora
1382,1770,2025-01-22,7514.15,11.24,12,664.97,0,2026-01-22,pagado
1383,1772,2023-12-05,9585.69,9.32,60,200.49,5187.1,2028-12-04,mora
1384,1773,2025-03-28,12281.2,10.34,36,398.25,7620.08,2028-03-27,mora
1385,1774,2026-01-14,28823.07,9.15,60,600.44,26890.5,2031-01-14,activo
1386,1775,2026-03-02,2689.65,7.67,36,83.88,2420.33,2029-03-01,activo
1387,1776,2024-07-04,3695.23,7.35,60,73.78,2377.23,2029-07-04,activo
1388,1779,2025-04-26,9390.33,10.05,24,433.53,4142.19,2027-04-26,activo
1389,1780,2024-06-08,26218.04,10.08,36,846.94,8864.45,2027-06-08,mora
1390,1783,2024-08-21,80931.18,8.99,240,727.4,78046.78,2044-08-21,activo
1391,1786,2025-06-07,13356.36,9.53,36,428.02,9319.68,2028-06-06,mora
1392,1787,2024-07-11,4825.0,10.74,48,124.1,2768.69,2028-07-11,mora
1393,1788,2023-04-23,2639.92,9.41,48,66.21,634.4,2027-04-23,activo
1394,1790,2023-10-02,10160.33,8.19,12,884.74,0,2024-10-01,pagado
1395,1791,2024-01-14,1537.67,9.09,36,48.96,332.64,2027-01-13,activo
1396,1792,2023-03-28,12948.74,10.85,24,602.62,0,2025-03-27,pagado
1397,1793,2023-06-05,10552.13,10.3,24,488.39,0,2025-06-04,pagado
1398,1794,2024-07-05,44063.46,8.14,36,1383.6,17162.28,2027-07-05,mora
1399,1796,2024-10-09,21648.15,8.25,48,531.07,13482.86,2028-10-09,mora
1400,1797,2024-04-10,18806.39,8.84,36,596.67,5176.26,2027-04-10,mora
1401,1798,2024-10-04,8935.12,9.34,48,223.8,5430.76,2028-10-04,mora
1402,1799,2025-05-22,17457.42,9.09,48,435.18,13335.14,2029-05-22,mora
1403,1800,2024-03-17,22308.17,11.81,24,1048.12,0.67,2026-03-17,pagado
1404,1801,2025-06-29,35142.58,8.34,48,863.49,27420.86,2029-06-29,activo
1405,1802,2025-03-27,11480.57,9.23,48,286.94,8335.15,2029-03-27,activo
1406,1803,2025-10-02,2217.87,8.82,24,101.14,1431.48,2027-10-02,activo
1407,1804,2024-06-20,19323.91,9.93,60,409.88,12717.4,2029-06-20,mora
1408,1805,2025-07-17,97622.81,8.31,240,835.55,95806.14,2045-07-17,activo
1409,1806,2023-08-12,12230.34,11.89,24,575.08,0.44,2025-08-11,pagado
1410,1807,2024-09-24,22405.58,10.96,60,486.76,15907.27,2029-09-24,mora
1411,1808,2026-05-22,13584.39,10.35,84,227.99,13473.57,2033-05-21,activo
1412,1809,2026-01-06,244026.39,9.57,180,2558.87,240913.33,2041-01-06,activo
1413,1810,2026-06-16,6369.88,8.34,48,156.54,6369.88,2030-06-16,activo
1414,1811,2024-06-04,11072.19,9.2,12,969.31,0,2025-06-04,pagado
1415,1812,2023-06-29,41055.64,9.42,60,860.72,18756.17,2028-06-28,mora
1416,1813,2023-09-18,19378.35,9.14,72,350.62,11794.07,2029-09-17,activo
1417,1814,2025-07-17,35538.73,8.65,60,731.78,30114.38,2030-07-17,activo
1418,1815,2024-06-22,25154.07,7.51,84,385.93,19256.47,2031-06-22,activo
1419,1816,2026-06-02,24319.01,8.67,12,2123.0,24319.01,2027-06-02,activo
1420,1817,2025-05-30,17135.85,9.38,60,358.89,14070.41,2030-05-30,activo
1421,1819,2024-10-26,33085.75,9.38,84,538.75,27371.73,2031-10-26,mora
1422,1820,2026-02-07,25742.82,9.85,72,474.93,24675.27,2032-02-07,activo
1423,1825,2025-08-08,36898.43,10.37,84,619.6,33771.38,2032-08-07,activo
1424,1826,2023-01-17,11271.72,9.37,12,987.67,0,2024-01-17,pagado
1425,1827,2026-04-14,23506.95,10.68,48,603.85,22714.16,2030-04-14,activo
1426,1828,2023-07-02,10499.97,10.68,12,926.43,0.1,2024-07-01,pagado
1427,1830,2023-05-19,39209.27,10.54,84,661.95,25831.47,2030-05-18,impagado
1428,1831,2026-01-20,25603.31,10.69,60,552.76,23950.74,2031-01-20,activo
1429,1832,2024-05-27,152629.48,8.32,180,1487.24,140962.62,2039-05-28,activo
1430,1833,2026-01-13,10415.88,10.31,12,917.23,6205.45,2027-01-13,activo
1431,1834,2024-09-29,21910.55,9.02,36,696.95,9851.63,2027-09-29,mora
1432,1835,2024-09-07,17669.67,10.58,84,298.62,14218.62,2031-09-07,mora
1433,1836,2023-07-31,99276.96,9.43,300,862.56,95971.83,2048-07-31,activo
1434,1837,2025-01-28,25145.51,10.01,84,417.57,21366.78,2032-01-28,activo
1435,1838,2025-12-12,119590.02,9.09,300,1011.13,118946.53,2050-12-13,mora
1436,1839,2025-04-18,8056.85,11.02,84,138.03,7104.74,2032-04-17,mora
1437,1840,2024-01-11,23112.38,10.07,12,2032.69,0.1,2025-01-10,pagado
1438,1841,2023-05-10,13820.03,10.58,36,449.7,0.26,2026-05-09,pagado
1439,1842,2023-09-18,13711.88,9.05,36,436.38,1288.56,2026-09-17,mora
1440,1843,2024-05-09,23304.33,9.22,12,2040.33,0.58,2025-05-09,pagado
1441,1847,2024-09-12,4213.87,8.58,36,133.18,1887.83,2027-09-12,mora
1442,1848,2024-05-27,25695.67,9.69,24,1182.03,0.57,2026-05-27,pagado
1443,1849,2024-05-31,18381.32,11.23,36,603.81,6282.64,2027-05-31,mora
1444,1850,2023-02-02,19905.35,11.6,60,438.74,7584.05,2028-02-02,mora
1445,1851,2025-04-25,236358.31,9.39,360,1968.05,234611.55,2055-04-26,activo
1446,1853,2025-01-23,22075.6,11.49,12,1956.14,0,2026-01-23,pagado
1447,1854,2025-01-09,16143.09,8.16,12,1405.47,0,2026-01-09,pagado
1448,1855,2024-07-27,28517.25,8.87,12,2492.16,0,2025-07-27,pagado
1449,1856,2024-08-25,10441.89,7.99,84,162.68,8242.65,2031-08-25,activo
1450,1857,2026-01-12,9567.56,10.25,48,243.81,8743.16,2030-01-12,activo
1451,1858,2025-05-04,22901.1,8.28,36,720.57,14662.2,2028-05-03,activo
1452,1859,2024-03-08,14047.8,10.92,12,1241.04,0.05,2025-03-08,pagado
1453,1860,2024-06-25,6667.1,6.83,36,205.33,2375.65,2027-06-25,activo
1454,1861,2023-03-29,8433.79,8.19,24,382.16,0.23,2025-03-28,pagado
1455,1862,2026-06-23,3382.52,9.49,12,296.57,3382.52,2027-06-23,activo
1456,1863,2025-09-17,13086.45,10.5,24,606.91,8496.5,2027-09-17,activo
1457,1864,2025-12-03,26944.77,11.34,12,2385.73,13852.24,2026-12-03,activo
1458,1866,2023-11-25,78030.52,12.04,300,823.95,76546.72,2048-11-25,mora
1459,1869,2025-09-25,30982.17,9.66,72,568.75,28013.77,2031-09-25,activo
1460,1870,2024-01-19,24826.37,10.28,36,804.3,5443.8,2027-01-18,mora
1461,1871,2025-05-15,28202.09,10.02,12,2479.7,0,2026-05-15,pagado
1462,1872,2025-05-28,38660.43,10.61,72,728.25,33361.54,2031-05-28,activo
1463,1873,2024-03-23,40829.69,6.15,60,792.25,23993.81,2029-03-23,activo
1464,1874,2023-03-09,26353.23,9.92,12,2315.88,0.09,2024-03-08,pagado
1465,1875,2024-08-18,4519.81,7.82,36,141.27,1883.99,2027-08-18,mora
1466,1876,2024-09-13,20765.19,9.95,60,440.72,14632.71,2029-09-13,activo
1467,1877,2025-12-21,25754.95,10.14,60,549.01,23724.19,2030-12-21,activo
1468,1879,2024-08-06,37481.31,10.45,36,1217.44,14899.18,2027-08-06,mora
1469,1880,2025-12-03,188346.82,8.31,180,1833.7,185114.93,2040-12-03,activo
1470,1881,2025-07-11,26275.53,8.34,48,645.65,21001.41,2029-07-11,mora
1471,1883,2025-05-08,28166.22,10.55,24,1306.94,13644.8,2027-05-08,activo
1472,1884,2025-04-26,9534.36,11.9,60,211.6,7785.71,2030-04-26,mora
1473,1886,2024-03-14,23335.64,8.84,48,578.9,11226.88,2028-03-14,mora
1474,1887,2023-03-22,196557.64,10.05,180,2118.56,174875.81,2038-03-22,activo
1475,1888,2023-12-22,8446.1,9.23,84,136.9,6029.14,2030-12-21,mora
1476,1890,2025-12-05,39794.24,10.98,48,1028.1,37101.63,2029-12-05,impagado
1477,1891,2026-02-19,23945.27,8.73,84,381.93,23105.25,2033-02-18,mora
1478,1892,2024-03-26,4052.92,8.95,24,185.06,0.1,2026-03-26,pagado
1479,1895,2024-05-23,16693.01,9.57,48,419.91,8793.45,2028-05-23,mora
1480,1896,2023-04-19,12585.78,8.66,12,1098.69,0,2024-04-18,pagado
1481,1898,2024-11-15,13160.41,8.78,48,326.1,8494.22,2028-11-15,mora
1482,1899,2025-06-05,11184.48,6.83,24,499.92,5315.3,2027-06-05,mora
1483,1900,2025-07-02,6078.49,7.93,12,528.55,0.14,2026-07-02,pagado
1484,1901,2023-10-16,15622.84,7.47,84,239.39,10606.97,2030-10-15,mora
1485,1903,2025-12-08,7731.77,10.64,36,251.82,6607.52,2028-12-07,activo
1486,1904,2025-06-17,29641.16,9.5,36,949.46,21459.6,2028-06-16,impagado
1487,1905,2025-10-24,33371.71,12.18,36,1111.3,26967.01,2028-10-23,mora
1488,1906,2024-10-22,35296.4,10.78,48,908.54,22401.11,2028-10-22,mora
1489,1907,2026-02-04,12037.72,9.77,48,303.97,11203.75,2030-02-04,activo
1490,1908,2024-08-28,18457.15,8.78,48,457.37,10793.7,2028-08-28,mora
1491,1909,2025-04-17,23375.82,7.94,48,569.99,17304.53,2029-04-17,activo
1492,1910,2025-01-20,31276.12,9.09,60,650.64,23800.02,2030-01-20,activo
1493,1911,2026-01-20,4924.47,10.56,24,228.51,3982.16,2028-01-20,activo
1494,1912,2023-10-02,42778.61,8.04,84,667.52,28763.15,2030-10-01,activo
1495,1914,2025-12-05,17987.16,9.64,60,379.0,16551.58,2030-12-05,activo
1496,1915,2024-09-18,12464.32,11.08,60,271.5,8857.87,2029-09-18,mora
1497,1916,2023-12-01,29196.65,9.1,36,929.74,4547.37,2026-11-30,mora
1498,1917,2023-10-30,10866.6,7.52,36,338.11,1331.85,2026-10-29,activo
1499,1918,2023-05-26,24580.64,11.51,48,641.36,6667.7,2027-05-26,mora
1500,1919,2026-05-04,8555.99,10.58,36,278.41,8353.02,2029-05-03,activo
1501,1920,2026-05-12,147642.73,11.41,300,1491.27,147555.3,2051-05-13,activo
1502,1921,2026-04-29,12765.84,7.78,48,310.32,12309.26,2030-04-29,activo
1503,1922,2026-03-17,21159.42,8.08,48,517.32,20027.29,2030-03-17,activo
1504,1923,2024-10-19,6960.04,9.13,12,609.08,0.07,2025-10-19,pagado
1505,1924,2023-06-08,22554.76,9.53,24,1035.88,0.57,2025-06-07,pagado
1506,1925,2025-10-14,14984.97,10.13,72,278.57,13731.84,2031-10-14,activo
1507,1926,2025-08-09,19927.87,7.64,24,897.98,11992.1,2027-08-09,activo
1508,1927,2025-09-05,115620.12,8.14,300,903.1,114521.35,2050-09-06,activo
1509,1928,2025-09-12,18636.42,7.15,48,447.58,15534.38,2029-09-12,activo
1510,1929,2024-12-13,27520.17,7.66,12,2389.55,0.77,2025-12-13,pagado
1511,1930,2025-02-03,32792.7,9.1,72,592.72,26575.35,2031-02-03,activo
1512,1931,2023-12-12,27194.77,9.59,48,684.4,10838.04,2027-12-12,activo
1513,1933,2025-11-08,25380.99,11.15,48,657.82,22343.44,2029-11-08,mora
1514,1934,2025-12-26,100321.93,10.64,240,1010.71,99578.49,2045-12-26,activo
1515,1935,2025-10-07,12449.55,10.31,24,576.27,8580.23,2027-10-07,activo
1516,1936,2024-02-18,24464.55,10.59,72,460.56,16731.89,2030-02-17,mora
1517,1937,2023-07-26,96147.33,8.0,300,742.32,92167.42,2048-07-26,activo
1518,1940,2026-03-18,18418.48,11.33,36,605.9,17110.21,2029-03-17,activo
1519,1941,2024-12-06,8741.44,8.38,36,275.45,4401.28,2027-12-06,mora
1520,1943,2024-10-04,40689.97,8.57,72,724.83,30889.35,2030-10-04,mora
1521,1944,2026-06-26,11649.14,9.61,48,293.27,11649.14,2030-06-26,activo
1522,1945,2026-05-27,1717.25,8.2,60,34.98,1694.0,2031-05-27,activo
1523,1946,2023-02-12,19772.85,11.06,36,647.9,0,2026-02-11,pagado
1524,1948,2024-10-16,20086.78,10.48,36,652.66,9707.1,2027-10-16,activo
1525,1949,2025-12-10,42838.73,9.02,36,1362.75,36475.73,2028-12-09,activo
1526,1950,2024-11-14,32084.62,8.53,48,791.32,20669.81,2028-11-14,activo
1527,1951,2023-12-03,5778.87,9.31,48,144.66,2295.6,2027-12-03,mora
1528,1952,2024-02-07,84717.55,8.95,360,678.8,83203.86,2054-02-07,activo
1529,1953,2023-04-18,19271.02,8.72,72,344.66,10352.75,2029-04-17,activo
1530,1955,2024-07-07,15773.29,9.64,48,397.31,8642.09,2028-07-07,activo
1531,1956,2026-03-14,16168.23,9.73,12,1419.39,12271.93,2027-03-14,activo
1532,1957,2023-04-11,17205.34,9.0,36,547.16,0,2026-04-10,pagado
1533,1962,2025-07-28,8378.41,8.05,60,170.07,7083.03,2030-07-28,activo
1534,1963,2026-01-27,17253.86,10.43,48,441.2,15772.15,2030-01-27,activo
1535,1964,2025-11-10,11716.12,10.98,36,383.44,9728.56,2028-11-09,mora
1536,1965,2023-06-13,201291.67,10.57,360,1852.31,197842.25,2053-06-13,mora
1537,1966,2024-07-23,15330.44,9.95,36,494.31,6068.03,2027-07-23,mora
1538,1967,2026-03-03,18409.85,10.17,36,595.51,17080.18,2029-03-02,activo
1539,1968,2026-04-08,16811.03,10.18,48,427.83,16238.18,2030-04-08,activo
1540,1969,2025-10-03,26495.07,6.44,12,2285.67,6784.4,2026-10-03,mora
1541,1970,2023-08-31,7743.74,8.38,24,351.58,0,2025-08-30,pagado
1542,1971,2026-03-31,9815.33,8.39,48,241.42,9293.31,2030-03-31,activo
1543,1972,2026-01-04,38286.67,7.74,48,929.98,34827.17,2030-01-04,activo
1544,1974,2025-02-19,20378.63,8.25,12,1775.05,0.14,2026-02-19,pagado
1545,1975,2025-09-18,12568.45,9.37,60,263.17,11035.92,2030-09-18,activo
1546,1976,2023-11-10,138749.61,8.67,360,1083.61,135840.06,2053-11-10,activo
1547,1977,2026-02-27,4810.33,8.3,24,218.21,4062.87,2028-02-27,activo
1548,1978,2024-01-09,21401.92,6.22,72,356.9,13440.53,2030-01-08,mora
1549,1980,2026-04-25,8616.19,10.85,48,222.05,8326.6,2030-04-25,activo
1550,1981,2025-01-12,24897.06,11.52,36,821.27,14200.73,2028-01-12,activo
1551,1982,2024-10-12,26454.36,9.95,48,670.33,16687.67,2028-10-12,activo
1552,1983,2024-05-11,40488.39,9.09,84,653.23,30571.46,2031-05-11,activo
1553,1985,2025-02-11,31468.43,8.55,36,994.14,18468.9,2028-02-11,activo
1554,1986,2026-06-23,25796.37,10.69,48,662.85,25796.37,2030-06-23,activo
1555,1987,2025-07-08,22461.06,9.53,36,719.8,16849.2,2028-07-07,impagado
1556,1988,2026-02-22,25391.94,10.69,60,548.19,24086.67,2031-02-22,activo
1557,1989,2026-05-15,17758.67,9.81,36,571.46,17332.39,2029-05-14,activo
1558,1990,2024-06-27,21236.33,9.38,36,679.12,7748.23,2027-06-27,activo
1559,1992,2026-03-04,29686.81,9.79,36,954.96,27531.02,2029-03-03,activo
1560,1993,2024-08-27,8921.35,9.58,36,286.13,3775.14,2027-08-27,mora
1561,1994,2025-01-23,16733.09,12.19,48,442.18,11709.84,2029-01-23,activo
1562,1995,2023-03-28,21128.01,8.72,36,669.12,0,2026-03-27,pagado
1563,1996,2024-11-11,29818.29,9.99,60,633.42,21924.73,2029-11-11,activo
1564,1997,2025-12-18,4987.81,9.19,24,228.29,3825.2,2027-12-18,activo
1565,1998,2025-12-27,36002.74,9.68,72,661.22,33732.6,2031-12-27,activo
1566,1999,2025-05-04,223832.64,9.66,300,1980.95,221189.76,2050-05-05,activo
1567,2000,2026-03-22,133635.66,10.14,360,1186.82,133461.4,2056-03-22,activo
1568,2003,2026-06-30,9036.1,7.89,36,282.71,9036.1,2029-06-29,activo
1569,2004,2026-06-30,22944.94,7.47,84,351.61,22944.94,2033-06-29,activo
1570,2007,2026-06-20,36987.9,8.65,48,914.24,36987.9,2030-06-20,activo
1571,2008,2023-10-18,10760.68,9.04,24,491.81,0,2025-10-17,pagado
1572,2010,2024-07-05,1796.8,10.28,24,83.15,0,2026-07-05,pagado
1573,2011,2026-05-03,27252.19,9.68,36,875.22,26596.8,2029-05-02,activo
1574,2012,2026-05-04,15323.65,9.94,48,388.2,15062.38,2030-05-04,activo
1575,2013,2025-01-04,28630.58,8.21,60,583.35,21235.36,2030-01-04,mora
1576,2014,2024-10-27,37424.54,10.01,48,949.33,23619.39,2028-10-27,activo
1577,2015,2026-01-31,212530.63,9.46,180,2214.05,209794.83,2041-01-31,activo
1578,2016,2026-02-14,21244.36,7.31,12,1841.26,14334.15,2027-02-14,activo
1579,2017,2023-10-05,28349.83,7.4,60,566.71,14056.4,2028-10-04,mora
1580,2018,2024-05-22,40890.42,11.37,36,1345.8,13998.57,2027-05-22,mora
1581,2019,2023-07-25,31698.74,9.98,72,586.95,19054.38,2029-07-24,mora
1582,2020,2026-06-07,44008.81,11.9,72,858.01,44008.81,2032-06-06,activo
1583,2021,2023-03-05,39825.62,9.39,48,998.44,7714.19,2027-03-05,mora
1584,2022,2023-01-20,22466.81,10.12,48,571.09,3867.34,2027-01-20,mora
1585,2023,2023-11-05,119953.15,9.27,180,1236.04,108769.85,2038-11-05,mora
1586,2024,2026-06-19,43147.48,8.53,48,1064.1,43147.48,2030-06-19,activo
1587,2025,2025-07-11,26106.77,9.19,60,544.38,22169.4,2030-07-11,activo
1588,2026,2026-05-17,24698.71,10.38,60,529.45,24382.9,2031-05-17,activo
1589,2028,2025-03-17,3378.48,10.7,36,110.12,2100.68,2028-03-16,activo
1590,2029,2025-12-23,17573.99,11.22,60,384.07,16224.26,2030-12-23,activo
1591,2030,2024-04-14,311637.33,9.83,180,3316.69,289603.55,2039-04-15,activo
1592,2031,2026-06-07,15540.35,9.61,48,391.26,15540.35,2030-06-07,activo
1593,2032,2025-01-18,41393.81,9.03,72,746.69,33532.79,2031-01-18,activo
1594,2033,2023-06-27,13480.18,7.97,36,422.22,0.54,2026-06-26,pagado
1595,2034,2023-01-05,28624.63,6.91,36,882.64,1.12,2026-01-04,activo
1596,2036,2025-12-10,7559.75,8.06,48,184.77,6742.17,2029-12-10,activo
1597,2037,2023-11-03,13300.83,9.91,24,613.23,0,2025-11-02,pagado
1598,2041,2025-12-25,13432.82,11.52,36,443.1,11502.13,2028-12-24,activo
1599,2043,2025-01-02,29072.53,10.47,36,944.5,15670.8,2028-01-02,mora
1600,2044,2024-03-12,22142.45,7.15,72,379.07,14636.13,2030-03-12,mora
1601,2045,2023-04-07,25129.36,8.3,60,513.17,9997.0,2028-04-06,mora
1602,2046,2023-04-13,26063.99,7.39,48,628.89,5488.09,2027-04-13,activo
1603,2047,2025-10-27,6193.39,11.72,60,136.88,5560.96,2030-10-27,activo
1604,2048,2025-02-19,3915.68,10.04,48,99.39,2780.04,2029-02-19,mora
1605,2049,2023-01-30,1608.76,8.16,48,39.39,268.68,2027-01-30,mora
1606,2050,2026-05-30,25810.91,10.06,24,1191.79,24835.5,2028-05-29,activo
1607,2051,2025-08-13,12197.37,10.21,12,1073.55,2119.81,2026-08-13,activo
1608,2053,2025-05-02,41837.01,8.38,36,1318.42,26798.65,2028-05-01,activo
1609,2054,2024-03-01,26483.9,11.75,12,2350.02,0,2025-03-01,pagado
1610,2055,2025-08-31,11567.23,8.89,36,367.22,8656.24,2028-08-30,activo
1611,2056,2024-05-10,8677.99,8.69,36,274.71,2640.68,2027-05-10,mora
1612,2057,2023-03-24,10461.0,10.82,24,486.67,0.56,2025-03-23,pagado
1613,2061,2025-02-05,26204.49,9.24,48,655.03,18005.72,2029-02-05,activo
1614,2062,2026-06-27,9280.28,10.96,24,432.35,9280.28,2028-06-26,activo
1615,2063,2026-06-23,19726.34,11.23,12,1745.54,19726.34,2027-06-23,activo
1616,2064,2024-02-12,22689.32,7.96,12,1973.26,0.36,2025-02-11,pagado
1617,2065,2023-12-28,14519.86,9.11,24,664.09,0,2025-12-27,pagado
1618,2066,2026-02-17,15083.11,10.35,60,323.1,14499.08,2031-02-17,impagado
1619,2067,2026-05-17,16226.34,9.95,48,411.17,15949.71,2030-05-17,activo
1620,2068,2024-06-17,15555.96,10.65,60,335.5,10300.75,2029-06-17,activo
1621,2069,2024-10-01,32806.82,7.98,84,511.01,26230.37,2031-10-01,activo
1622,2070,2025-06-03,23438.72,8.98,60,486.34,19209.93,2030-06-03,activo
1623,2071,2025-12-14,28362.8,8.69,24,1291.65,21726.12,2027-12-14,activo
1624,2072,2023-11-19,29437.92,8.77,12,2571.22,0.39,2024-11-18,pagado
1625,2073,2023-03-11,23680.38,9.32,60,495.3,9139.04,2028-03-10,activo
1626,2074,2025-09-19,13563.41,9.62,36,435.24,10528.84,2028-09-18,activo
1627,2075,2025-02-13,181571.7,9.03,360,1465.46,179892.83,2055-02-14,mora
1628,2077,2023-05-17,26760.81,9.65,36,859.06,1.88,2026-05-16,activo
1629,2079,2023-05-07,15263.44,10.58,48,391.4,4085.31,2027-05-07,impagado
1630,2080,2025-07-08,18935.95,10.64,48,486.09,15276.47,2029-07-08,activo
1631,2082,2023-03-19,44858.36,8.04,72,787.35,23244.05,2029-03-18,mora
1632,2083,2025-03-18,16980.94,10.76,24,789.53,6797.99,2027-03-18,activo
1633,2084,2024-09-21,18985.49,7.71,36,592.44,8444.51,2027-09-21,mora
1634,2085,2024-10-31,7579.6,10.15,60,161.59,5465.11,2029-10-31,activo
1635,2086,2024-06-24,28756.86,8.78,60,593.82,18737.43,2029-06-24,mora
1636,2087,2023-08-21,16774.53,10.16,36,542.53,1071.35,2026-08-20,mora
1637,2088,2026-02-04,20752.77,10.16,48,527.93,19325.88,2030-02-04,activo
1638,2089,2026-01-20,28051.85,8.36,24,1273.26,22587.08,2028-01-20,activo
1639,2090,2025-10-03,26622.91,9.09,60,553.86,23355.43,2030-10-03,activo
1640,2091,2025-02-26,285827.52,10.64,360,2644.83,283937.07,2055-02-27,activo
1641,2092,2025-01-24,38896.16,8.52,72,691.95,31411.68,2031-01-24,activo
1642,2093,2025-10-16,11845.82,10.42,12,1043.77,4085.77,2026-10-16,mora
1643,2094,2025-01-29,74509.06,9.52,180,778.8,71107.48,2040-01-30,activo
1644,2095,2025-07-27,15735.51,9.44,24,722.05,8889.55,2027-07-27,activo
1645,2096,2025-08-29,255001.32,9.75,240,2417.92,251411.68,2045-08-29,activo
1646,2097,2024-04-23,8093.81,8.65,60,166.64,5138.72,2029-04-23,impagado
1647,2098,2024-05-25,6374.48,9.33,24,292.19,0,2026-05-25,pagado
1648,2099,2023-09-14,5245.67,10.27,12,461.84,0,2024-09-13,pagado
1649,2101,2025-12-18,18635.74,11.11,60,406.16,17201.15,2030-12-18,activo
1650,2103,2023-03-12,19364.86,8.38,24,879.14,1.04,2025-03-11,mora
1651,2104,2025-04-07,18961.46,7.86,84,294.21,16477.25,2032-04-06,activo
1652,2105,2025-12-24,21874.15,10.85,72,414.72,20542.72,2031-12-24,activo
1653,2106,2026-04-18,4046.59,11.1,12,357.83,3402.83,2027-04-18,activo
1654,2107,2023-03-05,29688.65,11.26,60,649.39,11789.65,2028-03-04,mora
1655,2108,2026-01-07,29819.58,11.18,24,1392.33,24142.22,2028-01-07,activo
1656,2109,2026-06-30,5894.12,9.48,12,516.76,5894.12,2027-06-30,activo
1657,2110,2026-06-22,14656.0,7.54,84,225.09,14656.0,2033-06-21,activo
1658,2111,2025-01-08,16777.79,8.93,24,765.96,5205.38,2027-01-08,activo
1659,2112,2024-02-04,80289.79,8.72,180,800.85,73299.45,2039-02-04,mora
1660,2113,2026-02-11,20598.82,9.93,72,380.92,19746.45,2032-02-11,activo
1661,2114,2023-02-06,9485.71,10.39,60,203.36,3549.2,2028-02-06,activo
1662,2115,2026-04-05,37836.83,8.68,84,602.6,37176.62,2033-04-04,activo
1663,2116,2024-09-01,25102.99,8.32,24,1139.04,2253.77,2026-09-01,activo
1664,2117,2026-06-16,7437.89,10.12,60,158.47,7437.89,2031-06-16,activo
1665,2118,2024-04-06,5825.94,10.19,48,148.3,2841.07,2028-04-06,activo
1666,2119,2026-02-08,28973.6,8.68,24,1319.44,24485.74,2028-02-08,activo
1667,2120,2026-03-14,20734.46,6.85,60,409.12,19857.19,2031-03-14,mora
1668,2121,2026-06-08,31319.85,8.57,72,557.91,31319.85,2032-06-07,activo
1669,2123,2026-04-01,26280.44,8.61,24,1195.91,23236.66,2028-03-31,activo
1670,2124,2023-12-26,24893.5,8.04,60,505.19,13690.55,2028-12-25,mora
1671,2125,2023-02-11,16412.21,7.78,12,1425.99,0.17,2024-02-11,pagado
1672,2126,2026-06-15,21620.26,10.74,48,556.07,21620.26,2030-06-15,activo
1673,2127,2024-12-04,15070.59,9.2,48,376.44,10055.5,2028-12-04,activo
1674,2128,2025-01-19,5482.05,9.78,48,138.47,3779.28,2029-01-19,activo
1675,2129,2025-12-06,167538.92,8.71,360,1313.81,166941.63,2055-12-07,activo
1676,2130,2025-11-02,11301.42,9.37,36,361.31,9056.26,2028-11-01,activo
1677,2132,2023-08-14,253246.03,7.49,240,2038.59,235395.67,2043-08-14,mora
1678,2133,2024-04-21,27292.27,9.36,48,683.87,13774.6,2028-04-21,mora
1679,2135,2025-10-10,4291.24,6.62,36,131.75,3409.75,2028-10-09,activo
1680,2136,2024-12-13,21673.45,7.53,48,524.33,14297.93,2028-12-13,activo
1681,2137,2023-06-15,12436.27,9.94,48,315.06,3299.3,2027-06-15,mora
1682,2138,2025-08-09,15970.36,9.45,24,732.89,9679.4,2027-08-09,activo
1683,2139,2026-06-23,9055.51,9.8,36,291.33,9055.51,2029-06-22,activo
1684,2140,2025-08-22,35954.87,8.83,72,645.1,32021.04,2031-08-22,activo
1685,2141,2023-10-04,19510.33,9.52,24,895.96,0.7,2025-10-03,pagado
1686,2142,2024-11-30,9952.15,10.5,36,323.47,5088.9,2027-11-30,activo
1687,2144,2024-09-17,21468.78,9.86,12,1886.1,0,2025-09-17,pagado
1688,2145,2026-05-08,20351.54,7.98,48,496.66,19990.22,2030-05-08,activo
1689,2148,2024-06-02,4021.25,8.44,12,350.62,0.01,2025-06-02,pagado
1690,2149,2024-06-23,16689.87,10.15,48,424.51,9185.3,2028-06-23,activo
1691,2150,2024-04-10,21514.51,9.61,60,452.99,13436.84,2029-04-10,activo
1692,2151,2023-02-19,3395.59,8.41,12,296.02,0.01,2024-02-19,pagado
1693,2152,2025-05-18,27551.41,11.13,60,600.84,22804.0,2030-05-18,mora
1694,2153,2023-07-19,21163.75,8.04,48,517.07,6416.75,2027-07-19,activo
1695,2155,2023-03-27,5913.99,9.36,12,518.17,0.06,2024-03-26,pagado
1696,2156,2026-03-23,220103.85,9.25,180,2265.07,218385.36,2041-03-23,activo
1697,2157,2023-04-30,18925.04,9.85,24,872.0,0,2025-04-29,pagado
1698,2158,2026-06-12,32993.9,11.79,72,641.44,32993.9,2032-06-11,activo
1699,2159,2023-11-16,25120.92,8.18,24,1138.2,0.38,2025-11-15,pagado
1700,2160,2024-09-08,13494.27,8.08,12,1174.37,0,2025-09-08,pagado
1701,2162,2023-01-26,23242.15,8.71,60,479.22,8475.54,2028-01-26,mora
1702,2163,2024-12-19,11998.8,7.87,48,292.2,7933.74,2028-12-19,activo
1703,2165,2026-05-25,27048.85,8.12,12,2354.46,24877.42,2027-05-25,activo
1704,2166,2023-08-21,27792.23,8.19,48,680.99,9062.13,2027-08-21,mora
1705,2167,2023-07-07,11885.74,8.56,12,1037.0,0.02,2024-07-06,pagado
1706,2168,2025-09-21,24566.35,9.4,36,785.84,19055.28,2028-09-20,activo
1707,2169,2025-02-04,12905.79,10.91,48,332.98,8960.67,2029-02-04,mora
1708,2170,2023-06-06,16933.61,9.48,48,425.27,4463.28,2027-06-06,mora
1709,2171,2023-12-10,28560.8,10.72,60,617.03,15700.69,2028-12-09,mora
1710,2173,2023-04-26,10661.88,7.73,36,332.8,0,2026-04-25,pagado
1711,2174,2024-06-28,25250.45,7.26,48,607.71,13537.31,2028-06-28,activo
1712,2175,2026-03-19,92862.75,6.72,240,704.65,92305.79,2046-03-19,activo
1713,2176,2023-08-15,10979.36,8.77,60,226.67,5163.28,2028-08-14,activo
1714,2177,2023-08-22,44168.92,9.31,60,923.48,21671.34,2028-08-21,mora
1715,2178,2026-03-18,29170.62,8.04,60,591.98,27973.02,2031-03-18,activo
1716,2179,2026-06-23,16737.31,10.58,12,1475.96,16737.31,2027-06-23,activo
1717,2180,2025-09-03,250910.84,9.51,240,2341.26,247254.41,2045-09-03,activo
1718,2181,2025-07-14,16546.01,10.4,12,1457.7,1445.64,2026-07-14,activo
1719,2182,2023-02-11,2059.68,10.05,24,95.09,0.03,2025-02-10,pagado
1720,2183,2023-03-12,2486.75,8.95,48,61.82,478.57,2027-03-12,mora
1721,2185,2025-07-06,171129.11,11.76,180,2027.05,167084.98,2040-07-06,activo
1722,2187,2023-08-16,16222.93,10.85,48,418.08,5476.18,2027-08-16,mora
1723,2189,2026-05-09,34101.47,10.69,84,578.28,33826.98,2033-05-08,activo
1724,2190,2025-01-18,35249.86,9.09,36,1122.42,19792.51,2028-01-18,mora
1725,2191,2025-08-18,25836.29,10.3,12,2275.03,4492.1,2026-08-18,mora
1726,2192,2025-08-23,254383.81,8.84,360,2018.51,252889.45,2055-08-24,activo
1727,2193,2023-02-10,9489.93,10.08,60,202.0,3534.17,2028-02-10,mora
1728,2194,2024-01-10,8020.75,9.44,24,368.03,0.45,2026-01-09,pagado
1729,2195,2023-09-15,29606.31,9.3,24,1356.69,0,2025-09-14,pagado
1730,2196,2026-06-29,205600.74,9.86,360,1782.4,205600.74,2056-06-29,activo
1731,2197,2023-08-26,278536.7,11.22,360,2699.34,274754.01,2053-08-26,mora
1732,2198,2023-03-22,4708.69,9.83,36,151.56,0.03,2026-03-21,pagado
1733,2199,2024-06-12,8049.37,9.85,12,707.12,0,2025-06-12,pagado
1734,2200,2025-02-18,7164.51,11.48,36,236.18,4280.96,2028-02-18,activo
1735,2201,2026-04-13,39565.46,8.86,72,710.42,38725.78,2032-04-12,activo
1736,2202,2023-05-23,266919.67,8.9,240,2384.42,249759.54,2043-05-23,mora
1737,2203,2025-05-23,16266.07,10.0,48,412.53,12479.68,2029-05-23,activo
1738,2205,2025-02-14,5241.06,10.78,48,134.89,3737.39,2029-02-14,activo
1739,2207,2025-06-24,27119.69,7.98,36,849.59,18788.42,2028-06-23,activo
1740,2208,2025-10-18,4064.78,10.32,12,357.96,1401.63,2026-10-18,activo
1741,2209,2026-05-12,11374.93,11.46,84,197.51,11286.05,2033-05-11,activo
1742,2211,2026-02-01,8107.41,11.07,36,265.7,7333.14,2029-01-31,activo
1743,2213,2026-01-08,21785.85,9.21,12,1907.3,12950.8,2027-01-08,activo
1744,2217,2026-01-06,19564.37,10.36,48,499.63,17881.95,2030-01-06,activo
1745,2218,2023-07-31,11359.52,8.81,84,181.67,7453.91,2030-07-30,mora
1746,2219,2025-11-14,230697.83,11.18,360,2228.51,230127.87,2055-11-15,activo
1747,2220,2023-12-31,42208.1,10.05,48,1071.51,17835.21,2027-12-31,mora
1748,2221,2026-02-24,7006.14,8.73,48,173.46,6510.81,2030-02-24,activo
1749,2222,2023-02-17,22649.4,11.12,60,493.78,8978.62,2028-02-17,mora
1750,2223,2025-04-07,12664.16,10.7,36,412.82,8213.35,2028-04-06,activo
1751,2224,2024-11-30,16641.96,8.49,48,410.14,10718.05,2028-11-30,mora
1752,2225,2026-06-13,2385.04,9.81,12,209.47,2385.04,2027-06-13,activo
1753,2226,2025-11-18,19775.92,10.68,84,335.25,18631.0,2032-11-17,activo
1754,2228,2025-07-08,10520.51,8.15,60,214.05,8897.56,2030-07-08,activo
1755,2229,2026-06-30,166634.45,10.02,360,1465.33,166634.45,2056-06-30,activo
1756,2231,2025-05-06,2733.05,9.21,60,57.01,2202.62,2030-05-06,activo
1757,2232,2024-08-17,29496.68,9.87,36,950.03,12512.7,2027-08-17,mora
1758,2233,2025-07-22,25401.3,9.78,72,467.8,22412.93,2031-07-22,activo
1759,2234,2024-03-12,30156.05,9.25,60,629.64,17796.33,2029-03-12,mora
1760,2237,2025-05-28,12478.2,10.51,60,268.26,10299.4,2030-05-28,mora
1761,2238,2023-11-04,9883.22,10.73,36,322.29,1261.33,2026-11-03,activo
1762,2241,2023-02-03,10828.98,8.48,36,341.74,0.16,2026-02-02,pagado
1763,2242,2023-04-18,21906.37,9.89,12,1924.77,0.34,2024-04-17,pagado
1764,2243,2026-03-30,152167.93,9.11,180,1553.07,150965.26,2041-03-30,activo
1765,2244,2025-09-11,25835.6,9.92,36,832.66,20075.99,2028-09-10,activo
1766,2245,2025-04-12,11183.75,9.77,60,236.37,9038.08,2030-04-12,activo
1767,2248,2026-05-14,23760.77,11.37,84,411.45,23574.45,2033-05-13,activo
1768,2249,2023-10-05,11469.5,10.31,36,371.74,1097.15,2026-10-04,mora
1769,2250,2026-02-23,5328.94,10.93,36,174.29,4819.02,2029-02-22,activo
1770,2251,2025-10-21,28721.04,9.71,36,922.78,23039.03,2028-10-20,activo
1771,2253,2025-10-02,4378.17,8.0,24,198.02,2995.57,2027-10-02,impagado
1772,2254,2026-01-11,27617.67,9.53,84,451.87,26436.36,2033-01-10,activo
1773,2255,2023-11-22,26486.02,8.96,48,658.59,10478.6,2027-11-22,mora
1774,2256,2026-06-30,2921.19,7.89,60,59.07,2921.19,2031-06-30,activo
1775,2257,2023-06-06,13131.98,11.04,36,430.18,0,2026-06-05,pagado
1776,2258,2023-12-24,14458.39,10.06,12,1271.54,0,2024-12-23,pagado
1777,2260,2026-03-27,8818.38,9.13,60,183.61,8466.16,2031-03-27,activo
1778,2261,2026-02-12,42307.86,9.28,60,884.01,40054.57,2031-02-12,activo
1779,2263,2023-11-03,246855.84,10.37,360,2234.28,243149.8,2053-11-03,mora
1780,2264,2026-06-30,18012.14,8.18,36,565.89,18012.14,2029-06-29,activo
1781,2265,2025-12-25,290478.97,8.52,360,2236.67,289595.16,2055-12-26,activo
1782,2266,2024-11-24,22079.95,8.7,12,1927.9,0,2025-11-24,pagado
1783,2267,2026-05-14,18259.54,7.43,12,1583.57,16789.03,2027-05-14,activo
1784,2269,2023-03-11,14341.92,7.86,48,349.17,2713.67,2027-03-11,mora
1785,2271,2024-01-09,14197.36,11.17,84,244.34,10627.63,2031-01-08,activo
1786,2272,2025-12-16,24963.97,6.97,36,770.48,21156.17,2028-12-15,activo
1787,2273,2026-03-08,282891.38,9.27,300,2426.05,282408.09,2051-03-09,impagado
1788,2274,2025-06-25,6763.05,10.89,60,146.67,5686.84,2030-06-25,activo
1789,2275,2023-11-21,313415.72,11.85,360,3187.69,310072.4,2053-11-21,mora
1790,2276,2026-01-01,20585.59,11.15,24,960.9,15859.23,2028-01-01,activo
1791,2277,2023-06-25,1917.01,9.19,12,167.82,0,2024-06-24,pagado
1792,2278,2025-12-17,5912.62,10.58,12,521.41,3034.14,2026-12-17,activo
1793,2279,2026-04-04,4957.08,8.99,12,433.48,4161.42,2027-04-04,activo
1794,2280,2024-04-28,2073.5,12.07,36,68.94,652.72,2027-04-28,activo
1795,2281,2026-02-03,17678.9,11.35,24,826.84,15002.72,2028-02-03,activo
1796,2282,2024-08-25,11906.17,10.08,24,549.84,1086.21,2026-08-25,activo
1797,2283,2024-07-02,27635.28,9.32,24,1266.52,1.37,2026-07-02,mora
1798,2284,2024-08-04,22028.01,9.7,48,555.52,12528.99,2028-08-04,mora
1799,2285,2025-09-20,3728.0,9.42,60,78.15,3273.96,2030-09-20,activo
1800,2286,2026-03-18,24370.83,9.9,60,516.64,23416.26,2031-03-18,activo
1801,2288,2023-12-09,28986.71,8.56,24,1318.42,0,2025-12-08,pagado
1802,2289,2025-01-22,237692.75,9.55,360,2006.63,235608.34,2055-01-23,mora
1803,2290,2024-07-28,12908.02,9.81,12,1133.68,0,2025-07-28,pagado
1804,2293,2025-08-16,33732.82,9.74,72,620.54,30135.97,2031-08-16,activo
1805,2294,2026-01-31,29466.87,10.21,48,750.34,27442.71,2030-01-31,impagado
1806,2295,2025-12-11,10489.88,8.52,24,476.92,8031.96,2027-12-11,mora
1807,2297,2023-06-28,17221.5,8.6,24,783.58,0.6,2025-06-27,pagado
1808,2298,2024-03-05,17583.85,8.67,12,1535.04,0.05,2025-03-05,pagado
1809,2299,2025-05-22,8729.68,10.13,12,767.99,0.19,2026-05-22,pagado
1810,2300,2024-07-12,26072.11,11.79,60,577.17,17833.22,2029-07-12,mora
1811,2301,2026-01-07,6241.33,9.96,60,132.49,5831.14,2031-01-07,activo
1812,2302,2024-10-28,44488.1,8.73,60,917.61,32432.61,2029-10-28,activo
1813,2303,2024-12-12,25658.06,8.23,60,523.09,19032.01,2029-12-12,activo
1814,2304,2026-04-11,139499.29,10.73,360,1300.01,139393.51,2056-04-11,activo
1815,2307,2025-12-31,10102.05,9.68,24,464.66,7756.16,2027-12-31,activo
1816,2308,2024-10-31,27105.57,8.3,24,1229.68,4833.4,2026-10-31,mora
1817,2309,2025-02-17,190172.53,9.62,300,1677.69,187569.31,2050-02-18,activo
1818,2310,2023-08-13,232395.37,8.99,360,1869.05,227458.98,2053-08-13,mora
1819,2311,2024-07-17,13923.75,8.74,60,287.3,9287.66,2029-07-17,activo
1820,2312,2025-07-08,11209.47,8.27,24,508.34,6300.68,2027-07-08,activo
1821,2313,2025-06-17,27228.95,7.04,48,652.6,21120.05,2029-06-17,activo
1822,2314,2024-01-30,7471.92,7.4,24,335.89,0.1,2026-01-29,pagado
1823,2317,2026-06-10,30991.48,10.41,72,580.5,30991.48,2032-06-09,activo
1824,2318,2024-05-29,24217.73,9.31,36,773.62,8126.51,2027-05-29,activo
1825,2319,2024-12-26,15143.6,11.84,48,397.58,10281.57,2028-12-26,activo
1826,2320,2023-12-13,9953.37,10.15,48,253.18,3992.27,2027-12-13,mora
1827,2321,2026-06-06,89035.4,8.23,360,667.41,89035.4,2056-06-06,activo
1828,2322,2026-06-06,42157.18,10.03,72,781.74,42157.18,2032-06-05,activo
1829,2323,2024-06-28,21219.67,11.42,36,698.96,7889.89,2027-06-28,mora
1830,2325,2025-07-05,26303.91,9.32,60,550.15,21971.68,2030-07-05,mora
1831,2326,2023-01-09,25946.18,9.39,36,829.84,0,2026-01-08,pagado
1832,2327,2026-03-22,13063.97,9.68,84,214.71,12733.34,2033-03-21,activo
1833,2328,2023-05-13,20753.74,8.54,72,369.38,11119.81,2029-05-12,activo
1834,2332,2023-09-07,7489.08,8.88,24,341.72,0.12,2025-09-06,pagado
1835,2333,2024-08-02,16387.6,9.95,60,347.8,11041.98,2029-08-02,activo
1836,2334,2025-03-10,19196.95,7.87,60,388.07,15078.63,2030-03-10,activo
1837,2335,2023-09-02,13476.16,10.39,48,344.32,4521.38,2027-09-02,mora
1838,2337,2024-12-27,20345.39,7.58,48,492.68,13426.33,2028-12-27,activo
1839,2338,2024-08-24,155342.37,9.98,300,1409.85,152508.53,2049-08-25,activo
1840,2340,2023-10-16,272621.18,8.22,240,2318.19,256555.93,2043-10-16,activo
1841,2342,2025-03-17,29937.11,8.34,60,611.9,23575.79,2030-03-17,mora
1842,2344,2026-06-08,29642.78,8.95,60,614.61,29642.78,2031-06-08,activo
1843,2348,2025-05-28,18829.79,9.82,24,867.35,9088.2,2027-05-28,activo
1844,2349,2025-10-17,3707.21,10.19,48,94.37,3188.88,2029-10-17,activo
1845,2350,2026-05-21,18350.27,9.53,60,385.67,18110.33,2031-05-21,activo
1846,2351,2026-03-30,88745.02,7.98,180,846.9,87969.65,2041-03-30,activo
1847,2352,2026-03-06,2398.7,7.18,12,207.75,1815.03,2027-03-06,activo
1848,2353,2025-05-01,9558.39,10.97,12,844.67,0,2026-05-01,pagado
1849,2355,2023-07-06,14019.16,9.3,36,447.74,1.06,2026-07-05,mora
1850,2358,2026-04-03,13188.34,10.11,60,280.92,12847.29,2031-04-03,activo
1851,2359,2024-02-11,15037.62,8.8,12,1313.67,0,2025-02-10,pagado
1852,2360,2024-06-04,216737.54,8.99,240,1948.8,207836.32,2044-06-04,mora
1853,2361,2023-04-05,317347.38,7.92,240,2638.83,293225.9,2043-04-05,mora
1854,2362,2025-09-20,27448.83,7.0,48,657.35,22867.89,2029-09-20,activo
1855,2363,2023-10-19,41417.65,10.14,84,690.69,28958.49,2030-10-18,mora
1856,2365,2025-11-05,12132.35,7.99,84,189.02,11359.38,2032-11-04,activo
1857,2366,2026-04-26,26329.65,9.65,48,663.38,25422.73,2030-04-26,activo
1858,2367,2023-05-31,28461.98,8.62,60,585.64,12371.76,2028-05-30,mora
1859,2368,2026-06-11,25387.7,10.15,60,541.35,25387.7,2031-06-11,activo
1860,2369,2025-11-02,4491.09,7.48,12,389.59,1534.42,2026-11-02,activo
1861,2371,2025-12-26,30636.66,10.13,84,510.71,29354.77,2032-12-25,activo
1862,2372,2025-11-22,3567.37,9.89,36,114.92,2953.73,2028-11-21,activo
1863,2373,2026-02-02,30602.13,9.89,48,774.51,28486.97,2030-02-02,activo
1864,2375,2023-10-30,15246.45,11.83,84,267.79,10851.53,2030-10-29,mora
1865,2376,2026-03-07,40679.3,10.63,48,1044.16,38609.65,2030-03-07,activo
1866,2378,2024-10-12,206945.89,9.54,240,1934.79,201366.02,2044-10-12,impagado
1867,2379,2026-06-07,18430.67,11.15,60,402.06,18430.67,2031-06-07,activo
1868,2380,2025-02-03,13915.43,9.15,24,636.66,4324.27,2027-02-03,mora
1869,2381,2023-07-28,15587.23,9.36,36,498.26,495.45,2026-07-27,mora
1870,2382,2024-10-17,135336.67,9.57,240,1267.35,131276.83,2044-10-17,mora
1871,2383,2023-10-06,17142.64,9.64,12,1504.25,0,2024-10-05,pagado
1872,2384,2023-12-26,241080.89,8.86,180,2425.44,219493.79,2038-12-26,activo
1873,2385,2024-05-07,27124.32,9.71,24,1248.05,0,2026-05-07,pagado
1874,2389,2026-06-30,10259.55,12.13,72,201.27,10259.55,2032-06-29,activo
1875,2392,2026-03-11,29843.92,8.58,48,736.75,28793.45,2030-03-11,impagado
1876,2393,2025-09-15,18449.67,8.4,60,377.61,16149.86,2030-09-15,mora
1877,2394,2023-02-09,113729.22,9.72,180,1202.4,100119.85,2038-02-09,activo
1878,2395,2026-05-26,246005.95,8.38,240,2116.22,245607.67,2046-05-26,activo
1879,2396,2026-06-01,24977.88,10.61,12,2203.05,24977.88,2027-06-01,activo
1880,2398,2025-08-14,9689.29,9.39,72,176.56,8645.65,2031-08-14,activo
1881,2399,2023-03-11,211186.68,9.6,180,2218.11,186382.97,2038-03-11,mora
1882,2400,2025-04-08,7800.11,10.06,36,251.92,5041.52,2028-04-07,mora
1883,2401,2026-04-23,18111.75,6.51,12,1563.08,15174.16,2027-04-23,activo
1884,2404,2023-12-09,152496.42,10.87,240,1560.86,146105.35,2043-12-09,activo
1885,2405,2025-06-02,28392.25,6.36,48,671.46,21399.88,2029-06-02,activo
1886,2406,2025-05-12,24212.09,6.79,12,2092.6,0.62,2026-05-12,pagado
1887,2407,2024-04-20,17180.56,7.75,60,346.27,10542.04,2029-04-20,activo
1888,2408,2024-02-17,43374.64,7.95,72,759.52,28900.87,2030-02-16,activo
1889,2409,2025-07-10,10930.01,11.69,60,241.45,9370.83,2030-07-10,mora
1890,2410,2023-01-15,9427.03,10.43,72,176.7,4648.17,2029-01-14,mora
1891,2412,2024-09-24,17697.01,12.17,48,467.49,10994.08,2028-09-24,mora
1892,2414,2024-03-02,29693.5,8.71,36,940.25,7281.86,2027-03-02,activo
1893,2415,2023-01-21,13412.86,8.91,12,1172.43,0,2024-01-21,pagado
1894,2416,2026-06-30,44003.63,9.09,36,1401.15,44003.63,2029-06-29,activo
1895,2418,2025-11-25,1914.43,11.0,60,41.63,1741.16,2030-11-25,activo
1896,2419,2023-07-15,191211.52,10.53,360,1753.26,188036.55,2053-07-15,activo
1897,2420,2025-03-11,23789.1,9.61,24,1093.47,9458.45,2027-03-11,activo
1898,2421,2024-11-01,259404.23,9.86,180,2765.27,245687.54,2039-11-02,activo
1899,2422,2026-02-25,146899.44,9.2,300,1253.29,146385.32,2051-02-26,activo
1900,2424,2023-12-13,6779.23,11.77,60,150.02,3770.2,2028-12-12,mora
1901,2425,2025-06-08,24513.12,11.27,48,636.74,19374.83,2029-06-08,activo
1902,2426,2025-08-04,35946.48,9.49,84,587.41,32476.99,2032-08-03,mora
1903,2428,2025-12-22,25330.33,9.98,24,1168.68,19461.39,2027-12-22,activo
1904,2429,2023-09-16,32825.49,9.04,72,592.35,19952.67,2029-09-15,activo
1905,2430,2025-08-19,10153.57,10.61,24,471.4,6181.84,2027-08-19,activo
1906,2431,2024-09-26,21646.06,9.24,36,690.77,9749.8,2027-09-26,activo
1907,2432,2024-08-18,16886.41,9.27,84,274.04,13457.44,2031-08-18,activo
1908,2433,2026-04-12,25337.62,8.25,60,516.76,24650.14,2031-04-12,activo
1909,2434,2024-11-18,318496.79,7.62,240,2590.06,307073.2,2044-11-18,mora
1910,2436,2025-04-26,3979.55,7.69,48,96.58,2941.93,2029-04-26,mora
1911,2437,2023-08-05,25751.97,9.13,60,536.18,12165.76,2028-08-04,mora
1912,2438,2023-02-26,11897.93,7.89,48,289.84,2252.09,2027-02-26,activo
1913,2439,2023-05-02,35756.41,7.97,72,626.46,19005.52,2029-05-01,mora
1914,2440,2024-11-12,20762.74,10.22,36,672.09,10595.49,2027-11-12,activo
1915,2441,2025-10-23,22451.16,7.94,60,454.53,19945.89,2030-10-23,activo
1916,2442,2024-07-17,26822.38,9.3,60,560.69,17976.79,2029-07-17,activo
1917,2443,2023-07-10,26242.6,9.28,84,425.93,17027.06,2030-07-09,mora
1918,2444,2023-05-16,170604.86,9.04,300,1436.0,163999.64,2048-05-16,activo
1919,2445,2025-04-21,25781.93,8.33,60,526.89,20685.04,2030-04-21,activo
1920,2446,2024-01-26,86527.08,7.94,180,824.0,78819.08,2039-01-26,impagado
1921,2447,2025-01-27,23704.95,9.27,36,756.83,13325.23,2028-01-27,activo
1922,2448,2025-04-08,23245.95,8.31,12,2025.44,0.28,2026-04-08,pagado
1923,2449,2025-09-27,10848.91,9.97,12,953.62,2814.22,2026-09-27,activo
1924,2450,2026-01-08,14820.85,7.39,60,296.2,13783.51,2031-01-08,activo
1925,2451,2025-10-06,21142.45,8.14,84,331.03,19605.42,2032-10-05,activo
1926,2452,2025-02-16,13330.71,10.65,24,619.13,4761.48,2027-02-16,mora
1927,2453,2024-11-15,301347.3,8.21,300,2367.0,295175.55,2049-11-16,activo
1928,2454,2025-02-10,28933.51,6.83,12,2501.28,0,2026-02-10,pagado
1929,2455,2025-06-28,14805.87,8.76,36,469.17,10294.55,2028-06-27,activo
1930,2457,2026-06-17,19519.21,9.86,24,899.46,19519.21,2028-06-16,activo
1931,2458,2026-06-30,15750.69,10.27,48,401.5,15750.69,2030-06-30,activo
1932,2460,2026-04-16,12319.72,7.97,12,1071.48,11330.06,2027-04-16,activo
1933,2461,2025-07-20,15455.33,7.13,36,478.16,11077.18,2028-07-19,activo
1934,2464,2023-09-18,29478.73,11.78,48,773.13,10733.53,2027-09-18,mora
1935,2465,2025-12-03,12772.46,8.77,36,404.8,10869.25,2028-12-02,activo
1936,2466,2024-03-12,14774.4,10.97,60,321.02,8871.06,2029-03-12,mora
1937,2467,2023-03-31,8968.62,10.73,36,292.47,0.24,2026-03-30,pagado
1938,2468,2025-08-13,9382.58,9.35,12,822.04,1625.11,2026-08-13,activo
1939,2469,2025-02-22,9010.82,9.36,60,188.64,7002.21,2030-02-22,activo
1940,2470,2026-04-13,188973.39,10.9,240,1937.81,188528.78,2046-04-13,activo
1941,2473,2024-02-29,318000.62,9.54,300,2787.91,309888.77,2049-03-01,mora
1942,2474,2025-03-26,15469.07,8.11,12,1346.44,0,2026-03-26,pagado
1943,2476,2023-03-27,11220.69,8.26,60,228.9,4659.1,2028-03-26,mora
1944,2479,2026-06-22,14500.29,9.56,36,464.89,14500.29,2029-06-21,activo
1945,2480,2026-06-17,37198.11,8.95,60,771.28,37198.11,2031-06-17,activo
1946,2481,2025-02-10,288316.25,9.69,240,2722.69,281606.57,2045-02-10,activo
1947,2482,2025-01-13,41884.26,9.79,48,1058.06,28878.05,2029-01-13,activo
1948,2485,2023-01-16,196619.72,8.6,240,1719.27,181482.67,2043-01-16,mora
1949,2486,2026-03-21,25341.46,10.41,84,426.15,24717.14,2033-03-20,activo
1950,2487,2026-06-30,28863.15,9.67,48,727.51,28863.15,2030-06-30,activo
1951,2488,2024-02-19,21375.16,8.79,24,974.51,0,2026-02-18,pagado
1952,2490,2024-05-04,15441.07,8.67,60,318.08,9557.43,2029-05-04,activo
1953,2492,2023-03-28,21694.39,10.56,48,556.1,4790.43,2027-03-28,activo
1954,2495,2025-12-25,19867.62,10.38,36,644.59,16969.16,2028-12-24,mora
1955,2496,2025-03-22,8504.05,8.28,36,267.57,5214.71,2028-03-21,mora
1956,2497,2023-02-23,32910.94,7.72,36,1027.01,2.16,2026-02-22,activo
1957,2498,2024-06-15,15411.35,7.72,24,695.08,0,2026-06-15,pagado
1958,2499,2025-04-16,12097.85,8.82,60,250.1,9730.28,2030-04-16,mora
1959,2500,2025-09-25,25353.37,9.11,36,807.59,19646.21,2028-09-24,activo
1960,2501,2025-08-16,14465.97,10.15,48,367.93,11914.64,2029-08-16,activo
1961,2502,2025-11-10,10816.52,10.93,24,503.77,7901.07,2027-11-10,activo
1962,2503,2025-11-17,13399.47,7.81,60,270.45,12091.46,2030-11-17,activo
1963,2504,2025-09-14,13613.69,9.58,36,436.6,10566.41,2028-09-13,activo
1964,2505,2024-12-30,22758.39,10.16,72,423.43,18292.19,2030-12-30,activo
1965,2506,2023-03-19,21096.48,10.85,60,457.09,8708.39,2028-03-18,mora
1966,2507,2024-09-25,41664.88,9.92,84,690.02,33774.93,2031-09-25,activo
1967,2509,2024-06-12,21812.1,10.44,48,557.83,12035.7,2028-06-12,activo
1968,2513,2024-08-06,25863.54,9.1,48,644.87,14634.14,2028-08-06,mora
1969,2514,2025-09-24,26282.84,9.51,48,660.4,22564.04,2029-09-24,activo
1970,2515,2026-03-15,22147.95,10.15,84,369.35,21597.27,2033-03-14,activo
1971,2516,2026-02-24,11911.71,9.36,24,546.18,10077.31,2028-02-24,activo
1972,2518,2024-01-22,8578.31,9.2,24,392.68,0.15,2026-01-21,pagado
1973,2519,2026-06-17,253365.79,9.95,240,2437.06,253365.79,2046-06-17,activo
1974,2521,2025-05-06,129274.48,11.57,180,1516.14,125252.4,2040-05-06,activo
1975,2522,2024-07-09,5921.72,10.04,60,125.95,3900.25,2029-07-09,activo
1976,2525,2024-01-12,16247.51,10.21,60,346.9,9417.17,2029-01-11,impagado
1977,2526,2023-11-27,16336.94,9.52,36,523.5,2555.27,2026-11-26,activo
1978,2527,2026-05-29,28406.61,9.53,84,464.72,28167.49,2033-05-28,activo
1979,2528,2023-09-14,25417.29,6.97,48,608.24,8158.42,2027-09-14,mora
1980,2529,2024-07-29,32768.97,8.37,84,516.85,25603.92,2031-07-29,activo
1981,2531,2024-01-15,40792.38,11.04,48,1055.14,18313.92,2028-01-15,mora
1982,2533,2023-07-26,5225.86,8.67,36,165.38,164.17,2026-07-25,mora
1983,2534,2025-01-11,2807.83,10.48,12,247.48,0.0,2026-01-11,pagado
1984,2535,2024-02-18,16801.44,11.57,60,370.09,10148.96,2029-02-17,activo
1985,2536,2024-01-19,27456.09,9.66,36,881.56,5976.7,2027-01-18,mora
1986,2537,2025-11-28,2248.45,10.63,48,57.71,1976.77,2029-11-28,activo
1987,2538,2023-02-23,28346.06,9.08,24,1296.05,0,2025-02-22,pagado
1988,2539,2023-03-30,26933.59,11.25,60,588.96,11179.78,2028-03-29,mora
1989,2540,2026-06-30,39029.57,10.43,60,837.63,39029.57,2031-06-30,activo
1990,2541,2025-09-13,21518.13,7.63,60,432.51,18788.22,2030-09-13,activo
1991,2542,2025-08-15,9318.58,8.9,60,192.98,8037.74,2030-08-15,activo
1992,2543,2025-06-17,224026.69,10.88,180,2529.81,217735.49,2040-06-17,activo
1993,2546,2026-06-10,38960.2,9.0,48,969.59,38960.2,2030-06-10,activo
1994,2547,2024-09-07,15459.36,9.3,60,323.19,10601.38,2029-09-07,activo
1995,2550,2026-04-03,2214.67,9.19,12,193.87,1859.5,2027-04-03,activo
1996,2551,2026-02-08,20807.87,9.63,48,524.05,19362.32,2030-02-08,activo
1997,2552,2026-03-21,6586.2,9.04,48,164.03,6356.51,2030-03-21,activo
1998,2553,2025-05-17,19190.91,9.14,12,1679.5,0.25,2026-05-17,pagado
1999,2554,2024-08-08,41000.74,8.38,48,1008.34,23895.55,2028-08-08,mora
2000,2556,2025-12-30,20574.03,11.58,36,679.26,17619.22,2028-12-29,activo
2001,2557,2024-12-14,24901.83,9.2,12,2180.05,0,2025-12-14,pagado
2002,2558,2023-05-15,13925.27,9.81,48,351.88,3367.33,2027-05-15,mora
2003,2559,2024-02-24,9153.8,9.52,24,420.38,0,2026-02-23,pagado
2004,2560,2025-09-12,11257.14,9.1,24,514.78,7273.09,2027-09-12,activo
2005,2561,2026-03-22,3189.31,9.15,48,79.6,3022.2,2030-03-22,activo
2006,2562,2025-06-29,29384.22,9.99,36,948.02,20546.05,2028-06-28,activo
2007,2563,2025-09-22,4677.57,10.03,12,411.29,1213.63,2026-09-22,mora
2008,2564,2026-05-05,17851.87,9.09,72,322.57,17664.53,2032-05-04,activo
2009,2565,2024-08-21,7275.32,8.82,12,635.64,0,2025-08-21,pagado
2010,2566,2026-03-22,23369.16,7.12,60,464.12,22386.97,2031-03-22,activo
2011,2568,2023-12-07,19415.17,10.55,72,365.11,12521.49,2029-12-06,mora
2012,2569,2023-08-09,12885.55,8.9,72,231.61,7646.61,2029-08-08,mora
2013,2570,2023-04-23,198372.48,8.93,240,1775.53,185283.53,2043-04-23,mora
2014,2571,2024-03-11,6803.43,8.89,24,310.48,0,2026-03-11,pagado
2015,2572,2025-03-29,14338.25,10.72,84,243.42,12495.79,2032-03-28,activo
2016,2574,2023-12-20,319517.34,9.02,240,2879.18,303516.57,2043-12-20,mora
2017,2575,2024-10-14,3862.91,8.22,24,175.1,688.49,2026-10-14,mora
2018,2576,2026-03-26,18302.92,9.1,48,456.31,17343.14,2030-03-26,activo
2019,2577,2024-08-25,22434.69,11.01,60,487.86,15594.28,2029-08-25,mora
2020,2578,2026-03-05,36711.8,6.28,72,613.31,35867.23,2032-03-04,activo
2021,2579,2024-01-14,214318.99,6.83,240,1640.1,201108.42,2044-01-14,mora
2022,2580,2023-11-06,18440.43,9.46,48,462.92,6933.51,2027-11-06,mora
2023,2581,2025-01-06,17022.61,8.69,72,304.24,13556.72,2031-01-06,mora
2024,2582,2023-01-18,28897.12,8.62,60,594.52,10525.09,2028-01-18,activo
2025,2583,2023-11-25,263797.79,8.37,180,2577.09,238387.62,2038-11-25,mora
2026,2586,2025-09-09,5847.3,9.13,12,511.72,1511.94,2026-09-09,activo
2027,2587,2023-09-24,19800.29,8.18,24,897.17,0,2025-09-23,pagado
2028,2588,2023-09-26,24374.89,7.67,12,2116.63,0,2024-09-25,pagado
2029,2590,2023-01-09,20490.12,9.3,60,428.3,7172.0,2028-01-09,activo
2030,2591,2026-03-09,23209.64,10.76,36,757.23,21547.47,2029-03-08,activo
2031,2592,2023-06-28,25491.37,10.24,12,2243.91,0.41,2024-06-27,pagado
2032,2594,2026-05-20,14771.45,8.32,60,301.77,14572.1,2031-05-20,activo
2033,2595,2023-10-24,14808.39,8.0,60,300.29,7645.05,2028-10-23,mora
2034,2596,2023-07-28,43489.44,9.45,36,1392.0,1384.36,2026-07-27,mora
2035,2597,2026-04-29,277021.05,7.78,360,1990.25,276631.33,2056-04-29,activo
2036,2600,2023-10-03,29222.56,9.75,60,617.33,14910.63,2028-10-02,activo
2037,2601,2025-01-08,11611.21,8.62,24,528.41,3595.41,2027-01-08,activo
2038,2605,2023-01-21,4997.97,8.51,12,435.95,0,2024-01-21,pagado
2039,2607,2025-10-27,27434.19,10.62,72,516.89,25172.27,2031-10-27,activo
2040,2608,2023-08-28,11389.85,8.56,72,202.81,6731.11,2029-08-27,mora
2041,2609,2026-04-01,17569.52,9.4,48,440.54,16653.65,2030-04-01,activo
2042,2610,2024-08-03,140723.39,9.2,180,1443.77,131583.66,2039-08-04,activo
2043,2611,2025-08-14,16163.06,9.91,60,342.68,13991.58,2030-08-14,activo
2044,2612,2024-06-10,15466.27,10.1,72,287.32,11306.17,2030-06-10,mora
2045,2613,2024-04-11,34891.2,8.45,60,714.99,20989.19,2029-04-11,activo
2046,2614,2024-02-04,28839.72,9.82,12,2532.99,0.83,2025-02-03,pagado
2047,2615,2025-06-22,20812.28,9.16,48,519.47,16298.67,2029-06-22,activo
2048,2616,2026-04-21,3671.77,8.8,24,167.4,3389.79,2028-04-20,activo
2049,2617,2026-03-25,17545.24,9.26,72,318.52,16991.6,2032-03-24,activo
2050,2618,2026-04-07,11314.46,7.99,12,984.18,9490.72,2027-04-07,activo
2051,2619,2025-03-07,278049.97,9.02,180,2822.76,265641.25,2040-03-07,activo
2052,2620,2025-03-01,26487.46,8.79,36,839.7,15569.17,2028-02-29,activo
2053,2621,2024-11-23,43038.09,10.14,36,1391.64,21947.74,2027-11-23,activo
2054,2622,2024-06-14,14388.23,8.61,36,454.93,5213.04,2027-06-14,mora
2055,2623,2023-12-16,17261.82,10.66,60,372.37,9770.03,2028-12-15,activo
2056,2624,2024-06-05,13060.57,9.67,24,600.69,0.05,2026-06-05,pagado
2057,2625,2026-03-22,44161.11,8.75,72,790.6,42745.06,2032-03-21,activo
2058,2626,2026-02-07,23371.08,9.46,60,490.37,22132.01,2031-02-07,activo
2059,2627,2024-09-12,34658.28,9.67,48,873.61,21118.53,2028-09-12,mora
2060,2628,2026-01-02,6194.13,11.33,24,289.65,5016.26,2028-01-02,mora
2061,2629,2024-03-15,28202.79,10.46,60,605.61,17303.78,2029-03-15,activo
2062,2630,2025-07-03,22182.82,9.56,48,557.92,17402.61,2029-07-03,activo
2063,2632,2025-01-04,116414.66,8.57,240,1015.45,112892.68,2045-01-04,activo
2064,2633,2026-06-30,6475.56,9.53,24,297.41,6475.56,2028-06-29,activo
2065,2634,2026-06-30,3001.19,9.02,48,74.72,3001.19,2030-06-30,activo
2066,2635,2025-03-07,155951.2,9.27,180,1606.5,149136.55,2040-03-07,activo
2067,2636,2023-02-03,24692.66,8.64,60,508.26,8996.35,2028-02-03,activo
2068,2637,2025-06-04,2123.58,8.64,48,52.49,1659.07,2029-06-04,impagado
2069,2638,2026-06-07,26571.68,10.17,36,859.49,26571.68,2029-06-06,activo
2070,2639,2026-02-07,159404.18,10.45,180,1756.71,157910.55,2041-02-07,activo
2071,2640,2023-01-26,17864.47,10.77,60,386.33,6723.64,2028-01-26,mora
2072,2641,2026-03-03,298805.78,10.21,180,3250.32,296663.72,2041-03-03,activo
2073,2642,2025-05-05,27521.08,10.64,12,2427.78,0,2026-05-05,pagado
2074,2643,2025-05-24,24200.75,9.26,24,1108.45,11647.86,2027-05-24,mora
2075,2644,2023-04-20,29421.37,11.11,36,964.7,2.18,2026-04-19,mora
2076,2645,2026-06-05,29599.36,8.75,12,2585.11,29599.36,2027-06-05,activo
2077,2647,2026-06-22,13623.52,10.23,24,630.13,13623.52,2028-06-21,activo
2078,2648,2024-07-25,24498.27,9.22,36,781.5,9635.29,2027-07-25,mora
2079,2649,2025-11-25,7605.41,9.57,24,349.44,5534.89,2027-11-25,activo
2080,2650,2023-10-16,17797.19,10.49,60,382.44,9462.22,2028-10-15,mora
2081,2651,2025-06-04,18798.29,10.05,24,867.91,9083.45,2027-06-04,activo
2082,2652,2025-02-28,12097.22,10.59,48,310.25,8616.71,2029-02-28,mora
2083,2653,2025-03-20,28625.8,9.26,12,2506.88,0,2026-03-20,pagado
2084,2654,2023-03-10,8014.85,8.96,36,254.72,0.04,2026-03-09,pagado
2085,2655,2024-03-14,8868.86,8.06,60,180.1,5313.8,2029-03-14,activo
2086,2656,2025-10-12,21762.12,7.47,36,676.65,17337.16,2028-10-11,activo
2087,2657,2024-09-13,22914.12,7.73,36,715.18,10195.01,2027-09-13,mora
2088,2658,2026-06-14,9201.0,9.89,12,808.46,9201.0,2027-06-14,activo
2089,2659,2026-05-12,3732.35,9.76,60,78.86,3683.85,2031-05-12,activo
2090,2662,2025-01-13,25210.03,8.29,48,618.83,17218.06,2029-01-13,activo
2091,2663,2024-11-17,19617.66,9.05,36,624.31,9925.43,2027-11-17,mora
2092,2665,2024-03-14,85372.28,7.84,240,705.53,81199.62,2044-03-14,impagado
2093,2666,2024-03-13,134748.08,7.45,240,1081.53,127571.42,2044-03-13,mora
2094,2668,2026-06-30,29896.45,8.43,60,612.31,29896.45,2031-06-30,activo
2095,2670,2025-09-05,16329.28,8.74,72,292.28,14722.91,2031-09-05,activo
2096,2671,2024-05-11,37050.61,7.63,84,570.67,27609.28,2031-05-11,mora
2097,2672,2024-02-11,28379.0,8.07,48,693.7,12943.16,2028-02-11,mora
2098,2673,2026-05-01,12011.66,9.52,84,196.44,11808.56,2033-04-30,activo
2099,2674,2026-06-30,13583.85,10.88,84,231.7,13583.85,2033-06-29,activo
2100,2675,2026-06-01,19227.65,7.56,72,332.98,19227.65,2032-05-31,activo
2101,2676,2023-04-01,15494.79,7.24,36,480.12,0.65,2026-03-31,pagado
2102,2677,2026-04-22,17854.39,9.33,48,447.09,17235.45,2030-04-22,activo
2103,2678,2024-09-27,5440.39,8.59,48,134.33,3287.18,2028-09-27,activo
2104,2679,2026-05-28,17705.03,10.15,60,377.46,17477.33,2031-05-28,activo
2105,2681,2023-12-04,27101.38,6.87,60,534.94,14258.76,2028-12-03,activo
2106,2684,2025-09-25,23108.51,9.49,60,485.18,20298.93,2030-09-25,activo
2107,2685,2026-06-03,24562.0,9.18,12,2150.03,24562.0,2027-06-03,activo
2108,2686,2023-04-04,220245.78,10.3,360,1981.61,216044.0,2053-04-04,activo
2109,2688,2023-12-10,37659.92,11.24,36,1237.22,6016.09,2026-12-09,activo
2110,2689,2026-06-27,10221.01,8.96,12,893.64,10221.01,2027-06-27,activo
2111,2690,2025-05-01,11696.41,9.39,60,245.01,9434.82,2030-05-01,activo
2112,2691,2024-06-17,29929.4,8.79,36,948.82,10861.93,2027-06-17,activo
2113,2692,2023-12-22,9812.33,11.83,60,217.41,5623.56,2028-12-21,mora
2114,2693,2026-02-24,6093.2,7.95,24,275.43,5143.56,2028-02-24,activo
2115,2694,2024-12-28,20563.05,9.47,12,1802.77,0,2025-12-28,pagado
2116,2696,2023-01-17,3677.61,8.51,36,116.11,0.01,2026-01-16,pagado
2117,2697,2025-11-08,44511.23,10.29,60,952.04,40414.55,2030-11-08,activo
2118,2698,2025-12-06,19466.9,9.17,24,890.83,14928.55,2027-12-06,activo
2119,2700,2023-07-17,23621.51,8.91,12,2064.77,0,2024-07-16,pagado
2120,2702,2023-04-29,257452.09,9.05,240,2323.91,240701.97,2043-04-29,activo
2121,2703,2024-01-30,18679.09,9.65,60,393.71,11066.66,2029-01-29,impagado
2122,2704,2026-02-03,31493.72,8.32,60,643.43,29775.66,2031-02-03,activo
2123,2705,2023-07-02,38163.39,8.53,60,783.55,17231.36,2028-07-01,mora
2124,2708,2025-01-16,5890.34,10.4,60,126.31,4518.24,2030-01-16,activo
2125,2710,2024-01-17,42047.07,9.45,36,1345.85,9133.38,2027-01-16,activo
2126,2711,2024-06-13,24094.66,9.46,48,604.93,13177.7,2028-06-13,activo
2127,2712,2023-11-03,14660.84,9.94,12,1288.53,0,2024-11-02,pagado
2128,2713,2023-05-25,21171.32,9.39,48,530.76,5574.28,2027-05-25,mora
2129,2715,2025-11-02,19676.42,11.02,48,508.78,17315.58,2029-11-02,impagado
2130,2716,2024-02-03,190935.42,10.91,360,1805.95,188623.63,2054-02-03,mora
2131,2717,2023-10-29,23237.78,10.5,24,1077.73,0,2025-10-28,pagado
2132,2718,2024-10-29,35505.15,9.62,36,1139.4,17043.04,2027-10-29,mora
2133,2719,2025-11-10,15416.62,9.17,24,705.51,11207.19,2027-11-10,activo
2134,2720,2025-05-20,27559.34,11.01,36,902.45,18633.74,2028-05-19,mora
2135,2721,2026-06-30,20434.92,10.03,48,518.55,20434.92,2030-06-30,activo
2136,2722,2024-07-04,25830.35,10.13,12,2272.51,0,2025-07-04,pagado
2137,2723,2024-03-15,5968.89,9.43,12,523.17,0.12,2025-03-15,pagado
2138,2724,2023-10-27,162631.91,8.52,240,1413.47,153371.34,2043-10-27,mora
2139,2725,2023-08-05,20719.49,7.99,24,937.01,0,2025-08-04,pagado
2140,2728,2023-08-25,27343.05,10.77,48,703.62,9219.5,2027-08-25,mora
2141,2730,2024-03-15,21216.92,8.05,60,430.7,12712.4,2029-03-15,mora
2142,2731,2025-02-02,14545.8,8.69,48,359.86,9958.91,2029-02-02,activo
2143,2732,2024-08-27,8555.91,8.24,48,209.86,4980.47,2028-08-27,activo
2144,2735,2025-05-19,12967.45,8.78,48,321.32,9890.95,2029-05-19,activo
2145,2736,2025-12-10,12537.48,8.65,36,396.65,10666.39,2028-12-09,activo
2146,2737,2025-09-14,10135.37,10.01,60,215.39,8917.71,2030-09-14,mora
2147,2738,2026-04-16,203330.22,9.23,240,1859.71,203034.46,2046-04-16,impagado
2148,2739,2026-06-24,11295.94,9.49,48,283.75,11295.94,2030-06-24,activo
2149,2740,2026-05-02,42329.42,8.95,36,1345.04,41300.09,2029-05-01,activo
2150,2741,2023-06-09,28969.78,10.52,24,1343.76,0.32,2025-06-08,pagado
2151,2742,2025-06-30,6222.03,10.73,24,289.21,3277.1,2027-06-30,activo
2152,2743,2023-01-17,42465.27,9.49,72,775.84,21254.7,2029-01-16,mora
2153,2744,2023-06-19,24983.01,9.22,72,453.1,14200.22,2029-06-18,activo
2154,2745,2024-12-22,8146.51,9.71,12,715.11,0,2025-12-22,pagado
2155,2746,2023-08-06,150380.92,11.92,180,1797.35,137749.29,2038-08-06,mora
2156,2747,2024-12-05,29674.64,9.98,36,957.2,15117.39,2027-12-05,mora
2157,2748,2026-04-04,3365.3,8.85,24,153.51,3106.97,2028-04-03,activo
2158,2750,2023-04-17,109505.47,8.27,240,934.45,101493.08,2043-04-17,mora
2159,2751,2024-02-22,20725.63,8.75,60,427.76,12166.9,2029-02-21,mora
2160,2753,2025-04-21,18976.64,9.2,24,868.69,8331.45,2027-04-21,activo
2161,2754,2026-06-04,27818.24,10.42,48,711.19,27818.24,2030-06-04,activo
2162,2755,2025-04-12,6750.6,10.15,60,143.95,5465.52,2030-04-12,activo
2163,2756,2025-01-12,22281.69,9.73,48,562.25,15790.66,2029-01-12,activo
2164,2757,2026-06-12,8312.5,11.22,60,181.66,8312.5,2031-06-12,activo
2165,2758,2024-12-10,43157.34,9.27,72,783.76,34495.8,2030-12-10,mora
2166,2759,2023-06-28,7928.07,8.03,12,689.76,0.0,2024-06-27,pagado
2167,2760,2026-04-06,6966.69,7.73,12,605.14,5842.56,2027-04-06,activo
2168,2761,2025-07-08,19873.62,8.21,60,404.97,17099.26,2030-07-08,impagado
2169,2764,2023-01-25,25566.4,10.97,24,1191.29,0,2025-01-24,pagado
2170,2765,2024-05-01,14399.59,8.83,24,656.69,0.76,2026-05-01,pagado
2171,2767,2026-04-25,148187.38,11.51,360,1469.01,148139.73,2056-04-25,impagado
2172,2768,2026-05-07,15065.93,11.03,60,327.78,14876.63,2031-05-07,activo
2173,2769,2026-06-18,22783.72,10.54,48,583.83,22783.72,2030-06-18,activo
2174,2770,2024-01-20,17340.02,9.22,36,553.23,3754.53,2027-01-19,activo
2175,2771,2024-06-01,17902.06,9.51,24,822.06,0,2026-06-01,pagado
2176,2772,2023-03-11,4730.22,9.15,12,413.99,0.05,2024-03-10,pagado
2177,2774,2025-06-15,3032.14,8.33,48,74.5,2365.65,2029-06-15,activo
2178,2775,2026-06-12,12471.75,9.33,84,202.72,12471.75,2033-06-11,activo
2179,2776,2025-12-06,6078.41,8.45,12,530.01,3103.22,2026-12-06,activo
2180,2777,2026-05-19,13733.2,9.7,60,289.77,13554.44,2031-05-19,activo
2181,2778,2026-05-28,24509.68,9.82,48,619.55,24090.7,2030-05-28,activo
2182,2779,2025-06-14,17144.31,9.31,36,547.67,11950.49,2028-06-13,activo
2183,2780,2024-12-19,29151.77,9.83,36,938.27,15645.17,2027-12-19,activo
2184,2781,2024-10-16,41742.98,10.05,60,888.03,30072.92,2029-10-16,mora
2185,2782,2026-04-07,24301.68,10.98,24,1132.42,22473.23,2028-04-06,activo
2186,2783,2026-04-28,14770.73,8.31,48,362.74,14248.02,2030-04-28,activo
2187,2784,2026-05-20,8554.7,7.94,84,133.09,8478.21,2033-05-19,activo
2188,2785,2025-05-13,22550.54,10.24,48,574.59,17319.98,2029-05-13,activo
2189,2788,2024-10-09,21269.53,9.57,84,348.41,17409.5,2031-10-09,mora
2190,2789,2025-09-13,43612.6,8.7,36,1380.77,33748.79,2028-09-12,activo
2191,2790,2025-07-17,6220.55,10.21,24,287.65,3525.9,2027-07-17,activo
2192,2791,2023-06-20,23574.45,8.45,36,743.6,1.68,2026-06-19,mora
2193,2792,2025-06-03,29782.95,9.86,72,549.7,25616.69,2031-06-03,activo
2194,2797,2026-06-11,41547.55,10.65,60,896.03,41547.55,2031-06-11,activo
2195,2798,2023-08-29,19221.79,9.18,24,879.72,0.28,2025-08-28,pagado
2196,2799,2024-01-21,9764.78,9.69,48,246.2,4320.95,2028-01-21,activo
2197,2800,2024-08-31,2793.45,9.49,24,128.25,253.41,2026-08-31,activo
2198,2803,2026-06-30,2010.37,9.54,12,176.32,2010.37,2027-06-30,activo
2199,2804,2023-07-05,12897.5,9.94,60,273.65,5933.99,2028-07-04,mora
2200,2805,2024-10-13,24508.74,10.56,60,527.48,17722.76,2029-10-13,mora
2201,2806,2025-11-08,31102.29,9.43,84,507.28,29218.26,2032-11-07,mora
2202,2807,2026-05-08,40083.8,8.81,60,828.3,39549.78,2031-05-08,activo
2203,2808,2026-06-11,27741.83,8.28,24,1258.26,27741.83,2028-06-10,activo
2204,2809,2023-09-12,30664.91,9.15,48,765.23,10127.47,2027-09-12,activo
2205,2810,2025-03-23,13192.22,10.09,36,426.22,8174.02,2028-03-22,activo
2206,2811,2025-02-04,12548.64,11.02,36,410.96,7134.52,2028-02-04,mora
2207,2812,2025-12-22,129354.18,11.91,240,1416.52,128538.09,2045-12-22,activo
2208,2813,2026-01-18,44677.19,8.96,84,717.94,42726.53,2033-01-17,activo
2209,2814,2023-04-30,16511.59,8.65,48,408.14,3924.84,2027-04-30,mora
2210,2816,2026-05-22,6772.05,9.52,60,142.29,6683.48,2031-05-22,activo
2211,2817,2026-06-30,255046.25,10.86,240,2608.06,255046.25,2046-06-30,activo
2212,2818,2025-04-25,23958.14,7.71,60,482.48,19161.34,2030-04-25,activo
2213,2819,2024-03-05,2876.61,6.82,36,88.58,691.04,2027-03-05,activo
2214,2820,2025-08-23,7005.29,9.87,48,177.25,5763.71,2029-08-23,activo
2215,2821,2026-05-04,19285.54,9.79,36,620.42,18822.46,2029-05-03,activo
2216,2822,2025-01-08,143554.71,10.91,360,1357.03,142665.58,2055-01-09,activo
2217,2824,2025-03-28,17717.62,7.77,36,553.29,10832.39,2028-03-27,activo
2218,2825,2023-04-11,18906.66,8.48,24,859.26,0,2025-04-10,pagado
2219,2826,2023-06-22,5954.11,8.81,48,147.62,1690.34,2027-06-22,mora
2220,2827,2026-02-21,5898.02,8.06,60,119.75,5574.24,2031-02-21,activo
2221,2828,2023-10-16,16242.69,9.68,60,342.56,8554.73,2028-10-15,mora
2222,2830,2024-11-21,8119.73,10.58,48,208.2,5307.5,2028-11-21,activo
2223,2831,2024-03-06,39613.63,8.45,36,1249.59,9687.13,2027-03-06,activo
2224,2833,2023-08-20,15111.88,8.0,36,473.58,936.63,2026-08-19,mora
2225,2834,2024-10-27,23750.18,7.87,36,742.78,11248.74,2027-10-27,mora
2226,2836,2024-01-01,18074.73,9.83,48,456.97,7617.72,2028-01-01,activo
2227,2837,2026-05-16,35573.51,9.01,72,641.36,35199.25,2032-05-15,activo
2228,2838,2025-03-13,27323.53,8.78,84,436.56,23586.19,2032-03-12,mora
2229,2839,2024-08-25,3458.28,8.42,12,301.49,0.15,2025-08-25,pagado
2230,2840,2024-09-19,6065.38,8.54,24,275.82,815.74,2026-09-19,activo
2231,2841,2026-06-04,29404.65,11.04,60,639.9,29404.65,2031-06-04,activo
2232,2843,2023-05-14,14624.75,8.01,48,357.08,3444.27,2027-05-14,mora
2233,2844,2025-07-05,12905.87,8.82,24,588.51,6736.61,2027-07-05,activo
2234,2845,2026-01-06,7225.06,9.55,48,181.7,6594.09,2030-01-06,activo
2235,2846,2023-12-25,141429.62,9.87,240,1352.22,135269.42,2043-12-25,impagado
2236,2847,2023-01-29,20297.31,7.52,48,490.95,3352.43,2027-01-29,mora
2237,2849,2023-04-27,23922.86,11.68,60,528.24,10841.91,2028-04-26,activo
2238,2851,2024-05-25,6970.39,10.83,48,179.59,3714.43,2028-05-25,mora
2239,2852,2023-09-21,19928.6,9.95,24,919.14,0.1,2025-09-20,pagado
2240,2853,2026-06-30,33217.61,10.17,84,554.43,33217.61,2033-06-29,activo
2241,2854,2024-10-24,21958.1,5.87,36,666.74,10236.11,2027-10-24,activo
2242,2855,2023-03-21,5398.21,8.45,60,110.62,2152.56,2028-03-20,mora
2243,2858,2026-01-05,13704.81,9.45,84,223.64,13117.05,2033-01-04,activo
2244,2859,2023-04-03,4463.97,8.1,36,140.1,0,2026-04-02,pagado
2245,2861,2025-05-04,9157.84,9.49,48,230.03,6834.26,2029-05-04,activo
2246,2862,2023-08-20,15094.8,9.44,48,378.76,5004.38,2027-08-20,mora
2247,2863,2026-06-01,11836.05,8.18,36,371.88,11836.05,2029-05-31,activo
2248,2864,2026-04-29,1904.26,7.21,12,164.95,1596.32,2027-04-29,activo
2249,2865,2025-12-22,19126.57,9.42,36,612.0,16300.48,2028-12-21,activo
2250,2866,2026-06-30,14003.87,9.32,60,292.87,14003.87,2031-06-30,activo
2251,2870,2026-02-02,4536.06,9.01,48,112.91,4217.08,2030-02-02,activo
2252,2871,2026-03-18,26299.6,8.36,48,646.49,24900.09,2030-03-18,activo
2253,2872,2023-09-09,13354.9,9.72,24,614.55,0,2025-09-08,pagado
2254,2873,2023-08-13,39337.62,10.04,60,836.65,18798.76,2028-08-12,mora
2255,2874,2025-11-21,37804.43,8.54,48,932.49,33059.95,2029-11-21,activo
2256,2875,2024-09-23,11649.91,9.0,36,370.49,5565.41,2027-09-23,impagado
2257,2876,2026-06-11,23859.84,9.41,24,1094.57,23859.84,2028-06-10,activo
2258,2877,2026-03-31,288595.36,8.84,300,2390.44,287796.14,2051-04-01,activo
2259,2878,2024-06-14,15923.46,7.12,36,492.57,5688.1,2027-06-14,mora
2260,2879,2023-01-25,29521.33,10.56,36,960.34,0.45,2026-01-24,pagado
2261,2880,2026-02-06,42311.89,8.89,36,1343.32,38146.45,2029-02-05,activo
2262,2881,2024-03-31,39594.69,9.68,36,1271.65,10997.3,2027-03-31,activo
2263,2882,2024-11-22,242109.75,8.12,360,1795.97,238923.91,2054-11-23,mora
2264,2883,2026-03-14,14382.81,8.64,48,355.49,13621.55,2030-03-14,activo
2265,2884,2026-03-14,18660.95,8.95,36,593.0,17289.31,2029-03-13,activo
2266,2885,2025-04-17,20222.32,10.46,48,517.36,15166.86,2029-04-17,activo
2267,2887,2025-07-30,23861.16,10.13,60,508.51,20337.01,2030-07-30,activo
2268,2888,2024-05-15,15266.0,10.42,60,327.5,10089.09,2029-05-15,impagado
2269,2889,2026-05-04,20857.27,8.96,72,375.57,20637.43,2032-05-03,activo
2270,2891,2023-11-10,32166.37,8.92,36,1021.64,4013.52,2026-11-09,mora
2271,2892,2025-08-07,18917.35,10.08,84,314.82,17466.04,2032-08-06,activo
2272,2893,2024-11-25,24738.32,10.22,60,528.33,18217.42,2029-11-25,mora
2273,2894,2025-10-02,8897.37,8.96,60,184.54,7802.11,2030-10-02,mora
2274,2896,2025-08-26,13318.56,9.94,60,282.6,11530.12,2030-08-26,activo
2275,2897,2025-07-13,42475.27,9.25,72,770.9,37404.48,2031-07-13,activo
2276,2898,2025-06-11,26616.42,9.62,36,854.11,18579.36,2028-06-10,activo
2277,2900,2026-06-30,20167.58,10.48,36,655.32,20167.58,2029-06-29,activo
2278,2901,2023-11-20,16501.66,10.27,36,534.53,2606.44,2026-11-19,mora
2279,2903,2025-01-04,8463.32,10.57,48,216.97,5698.46,2029-01-04,activo
2280,2904,2026-04-13,19794.34,10.52,36,643.52,18850.24,2029-04-12,activo
2281,2906,2025-04-06,28416.28,10.63,12,2506.64,0,2026-04-06,pagado
2282,2908,2024-09-22,23982.02,8.68,60,494.17,16737.11,2029-09-22,activo
2283,2910,2025-10-14,30252.64,8.97,48,752.39,25930.82,2029-10-14,activo
2284,2911,2026-05-04,32893.73,7.97,48,802.5,32309.7,2030-05-04,activo
2285,2912,2025-06-19,239989.57,9.08,360,1944.73,238377.89,2055-06-20,activo
2286,2913,2025-04-12,21389.44,10.81,12,1888.56,0,2026-04-12,pagado
2287,2914,2023-06-19,236848.75,9.42,360,1978.49,232067.65,2053-06-19,mora
2288,2915,2024-11-15,31694.67,9.76,72,583.38,25033.93,2030-11-15,mora
2289,2916,2023-02-16,37374.86,9.0,84,601.26,22035.18,2030-02-15,mora
2290,2917,2026-01-11,11824.97,8.65,60,243.48,11022.27,2031-01-11,activo
2291,2918,2026-03-08,18268.86,9.41,12,1601.1,13860.95,2027-03-08,activo
2292,2919,2023-05-11,39699.03,7.56,36,1236.05,0,2026-05-10,pagado
2293,2921,2025-08-30,158985.77,11.72,300,1641.81,158055.11,2050-08-31,activo
2294,2924,2025-09-07,26432.5,10.0,24,1219.72,17131.72,2027-09-07,mora
2295,2925,2024-07-11,17041.85,9.11,60,354.67,11403.47,2029-07-11,activo
2296,2926,2025-07-19,213281.5,7.77,240,1753.06,209053.71,2045-07-19,activo
2297,2927,2024-03-22,23352.97,9.4,12,2046.56,0.33,2025-03-22,pagado
2298,2929,2024-04-19,21251.91,8.36,84,335.06,15941.8,2031-04-19,mora
2299,2930,2024-06-02,14655.41,10.16,48,372.8,7762.74,2028-06-02,mora
2300,2931,2024-12-01,29379.24,9.06,48,732.0,18997.96,2028-12-01,activo
2301,2932,2025-12-21,9477.77,9.25,12,829.93,4848.12,2026-12-21,activo
2302,2933,2025-02-25,16596.25,9.47,48,416.69,11743.96,2029-02-25,activo
2303,2934,2024-07-02,5419.81,7.83,24,244.7,0.09,2026-07-02,pagado
2304,2935,2025-08-28,25364.12,9.99,36,818.33,19059.8,2028-08-27,activo
2305,2936,2024-06-21,24378.73,8.18,24,1104.6,0,2026-06-21,pagado
2306,2937,2025-06-20,8567.93,9.68,60,180.71,7167.75,2030-06-20,activo
2307,2938,2023-12-22,22172.61,8.91,24,1012.07,0,2025-12-21,pagado
2308,2939,2023-10-03,41171.17,11.16,60,898.37,21368.02,2028-10-02,mora
2309,2940,2025-06-01,11642.8,9.85,12,1022.76,0.19,2026-06-01,pagado
2310,2941,2025-08-14,27245.76,11.06,48,704.94,22514.59,2029-08-14,mora
2311,2942,2025-09-15,2968.4,10.02,36,95.81,2307.41,2028-09-14,activo
2312,2943,2026-01-08,2007.54,8.82,60,41.5,1871.84,2031-01-08,activo
2313,2944,2025-09-02,25641.63,7.31,12,2222.4,4403.94,2026-09-02,activo
2314,2945,2024-11-02,21278.45,8.49,24,967.14,3800.81,2026-11-02,mora
2315,2946,2025-07-13,23464.15,8.77,48,581.33,18787.44,2029-07-13,activo
2316,2947,2025-10-01,30617.63,9.34,60,640.64,26881.83,2030-10-01,activo
2317,2948,2026-03-25,11052.27,10.45,48,282.69,10488.06,2030-03-25,activo
2318,2949,2023-07-17,1759.8,10.13,24,81.32,0,2025-07-16,pagado
2319,2950,2024-05-23,29006.24,9.08,12,2537.71,0.06,2025-05-23,pagado
2320,2951,2023-06-01,18912.15,10.25,60,404.13,8408.24,2028-05-31,mora
2321,2952,2024-02-17,26604.08,9.15,24,1217.19,1.11,2026-02-16,activo
2322,2953,2023-08-11,7782.99,10.6,36,253.35,250.44,2026-08-10,activo
2323,2954,2025-08-17,16638.44,6.98,24,744.77,9986.27,2027-08-17,activo
2324,2960,2024-03-03,5914.06,10.54,60,127.23,3536.01,2029-03-03,mora
2325,2961,2023-07-15,18121.3,7.88,48,441.33,5078.95,2027-07-15,activo
2326,2962,2025-07-28,21847.05,9.92,84,361.79,19769.53,2032-07-27,activo
2327,2963,2026-01-12,6966.49,9.64,48,175.48,6359.23,2030-01-12,activo
2328,2964,2026-03-22,19724.69,8.18,48,483.18,18671.37,2030-03-22,activo
2329,2965,2025-08-22,20632.31,10.97,36,675.23,15561.01,2028-08-21,mora
2330,2967,2024-07-18,25445.08,9.0,36,809.12,10716.19,2027-07-18,mora
2331,2968,2023-02-01,13282.04,7.58,24,598.19,0,2025-01-31,pagado
2332,2969,2024-05-14,9194.29,10.36,60,197.0,5927.92,2029-05-14,mora
2333,2971,2026-06-30,26892.42,9.62,72,493.04,26892.42,2032-06-29,activo
2334,2972,2026-03-03,29762.04,10.18,12,2619.04,22601.96,2027-03-03,activo
2335,2973,2026-05-28,22105.7,10.08,48,561.47,21729.92,2030-05-28,activo
2336,2974,2024-06-03,2788.69,12.04,48,73.49,1560.64,2028-06-03,impagado
2337,2976,2023-01-21,178536.19,8.84,300,1479.12,170724.23,2048-01-22,activo
2338,2977,2023-11-01,32852.19,7.81,36,1026.52,4042.93,2026-10-31,mora
2339,2978,2026-02-13,7607.3,8.99,48,189.28,7072.17,2030-02-13,activo
2340,2980,2025-05-02,26333.02,9.09,84,424.93,23016.39,2032-05-01,activo
2341,2981,2025-11-29,19247.73,9.71,84,316.68,18093.48,2032-11-28,activo
2342,2983,2025-02-13,14716.58,9.28,48,368.15,10402.35,2029-02-13,mora
2343,2984,2025-04-17,40479.76,8.98,84,650.81,35365.21,2032-04-16,activo
2344,2985,2025-02-28,30569.99,9.49,72,558.54,25189.46,2031-02-28,activo
2345,2986,2026-06-08,21996.3,9.09,60,457.53,21996.3,2031-06-08,activo
2346,2988,2026-06-11,28397.31,10.44,36,922.24,28397.31,2029-06-10,activo
2347,2990,2023-12-05,8707.99,8.26,48,213.66,3416.27,2027-12-05,mora
2348,2992,2025-08-14,20661.28,10.16,24,954.93,13398.8,2027-08-14,impagado
2349,2993,2024-10-29,24707.26,10.73,60,533.85,17887.47,2029-10-29,mora
2350,2994,2025-10-18,2934.77,9.54,48,73.78,2519.77,2029-10-18,activo
2351,2995,2025-11-02,11316.02,8.0,12,984.36,3872.71,2026-11-02,activo
2352,2996,2024-05-30,15757.61,9.66,48,397.11,8633.88,2028-05-30,mora
2353,2997,2025-12-05,10708.98,7.2,60,213.05,9802.7,2030-12-05,activo
2354,2998,2026-03-09,195454.76,8.06,300,1515.89,194841.4,2051-03-10,activo
2355,2999,2024-08-14,33865.92,7.84,48,824.2,20341.63,2028-08-14,impagado
2356,3000,2024-04-10,23566.84,10.97,48,608.76,11583.5,2028-04-10,mora
2357,3004,2024-08-18,25213.34,10.25,72,470.3,19071.88,2030-08-18,activo
2358,3005,2026-03-25,24473.99,11.0,60,532.1,23542.24,2031-03-25,activo
2359,3006,2026-02-24,25825.22,7.5,84,396.12,24877.53,2033-02-23,activo
2360,3007,2025-08-04,19586.06,8.12,12,1704.81,1693.82,2026-08-04,activo
2361,3008,2024-11-03,5306.76,8.63,36,167.84,2528.17,2027-11-03,mora
2362,3009,2023-12-31,14487.32,11.2,60,316.41,8247.49,2028-12-30,mora
2363,3010,2024-05-09,4996.56,8.76,24,227.71,0.18,2026-05-09,pagado
2364,3011,2024-02-13,8377.49,7.99,12,728.71,0,2025-02-12,pagado
2365,3012,2025-02-08,11444.84,8.88,48,284.14,8070.29,2029-02-08,mora
2366,3013,2023-10-01,20798.62,9.57,36,666.89,1970.47,2026-09-30,mora
2367,3014,2024-04-08,13796.4,6.7,24,615.8,0.66,2026-04-08,pagado
2368,3015,2026-02-16,25618.38,7.31,48,617.1,23757.29,2030-02-16,activo
2369,3016,2024-10-22,211244.8,10.23,300,1954.15,207917.58,2049-10-23,mora
2370,3017,2026-06-30,16525.48,9.1,12,1445.94,16525.48,2027-06-30,activo
2371,3018,2023-06-04,12050.81,9.34,12,1055.77,0,2024-06-03,pagado
2372,3019,2024-11-13,28272.73,9.21,72,512.56,22251.65,2030-11-13,activo
2373,3020,2024-03-17,21549.01,8.22,12,1876.73,0,2025-03-17,pagado
2374,3025,2026-06-04,17305.61,9.02,60,359.38,17305.61,2031-06-04,activo
2375,3026,2026-02-10,16220.33,9.12,24,741.95,13717.27,2028-02-10,activo
2376,3027,2026-04-08,18066.06,9.71,24,831.21,16690.47,2028-04-07,activo
2377,3028,2024-06-13,16163.26,7.15,48,388.15,8657.43,2028-06-13,activo
2378,3029,2023-07-06,7949.02,8.66,60,163.72,3594.7,2028-07-05,mora
2379,3031,2026-01-01,28377.72,11.94,24,1335.09,21902.11,2028-01-01,activo
2380,3032,2026-01-08,22747.63,9.6,36,729.7,19964.87,2029-01-07,activo
2381,3033,2023-02-09,31609.37,8.72,84,504.16,18555.09,2030-02-08,mora
2382,3034,2025-09-26,17692.07,10.8,48,455.52,14927.41,2029-09-26,activo
2383,3036,2026-01-16,26685.21,10.46,24,1237.0,21574.92,2028-01-16,activo
2384,3037,2023-08-30,28557.34,10.27,36,925.15,1824.31,2026-08-29,mora
2385,3038,2024-03-03,13635.07,9.24,12,1193.91,0.19,2025-03-03,pagado
2386,3040,2024-09-22,25509.37,9.4,60,534.45,17903.45,2029-09-22,mora
2387,3041,2024-02-26,110824.12,10.39,300,1037.75,108358.36,2049-02-26,activo
2388,3042,2026-06-30,4045.9,9.21,60,84.4,4045.9,2031-06-30,activo
2389,3043,2024-10-06,3552.05,10.36,24,164.49,485.33,2026-10-06,activo
2390,3044,2023-05-10,12776.03,8.79,60,263.93,5343.4,2028-05-09,activo
2391,3045,2025-08-24,24990.08,7.86,12,2172.21,4302.36,2026-08-24,mora
2392,3046,2026-03-28,105660.21,8.62,360,821.21,105472.21,2056-03-28,activo
2393,3047,2024-12-08,15576.37,8.75,24,709.8,4152.62,2026-12-08,mora
2394,3048,2025-03-02,28276.41,8.37,12,2464.5,0.75,2026-03-02,pagado
2395,3049,2026-01-12,23524.72,9.44,60,493.37,21958.73,2031-01-12,activo
2396,3050,2023-09-13,32300.42,7.08,36,998.59,1977.08,2026-09-12,mora
2397,3051,2024-04-08,13714.0,10.66,48,352.2,6719.46,2028-04-08,mora
2398,3052,2024-07-21,10437.9,8.75,36,330.7,4087.79,2027-07-21,mora
2399,3053,2024-02-11,25272.13,8.7,36,800.11,5442.33,2027-02-10,mora
2400,3054,2025-02-20,22704.96,8.45,48,559.07,15969.27,2029-02-20,activo
2401,3055,2024-03-10,159648.05,9.53,360,1346.21,157202.39,2054-03-11,mora
2402,3056,2025-03-21,33715.24,7.32,72,579.97,27854.44,2031-03-21,activo
2403,3058,2025-09-23,7455.1,7.03,60,147.74,6605.3,2030-09-23,mora
2404,3059,2026-03-23,8205.56,8.44,48,202.0,7769.65,2030-03-23,activo
2405,3060,2026-06-30,22627.99,9.49,24,1038.85,22627.99,2028-06-29,activo
2406,3061,2024-11-10,3249.12,9.25,48,81.25,2103.81,2028-11-10,mora
2407,3062,2024-12-26,13637.3,8.55,24,620.2,4806.34,2026-12-26,impagado
2408,3063,2026-03-25,4043.18,9.44,24,185.52,3578.4,2028-03-24,activo
2409,3065,2025-05-15,19093.99,10.13,12,1679.82,0,2026-05-15,pagado
2410,3066,2024-07-29,241413.12,10.83,300,2337.2,237383.14,2049-07-30,mora
2411,3067,2024-03-16,18688.12,11.06,36,612.32,5266.69,2027-03-16,mora
2412,3068,2023-01-19,37695.54,10.85,36,1231.41,0.75,2026-01-18,pagado
2413,3071,2023-12-26,18529.88,8.05,12,1612.31,0.04,2024-12-25,pagado
2414,3072,2024-03-25,8456.28,8.36,36,266.39,2316.3,2027-03-25,mora
2415,3073,2025-03-14,26497.1,9.15,60,551.98,20958.36,2030-03-14,mora
2416,3074,2025-10-21,16071.93,9.53,12,1409.48,5527.58,2026-10-21,activo
2417,3075,2026-01-28,21713.72,9.57,12,1904.65,12917.11,2027-01-28,activo
2418,3076,2025-12-01,39711.21,11.23,48,1030.77,34965.66,2029-12-01,mora
2419,3077,2023-07-20,20901.06,8.01,36,655.05,651.1,2026-07-19,mora
2420,3078,2023-01-12,28857.95,9.0,36,917.69,0,2026-01-11,pagado
2421,3079,2025-05-01,16014.81,9.64,72,293.76,13578.64,2031-05-01,activo
2422,3080,2024-07-13,23925.13,8.36,12,2085.23,0,2025-07-13,pagado
2423,3083,2024-12-31,18112.36,11.13,72,346.0,14642.67,2030-12-31,activo
2424,3085,2023-12-24,25277.94,11.71,72,490.39,16831.04,2029-12-23,mora
2425,3086,2023-12-27,23153.13,10.13,48,588.7,9791.05,2027-12-27,mora
2426,3088,2025-04-03,113064.67,10.16,180,1226.21,108782.66,2040-04-03,mora
2427,3089,2024-05-06,18809.62,8.73,36,595.76,5726.76,2027-05-06,activo
2428,3090,2025-12-10,11970.59,7.94,24,541.07,9153.16,2027-12-10,mora
2429,3091,2026-05-28,245814.73,10.27,300,2280.5,245637.99,2051-05-29,activo
2430,3092,2026-05-31,24651.34,11.16,60,537.97,24342.63,2031-05-31,activo
2431,3093,2023-09-06,18763.11,8.6,84,298.05,12490.48,2030-09-05,activo
2432,3095,2026-05-05,6452.42,10.42,60,138.43,6370.02,2031-05-05,activo
2433,3096,2025-05-22,23480.9,10.09,60,499.97,19343.28,2030-05-22,activo
2434,3097,2025-01-05,21287.42,8.0,60,431.66,16412.35,2030-01-05,impagado
2435,3098,2025-11-04,28726.45,9.77,48,725.45,25200.27,2029-11-04,activo
2436,3099,2023-12-28,20917.6,10.07,48,531.22,8840.9,2027-12-28,mora
2437,3100,2026-04-19,28294.81,9.5,60,594.3,27551.28,2031-04-19,activo
2438,3101,2024-12-12,5237.04,9.17,48,130.76,3596.45,2028-12-12,impagado
2439,3103,2025-01-15,270439.83,10.2,360,2413.99,268473.46,2055-01-16,impagado
2440,3104,2024-09-26,18349.26,9.53,36,588.06,8284.02,2027-09-26,activo
2441,3105,2025-05-27,41122.53,6.68,84,614.18,35943.35,2032-05-26,mora
2442,3106,2026-05-19,12572.18,8.62,60,258.65,12403.84,2031-05-19,activo
2443,3107,2023-03-13,21485.8,7.79,24,969.72,0,2025-03-12,pagado
2444,3108,2025-07-06,25234.58,9.08,60,524.85,21419.42,2030-07-06,activo
2445,3109,2023-06-26,4167.16,6.92,60,82.36,1840.86,2028-06-25,mora
2446,3110,2024-11-15,26984.77,7.32,48,650.16,17234.84,2028-11-15,mora
2447,3111,2026-04-20,3663.88,11.21,36,120.31,3490.91,2029-04-19,activo
2448,3112,2026-05-21,28408.2,11.18,60,620.21,28052.66,2031-05-21,activo
2449,3113,2026-03-15,14623.95,10.97,12,1292.3,11116.24,2027-03-15,mora
2450,3114,2024-03-16,29288.34,10.68,36,954.37,8221.61,2027-03-16,mora
2451,3115,2025-06-27,10263.2,10.56,24,476.24,5401.26,2027-06-27,activo
2452,3116,2023-06-04,6895.86,9.76,36,221.72,0.57,2026-06-03,pagado
2453,3117,2026-04-29,19438.15,10.89,60,421.56,18945.61,2031-04-29,activo
2454,3118,2024-08-20,4003.31,10.55,24,185.74,366.91,2026-08-20,activo
2455,3119,2024-09-19,21526.6,9.83,36,692.88,9742.81,2027-09-19,activo
2456,3120,2026-06-21,20752.11,9.11,24,949.12,20752.11,2028-06-20,activo
2457,3121,2024-06-20,31153.57,10.56,72,585.94,22862.16,2030-06-20,mora
2458,3125,2024-12-24,25826.94,8.99,24,1179.76,8016.77,2026-12-24,mora
2459,3127,2023-07-04,307162.14,8.63,360,2389.92,299758.67,2053-07-04,activo
2460,3128,2024-08-18,21992.49,6.15,60,426.68,14700.47,2029-08-18,mora
2461,3129,2023-12-09,8418.35,9.82,36,270.93,1321.84,2026-12-08,activo
2462,3130,2024-07-21,39194.69,7.54,48,948.44,21877.96,2028-07-21,mora
2463,3131,2023-04-19,14159.07,9.53,48,355.91,3409.16,2027-04-19,mora
2464,3132,2026-04-22,5824.47,7.66,12,505.75,4884.34,2027-04-22,activo
2465,3133,2024-01-26,29661.83,11.74,36,981.58,6607.38,2027-01-25,mora
2466,3134,2026-06-30,27295.82,8.73,36,864.58,27295.82,2029-06-29,activo
2467,3135,2025-04-01,26108.1,8.86,48,647.97,18915.58,2029-04-01,mora
2468,3136,2023-12-18,6744.34,9.56,60,141.85,3771.38,2028-12-17,mora
2469,3137,2025-07-23,20096.81,9.32,12,1760.43,1747.48,2026-07-23,mora
2470,3138,2026-05-28,14168.71,10.03,48,359.55,13927.59,2030-05-28,activo
2471,3139,2023-07-16,11156.0,9.93,72,206.29,6399.02,2029-07-15,mora
2472,3140,2024-06-24,9108.52,10.2,24,421.16,0,2026-06-24,pagado
2473,3141,2024-10-18,226125.08,7.22,180,2060.22,211301.56,2039-10-19,mora
2474,3142,2024-04-22,2719.87,9.63,36,87.3,835.32,2027-04-22,activo
2475,3143,2025-06-21,25109.7,8.13,12,2185.74,0.29,2026-06-21,pagado
2476,3144,2025-07-12,236048.2,11.09,180,2696.35,230115.52,2040-07-12,mora
2477,3145,2026-06-05,19394.67,8.17,48,475.0,19394.67,2030-06-05,activo
2478,3146,2023-12-26,13755.17,8.1,24,622.76,0,2025-12-25,pagado
2479,3147,2025-04-17,8963.44,8.24,48,219.83,6645.83,2029-04-17,activo
2480,3148,2023-11-14,19654.01,8.87,12,1717.61,0,2024-11-13,pagado
2481,3149,2026-02-11,10326.81,8.6,36,326.47,9306.06,2029-02-10,activo
2482,3150,2024-06-30,27024.36,9.4,36,864.43,10643.94,2027-06-30,activo
2483,3151,2023-01-16,14471.57,8.82,48,358.87,2099.99,2027-01-16,mora
2484,3152,2023-03-10,3651.56,11.14,48,94.62,726.57,2027-03-10,mora
2485,3153,2024-07-06,20806.96,11.16,36,682.78,7718.49,2027-07-06,activo
2486,3154,2024-12-25,11931.63,7.18,12,1033.4,0,2025-12-25,pagado
2487,3155,2026-06-16,33095.96,7.72,36,1032.9,33095.96,2029-06-15,activo
2488,3156,2025-02-06,18746.5,8.99,36,596.02,11033.02,2028-02-06,activo
2489,3158,2023-09-01,3458.44,9.19,60,72.11,1694.2,2028-08-31,activo
2490,3160,2026-06-09,31430.58,7.17,60,624.87,31430.58,2031-06-09,activo
2491,3161,2024-10-11,22129.47,8.29,36,696.42,10514.72,2027-10-11,activo
2492,3162,2023-05-18,19174.36,11.1,48,496.52,5169.44,2027-05-18,mora
2493,3163,2023-09-26,18759.68,9.62,36,601.99,1777.02,2026-09-25,activo
2494,3164,2024-06-04,137462.99,8.03,300,1063.79,133729.24,2049-06-05,mora
2495,3166,2023-03-02,28496.93,8.36,24,1293.48,1.12,2025-03-01,mora
2496,3167,2023-04-03,29205.19,8.38,48,718.2,6244.03,2027-04-03,mora
2497,3171,2025-03-06,40720.41,11.62,60,898.05,32047.91,2030-03-06,activo
2498,3174,2023-02-03,147861.76,9.6,360,1254.21,144417.39,2053-02-03,mora
2499,3175,2025-12-23,3580.16,9.23,12,313.47,1831.23,2026-12-23,activo
2500,3176,2023-09-15,5944.65,9.17,48,148.42,2095.55,2027-09-15,mora
2501,3177,2025-09-02,22517.46,9.91,60,477.46,19491.68,2030-09-02,activo
2502,3178,2026-04-15,14265.76,10.55,60,307.01,14084.17,2031-04-15,activo
2503,3179,2025-04-29,21854.94,10.54,24,1013.99,9665.82,2027-04-29,activo
2504,3180,2026-01-20,11859.94,7.81,48,288.48,11006.49,2030-01-20,activo
2505,3181,2026-03-26,9934.45,9.75,24,457.26,8795.62,2028-03-25,activo
2506,3184,2025-04-21,5017.59,9.71,48,126.56,3748.77,2029-04-21,activo
2507,3185,2024-05-18,23548.07,8.87,48,584.57,12321.25,2028-05-18,activo
2508,3186,2025-08-14,19045.91,8.59,48,470.28,15596.83,2029-08-14,activo
2509,3187,2025-12-03,14959.89,8.33,36,471.05,12718.08,2028-12-02,activo
2510,3188,2024-07-04,29382.95,10.8,84,500.04,23102.98,2031-07-04,mora
2511,3190,2026-03-17,35039.1,7.93,36,1096.91,32425.83,2029-03-16,activo
2512,3191,2024-03-21,43166.0,10.91,36,1411.35,12143.87,2027-03-21,mora
2513,3192,2024-01-23,14103.72,8.88,12,1232.6,0.08,2025-01-22,pagado
2514,3193,2024-08-09,14265.69,8.87,60,295.22,9526.96,2029-08-09,mora
2515,3194,2025-10-20,8086.14,8.62,60,166.36,7311.69,2030-10-20,impagado
2516,3195,2025-07-18,17586.51,9.47,60,369.07,14951.04,2030-07-18,activo
2517,3196,2025-01-19,30718.05,11.63,60,677.65,23733.16,2030-01-19,mora
2518,3197,2023-10-28,36385.12,10.56,48,932.67,13861.34,2027-10-28,activo
2519,3198,2025-08-21,26939.39,9.1,72,486.93,24014.57,2031-08-21,activo
2520,3199,2026-03-31,97983.42,11.2,180,1126.26,97342.23,2041-03-31,activo
2521,3200,2026-02-24,26198.98,8.95,60,543.15,24792.34,2031-02-24,activo
2522,3201,2024-03-07,309876.84,8.01,240,2593.17,293780.16,2044-03-07,mora
2523,3202,2024-07-09,22825.95,9.08,36,726.74,8305.53,2027-07-09,mora
2524,3203,2024-03-01,27771.64,8.56,60,570.63,16271.48,2029-03-01,activo
2525,3204,2023-11-14,15564.84,8.42,60,318.72,8337.83,2028-11-13,mora
2526,3206,2025-05-31,10388.21,10.5,12,915.71,0,2026-05-31,pagado
2527,3207,2025-06-07,25784.51,9.99,24,1189.69,13533.22,2027-06-07,mora
2528,3208,2026-03-08,29175.97,8.34,60,596.38,27986.92,2031-03-08,activo
2529,3209,2023-09-29,15353.96,10.93,72,291.74,9537.37,2029-09-28,mora
2530,3211,2024-07-05,11399.36,6.95,48,272.68,6094.74,2028-07-05,mora
2531,3212,2023-08-31,13422.86,7.09,48,321.96,4315.26,2027-08-31,activo
2532,3213,2025-11-27,3215.27,8.68,60,66.25,2907.71,2030-11-27,activo
2533,3214,2023-11-16,259882.29,10.23,300,2403.56,253241.54,2048-11-16,mora
2534,3215,2023-10-09,7179.44,11.88,48,188.64,2617.5,2027-10-09,mora
2535,3216,2025-01-30,3952.57,7.28,12,342.52,0,2026-01-30,pagado
2536,3218,2026-01-03,12844.94,6.12,84,188.38,12224.29,2033-01-02,activo
2537,3219,2025-06-10,24564.46,7.09,48,589.28,19058.07,2029-06-10,mora
2538,3220,2023-04-08,24350.6,7.76,36,760.35,0.65,2026-04-07,pagado
2539,3221,2023-05-06,6209.77,9.55,48,156.17,1494.78,2027-05-06,mora
2540,3222,2024-02-28,9677.21,9.4,48,242.65,4476.27,2028-02-28,activo
2541,3223,2024-02-15,7313.41,10.27,36,236.91,2043.79,2027-02-14,impagado
2542,3225,2023-04-08,24606.26,9.8,72,453.4,13067.2,2029-04-07,mora
2543,3226,2025-09-15,4242.94,7.92,60,85.88,3708.09,2030-09-15,activo
2544,3227,2026-05-23,88639.45,7.15,300,634.71,88532.88,2051-05-24,activo
2545,3228,2024-12-24,22064.19,10.16,48,561.33,14815.06,2028-12-24,activo
2546,3230,2025-08-24,36862.03,8.22,72,650.23,32759.91,2031-08-24,activo
2547,3231,2024-06-17,20206.37,9.49,48,507.59,11054.34,2028-06-17,activo
2548,3232,2026-04-03,9043.55,10.42,36,293.61,8611.52,2029-04-02,activo
2549,3233,2025-09-11,16719.64,8.79,60,345.38,14653.67,2030-09-11,activo
2550,3234,2024-07-02,15831.64,10.29,36,513.01,5825.94,2027-07-02,activo
2551,3235,2025-04-29,228507.28,11.48,300,2319.18,226523.05,2050-04-30,mora
2552,3237,2024-08-21,167662.76,9.45,240,1557.13,161999.25,2044-08-21,mora
2553,3238,2024-08-11,37183.12,8.13,36,1167.34,15544.28,2027-08-11,mora
2554,3240,2023-01-11,20088.61,11.11,48,520.29,3022.14,2027-01-11,activo
2555,3242,2025-12-17,109508.17,9.55,300,960.94,108960.75,2050-12-18,activo
2556,3243,2025-08-18,27390.93,10.61,48,702.81,22596.98,2029-08-18,mora
2557,3244,2024-03-06,7314.93,10.1,12,643.43,0.11,2025-03-06,pagado
2558,3245,2025-02-16,12354.63,9.9,36,398.05,7311.88,2028-02-16,activo
2559,3246,2025-03-17,16549.08,11.19,24,772.79,6641.3,2027-03-17,activo
2560,3248,2026-01-06,20056.14,12.2,84,356.2,19279.02,2033-01-05,activo
2561,3250,2024-12-28,42949.72,7.56,84,660.05,35550.99,2031-12-28,activo
2562,3251,2024-03-18,100363.5,7.7,180,941.86,91613.1,2039-03-19,activo
2563,3253,2024-09-16,14801.33,8.55,24,673.11,1991.74,2026-09-16,mora
2564,3254,2026-05-21,22328.55,8.76,48,553.1,21938.45,2030-05-21,activo
2565,3255,2023-10-29,8978.82,8.46,36,283.28,1113.14,2026-10-28,mora
2566,3256,2026-04-14,12452.42,9.48,12,1091.77,10457.78,2027-04-14,activo
2567,3257,2025-06-20,12649.97,9.71,48,319.07,9930.53,2029-06-20,activo
2568,3263,2025-08-11,8330.85,11.45,24,390.02,5088.77,2027-08-11,activo
2569,3264,2025-02-24,15930.13,10.88,36,520.6,9484.35,2028-02-24,activo
2570,3265,2024-07-25,31189.92,9.07,84,502.9,24506.38,2031-07-25,mora
2571,3266,2025-08-04,4379.17,9.67,48,110.38,3519.07,2029-08-04,activo
2572,3267,2024-08-28,4590.63,8.63,12,400.67,0.0,2025-08-28,pagado
2573,3268,2024-07-10,215403.1,10.37,180,2363.43,202078.65,2039-07-11,activo
2574,3269,2025-12-24,23349.2,8.48,60,478.79,21432.89,2030-12-24,activo
2575,3270,2024-06-07,19425.67,9.04,24,887.8,0.35,2026-06-07,pagado
2576,3271,2024-12-22,28039.93,9.57,60,589.79,20982.46,2029-12-22,mora
2577,3272,2023-05-27,38232.8,9.54,84,625.64,24457.81,2030-05-26,activo
2578,3273,2024-09-24,12981.81,9.6,12,1138.92,0,2025-09-24,pagado
2579,3275,2026-02-21,20490.02,9.14,12,1793.2,13866.28,2027-02-21,activo
2580,3276,2024-08-13,4596.56,9.87,60,97.38,3166.3,2029-08-13,activo
2581,3277,2024-03-28,13506.69,9.04,12,1181.44,0,2025-03-28,pagado
2582,3278,2025-03-02,38658.73,10.47,60,830.38,30231.52,2030-03-02,mora
2583,3279,2024-03-11,1505.73,9.94,60,31.95,894.76,2029-03-11,activo
2584,3280,2026-03-11,14640.06,10.27,48,373.2,13889.96,2030-03-11,activo
2585,3281,2025-01-08,2038.96,8.25,60,41.59,1543.55,2030-01-08,activo
2586,3282,2024-04-09,28901.75,8.35,48,710.28,13835.3,2028-04-09,activo
2587,3283,2026-04-23,10399.61,7.85,36,325.19,9883.61,2029-04-22,activo
2588,3284,2023-07-24,17387.01,10.32,24,804.92,0,2025-07-23,pagado
2589,3285,2023-06-27,30108.45,10.12,60,641.56,13882.34,2028-06-26,mora
2590,3286,2026-03-08,13844.86,8.71,36,438.43,13166.53,2029-03-07,impagado
2591,3287,2025-08-09,19362.92,7.93,84,301.08,17762.98,2032-08-08,activo
2592,3289,2026-01-11,8880.81,9.97,60,188.54,8297.42,2031-01-11,mora
2593,3290,2023-02-11,17319.98,8.83,12,1513.33,0,2024-02-11,pagado
2594,3291,2024-10-28,23224.76,9.29,12,2034.15,0.18,2025-10-28,pagado
2595,3292,2026-03-17,2104.04,12.35,12,187.29,1602.0,2027-03-17,activo
2596,3293,2023-08-08,6043.22,10.97,24,281.57,0.19,2025-08-07,pagado
2597,3294,2025-10-16,8112.13,10.32,12,714.41,2797.03,2026-10-16,activo
2598,3295,2023-01-16,37483.5,7.78,36,1170.75,1.86,2026-01-15,mora
2599,3296,2025-01-01,22204.1,9.52,60,466.54,16609.29,2030-01-01,activo
2600,3297,2025-10-25,25663.62,9.66,60,540.93,22912.33,2030-10-25,mora
2601,3298,2025-04-02,28100.39,10.03,48,713.06,20492.32,2029-04-02,activo
2602,3300,2025-04-22,9582.57,9.59,36,307.36,6178.34,2028-04-21,activo
2603,3301,2025-12-22,26139.71,11.01,60,568.48,24122.03,2030-12-22,activo
2604,3303,2023-06-19,20842.56,7.87,12,1811.81,0,2024-06-18,pagado
2605,3304,2023-02-15,20521.17,9.94,60,435.38,7626.88,2028-02-15,mora
2606,3305,2025-07-29,28372.16,11.16,48,735.52,22935.8,2029-07-29,activo
2607,3306,2023-04-18,2478.0,11.34,60,54.3,1073.96,2028-04-17,mora
2608,3307,2026-03-27,17560.33,9.6,48,441.98,16648.58,2030-03-27,activo
2609,3308,2023-02-22,26930.66,6.76,60,530.17,10004.18,2028-02-22,mora
2610,3309,2024-11-09,18573.83,11.22,60,405.91,13769.43,2029-11-09,mora
2611,3310,2025-08-30,19960.15,11.09,48,516.75,16495.65,2029-08-30,activo
2612,3312,2026-06-30,24670.86,9.79,36,793.66,24670.86,2029-06-29,activo
2613,3313,2023-05-05,184028.04,8.7,240,1620.93,171535.43,2043-05-05,activo
2614,3314,2025-01-17,9088.36,10.8,36,296.66,5160.45,2028-01-17,mora
2615,3315,2024-06-23,5014.42,10.34,24,232.18,0,2026-06-23,pagado
2616,3316,2026-06-24,10113.36,10.09,60,215.31,10113.36,2031-06-24,activo
2617,3318,2026-01-22,178137.77,9.02,300,1496.9,177336.32,2051-01-23,activo
2618,3319,2024-09-21,22059.5,6.36,12,1902.21,0.3,2025-09-21,pagado
2619,3320,2024-07-18,11126.83,7.96,48,271.42,6234.19,2028-07-18,mora
2620,3321,2023-12-29,14863.98,9.48,72,271.52,9670.38,2029-12-28,mora
2621,3322,2025-07-07,23575.7,10.36,84,395.75,21367.68,2032-07-06,activo
2622,3323,2024-10-03,8795.5,7.53,36,273.7,3907.11,2027-10-03,activo
2623,3324,2024-05-20,13949.1,8.39,12,1215.95,0,2025-05-20,pagado
2624,3327,2024-06-19,20921.79,10.62,48,536.91,11562.1,2028-06-19,activo
2625,3328,2023-06-30,14113.15,8.03,36,442.44,0.41,2026-06-29,pagado
2626,3329,2026-04-16,3816.89,9.01,48,95.0,3683.71,2030-04-16,activo
2627,3330,2026-04-08,15011.34,8.89,36,476.56,14277.93,2029-04-07,activo
2628,3331,2026-03-12,14305.91,8.74,12,1249.32,10845.45,2027-03-12,activo
2629,3332,2025-05-29,289335.27,7.68,300,2172.21,285005.44,2050-05-30,activo
2630,3333,2025-01-17,28221.1,8.35,36,888.92,15769.03,2028-01-17,activo
2631,3334,2023-06-08,25764.42,8.92,12,2252.22,0,2024-06-07,pagado
2632,3335,2023-06-18,229804.48,11.42,360,2261.44,226625.01,2053-06-18,mora
2633,3337,2025-05-07,3472.12,11.69,36,114.8,2355.65,2028-05-06,activo
2634,3338,2025-02-02,133231.72,10.09,180,1439.36,127426.26,2040-02-03,activo
2635,3339,2025-09-01,5697.92,9.94,24,262.78,3459.94,2027-09-01,activo
2636,3342,2025-10-31,29706.61,9.59,36,952.84,23820.46,2028-10-30,activo
2637,3343,2025-07-01,22740.37,11.11,36,745.66,15981.61,2028-06-30,activo
2638,3345,2025-08-08,28217.51,10.55,12,2487.97,4911.34,2026-08-08,activo
2639,3346,2026-06-30,4882.37,8.66,36,154.48,4882.37,2029-06-29,activo
2640,3347,2026-04-07,16256.92,8.87,84,260.48,15975.25,2033-04-06,activo
2641,3348,2025-09-02,158873.5,8.93,300,1326.03,157540.6,2050-09-03,activo
2642,3349,2025-09-21,40302.39,10.71,48,1035.97,33994.08,2029-09-21,mora
2643,3353,2026-03-01,28780.85,10.71,24,1337.48,25510.0,2028-02-29,impagado
2644,3354,2025-06-17,28236.54,9.89,60,598.38,23644.1,2030-06-17,mora
2645,3355,2023-10-17,19231.03,8.94,36,610.96,2400.78,2026-10-16,activo
2646,3356,2023-06-07,18980.77,8.31,36,597.5,0.26,2026-06-06,pagado
2647,3358,2026-03-04,26289.62,8.05,60,533.74,25210.27,2031-03-04,activo
2648,3359,2025-06-24,17534.58,11.57,24,821.87,9997.31,2027-06-24,impagado
2649,3360,2025-12-16,12596.14,10.41,60,270.16,11609.63,2030-12-16,activo
2650,3361,2026-03-11,178706.17,9.19,180,1832.77,177302.94,2041-03-11,mora
2651,3362,2026-01-21,26922.66,8.37,12,2346.57,15977.11,2027-01-21,activo
2652,3363,2026-01-14,14979.94,8.55,12,1306.93,8892.82,2027-01-14,activo
2653,3364,2026-03-07,16373.01,8.88,48,406.52,15510.58,2030-03-07,activo
2654,3365,2025-04-16,2850.21,10.43,36,92.55,1845.82,2028-04-15,mora
2655,3366,2025-10-28,23260.64,10.4,12,2049.35,8022.33,2026-10-28,activo
2656,3367,2026-03-02,3329.62,10.84,24,154.94,2823.36,2028-03-01,activo
2657,3368,2025-06-15,2789.29,9.49,12,244.57,0,2026-06-15,pagado
2658,3370,2025-02-16,12293.21,9.54,48,309.09,8702.15,2029-02-16,mora
2659,3371,2026-03-07,43294.98,7.25,48,1041.86,40939.95,2030-03-07,activo
2660,3372,2024-10-05,29786.1,10.35,60,638.05,21052.49,2029-10-05,mora
2661,3373,2024-03-14,13278.73,8.07,36,416.53,3626.0,2027-03-14,mora
2662,3374,2025-02-12,269445.02,6.99,360,1791.24,265738.18,2055-02-13,activo
2663,3377,2026-03-10,13653.14,10.58,72,256.92,13239.88,2032-03-09,activo
2664,3378,2026-05-26,24606.38,11.89,36,815.97,24606.38,2029-05-25,activo
2665,3379,2024-08-07,8674.01,7.8,72,151.24,6328.92,2030-08-07,activo
2666,3380,2024-02-23,10479.61,9.17,24,479.58,0,2026-02-22,pagado
2667,3381,2024-11-21,22473.42,8.04,48,549.07,14427.59,2028-11-21,mora
2668,3382,2026-06-29,76556.55,9.33,360,634.46,76556.55,2056-06-29,activo
2669,3383,2023-03-30,19517.15,9.96,24,900.24,0.45,2025-03-29,pagado
2670,3384,2024-01-12,12859.72,9.82,48,325.07,5418.91,2028-01-12,mora
2671,3386,2026-06-18,96003.22,8.31,240,821.43,96003.22,2046-06-18,activo
2672,3387,2024-11-29,5766.76,10.31,24,266.92,1301.2,2026-11-29,mora
2673,3389,2026-04-19,306272.22,7.49,360,2139.51,305815.08,2056-04-19,activo
2674,3390,2026-04-21,16500.44,8.34,48,405.45,15916.88,2030-04-21,activo
2675,3391,2026-03-02,28172.86,8.42,12,2456.16,19043.41,2027-03-02,activo
2676,3392,2026-05-15,10538.9,8.97,60,218.61,10399.07,2031-05-15,activo
2677,3393,2025-08-20,28392.7,10.49,12,2502.58,4941.09,2026-08-20,activo
2678,3394,2025-10-08,23112.86,11.37,24,1081.18,15982.25,2027-10-08,activo
2679,3395,2025-07-15,43143.12,10.54,36,1403.16,31368.65,2028-07-14,activo
2680,3397,2026-02-10,18978.92,8.68,12,1656.89,12834.21,2027-02-10,activo
2681,3398,2025-01-03,16203.62,10.12,36,523.75,8713.16,2028-01-03,mora
2682,3399,2025-01-14,303604.3,10.99,300,2972.42,300313.53,2050-01-15,impagado
2683,3400,2024-05-15,9308.46,8.9,60,192.8,5922.72,2029-05-15,activo
2684,3401,2023-03-05,42358.14,10.63,84,716.96,26039.29,2030-03-04,mora
2685,3402,2026-02-18,4157.02,10.52,12,366.48,2819.41,2027-02-18,activo
2686,3403,2023-08-28,17492.88,10.63,48,449.01,5885.72,2027-08-28,mora
2687,3404,2024-09-03,28349.29,7.88,48,690.5,16454.22,2028-09-03,activo
2688,3405,2024-03-23,9795.45,8.93,36,311.17,2699.25,2027-03-23,mora
2689,3406,2026-06-30,8444.55,9.36,48,211.61,8444.55,2030-06-30,activo
2690,3407,2024-03-27,22707.16,9.84,24,1046.16,0,2026-03-27,pagado
2691,3408,2024-05-24,34115.3,12.04,84,602.92,26751.24,2031-05-24,mora
2692,3409,2024-04-06,3458.53,8.47,36,109.12,948.65,2027-04-06,mora
2693,3410,2023-08-25,1868.34,8.5,12,162.95,0.08,2024-08-24,pagado
2694,3411,2025-08-30,5236.52,7.89,60,105.89,4500.4,2030-08-30,activo
2695,3412,2023-07-23,18826.41,7.71,60,379.1,8731.18,2028-07-22,mora
2696,3413,2025-12-12,1703.55,9.09,12,149.05,871.05,2026-12-12,activo
2697,3414,2026-06-06,17101.56,9.84,60,362.04,17101.56,2031-06-06,activo
2698,3415,2025-07-26,19491.24,10.91,24,907.62,11081.32,2027-07-26,mora
2699,3417,2024-07-21,15725.29,10.96,60,341.59,10684.0,2029-07-21,mora
2700,3418,2024-10-24,4378.53,9.27,48,109.53,2747.97,2028-10-24,activo
2701,3419,2026-04-30,23995.92,9.73,60,506.66,23369.2,2031-04-30,activo
2702,3420,2026-06-12,3220.1,11.0,60,70.01,3220.1,2031-06-12,activo
2703,3421,2026-02-25,11741.3,9.29,36,374.96,10591.79,2029-02-24,activo
2704,3422,2026-04-08,25923.42,10.26,48,660.73,25041.5,2030-04-08,activo
2705,3423,2026-04-01,16563.08,9.11,48,413.06,15694.56,2030-04-01,activo
2706,3424,2025-07-18,3122.63,9.98,60,66.32,2703.69,2030-07-18,activo
2707,3425,2023-10-10,25314.59,7.67,48,614.08,8757.26,2027-10-10,activo
2708,3426,2023-04-09,17577.93,9.54,12,1541.66,0,2024-04-08,pagado
2709,3427,2025-11-04,38836.87,9.04,36,1235.79,32083.23,2028-11-03,activo
2710,3428,2024-11-02,106934.89,9.8,240,1017.59,103813.87,2044-11-02,activo
2711,3429,2026-01-06,25600.19,10.02,48,649.59,23384.35,2030-01-06,activo
2712,3430,2025-12-28,8349.46,8.79,24,380.66,6397.01,2027-12-28,activo
2713,3434,2024-04-27,11262.21,10.45,72,211.19,8118.11,2030-04-27,impagado
2714,3436,2026-06-01,28023.05,9.25,36,894.43,28023.05,2029-05-31,activo
2715,3441,2023-05-01,11725.66,8.68,48,290.03,2787.39,2027-05-01,mora
2716,3443,2025-03-04,307090.69,10.54,360,2818.05,305025.71,2055-03-05,mora
2717,3444,2026-04-10,21632.33,10.71,36,705.23,20603.44,2029-04-09,activo
2718,3445,2024-03-05,230426.29,11.19,240,2408.41,222161.28,2044-03-05,mora
2719,3446,2026-02-05,12039.42,7.62,12,1045.17,8127.48,2027-02-05,activo
2720,3448,2024-01-02,16266.97,7.26,24,730.25,0,2026-01-01,pagado
2721,3449,2024-09-24,3760.09,9.9,24,173.34,511.44,2026-09-24,activo
2722,3453,2023-06-19,5119.04,10.21,36,165.69,0,2026-06-18,pagado
2723,3454,2025-02-18,26985.31,11.75,36,893.13,16149.11,2028-02-18,activo
2724,3455,2024-09-10,19139.25,9.15,60,398.69,13406.48,2029-09-10,activo
2725,3456,2024-10-07,146470.06,10.47,360,1337.08,145113.79,2054-10-08,activo
2726,3457,2023-05-10,15561.79,6.9,36,479.82,0,2026-05-09,pagado
2727,3458,2025-08-13,281580.72,6.9,360,1854.42,279165.58,2055-08-14,activo
2728,3459,2025-05-25,180525.87,7.32,360,1240.11,178652.55,2055-05-26,activo
2729,3460,2026-04-05,8306.72,10.93,36,271.69,8110.69,2029-04-04,activo
2730,3461,2024-05-04,3775.8,8.5,36,119.19,1146.85,2027-05-04,activo
2731,3462,2025-10-21,21061.51,8.13,24,953.83,14416.43,2027-10-21,activo
2732,3465,2026-03-01,302812.54,7.61,300,2259.22,301444.06,2051-03-02,activo
2733,3466,2024-03-17,22904.78,9.19,60,477.56,13880.3,2029-03-17,activo
2734,3467,2026-01-14,8162.59,8.7,60,168.27,7609.17,2031-01-14,activo
2735,3468,2024-02-26,5623.27,10.17,12,494.82,0,2025-02-25,pagado
2736,3469,2025-12-25,6127.61,10.92,60,132.98,5653.63,2030-12-25,activo
2737,3470,2024-04-28,172612.35,9.05,180,1755.59,159631.0,2039-04-29,activo
2738,3471,2024-04-09,33915.28,8.79,60,700.52,20472.3,2029-04-09,activo
2739,3472,2024-08-30,9315.45,10.76,48,239.68,5536.5,2028-08-30,mora
2740,3474,2024-01-24,7412.63,9.33,48,185.63,3266.92,2028-01-24,mora
2741,3475,2023-02-10,15525.25,10.14,12,1365.95,0,2024-02-10,pagado
2742,3476,2025-02-24,94602.31,7.18,180,860.07,89680.66,2040-02-25,activo
2743,3477,2024-10-26,26947.53,8.23,24,1221.64,4802.71,2026-10-26,activo
2744,3478,2024-09-16,37488.12,9.51,48,942.05,22814.81,2028-09-16,activo
2745,3479,2024-01-27,30692.08,7.88,36,960.13,6545.87,2027-01-26,mora
2746,3480,2024-06-03,6106.63,11.54,24,286.16,0,2026-06-03,pagado
2747,3483,2025-01-20,5335.48,11.23,24,249.24,1681.3,2027-01-20,mora
2748,3484,2026-04-02,21702.44,11.13,36,711.88,20676.52,2029-04-01,activo
2749,3485,2025-02-19,21746.4,8.43,48,535.31,15292.44,2029-02-19,mora
2750,3486,2024-01-02,22426.3,9.79,48,566.55,9447.71,2028-01-02,mora
2751,3487,2023-09-06,10489.4,9.41,36,335.59,662.36,2026-09-05,activo
2752,3488,2026-06-05,5941.06,8.78,60,122.69,5941.06,2031-06-05,activo
2753,3493,2026-04-18,20307.96,7.79,36,634.41,19299.54,2029-04-17,activo
2754,3494,2024-06-26,2672.76,8.4,48,65.76,1447.8,2028-06-26,activo
2755,3495,2025-10-30,11377.34,9.72,24,523.53,7826.92,2027-10-30,activo
2756,3497,2023-03-17,29780.35,9.81,48,752.55,5807.14,2027-03-17,activo
2757,3498,2024-11-09,36498.25,9.34,72,664.1,28749.02,2030-11-09,activo
2758,3499,2024-09-16,268721.74,9.37,180,2785.74,253099.81,2039-09-17,mora
2759,3500,2025-07-18,30697.08,8.75,36,972.57,22154.03,2028-07-17,mora
2760,3501,2024-10-07,40297.96,11.09,72,768.8,31157.75,2030-10-07,mora
2761,3502,2024-05-22,4522.53,11.35,24,211.51,0.29,2026-05-22,pagado
2762,3507,2024-09-27,5129.42,10.85,24,238.7,703.71,2026-09-27,mora
2763,3508,2023-09-11,5632.83,7.21,48,135.44,1813.11,2027-09-11,mora
2764,3509,2024-10-22,29516.19,9.53,24,1355.62,5316.72,2026-10-22,mora
2765,3510,2025-06-07,34659.12,8.89,48,860.73,27108.83,2029-06-07,activo
2766,3511,2026-02-23,26006.88,9.43,48,652.52,24193.04,2030-02-23,activo
2767,3512,2023-02-25,13667.98,8.7,60,281.72,5228.59,2028-02-25,activo
2768,3513,2023-02-18,10316.85,10.11,36,333.41,0.79,2026-02-17,pagado
2769,3514,2023-11-16,14801.39,11.47,24,693.07,0.67,2025-11-15,pagado
2770,3515,2025-11-27,16712.02,10.39,24,774.19,12189.45,2027-11-27,activo
2771,3519,2025-01-30,24830.26,8.71,36,786.2,13908.26,2028-01-30,activo
2772,3520,2023-06-22,17845.87,10.17,36,577.29,0,2026-06-21,pagado
2773,3521,2026-06-03,27885.0,8.93,48,692.94,27885.0,2030-06-03,activo
2774,3522,2026-02-27,211437.57,9.95,180,2265.2,209363.83,2041-02-27,activo
2775,3523,2026-02-10,26208.14,9.77,12,2301.33,17753.78,2027-02-10,activo
2776,3524,2025-03-11,26156.28,10.69,48,672.12,19142.59,2029-03-11,activo
2777,3525,2023-06-14,18722.0,9.5,60,393.22,8237.28,2028-06-13,activo
2778,3526,2023-03-05,6944.39,11.77,24,326.15,0.03,2025-03-04,pagado
2779,3532,2024-04-07,13842.78,9.79,12,1215.62,0.36,2025-04-07,pagado
2780,3533,2025-07-10,11152.3,11.05,48,288.51,9215.22,2029-07-10,mora
2781,3535,2024-04-13,179877.44,8.58,360,1393.59,176818.7,2054-04-14,activo
2782,3536,2025-07-20,15117.06,7.07,60,299.81,12729.35,2030-07-20,activo
2783,3537,2025-01-25,196555.24,7.05,180,1771.84,185557.08,2040-01-26,activo
2784,3538,2023-12-07,42916.48,9.34,36,1371.47,6702.63,2026-12-06,mora
2785,3541,2026-04-10,12192.85,11.52,48,318.21,11788.6,2030-04-10,activo
2786,3543,2026-02-08,14339.84,9.06,12,1254.42,9703.04,2027-02-08,activo
2787,3544,2023-03-12,8155.73,8.55,48,201.22,1559.21,2027-03-12,mora
2788,3545,2026-04-29,22711.36,8.8,24,1035.52,20967.05,2028-04-28,activo
2789,3546,2025-01-21,5827.8,10.28,36,188.81,3297.8,2028-01-21,mora
2790,3547,2026-01-03,24542.02,11.74,72,476.54,23336.47,2032-01-03,activo
2791,3548,2024-08-05,7835.53,10.89,48,202.11,4661.49,2028-08-05,activo
2792,3549,2023-03-17,9037.38,9.85,12,793.92,0,2024-03-16,pagado
2793,3550,2023-02-15,76671.87,10.33,360,691.5,75176.15,2053-02-15,impagado
2794,3551,2026-05-12,21983.7,8.82,48,545.19,21600.09,2030-05-12,activo
2795,3553,2023-08-16,5170.46,9.3,60,108.09,2536.1,2028-08-15,activo
2796,3554,2026-05-15,24658.95,9.38,24,1130.84,23720.86,2028-05-14,activo
2797,3555,2025-05-12,25104.75,9.85,48,634.89,19247.08,2029-05-12,mora
2798,3556,2025-09-18,122824.88,8.47,360,941.51,122134.48,2055-09-19,activo
2799,3557,2025-09-10,29478.51,9.71,60,622.12,25912.33,2030-09-10,activo
2800,3558,2025-07-12,19327.12,11.5,24,905.27,11015.9,2027-07-12,activo
2801,3559,2025-05-05,19178.93,9.79,72,353.31,16272.13,2031-05-05,activo
2802,3560,2024-06-27,15983.66,9.38,36,511.14,5831.86,2027-06-27,mora
2803,3561,2024-06-18,39653.44,11.09,60,863.92,26355.31,2029-06-18,mora
2804,3564,2026-01-18,21338.21,8.23,24,967.33,17176.59,2028-01-18,activo
2805,3565,2026-01-04,8247.32,10.0,84,136.93,7900.58,2033-01-03,mora
2806,3566,2024-07-23,280795.18,9.48,360,2357.85,277290.11,2054-07-24,mora
2807,3567,2025-11-07,3595.6,8.73,60,74.17,3252.09,2030-11-07,activo
2808,3568,2026-05-04,23431.99,9.63,48,590.12,23029.91,2030-05-04,activo
2809,3569,2025-10-06,230109.86,8.19,180,2223.93,224755.83,2040-10-06,activo
2810,3570,2024-05-25,2163.03,9.28,48,54.11,1136.37,2028-05-25,activo
2811,3571,2026-05-26,14776.74,7.18,24,662.81,14202.34,2028-05-25,activo
2812,3572,2025-10-18,25525.89,9.33,36,815.67,20451.76,2028-10-17,activo
2813,3573,2025-11-06,21642.98,9.56,48,544.38,18976.22,2029-11-06,activo
2814,3574,2026-03-12,28255.09,6.57,24,1259.58,24922.26,2028-03-11,activo
2815,3575,2023-05-29,26170.09,8.04,48,639.36,6759.3,2027-05-29,activo
2816,3576,2023-11-12,29078.45,9.21,60,606.6,15230.77,2028-11-11,mora
2817,3577,2025-11-24,41618.62,9.14,36,1326.1,34391.42,2028-11-23,activo
2818,3578,2026-04-03,8783.36,10.92,36,287.21,8366.91,2029-04-02,activo
2819,3580,2025-01-03,21700.56,8.65,36,686.52,11551.12,2028-01-03,activo
2820,3581,2024-01-03,19887.94,9.19,36,634.15,3706.59,2027-01-02,mora
2821,3582,2023-09-09,4576.65,10.03,24,211.26,0,2025-09-08,pagado
2822,3583,2025-04-15,25878.04,10.98,12,2286.96,0,2026-04-15,pagado
2823,3584,2026-04-13,27453.21,9.41,24,1259.35,26409.14,2028-04-12,impagado
2824,3585,2026-02-26,10043.92,11.04,12,887.86,6817.92,2027-02-26,activo
2825,3586,2025-07-07,29546.86,11.11,48,765.25,23880.75,2029-07-07,activo
2826,3587,2025-07-11,5652.5,8.63,36,178.77,4077.36,2028-07-10,activo
2827,3589,2025-03-01,13439.27,9.51,48,337.72,9771.9,2029-03-01,activo
2828,3590,2026-06-20,40981.79,9.59,48,1031.32,40981.79,2030-06-20,activo
2829,3591,2024-03-22,15665.26,10.42,36,508.55,4385.12,2027-03-22,activo
2830,3592,2024-04-03,9752.19,11.55,48,254.66,4821.29,2028-04-03,mora
2831,3596,2026-03-04,5061.26,9.05,48,126.07,4795.57,2030-03-04,activo
2832,3597,2026-04-04,2718.79,9.9,36,87.6,2587.91,2029-04-03,activo
2833,3598,2024-05-31,18204.7,7.18,36,563.6,5982.98,2027-05-31,mora
2834,3599,2024-06-13,38631.7,7.72,36,1205.61,13879.45,2027-06-13,mora
2835,3600,2026-03-13,18089.99,9.49,84,295.61,17628.72,2033-03-12,activo
2836,3601,2024-10-03,20913.55,11.3,36,687.7,9576.61,2027-10-03,activo
2837,3602,2024-10-17,35475.1,8.32,60,724.78,25240.92,2029-10-17,activo
2838,3603,2026-03-11,28945.99,10.19,24,1338.2,25640.88,2028-03-10,activo
2839,3604,2025-03-09,4455.68,9.51,12,390.71,0.0,2026-03-09,pagado
2840,3605,2026-05-14,6513.89,8.01,36,204.15,6353.22,2029-05-13,activo
2841,3606,2025-12-03,5976.09,10.54,24,277.25,4597.57,2027-12-03,activo
2842,3607,2025-09-22,24391.99,10.79,24,1134.46,15853.24,2027-09-22,activo
2843,3610,2026-01-29,12544.38,8.02,36,393.21,10976.71,2029-01-28,activo
2844,3611,2024-10-11,44798.5,6.04,36,1363.72,20911.7,2027-10-11,activo
2845,3612,2023-08-15,25543.28,8.83,48,633.53,7829.74,2027-08-15,mora
2846,3613,2024-06-24,12045.44,9.69,84,198.03,9388.67,2031-06-24,activo
2847,3616,2025-06-16,318156.27,10.9,180,3596.0,309246.93,2040-06-16,mora
2848,3618,2026-04-20,26295.87,9.76,12,2308.89,22088.8,2027-04-20,activo
2849,3619,2025-07-03,14546.65,10.01,36,469.47,10553.47,2028-07-02,activo
2850,3620,2025-10-24,12326.09,10.4,36,400.07,9907.73,2028-10-23,activo
2851,3621,2026-04-27,39703.93,8.53,48,979.18,38305.07,2030-04-27,activo
2852,3622,2025-10-22,16777.59,8.71,48,415.21,14369.62,2029-10-22,activo
2853,3623,2024-11-02,9955.41,11.6,12,882.65,0.18,2025-11-02,pagado
2854,3627,2026-05-21,13148.63,10.44,84,221.29,13041.73,2033-05-20,activo
2855,3628,2023-09-10,28402.89,10.96,60,616.99,14221.27,2028-09-09,activo
2856,3629,2025-06-16,23055.21,11.07,12,2038.36,2020.36,2026-06-16,impagado
2857,3631,2023-06-27,13789.05,10.72,48,354.54,4015.96,2027-06-27,mora
2858,3632,2026-02-17,288047.78,9.42,240,2669.37,286813.56,2046-02-17,activo
2859,3633,2024-12-10,27327.56,9.58,12,2397.2,0,2025-12-10,pagado
2860,3634,2025-09-26,43052.24,8.66,48,1064.49,36068.9,2029-09-26,mora
2861,3635,2026-06-30,39459.83,9.55,36,1264.89,39459.83,2029-06-29,activo
2862,3636,2026-05-19,44799.17,8.73,72,801.52,44323.56,2032-05-18,activo
2863,3637,2026-06-04,44769.56,8.09,48,1094.95,44769.56,2030-06-04,activo
2864,3641,2024-04-17,16221.07,8.74,60,334.67,10047.69,2029-04-17,mora
2865,3643,2025-09-06,41935.13,11.76,48,1099.29,35491.72,2029-09-06,activo
2866,3644,2025-08-25,24946.09,9.1,60,519.03,21532.67,2030-08-25,mora
2867,3645,2024-10-25,3132.45,9.36,36,100.13,1500.9,2027-10-25,mora
2868,3646,2025-11-28,4342.72,8.34,60,88.76,3924.02,2030-11-28,activo
2869,3647,2023-11-10,25684.91,9.82,48,649.24,9698.27,2027-11-10,mora
2870,3648,2023-10-03,17139.44,10.14,60,365.32,8787.85,2028-10-02,mora
2871,3652,2023-07-26,14973.03,10.83,36,489.01,483.93,2026-07-25,activo
2872,3653,2024-10-24,14525.76,10.34,48,370.77,9189.96,2028-10-24,activo
2873,3654,2024-11-16,16407.27,10.67,48,421.45,10730.72,2028-11-16,mora
2874,3657,2026-06-30,312557.28,10.5,240,3120.06,312557.28,2046-06-30,activo
2875,3658,2025-03-26,16852.42,9.73,72,309.93,14100.3,2031-03-26,activo
2876,3659,2024-02-06,18677.1,10.37,24,865.03,0.44,2026-02-05,pagado
2877,3660,2025-06-08,23531.97,8.8,84,376.28,20986.38,2032-06-07,activo
2878,3662,2026-06-30,11355.42,8.53,72,202.03,11355.42,2032-06-29,activo
2879,3663,2023-12-26,14058.54,9.3,60,293.88,7839.77,2028-12-25,activo
2880,3664,2025-08-28,16416.13,12.21,36,546.87,12439.05,2028-08-27,activo
2881,3665,2026-01-04,17380.43,11.08,48,449.88,15906.46,2030-01-04,activo
2882,3666,2026-06-26,22672.82,8.42,24,1029.76,22672.82,2028-06-25,activo
2883,3667,2025-03-05,7583.01,8.75,24,345.54,2676.24,2027-03-05,mora
2884,3668,2025-08-08,10961.09,10.58,48,281.09,9041.66,2029-08-08,activo
2885,3669,2024-02-02,9262.13,10.73,12,817.44,0,2025-02-01,pagado
2886,3670,2024-02-15,8581.33,10.02,12,754.53,0,2025-02-14,pagado
2887,3671,2026-01-30,10266.73,7.05,24,459.92,8245.1,2028-01-30,activo
2888,3672,2026-04-17,6993.17,9.15,60,145.68,6807.75,2031-04-17,activo
2889,3673,2026-04-06,26263.62,10.82,48,676.54,25380.2,2030-04-06,activo
2890,3675,2026-06-07,281462.17,7.96,180,2683.12,281462.17,2041-06-07,activo
2891,3676,2026-04-28,22653.98,9.17,36,722.18,21551.65,2029-04-27,activo
2892,3677,2025-12-14,33331.24,10.03,72,618.05,31251.47,2031-12-14,mora
2893,3678,2024-01-13,20060.62,9.48,60,421.11,11538.86,2029-01-12,mora
2894,3679,2025-10-11,23464.04,11.24,48,609.2,20244.61,2029-10-11,mora
2895,3681,2026-06-09,10975.82,8.45,48,270.27,10975.82,2030-06-09,activo
2896,3682,2025-08-21,7946.34,11.75,24,373.13,4859.54,2027-08-21,activo
2897,3683,2025-06-23,39457.23,9.68,60,832.18,33009.44,2030-06-23,activo
2898,3684,2026-06-06,10159.61,7.61,36,316.52,10159.61,2029-06-05,activo
2899,3685,2024-11-23,15420.77,10.29,12,1357.78,0.4,2025-11-23,pagado
2900,3686,2026-05-08,31510.98,9.4,72,574.26,31183.56,2032-05-07,activo
2901,3687,2025-03-24,11808.83,8.23,24,535.32,4656.76,2027-03-24,activo
2902,3689,2025-10-18,13464.84,9.35,24,617.31,9252.12,2027-10-18,activo
2903,3690,2023-03-14,14066.05,8.64,48,347.61,2694.23,2027-03-14,mora
2904,3691,2025-04-25,6291.84,8.24,12,548.01,0.07,2026-04-25,pagado
2905,3692,2024-04-21,37785.76,7.62,72,655.59,26075.84,2030-04-21,mora
2906,3693,2023-02-27,14936.06,7.28,24,670.63,0,2025-02-26,pagado
2907,3694,2025-06-15,20263.35,8.59,36,640.53,14077.85,2028-06-14,mora
2908,3695,2025-05-29,17484.86,7.78,24,789.07,8350.67,2027-05-29,activo
2909,3698,2025-05-01,22145.7,9.44,24,1016.24,9735.16,2027-05-01,activo
2910,3699,2023-02-15,19504.65,8.77,60,402.71,7119.83,2028-02-15,mora
2911,3700,2026-05-15,22571.23,10.67,60,487.01,22284.92,2031-05-15,activo
2912,3702,2025-05-31,181094.38,10.33,360,1633.64,180071.24,2055-06-01,activo
2913,3703,2026-05-04,14883.82,9.88,36,479.43,14526.93,2029-05-03,activo
2914,3705,2024-05-08,29863.6,8.98,36,949.43,9112.91,2027-05-08,activo
2915,3706,2026-01-03,9293.81,10.38,72,173.96,8914.65,2032-01-03,impagado
2916,3707,2024-04-11,22616.21,9.63,36,725.88,6276.74,2027-04-11,mora
2917,3708,2026-03-22,19478.0,10.8,72,368.79,18892.3,2032-03-21,activo
2918,3709,2024-05-09,35172.85,9.57,48,884.77,17791.07,2028-05-09,mora
2919,3710,2024-10-31,25574.68,11.66,24,1199.83,4685.02,2026-10-31,activo
2920,3711,2024-04-28,3224.85,7.23,48,77.57,1593.67,2028-04-28,activo
2921,3712,2024-11-05,10782.27,8.38,24,489.52,2397.24,2026-11-05,mora
2922,3713,2023-10-20,35865.67,9.3,48,897.71,13455.84,2027-10-20,mora
2923,3714,2024-12-20,26047.71,10.79,60,563.62,19642.71,2029-12-20,mora
2924,3715,2024-01-23,22311.02,9.5,12,1956.34,0,2025-01-22,pagado
2925,3716,2026-06-18,8538.71,9.24,36,272.46,8538.71,2029-06-17,activo
2926,3717,2026-06-30,304387.78,8.91,300,2535.52,304387.78,2051-07-01,activo
2927,3718,2023-05-11,112927.55,9.73,180,1194.61,100570.81,2038-05-11,mora
2928,3719,2025-10-11,8355.94,9.0,24,381.75,5735.27,2027-10-11,activo
2929,3720,2025-08-25,180206.96,9.86,240,1722.11,177701.62,2045-08-25,activo
2930,3721,2025-04-05,12929.75,10.44,48,330.66,9450.17,2029-04-05,activo
2931,3722,2023-11-27,26674.12,8.78,24,1215.89,0.51,2025-11-26,pagado
2932,3724,2024-02-29,124799.44,10.19,180,1356.0,115479.83,2039-03-01,activo
2933,3725,2023-12-20,11209.95,10.15,24,518.06,0,2025-12-19,pagado
2934,3727,2026-06-02,37096.55,7.82,60,748.93,37096.55,2031-06-02,activo
2935,3728,2025-01-31,6778.6,10.15,12,596.41,0.12,2026-01-31,pagado
2936,3729,2025-07-11,10963.31,9.93,24,505.55,6206.63,2027-07-11,mora
2937,3730,2024-05-03,23946.05,10.7,36,780.62,7434.53,2027-05-03,mora
2938,3731,2025-03-22,228884.1,10.87,300,2221.29,226517.95,2050-03-23,mora
2939,3732,2026-01-22,13802.93,10.48,24,639.99,11159.95,2028-01-22,activo
2940,3734,2023-06-17,2333.11,9.34,36,74.56,0.08,2026-06-16,pagado
2941,3735,2025-03-01,14001.61,8.88,72,251.54,11498.75,2031-03-01,activo
2942,3736,2023-12-06,25995.14,10.59,36,846.03,4119.58,2026-12-05,mora
2943,3737,2024-04-11,19335.36,10.21,12,1701.76,0.18,2025-04-11,pagado
2944,3738,2025-04-29,42719.09,9.49,36,1368.29,27527.19,2028-04-28,mora
2945,3740,2026-06-06,25775.52,10.06,60,548.4,25775.52,2031-06-06,activo
2946,3741,2025-03-06,12917.13,9.46,60,271.04,10043.66,2030-03-06,mora
2947,3743,2023-12-13,39621.46,10.18,36,1281.85,7466.77,2026-12-12,impagado
2948,3744,2023-10-01,15866.85,8.72,36,502.46,1487.2,2026-09-30,activo
2949,3745,2023-08-19,2332.49,7.67,60,46.93,1120.71,2028-08-18,activo
2950,3746,2025-03-01,17156.09,8.0,72,300.8,14019.39,2031-03-01,activo
2951,3747,2024-11-19,17307.65,7.35,36,537.16,8648.15,2027-11-19,mora
2952,3748,2026-01-29,11052.11,7.78,12,960.3,6550.89,2027-01-29,activo
2953,3749,2026-05-26,28830.53,8.12,48,705.53,28320.09,2030-05-26,activo
2954,3750,2025-09-18,9442.24,10.17,12,830.85,2451.13,2026-09-18,activo
2955,3751,2023-02-04,24939.22,10.33,36,808.6,0,2026-02-03,pagado
2956,3752,2025-02-26,255431.47,9.36,240,2358.21,249222.74,2045-02-26,activo
2957,3753,2023-03-24,19873.08,8.69,60,409.56,7951.37,2028-03-23,mora
2958,3754,2025-02-03,40183.43,9.47,60,843.41,30648.63,2030-02-03,activo
2959,3755,2025-05-29,17260.35,11.22,72,330.45,14934.87,2031-05-29,activo
2960,3757,2025-03-05,23549.42,7.79,36,735.72,13755.81,2028-03-04,activo
2961,3758,2025-12-03,14814.55,7.62,60,297.73,13573.04,2030-12-03,activo
2962,3759,2025-05-24,17509.02,8.88,48,434.71,13361.16,2029-05-24,activo
2963,3760,2023-06-02,20550.16,7.8,48,499.72,5290.66,2027-06-02,activo
2964,3761,2026-06-28,8109.42,9.29,48,202.92,8109.42,2030-06-28,activo
2965,3762,2023-05-09,16060.76,9.93,60,340.72,6825.51,2028-05-08,mora
2966,3763,2023-04-29,12963.27,9.84,72,239.09,7070.67,2029-04-28,mora
2967,3764,2024-09-18,77683.79,10.5,240,775.58,75484.73,2044-09-18,mora
2968,3765,2024-03-06,23780.56,8.06,36,745.86,5790.29,2027-03-06,mora
2969,3766,2026-05-19,29556.97,8.34,36,930.89,28831.5,2029-05-18,activo
2970,3767,2023-02-06,19796.05,8.87,36,628.32,0,2026-02-05,pagado
2971,3769,2025-07-20,7384.31,10.01,48,187.32,5942.21,2029-07-20,activo
2972,3770,2023-09-29,283530.44,10.13,180,3069.02,257946.07,2038-09-29,activo
2973,3771,2023-02-03,258935.0,11.48,300,2627.48,251430.93,2048-02-04,mora
2974,3772,2023-10-30,9620.4,11.2,48,249.59,4117.37,2027-10-30,impagado
2975,3773,2023-07-26,28879.34,9.91,12,2537.72,0.3,2024-07-25,pagado
2976,3774,2023-03-22,16684.44,8.4,60,341.49,6648.38,2028-03-21,mora
2977,3776,2026-04-15,14457.23,10.74,36,471.55,13769.85,2029-04-14,activo
2978,3777,2025-02-17,28275.04,9.62,60,595.53,22004.84,2030-02-17,activo
2979,3778,2025-08-04,87397.42,7.17,360,591.62,86610.57,2055-08-05,activo
2980,3779,2026-01-26,19992.93,8.12,60,406.52,18618.28,2031-01-26,activo
2981,3780,2026-03-02,4803.17,11.41,36,158.17,4346.71,2029-03-01,activo
2982,3783,2026-06-11,24690.63,9.63,36,792.36,24690.63,2029-06-10,activo
2983,3784,2026-05-30,3393.69,8.85,48,84.2,3334.52,2030-05-30,activo
2984,3785,2026-01-19,239759.11,9.14,240,2179.01,237967.81,2046-01-19,activo
2985,3786,2024-05-16,3161.92,9.69,24,145.46,0,2026-05-16,pagado
2986,3787,2026-06-02,21098.18,9.98,60,448.02,21098.18,2031-06-02,activo
2987,3789,2025-08-24,37986.39,10.89,36,1241.62,28642.18,2028-08-23,mora
2988,3790,2024-03-06,25935.74,9.84,24,1194.87,0.49,2026-03-06,pagado
2989,3791,2026-06-20,16991.36,10.72,48,436.87,16991.36,2030-06-20,activo
2990,3792,2023-04-11,29360.48,10.12,24,1356.43,0.9,2025-04-10,pagado
2991,3793,2024-12-26,3769.48,9.48,12,330.49,0,2025-12-26,pagado
2992,3794,2024-09-17,12742.66,11.13,12,1127.0,0,2025-09-17,pagado
2993,3795,2025-06-18,22370.51,7.24,60,445.51,18517.84,2030-06-18,activo
2994,3796,2026-02-22,11506.5,10.93,60,249.78,10918.63,2031-02-22,activo
2995,3797,2024-03-30,11254.99,8.51,60,230.99,6773.8,2029-03-30,mora
2996,3798,2026-04-12,23415.21,7.09,36,723.94,22240.56,2029-04-11,activo
2997,3799,2026-03-18,40628.1,9.04,72,733.24,39336.9,2032-03-17,activo
2998,3800,2023-07-22,7597.16,9.69,36,244.05,241.47,2026-07-21,activo
2999,3802,2023-08-12,4690.14,10.69,24,217.92,0.08,2025-08-11,pagado
3000,3803,2024-07-23,19675.02,8.7,36,622.88,8265.3,2027-07-23,mora
3001,3804,2023-06-09,29555.04,9.06,36,940.72,0,2026-06-08,pagado
3002,3805,2024-11-06,10487.06,7.68,60,211.03,7426.9,2029-11-06,activo
3003,3807,2024-12-09,40061.05,8.47,36,1264.15,21295.31,2027-12-09,activo
3004,3808,2024-05-12,3197.7,10.29,36,103.62,1083.17,2027-05-12,mora
3005,3809,2023-02-04,17132.88,10.87,36,559.89,0,2026-02-03,pagado
3006,3812,2023-12-11,102020.35,9.94,180,1092.36,93320.91,2038-12-11,activo
3007,3813,2023-03-09,28118.61,7.97,12,2445.63,0,2024-03-08,pagado
3008,3814,2024-02-12,30274.35,7.69,60,609.42,17578.35,2029-02-11,activo
3009,3815,2026-01-27,8898.36,7.32,84,135.71,8569.65,2033-01-26,activo
3010,3816,2024-02-09,14792.87,9.29,60,309.15,8492.05,2029-02-08,activo
3011,3817,2023-03-21,19454.97,8.53,48,479.84,4167.26,2027-03-21,activo
3012,3818,2026-06-22,20829.45,10.78,48,536.15,20829.45,2030-06-22,activo
3013,3820,2024-01-28,44119.91,8.96,84,708.87,31884.65,2031-01-27,mora
3014,3822,2024-09-28,10109.32,12.22,12,899.26,0,2025-09-28,pagado
3015,3823,2023-11-05,22688.24,10.56,12,2000.59,0,2024-11-04,pagado
3016,3824,2023-11-09,4818.93,9.27,36,153.84,603.94,2026-11-08,mora
3017,3825,2024-12-12,26823.5,11.91,60,595.44,20370.2,2029-12-12,activo
3018,3827,2024-06-12,12617.47,9.42,36,403.69,4606.39,2027-06-12,activo
3019,3829,2026-06-29,7100.4,8.15,12,618.15,7100.4,2027-06-29,activo
3020,3831,2026-03-30,7385.96,9.57,48,185.81,7131.13,2030-03-30,activo
3021,3832,2026-03-23,24879.97,10.02,48,631.23,23598.89,2030-03-23,activo
3022,3833,2024-12-19,33573.32,10.21,72,625.52,26992.55,2030-12-19,activo
3023,3834,2026-06-30,14611.98,10.98,24,680.91,14611.98,2028-06-29,activo
3024,3835,2026-01-22,23386.17,9.62,24,1075.01,18876.79,2028-01-22,activo
3025,3836,2026-06-30,25191.71,10.58,24,1169.21,25191.71,2028-06-29,activo
3026,3838,2023-02-13,27388.71,11.1,36,897.93,1.65,2026-02-12,activo
3027,3839,2026-03-01,83717.94,11.66,360,839.6,83611.84,2056-03-01,activo
