id_solicitud,id_cliente,fecha_solicitud,tipo_credito,importe_solicitado,plazo_meses,finalidad,score_solicitud,ratio_endeudamiento,estado_solicitud,motivo_rechazo
1,1,2025-09-14,vehiculo,31711.14,60,reforma,776,40.3,aprobada,\N
2,2,2023-10-04,personal,21277.64,24,vehiculo,774,43.09,aprobada,\N
3,3,2024-10-23,personal,17652.41,60,reforma,767,9.72,aprobada,\N
4,4,2025-11-18,personal,5913.22,12,liquidez,660,34.38,rechazada,ingresos_insuficientes
5,5,2023-04-05,vehiculo,36844.52,36,consumo,727,29.93,aprobada,\N
6,7,2026-06-20,hipotecario,136142.38,300,reforma,586,38.86,rechazada,score_crediticio_bajo
7,8,2024-08-12,personal,12769.53,60,vivienda,840,4.96,aprobada,\N
8,9,2024-11-09,personal,18332.7,24,liquidez,756,37.22,aprobada,\N
9,10,2023-08-01,vehiculo,39110.67,36,vehiculo,755,32.13,aprobada,\N
10,11,2026-04-13,hipotecario,123001.31,300,liquidez,600,42.59,rechazada,score_crediticio_bajo
11,11,2026-05-31,vehiculo,31761.08,60,reforma,661,42.34,aprobada,\N
12,12,2023-08-29,personal,9317.78,24,vivienda,693,0,aprobada,\N
13,12,2025-11-16,vehiculo,43266.31,48,liquidez,685,17.15,aprobada,\N
14,12,2025-11-11,hipotecario,147064.55,180,vivienda,719,44.05,rechazada,criterios_riesgo
15,15,2024-12-10,personal,12189.25,36,liquidez,774,23.93,aprobada,\N
16,16,2024-05-03,hipotecario,159783.25,180,consumo,769,24.67,aprobada,\N
17,17,2026-06-12,vehiculo,13033.4,36,vivienda,752,24.44,aprobada,\N
18,19,2026-06-22,personal,7876.46,36,consumo,650,13.05,aprobada,\N
19,19,2026-05-22,hipotecario,128734.13,180,reforma,616,41.17,rechazada,criterios_riesgo
20,21,2025-07-16,vehiculo,9692.6,72,liquidez,630,12.75,aprobada,\N
21,24,2025-11-20,vehiculo,10901.67,60,consumo,643,58.97,rechazada,endeudamiento_elevado
22,24,2025-03-18,personal,7631.23,60,vivienda,706,16.49,aprobada,\N
23,29,2023-07-25,personal,16388.93,60,liquidez,756,21.72,aprobada,\N
24,29,2025-01-25,personal,14338.2,36,vehiculo,752,16.28,aprobada,\N
25,32,2026-03-19,personal,18837.44,36,liquidez,732,28.13,aprobada,\N
26,32,2025-12-21,personal,14164.89,36,consumo,701,12.73,aprobada,\N
27,34,2025-05-04,hipotecario,165809.03,240,vehiculo,739,0,aprobada,\N
28,34,2023-02-03,vehiculo,34277.42,60,reforma,760,18.27,aprobada,\N
29,38,2026-06-24,vehiculo,32383.87,84,liquidez,651,18.26,aprobada,\N
30,39,2024-04-04,personal,24708.17,60,reforma,634,26.28,aprobada,\N
31,40,2026-06-07,personal,14575.76,48,consumo,767,25.99,aprobada,\N
32,40,2026-06-04,hipotecario,221691.06,360,vivienda,738,46.56,rechazada,criterios_riesgo
33,40,2026-05-26,personal,27737.6,24,vehiculo,772,14.06,aprobada,\N
34,41,2026-04-10,personal,11440.8,12,reforma,717,22.04,aprobada,\N
35,42,2025-06-06,personal,27146.08,48,vivienda,683,47.42,aprobada,\N
36,44,2026-02-22,personal,22793.22,12,vivienda,673,20.52,aprobada,\N
37,45,2025-03-25,personal,14191.22,24,consumo,889,27.43,aprobada,\N
38,45,2024-03-17,personal,11136.06,48,vehiculo,858,18.62,aprobada,\N
39,45,2024-07-14,personal,29815.93,12,liquidez,874,14.18,aprobada,\N
40,46,2023-11-05,hipotecario,284420.31,360,liquidez,676,37.05,aprobada,\N
41,47,2023-06-23,personal,22562.93,60,reforma,696,30.56,aprobada,\N
42,52,2026-05-09,personal,14698.3,60,vivienda,763,27.56,aprobada,\N
43,52,2026-04-07,personal,5807.14,24,vivienda,741,11.45,aprobada,\N
44,54,2023-03-25,personal,7502.78,36,liquidez,731,14.28,aprobada,\N
45,58,2023-08-11,personal,22780.41,24,consumo,729,0,aprobada,\N
46,58,2023-06-24,vehiculo,27373.73,72,liquidez,678,33.77,aprobada,\N
47,59,2026-03-13,personal,3742.63,24,reforma,440,31.77,rechazada,score_crediticio_bajo
48,61,2025-03-20,personal,27911.27,60,liquidez,740,19.16,aprobada,\N
49,62,2026-05-17,personal,17304.16,24,vivienda,727,29.61,aprobada,\N
50,63,2026-01-27,personal,21468.16,48,consumo,685,15.6,aprobada,\N
51,63,2025-07-13,personal,17630.2,12,liquidez,772,23.29,aprobada,\N
52,64,2025-09-10,vehiculo,14176.51,48,vehiculo,713,27.82,aprobada,\N
53,65,2025-07-02,personal,15983.83,60,consumo,718,27.63,aprobada,\N
54,67,2024-03-21,personal,29363.87,36,vivienda,613,29.68,aprobada,\N
55,67,2025-05-26,vehiculo,27960.82,84,liquidez,680,43.02,aprobada,\N
56,68,2025-12-16,vehiculo,16453.51,36,liquidez,695,53.35,aprobada,\N
57,69,2023-05-16,personal,17712.88,24,consumo,855,27.95,aprobada,\N
58,72,2026-06-18,personal,17336.33,48,vivienda,686,26.43,aprobada,\N
59,73,2026-03-11,personal,2652.74,48,vivienda,644,23.69,aprobada,\N
60,73,2026-03-02,personal,24262.74,24,vehiculo,694,23.76,aprobada,\N
61,74,2024-01-03,hipotecario,229959.5,240,vehiculo,712,27.0,aprobada,\N
62,75,2025-06-30,personal,7520.19,36,vehiculo,566,0,rechazada,score_crediticio_bajo
63,76,2025-03-31,personal,29521.13,48,reforma,618,32.16,aprobada,\N
64,77,2025-08-08,personal,3420.77,12,reforma,800,6.49,aprobada,\N
65,78,2024-10-18,vehiculo,9955.34,84,vehiculo,674,35.83,aprobada,\N
66,79,2024-09-14,personal,28137.66,60,vivienda,664,50.36,aprobada,\N
67,82,2023-12-16,personal,14556.45,36,consumo,688,31.89,aprobada,\N
68,86,2024-07-27,personal,2735.26,36,vehiculo,743,51.34,aprobada,\N
69,86,2023-12-18,hipotecario,233820.87,360,vehiculo,734,40.49,aprobada,\N
70,88,2026-06-08,personal,14892.35,12,vivienda,847,17.47,aprobada,\N
71,88,2026-06-03,personal,17594.46,48,vivienda,851,33.59,aprobada,\N
72,94,2026-04-16,personal,23683.05,12,consumo,530,45.07,rechazada,score_crediticio_bajo
73,97,2025-09-12,personal,20961.67,48,reforma,656,36.72,aprobada,\N
74,100,2023-10-04,vehiculo,38585.49,36,vehiculo,719,28.64,aprobada,\N
75,103,2024-11-01,personal,6642.02,12,vehiculo,635,34.82,aprobada,\N
76,105,2024-04-25,hipotecario,219891.24,360,liquidez,608,61.12,rechazada,score_crediticio_bajo
77,107,2026-01-02,vehiculo,33653.24,36,reforma,710,10.22,aprobada,\N
78,108,2025-10-20,vehiculo,32954.79,48,consumo,769,37.74,aprobada,\N
79,112,2023-04-08,vehiculo,23143.39,72,vivienda,635,45.33,aprobada,\N
80,112,2025-01-02,vehiculo,22948.5,72,reforma,724,18.94,aprobada,\N
81,117,2024-09-18,personal,10978.15,60,liquidez,683,12.17,aprobada,\N
82,119,2024-04-24,vehiculo,41470.21,84,consumo,720,31.17,aprobada,\N
83,119,2023-04-24,personal,29685.5,60,reforma,693,32.9,aprobada,\N
84,120,2024-05-14,personal,24051.58,12,reforma,665,53.23,aprobada,\N
85,121,2023-01-03,hipotecario,304520.28,300,liquidez,903,41.26,aprobada,\N
86,122,2023-08-29,vehiculo,43132.6,60,vivienda,709,11.25,aprobada,\N
87,124,2026-06-25,personal,8659.13,12,vehiculo,756,30.39,aprobada,\N
88,127,2023-11-05,personal,1551.31,36,reforma,828,22.37,aprobada,\N
89,129,2026-02-13,hipotecario,226620.97,240,reforma,579,49.03,rechazada,score_crediticio_bajo
90,130,2025-03-13,personal,19830.85,60,consumo,732,30.47,aprobada,\N
91,131,2024-07-15,personal,8626.38,48,consumo,676,42.44,aprobada,\N
92,132,2024-11-04,personal,2723.3,12,reforma,631,39.14,aprobada,\N
93,133,2024-03-06,vehiculo,38884.45,36,consumo,644,35.39,aprobada,\N
94,134,2026-04-10,hipotecario,137291.2,300,reforma,688,39.53,aprobada,\N
95,135,2026-02-28,personal,20177.53,36,vivienda,751,46.25,aprobada,\N
96,136,2023-09-22,personal,15789.22,36,liquidez,837,33.85,aprobada,\N
97,140,2023-04-25,personal,20775.09,24,consumo,777,35.15,aprobada,\N
98,140,2026-04-20,personal,23725.02,48,vivienda,768,36.05,aprobada,\N
99,140,2025-11-10,personal,15873.29,12,reforma,778,14.42,aprobada,\N
100,143,2025-09-30,personal,7418.75,12,reforma,826,10.07,aprobada,\N
101,143,2025-01-01,personal,2046.17,12,vehiculo,810,18.48,aprobada,\N
102,144,2025-07-14,personal,18469.7,60,consumo,683,38.76,aprobada,\N
103,144,2024-01-20,personal,15235.18,36,vehiculo,686,19.39,aprobada,\N
104,147,2023-05-17,personal,16689.98,36,reforma,871,23.24,aprobada,\N
105,148,2023-12-19,personal,3579.47,36,vehiculo,669,27.55,aprobada,\N
106,148,2023-04-23,personal,17976.91,60,vehiculo,713,33.73,aprobada,\N
107,150,2026-05-27,personal,22879.12,24,consumo,742,26.29,aprobada,\N
108,151,2025-06-12,vehiculo,9595.2,48,vehiculo,594,33.0,rechazada,score_crediticio_bajo
109,153,2025-07-31,personal,8644.0,48,vehiculo,679,23.23,aprobada,\N
110,153,2023-02-20,personal,17522.43,12,vehiculo,694,43.04,aprobada,\N
111,153,2025-07-16,personal,7821.97,36,vivienda,661,19.51,aprobada,\N
112,155,2025-06-12,personal,11247.56,12,liquidez,740,33.84,aprobada,\N
113,155,2026-05-19,personal,1746.96,12,consumo,729,19.98,aprobada,\N
114,156,2025-08-14,personal,12647.16,60,consumo,601,27.09,rechazada,score_crediticio_bajo
115,156,2023-07-17,personal,27801.08,36,vivienda,611,34.03,aprobada,\N
116,157,2025-02-22,personal,4323.23,24,vehiculo,718,54.99,aprobada,\N
117,158,2024-12-03,hipotecario,85452.62,300,liquidez,714,48.73,aprobada,\N
118,158,2025-08-19,personal,8105.69,48,vivienda,734,42.5,aprobada,\N
119,160,2025-03-25,vehiculo,10440.16,72,reforma,610,49.37,aprobada,\N
120,161,2025-05-13,personal,5437.67,48,liquidez,658,62.81,rechazada,endeudamiento_elevado
121,161,2024-05-08,vehiculo,20100.98,72,reforma,631,57.49,rechazada,endeudamiento_elevado
122,162,2025-06-04,personal,21710.93,12,vivienda,684,11.67,aprobada,\N
123,167,2026-05-19,personal,21486.47,48,liquidez,672,25.99,rechazada,ingresos_insuficientes
124,169,2024-01-01,personal,1969.58,48,consumo,521,41.07,rechazada,score_crediticio_bajo
125,170,2025-05-31,personal,5068.53,12,vehiculo,754,32.87,aprobada,\N
126,171,2023-12-04,hipotecario,267045.84,240,consumo,759,33.21,aprobada,\N
127,172,2023-10-12,personal,10788.06,60,vehiculo,778,16.83,aprobada,\N
128,174,2024-03-27,personal,21011.73,24,liquidez,733,22.09,aprobada,\N
129,177,2023-06-01,personal,11457.31,60,vivienda,698,18.12,aprobada,\N
130,177,2023-11-17,hipotecario,297366.56,180,liquidez,720,30.74,aprobada,\N
131,178,2025-07-19,hipotecario,315985.63,360,vivienda,663,49.21,aprobada,\N
132,179,2026-04-13,personal,23059.76,60,liquidez,745,26.68,aprobada,\N
133,182,2025-11-12,personal,21065.74,36,liquidez,767,21.62,aprobada,\N
134,183,2023-11-24,personal,27478.77,36,vivienda,569,46.95,rechazada,score_crediticio_bajo
135,183,2023-11-13,personal,18567.26,12,reforma,567,29.08,rechazada,score_crediticio_bajo
136,184,2024-10-31,personal,12973.11,12,reforma,660,10.64,aprobada,\N
137,186,2024-03-15,vehiculo,25374.01,36,vivienda,798,29.58,aprobada,\N
138,188,2026-06-09,personal,19977.49,36,consumo,768,27.95,aprobada,\N
139,189,2026-05-06,personal,23393.08,36,vivienda,847,5.06,aprobada,\N
140,191,2023-01-01,personal,15506.91,24,liquidez,663,50.54,aprobada,\N
141,192,2026-05-21,hipotecario,302212.91,360,reforma,649,66.63,rechazada,endeudamiento_elevado
142,194,2026-02-11,personal,17343.82,60,vivienda,751,21.67,aprobada,\N
143,194,2025-05-06,personal,28203.27,48,reforma,683,18.89,aprobada,\N
144,198,2025-09-29,vehiculo,22987.79,60,liquidez,787,22.32,aprobada,\N
145,202,2023-12-06,personal,11905.77,12,reforma,687,32.49,aprobada,\N
146,204,2023-09-22,personal,6211.01,36,vivienda,684,24.71,aprobada,\N
147,205,2025-12-07,hipotecario,149835.71,180,liquidez,813,41.57,rechazada,criterios_riesgo
148,206,2025-03-16,personal,23215.77,12,vehiculo,661,38.47,aprobada,\N
149,206,2024-08-01,personal,15713.82,48,consumo,699,21.27,aprobada,\N
150,206,2025-12-02,hipotecario,97749.7,360,vehiculo,622,25.56,aprobada,\N
151,207,2023-02-12,vehiculo,15385.17,36,reforma,714,47.09,aprobada,\N
152,209,2025-07-26,vehiculo,17249.6,36,consumo,717,37.16,aprobada,\N
153,216,2024-02-16,personal,17744.74,48,vivienda,696,35.92,aprobada,\N
154,218,2025-10-20,personal,1712.98,60,reforma,545,29.48,rechazada,score_crediticio_bajo
155,222,2025-10-28,personal,2326.91,24,liquidez,736,15.93,aprobada,\N
156,223,2025-09-12,vehiculo,30185.36,60,liquidez,843,12.05,aprobada,\N
157,224,2024-02-29,personal,5075.92,24,liquidez,803,18.3,aprobada,\N
158,224,2024-09-19,hipotecario,121515.75,180,vehiculo,749,38.69,aprobada,\N
159,227,2025-02-25,vehiculo,29466.87,60,liquidez,461,33.72,rechazada,score_crediticio_bajo
160,229,2024-08-21,personal,25047.52,24,vivienda,667,53.15,aprobada,\N
161,230,2024-06-21,vehiculo,35591.44,72,liquidez,705,15.86,rechazada,ingresos_insuficientes
162,230,2023-12-02,personal,28589.61,12,consumo,689,30.59,rechazada,ingresos_insuficientes
163,231,2023-10-19,personal,25485.74,60,vehiculo,689,38.37,aprobada,\N
164,237,2023-08-15,hipotecario,131595.92,180,vehiculo,634,37.28,rechazada,ingresos_insuficientes
165,238,2025-09-03,personal,8274.47,60,liquidez,796,38.03,aprobada,\N
166,239,2025-05-01,personal,23471.15,48,reforma,767,6.15,aprobada,\N
167,239,2024-03-19,hipotecario,290116.09,300,liquidez,760,68.48,rechazada,endeudamiento_elevado
168,240,2023-07-13,vehiculo,21630.06,84,vivienda,603,27.38,rechazada,score_crediticio_bajo
169,241,2023-06-02,vehiculo,13358.31,48,consumo,732,36.18,aprobada,\N
170,243,2023-07-08,hipotecario,195340.66,180,liquidez,659,63.46,rechazada,endeudamiento_elevado
171,243,2023-10-04,personal,12370.41,12,liquidez,699,23.14,rechazada,ingresos_insuficientes
172,244,2025-08-15,hipotecario,84775.94,180,vivienda,737,4.74,aprobada,\N
173,245,2024-09-27,personal,11178.43,24,liquidez,752,33.1,aprobada,\N
174,249,2023-01-30,personal,26442.06,48,vivienda,748,26.92,aprobada,\N
175,250,2025-04-03,hipotecario,294564.14,240,liquidez,733,62.86,rechazada,endeudamiento_elevado
176,251,2024-08-06,hipotecario,83421.24,300,vehiculo,688,38.55,rechazada,criterios_riesgo
177,253,2026-04-04,vehiculo,20441.94,60,vehiculo,831,4.85,aprobada,\N
178,255,2026-04-11,personal,23308.88,24,consumo,777,31.79,aprobada,\N
179,255,2026-03-17,hipotecario,197544.21,300,liquidez,796,36.13,aprobada,\N
180,259,2024-02-23,personal,16579.43,48,vehiculo,730,33.37,aprobada,\N
181,259,2024-08-06,vehiculo,26771.32,72,vehiculo,705,22.95,aprobada,\N
182,262,2023-09-27,hipotecario,282943.62,180,consumo,648,37.93,aprobada,\N
183,265,2024-05-04,personal,22394.91,36,liquidez,732,37.34,aprobada,\N
184,266,2023-12-26,vehiculo,23660.64,48,reforma,686,1.68,aprobada,\N
185,267,2025-03-21,personal,13223.92,24,consumo,659,17.42,aprobada,\N
186,269,2024-10-11,personal,17896.41,60,vehiculo,809,10.06,aprobada,\N
187,269,2024-08-26,personal,20805.38,60,consumo,752,38.95,aprobada,\N
188,270,2026-06-21,vehiculo,11551.89,72,reforma,787,15.04,aprobada,\N
189,271,2026-06-24,personal,14275.26,36,consumo,631,35.04,aprobada,\N
190,272,2023-06-06,vehiculo,15715.26,84,vehiculo,720,6.17,aprobada,\N
191,273,2023-01-19,personal,6951.51,12,vivienda,642,25.73,aprobada,\N
192,275,2025-05-09,personal,4504.26,12,consumo,584,25.1,rechazada,score_crediticio_bajo
193,279,2026-05-07,hipotecario,248400.77,300,consumo,655,68.68,rechazada,endeudamiento_elevado
194,279,2026-05-28,vehiculo,9621.66,36,consumo,708,34.84,aprobada,\N
195,279,2026-02-13,hipotecario,86589.75,240,consumo,708,22.74,aprobada,\N
196,281,2024-02-02,personal,15092.49,48,consumo,658,56.69,rechazada,endeudamiento_elevado
197,281,2026-03-13,vehiculo,19800.88,60,reforma,718,35.62,aprobada,\N
198,282,2023-09-25,personal,6150.11,60,vehiculo,702,41.86,aprobada,\N
199,283,2023-08-27,personal,2020.33,48,consumo,697,34.85,aprobada,\N
200,283,2023-10-12,hipotecario,119526.73,300,liquidez,658,38.5,rechazada,criterios_riesgo
201,285,2025-06-14,personal,11435.07,12,vehiculo,711,30.28,aprobada,\N
202,286,2025-02-16,vehiculo,32098.08,84,vivienda,730,34.01,aprobada,\N
203,287,2024-07-25,personal,2809.99,24,vivienda,624,30.92,aprobada,\N
204,288,2025-02-03,personal,8284.21,36,vivienda,736,52.47,aprobada,\N
205,291,2024-08-25,personal,7233.76,48,reforma,851,28.02,aprobada,\N
206,293,2026-03-18,vehiculo,25027.5,36,vehiculo,740,22.97,aprobada,\N
207,293,2024-08-26,vehiculo,17474.53,72,vivienda,706,17.1,aprobada,\N
208,296,2023-08-18,vehiculo,9072.64,84,reforma,814,14.06,aprobada,\N
209,297,2024-07-15,personal,17889.68,36,reforma,756,10.0,aprobada,\N
210,298,2026-02-27,vehiculo,33715.52,48,vivienda,713,21.78,aprobada,\N
211,298,2026-03-07,personal,15901.38,36,reforma,586,49.23,rechazada,score_crediticio_bajo
212,300,2024-04-15,personal,20147.61,12,vehiculo,708,33.11,aprobada,\N
213,302,2025-12-02,personal,6770.82,36,consumo,693,26.01,aprobada,\N
214,305,2026-04-17,hipotecario,271216.52,240,vivienda,667,33.39,aprobada,\N
215,307,2023-05-28,vehiculo,31991.22,36,consumo,750,20.75,aprobada,\N
216,308,2026-03-23,personal,18755.95,60,consumo,797,10.31,aprobada,\N
217,309,2024-01-05,personal,26283.37,60,reforma,591,59.94,rechazada,score_crediticio_bajo
218,310,2024-07-28,personal,15815.92,36,vehiculo,768,23.43,aprobada,\N
219,313,2026-05-14,vehiculo,22914.17,84,consumo,836,5.78,aprobada,\N
220,316,2025-06-11,vehiculo,22431.41,48,reforma,724,38.65,aprobada,\N
221,318,2023-02-23,personal,20609.9,48,consumo,712,28.69,aprobada,\N
222,320,2025-08-29,hipotecario,124710.79,180,liquidez,660,33.77,rechazada,criterios_riesgo
223,321,2025-01-09,vehiculo,44755.04,60,vehiculo,688,36.0,aprobada,\N
224,325,2025-11-02,personal,19955.63,48,reforma,671,21.4,aprobada,\N
225,326,2025-07-12,personal,2876.85,60,vivienda,620,31.48,aprobada,\N
226,326,2023-07-24,personal,21353.2,36,vehiculo,679,36.75,aprobada,\N
227,328,2024-03-20,vehiculo,35158.88,84,consumo,778,31.14,aprobada,\N
228,329,2026-06-27,personal,16378.68,24,reforma,738,14.01,aprobada,\N
229,330,2026-05-05,vehiculo,14691.89,72,vehiculo,672,30.6,aprobada,\N
230,331,2023-04-26,vehiculo,9960.96,36,vehiculo,822,39.23,aprobada,\N
231,331,2024-06-06,hipotecario,251052.02,180,liquidez,758,59.65,rechazada,endeudamiento_elevado
232,334,2025-04-01,personal,3630.51,48,liquidez,701,34.4,aprobada,\N
233,335,2024-12-10,hipotecario,111755.85,180,vivienda,770,22.77,rechazada,criterios_riesgo
234,336,2023-10-26,vehiculo,26830.18,84,consumo,752,21.76,aprobada,\N
235,336,2025-05-23,vehiculo,25451.12,84,reforma,685,44.27,aprobada,\N
236,337,2025-06-26,vehiculo,13733.95,60,vehiculo,811,22.18,aprobada,\N
237,338,2024-02-19,hipotecario,252465.85,180,reforma,678,31.21,aprobada,\N
238,338,2023-01-26,personal,4334.62,36,liquidez,664,24.47,aprobada,\N
239,341,2024-12-13,personal,10813.06,48,vivienda,856,23.96,aprobada,\N
240,341,2024-05-25,personal,9564.7,60,liquidez,788,33.19,aprobada,\N
241,342,2023-01-24,vehiculo,34108.35,60,reforma,669,42.53,aprobada,\N
242,343,2023-11-29,personal,24796.83,60,vivienda,629,48.01,rechazada,ingresos_insuficientes
243,344,2024-12-22,hipotecario,242388.2,240,consumo,514,95,rechazada,score_crediticio_bajo
244,347,2025-08-04,personal,6235.22,12,vehiculo,566,31.36,rechazada,score_crediticio_bajo
245,347,2023-06-07,personal,19153.68,12,consumo,554,40.34,rechazada,score_crediticio_bajo
246,349,2023-05-27,personal,29085.08,24,consumo,657,49.15,aprobada,\N
247,349,2024-12-17,personal,21037.24,24,consumo,673,40.98,aprobada,\N
248,350,2026-05-19,personal,28645.68,60,reforma,767,25.54,aprobada,\N
249,350,2026-06-04,personal,2972.97,60,vehiculo,718,22.29,aprobada,\N
250,351,2023-03-06,personal,5021.61,48,reforma,599,48.56,rechazada,score_crediticio_bajo
251,351,2024-08-01,personal,10047.54,24,vivienda,716,1.75,aprobada,\N
252,355,2026-03-16,personal,25738.51,24,liquidez,724,22.83,aprobada,\N
253,357,2026-06-27,vehiculo,22435.1,84,liquidez,665,7.56,aprobada,\N
254,357,2026-03-25,personal,26693.82,48,consumo,708,21.49,aprobada,\N
255,358,2024-09-10,personal,17579.42,24,consumo,651,27.63,rechazada,ingresos_insuficientes
256,359,2025-06-16,personal,26802.61,60,liquidez,727,19.37,aprobada,\N
257,359,2025-12-16,vehiculo,44571.85,84,vehiculo,716,6.48,aprobada,\N
258,360,2026-01-23,personal,11017.26,36,reforma,629,9.63,aprobada,\N
259,362,2026-04-08,personal,17524.57,36,consumo,670,46.21,aprobada,\N
260,365,2026-01-29,vehiculo,24146.85,72,reforma,780,16.04,aprobada,\N
261,366,2026-03-23,personal,2296.83,36,liquidez,601,45.94,rechazada,score_crediticio_bajo
262,366,2025-03-16,vehiculo,42446.38,48,liquidez,632,12.16,aprobada,\N
263,369,2026-04-30,hipotecario,93453.84,180,reforma,752,57.34,rechazada,endeudamiento_elevado
264,370,2025-11-26,personal,26362.66,24,reforma,761,0.64,aprobada,\N
265,371,2024-12-10,personal,22996.41,12,liquidez,710,36.34,aprobada,\N
266,371,2023-10-19,vehiculo,25512.0,84,reforma,683,42.25,aprobada,\N
267,371,2026-01-25,personal,4947.98,36,reforma,670,35.34,aprobada,\N
268,374,2024-07-27,personal,17638.04,60,reforma,618,49.37,aprobada,\N
269,376,2025-07-14,personal,16984.02,60,liquidez,803,30.64,aprobada,\N
270,377,2025-06-19,personal,16460.99,48,vehiculo,834,33.69,aprobada,\N
271,377,2023-02-20,vehiculo,44150.2,72,liquidez,764,45.31,aprobada,\N
272,378,2024-02-05,personal,6410.42,36,reforma,594,22.21,rechazada,score_crediticio_bajo
273,379,2024-11-04,personal,3373.93,24,consumo,746,13.63,aprobada,\N
274,380,2025-04-07,personal,22895.71,60,reforma,606,20.15,rechazada,score_crediticio_bajo
275,385,2025-03-05,hipotecario,195099.53,300,vivienda,566,51.23,rechazada,score_crediticio_bajo
276,385,2025-02-03,personal,8259.23,36,liquidez,564,21.29,rechazada,score_crediticio_bajo
277,386,2023-03-30,personal,15456.96,24,vehiculo,686,22.97,aprobada,\N
278,386,2024-02-25,vehiculo,32198.83,60,reforma,603,25.26,rechazada,score_crediticio_bajo
279,387,2024-06-18,vehiculo,13066.63,48,vivienda,654,0,aprobada,\N
280,388,2025-12-09,personal,10785.67,12,reforma,732,38.04,aprobada,\N
281,389,2026-06-10,hipotecario,260013.39,240,vehiculo,683,22.66,aprobada,\N
282,390,2026-02-10,vehiculo,22282.67,48,consumo,623,45.6,aprobada,\N
283,394,2024-01-26,personal,18340.1,48,liquidez,769,46.52,aprobada,\N
284,394,2026-02-01,personal,9519.69,48,vivienda,783,34.48,aprobada,\N
285,396,2025-02-12,vehiculo,17424.94,48,vivienda,684,16.02,aprobada,\N
286,396,2024-08-06,personal,7596.57,24,reforma,723,28.35,aprobada,\N
287,398,2024-08-04,vehiculo,41775.14,48,consumo,767,35.51,aprobada,\N
288,400,2024-08-09,personal,5001.09,12,vehiculo,729,18.34,aprobada,\N
289,401,2025-11-10,hipotecario,107396.54,240,liquidez,783,36.14,aprobada,\N
290,402,2026-06-24,hipotecario,94836.56,360,reforma,727,25.11,aprobada,\N
291,403,2026-05-09,hipotecario,279640.86,180,reforma,720,42.27,aprobada,\N
292,406,2024-02-05,personal,6282.89,48,reforma,775,39.86,aprobada,\N
293,409,2024-03-14,personal,24772.2,12,consumo,696,35.62,rechazada,ingresos_insuficientes
294,410,2024-10-30,hipotecario,191323.13,180,vehiculo,667,31.53,aprobada,\N
295,410,2023-09-27,hipotecario,126946.26,240,vivienda,728,33.68,aprobada,\N
296,411,2026-02-25,hipotecario,203855.07,360,reforma,789,42.23,aprobada,\N
297,411,2024-11-27,hipotecario,85529.04,180,liquidez,792,37.54,aprobada,\N
298,415,2023-05-05,personal,20623.25,12,consumo,674,0,aprobada,\N
299,417,2026-01-09,personal,27750.47,60,liquidez,693,23.29,aprobada,\N
300,418,2025-03-23,vehiculo,9024.42,72,vehiculo,779,10.85,aprobada,\N
301,419,2025-10-05,hipotecario,261591.58,360,vivienda,737,31.45,rechazada,criterios_riesgo
302,421,2026-01-12,vehiculo,24921.84,84,vehiculo,743,17.68,aprobada,\N
303,422,2023-04-25,personal,21018.44,12,liquidez,606,45.99,rechazada,score_crediticio_bajo
304,423,2023-11-26,personal,26424.25,24,liquidez,748,42.29,aprobada,\N
305,424,2024-02-21,personal,8172.16,24,liquidez,682,29.42,aprobada,\N
306,425,2026-03-31,personal,26989.84,36,vivienda,725,45.4,aprobada,\N
307,425,2024-10-21,vehiculo,43643.3,36,reforma,798,11.6,aprobada,\N
308,428,2023-09-02,personal,26667.18,12,vivienda,647,29.0,aprobada,\N
309,428,2024-06-03,hipotecario,228110.49,360,liquidez,637,39.95,aprobada,\N
310,429,2023-10-18,personal,20762.73,24,vivienda,796,60.0,rechazada,endeudamiento_elevado
311,431,2023-06-15,vehiculo,36508.27,60,consumo,775,43.72,aprobada,\N
312,433,2024-05-12,personal,22158.31,24,vivienda,690,32.49,aprobada,\N
313,435,2024-05-03,vehiculo,33182.42,60,vehiculo,783,17.36,aprobada,\N
314,436,2025-08-08,personal,29527.36,12,vivienda,648,20.76,aprobada,\N
315,437,2026-02-12,personal,6506.5,12,liquidez,713,36.68,aprobada,\N
316,438,2023-08-11,personal,23802.03,12,vehiculo,700,30.3,aprobada,\N
317,440,2025-08-15,personal,23313.88,60,reforma,540,69.38,rechazada,score_crediticio_bajo
318,440,2026-05-13,personal,15553.45,24,consumo,643,29.45,rechazada,ingresos_insuficientes
319,445,2023-04-05,personal,12399.41,24,consumo,769,20.55,aprobada,\N
320,445,2023-06-09,personal,8554.73,12,vehiculo,798,0.76,aprobada,\N
321,448,2024-12-10,personal,25512.72,48,vehiculo,517,51.44,rechazada,score_crediticio_bajo
322,450,2023-04-23,vehiculo,32384.91,36,vehiculo,644,43.42,aprobada,\N
323,451,2024-05-03,personal,9026.72,48,consumo,625,31.52,rechazada,ingresos_insuficientes
324,451,2024-02-26,personal,25960.32,24,consumo,601,3.4,rechazada,score_crediticio_bajo
325,452,2025-11-11,hipotecario,87635.51,180,vehiculo,840,30.85,aprobada,\N
326,454,2024-11-23,personal,21330.96,36,consumo,681,16.44,aprobada,\N
327,456,2026-01-05,personal,8518.93,36,vehiculo,712,18.08,aprobada,\N
328,457,2025-12-03,hipotecario,114386.8,360,reforma,566,42.32,rechazada,score_crediticio_bajo
329,461,2025-09-29,personal,9361.95,24,consumo,713,38.56,aprobada,\N
330,461,2025-01-14,hipotecario,85869.41,360,reforma,701,35.1,rechazada,criterios_riesgo
331,462,2025-04-04,personal,22609.15,12,vehiculo,620,63.33,rechazada,endeudamiento_elevado
332,463,2024-05-11,personal,7044.43,60,consumo,640,47.14,aprobada,\N
333,463,2025-03-14,hipotecario,186678.78,240,vehiculo,659,56.71,rechazada,endeudamiento_elevado
334,465,2026-06-13,vehiculo,19068.61,48,vivienda,804,42.46,aprobada,\N
335,465,2025-12-16,hipotecario,103207.07,240,reforma,767,48.11,rechazada,criterios_riesgo
336,466,2026-02-26,personal,11973.5,12,liquidez,776,35.24,aprobada,\N
337,470,2025-08-14,vehiculo,43147.37,48,liquidez,814,34.53,aprobada,\N
338,471,2026-06-22,vehiculo,19986.5,48,vivienda,772,19.77,aprobada,\N
339,472,2023-11-07,personal,20611.97,36,consumo,713,21.1,aprobada,\N
340,472,2023-10-22,personal,23386.49,48,vehiculo,689,22.16,aprobada,\N
341,473,2023-11-20,personal,15188.36,60,consumo,776,23.5,rechazada,ingresos_insuficientes
342,474,2025-12-18,vehiculo,37272.81,48,vivienda,631,28.61,aprobada,\N
343,476,2026-05-07,vehiculo,22678.75,36,reforma,620,8.23,aprobada,\N
344,476,2025-01-10,personal,16774.37,24,liquidez,599,25.41,rechazada,score_crediticio_bajo
345,478,2026-04-16,hipotecario,154780.63,360,liquidez,741,37.97,aprobada,\N
346,481,2023-05-05,personal,29869.27,60,consumo,571,46.37,rechazada,score_crediticio_bajo
347,482,2026-02-17,personal,13378.42,60,reforma,616,18.39,aprobada,\N
348,483,2026-01-30,vehiculo,11205.68,84,vivienda,928,24.42,aprobada,\N
349,483,2023-03-27,vehiculo,12033.81,60,vehiculo,856,29.16,aprobada,\N
350,484,2024-09-30,vehiculo,13686.15,72,vivienda,730,11.47,aprobada,\N
351,485,2024-04-09,hipotecario,145973.62,300,vehiculo,740,42.19,rechazada,criterios_riesgo
352,486,2023-07-31,personal,15011.0,36,vivienda,540,23.55,rechazada,score_crediticio_bajo
353,488,2026-06-30,personal,19804.55,36,vehiculo,710,34.51,aprobada,\N
354,494,2026-05-20,personal,18457.48,12,consumo,628,31.28,aprobada,\N
355,494,2026-04-16,personal,14406.65,48,liquidez,643,15.81,aprobada,\N
356,496,2024-08-01,vehiculo,8852.92,72,consumo,697,28.91,aprobada,\N
357,497,2025-01-01,personal,28520.66,24,reforma,739,47.22,aprobada,\N
358,498,2024-09-07,vehiculo,20014.3,36,vehiculo,714,44.38,aprobada,\N
359,499,2025-09-06,personal,27878.65,24,reforma,646,33.96,rechazada,ingresos_insuficientes
360,499,2024-06-10,personal,15764.95,48,vehiculo,591,42.96,rechazada,score_crediticio_bajo
361,503,2023-07-18,personal,5423.37,60,consumo,702,16.91,aprobada,\N
362,504,2024-07-31,vehiculo,31731.16,60,vivienda,745,13.4,aprobada,\N
363,505,2023-01-10,vehiculo,22003.57,36,liquidez,658,38.23,aprobada,\N
364,507,2024-02-20,personal,19372.58,12,liquidez,652,37.43,aprobada,\N
365,510,2024-03-26,hipotecario,140710.6,240,reforma,708,37.09,rechazada,criterios_riesgo
366,510,2023-03-05,personal,11550.68,60,consumo,792,39.14,aprobada,\N
367,511,2023-05-03,vehiculo,40749.26,84,vehiculo,644,36.16,aprobada,\N
368,512,2024-02-27,vehiculo,33281.58,60,liquidez,776,24.6,aprobada,\N
369,513,2023-08-19,personal,14949.24,24,reforma,726,51.11,aprobada,\N
370,516,2025-02-16,personal,21907.13,12,liquidez,596,31.17,rechazada,score_crediticio_bajo
371,516,2025-03-07,personal,24822.03,24,consumo,523,64.25,rechazada,score_crediticio_bajo
372,517,2023-11-12,personal,14883.19,36,vivienda,754,12.89,aprobada,\N
373,518,2024-08-10,personal,21316.04,12,vivienda,803,39.4,aprobada,\N
374,522,2026-01-31,personal,8445.68,60,liquidez,737,8.33,aprobada,\N
375,522,2023-09-05,vehiculo,9799.31,48,vivienda,751,24.37,aprobada,\N
376,525,2024-11-09,personal,28526.04,60,vehiculo,417,95,rechazada,score_crediticio_bajo
377,525,2026-03-19,personal,22935.22,48,reforma,398,95,rechazada,score_crediticio_bajo
378,527,2026-05-24,vehiculo,13954.18,48,vehiculo,681,41.85,aprobada,\N
379,527,2023-01-28,personal,9097.49,48,liquidez,644,64.22,rechazada,endeudamiento_elevado
380,528,2026-06-18,hipotecario,256654.76,240,liquidez,618,56.78,rechazada,endeudamiento_elevado
381,532,2025-04-14,personal,4155.69,60,vehiculo,671,53.85,aprobada,\N
382,533,2023-09-19,vehiculo,37590.04,72,liquidez,664,19.79,rechazada,ingresos_insuficientes
383,534,2026-01-02,personal,5627.97,12,vehiculo,722,40.51,aprobada,\N
384,534,2026-01-25,hipotecario,134869.05,240,vehiculo,734,33.51,aprobada,\N
385,535,2024-09-05,vehiculo,11355.58,60,vivienda,746,44.26,aprobada,\N
386,535,2024-02-05,vehiculo,44154.02,72,vivienda,740,27.82,aprobada,\N
387,535,2025-08-11,personal,9896.98,60,vivienda,752,36.88,aprobada,\N
388,537,2025-10-16,vehiculo,9190.48,48,liquidez,763,17.79,aprobada,\N
389,538,2025-12-21,vehiculo,24293.25,84,vehiculo,614,26.3,aprobada,\N
390,539,2026-05-07,personal,12936.46,12,vivienda,863,30.56,aprobada,\N
391,540,2026-04-08,personal,25814.17,24,vehiculo,679,21.85,aprobada,\N
392,542,2026-05-14,personal,22012.26,36,reforma,691,32.4,aprobada,\N
393,547,2025-03-06,personal,20413.86,12,reforma,692,46.38,aprobada,\N
394,547,2024-03-22,hipotecario,71154.44,240,liquidez,685,25.27,rechazada,criterios_riesgo
395,548,2026-02-02,personal,17129.9,60,reforma,711,14.54,aprobada,\N
396,552,2026-06-09,personal,16778.83,48,liquidez,607,32.13,rechazada,score_crediticio_bajo
397,554,2025-08-24,personal,13695.22,24,consumo,740,13.63,aprobada,\N
398,556,2024-11-13,vehiculo,30574.76,84,reforma,707,23.27,aprobada,\N
399,559,2025-04-15,vehiculo,28126.5,60,reforma,779,32.64,aprobada,\N
400,560,2026-06-18,hipotecario,309345.12,360,consumo,686,50.36,rechazada,criterios_riesgo
401,561,2023-01-28,vehiculo,43790.7,72,consumo,580,47.38,rechazada,score_crediticio_bajo
402,564,2023-07-06,personal,11320.32,36,vehiculo,746,31.39,aprobada,\N
403,570,2026-05-27,personal,27796.2,24,consumo,714,18.39,aprobada,\N
404,571,2024-02-11,personal,14307.3,60,liquidez,685,8.43,aprobada,\N
405,571,2023-02-07,hipotecario,257269.57,360,reforma,696,30.19,aprobada,\N
406,572,2023-02-27,hipotecario,245947.57,240,vivienda,814,50.4,aprobada,\N
407,574,2024-10-04,personal,18230.03,48,reforma,793,32.25,aprobada,\N
408,574,2025-02-24,vehiculo,44060.62,36,vehiculo,837,38.98,aprobada,\N
409,576,2024-11-06,personal,24093.12,60,vivienda,808,46.51,aprobada,\N
410,577,2023-11-20,personal,2026.01,24,vehiculo,749,12.72,aprobada,\N
411,578,2023-08-30,personal,20855.04,60,consumo,669,20.62,aprobada,\N
412,578,2024-12-09,vehiculo,29340.63,48,reforma,652,23.14,aprobada,\N
413,579,2023-09-06,personal,11914.85,48,consumo,707,53.02,aprobada,\N
414,580,2024-04-19,personal,9982.01,36,liquidez,755,17.88,aprobada,\N
415,583,2026-01-22,personal,14145.72,12,reforma,739,14.55,aprobada,\N
416,584,2025-04-03,vehiculo,30212.55,60,consumo,622,39.31,aprobada,\N
417,585,2025-08-01,personal,19385.75,24,reforma,682,29.93,aprobada,\N
418,586,2023-11-16,personal,9990.87,24,liquidez,619,40.68,aprobada,\N
419,587,2025-11-03,personal,18747.23,12,liquidez,772,15.05,aprobada,\N
420,588,2024-08-11,personal,7826.68,60,vivienda,782,16.8,aprobada,\N
421,588,2026-02-11,hipotecario,282148.31,360,vehiculo,751,48.19,rechazada,criterios_riesgo
422,588,2024-12-25,hipotecario,172912.57,180,reforma,766,47.07,rechazada,criterios_riesgo
423,593,2023-10-28,vehiculo,42752.62,36,reforma,719,28.43,aprobada,\N
424,595,2025-11-04,personal,1969.56,48,vivienda,598,44.69,rechazada,score_crediticio_bajo
425,596,2023-09-29,hipotecario,139803.64,180,liquidez,618,32.84,rechazada,ingresos_insuficientes
426,597,2025-03-05,personal,20820.36,36,reforma,696,41.59,aprobada,\N
427,598,2026-06-28,personal,23449.91,24,reforma,720,12.24,aprobada,\N
428,599,2023-12-30,personal,16613.73,60,consumo,797,31.54,aprobada,\N
429,603,2024-02-17,personal,5354.65,48,consumo,737,21.17,aprobada,\N
430,608,2024-01-05,personal,10592.03,12,consumo,684,38.79,aprobada,\N
431,609,2023-02-20,personal,29455.61,48,vivienda,775,39.76,aprobada,\N
432,609,2025-07-23,vehiculo,29202.94,60,consumo,786,41.53,aprobada,\N
433,610,2025-02-27,hipotecario,287176.26,240,liquidez,585,92.81,rechazada,score_crediticio_bajo
434,611,2025-04-08,personal,10544.86,48,vehiculo,543,41.68,rechazada,score_crediticio_bajo
435,611,2025-05-07,personal,13368.57,60,vivienda,561,39.92,rechazada,score_crediticio_bajo
436,611,2024-04-12,vehiculo,41493.78,48,liquidez,537,35.95,rechazada,score_crediticio_bajo
437,613,2023-10-09,personal,28090.7,48,vehiculo,774,17.11,aprobada,\N
438,615,2025-09-02,hipotecario,247311.89,180,consumo,715,63.58,rechazada,endeudamiento_elevado
439,617,2026-01-30,vehiculo,44766.13,36,liquidez,741,12.53,aprobada,\N
440,618,2023-07-06,hipotecario,291525.98,240,vehiculo,644,70.92,rechazada,endeudamiento_elevado
441,621,2026-06-14,personal,27218.55,12,vivienda,676,22.22,aprobada,\N
442,622,2025-08-31,vehiculo,16835.3,36,vivienda,664,43.28,aprobada,\N
443,622,2023-03-29,vehiculo,28436.15,48,reforma,753,11.49,aprobada,\N
444,624,2024-05-04,personal,18526.8,12,vivienda,695,0.02,aprobada,\N
445,627,2023-06-11,hipotecario,198676.24,300,vehiculo,711,49.57,aprobada,\N
446,631,2023-08-08,personal,25941.01,24,vehiculo,767,33.23,aprobada,\N
447,633,2024-07-05,personal,4014.93,48,consumo,631,44.0,aprobada,\N
448,634,2026-06-29,personal,15769.62,60,liquidez,714,25.15,aprobada,\N
449,636,2025-10-18,personal,13289.79,60,liquidez,573,9.99,rechazada,score_crediticio_bajo
450,637,2023-08-18,vehiculo,18954.94,84,liquidez,724,22.75,aprobada,\N
451,638,2025-12-25,personal,22090.25,48,vivienda,767,23.2,aprobada,\N
452,643,2023-05-26,personal,25060.27,60,vehiculo,698,20.69,aprobada,\N
453,643,2023-01-26,vehiculo,44275.67,60,vehiculo,698,43.52,aprobada,\N
454,644,2024-06-12,personal,22588.93,60,consumo,720,65.16,rechazada,endeudamiento_elevado
455,645,2023-06-18,personal,14719.77,12,vehiculo,793,22.19,aprobada,\N
456,646,2026-01-14,vehiculo,14264.02,84,consumo,736,36.25,aprobada,\N
457,647,2025-08-02,personal,10997.54,36,consumo,854,29.74,aprobada,\N
458,649,2024-05-25,personal,20827.4,60,vivienda,776,19.96,aprobada,\N
459,650,2024-05-01,personal,26603.38,36,vivienda,780,17.84,aprobada,\N
460,651,2025-02-15,personal,26080.1,48,reforma,776,23.33,aprobada,\N
461,652,2023-07-10,vehiculo,31726.18,84,vehiculo,757,15.12,aprobada,\N
462,653,2023-02-16,personal,8373.96,36,vehiculo,760,26.45,aprobada,\N
463,655,2026-06-20,personal,2607.94,36,reforma,762,31.91,aprobada,\N
464,655,2026-04-21,personal,28003.57,60,liquidez,674,7.18,aprobada,\N
465,655,2026-01-20,personal,5311.7,12,liquidez,695,45.27,aprobada,\N
466,656,2024-06-25,personal,3003.71,48,liquidez,759,32.22,aprobada,\N
467,659,2025-02-01,vehiculo,32448.65,72,consumo,657,8.59,aprobada,\N
468,661,2023-09-10,hipotecario,197385.05,360,liquidez,553,55.09,rechazada,score_crediticio_bajo
469,662,2024-07-30,vehiculo,34852.01,36,reforma,730,28.61,aprobada,\N
470,662,2023-06-23,personal,7232.75,48,vehiculo,675,57.64,rechazada,endeudamiento_elevado
471,663,2023-04-12,vehiculo,19940.57,72,vivienda,690,27.71,aprobada,\N
472,665,2025-10-04,personal,22071.39,12,vivienda,744,26.82,aprobada,\N
473,665,2023-07-14,vehiculo,18796.35,84,liquidez,697,47.56,aprobada,\N
474,666,2025-03-11,vehiculo,40030.64,84,vivienda,639,27.32,aprobada,\N
475,666,2025-03-20,personal,20124.63,36,liquidez,652,53.48,aprobada,\N
476,667,2025-08-15,personal,3947.73,24,consumo,695,36.09,aprobada,\N
477,669,2025-09-25,personal,6679.69,36,liquidez,639,24.62,aprobada,\N
478,669,2024-05-22,vehiculo,12440.59,48,consumo,648,36.85,aprobada,\N
479,672,2025-08-17,personal,12025.36,36,vehiculo,677,40.53,aprobada,\N
480,674,2023-12-03,personal,13340.85,12,vehiculo,727,21.65,aprobada,\N
481,675,2023-03-02,personal,11726.9,60,liquidez,694,22.26,aprobada,\N
482,678,2026-01-14,personal,21717.58,24,reforma,596,10.59,rechazada,score_crediticio_bajo
483,679,2025-09-09,personal,21764.58,24,liquidez,723,34.84,aprobada,\N
484,679,2025-12-19,hipotecario,295838.7,360,reforma,690,48.78,rechazada,criterios_riesgo
485,680,2024-10-13,personal,12830.72,12,vehiculo,878,24.72,aprobada,\N
486,681,2026-04-14,vehiculo,37881.68,36,consumo,630,42.11,aprobada,\N
487,682,2025-09-27,hipotecario,293727.35,180,consumo,739,47.13,aprobada,\N
488,685,2024-02-25,personal,9781.92,48,vehiculo,706,17.98,aprobada,\N
489,686,2025-05-01,hipotecario,312349.55,240,reforma,668,39.13,aprobada,\N
490,687,2023-04-13,personal,23659.09,36,vivienda,749,21.7,aprobada,\N
491,688,2024-02-02,personal,12071.54,12,reforma,643,16.24,aprobada,\N
492,689,2025-09-23,hipotecario,121453.85,180,vehiculo,760,24.75,aprobada,\N
493,693,2023-05-19,personal,17822.34,48,vehiculo,570,50.48,rechazada,score_crediticio_bajo
494,694,2023-01-22,personal,23441.37,48,vivienda,730,11.74,aprobada,\N
495,696,2023-11-19,vehiculo,9206.5,36,vivienda,745,18.57,aprobada,\N
496,697,2026-04-29,vehiculo,42082.64,36,reforma,684,47.1,aprobada,\N
497,698,2023-02-16,personal,2637.7,36,reforma,738,18.55,aprobada,\N
498,699,2026-03-27,hipotecario,318332.98,360,vivienda,819,30.94,aprobada,\N
499,702,2024-12-25,hipotecario,115089.0,240,consumo,780,22.32,aprobada,\N
500,703,2023-08-28,personal,14213.81,48,vehiculo,607,35.7,rechazada,score_crediticio_bajo
501,704,2025-01-05,personal,17722.64,36,liquidez,634,18.01,aprobada,\N
502,704,2026-03-05,vehiculo,41781.55,60,vivienda,640,21.32,aprobada,\N
503,705,2026-04-19,personal,25219.09,48,vehiculo,680,36.88,aprobada,\N
504,706,2026-01-10,personal,24271.12,60,reforma,556,42.92,rechazada,score_crediticio_bajo
505,707,2023-06-23,personal,2345.29,24,vivienda,672,45.91,aprobada,\N
506,708,2023-04-26,personal,27860.52,24,liquidez,643,44.12,aprobada,\N
507,708,2026-02-14,personal,24396.78,12,vehiculo,703,27.31,aprobada,\N
508,710,2024-12-16,personal,4434.17,12,liquidez,461,49.46,rechazada,score_crediticio_bajo
509,710,2023-03-27,vehiculo,39970.01,72,consumo,505,37.84,rechazada,score_crediticio_bajo
510,712,2023-11-28,hipotecario,233521.61,300,vivienda,700,18.96,aprobada,\N
511,715,2026-04-25,hipotecario,143090.75,300,consumo,772,14.71,aprobada,\N
512,718,2023-10-26,vehiculo,37987.5,36,vehiculo,702,33.6,aprobada,\N
513,720,2024-01-26,personal,6262.08,12,reforma,709,8.11,aprobada,\N
514,721,2024-02-21,hipotecario,252250.76,240,vivienda,764,53.8,aprobada,\N
515,721,2023-09-04,personal,24061.92,36,liquidez,798,26.01,aprobada,\N
516,723,2023-09-25,personal,19446.64,36,consumo,809,7.24,aprobada,\N
517,724,2023-06-06,vehiculo,16475.69,36,liquidez,732,19.44,aprobada,\N
518,724,2023-02-19,vehiculo,40092.35,36,reforma,706,23.25,aprobada,\N
519,724,2023-10-28,personal,1610.0,36,consumo,755,14.39,aprobada,\N
520,725,2024-08-12,hipotecario,191963.59,360,consumo,747,27.27,aprobada,\N
521,726,2023-05-01,hipotecario,285444.3,360,reforma,702,26.85,aprobada,\N
522,727,2023-01-09,vehiculo,33431.3,84,consumo,635,56.3,rechazada,endeudamiento_elevado
523,727,2024-01-28,hipotecario,128348.33,240,vehiculo,574,60.38,rechazada,score_crediticio_bajo
524,727,2025-11-09,personal,4524.69,24,consumo,592,15.55,rechazada,score_crediticio_bajo
525,728,2023-03-07,personal,10481.57,36,liquidez,740,9.09,aprobada,\N
526,728,2023-11-24,personal,14394.09,60,consumo,734,34.94,aprobada,\N
527,730,2026-06-20,vehiculo,29609.21,60,vehiculo,744,20.59,aprobada,\N
528,731,2024-06-21,hipotecario,247701.04,240,reforma,766,33.47,rechazada,criterios_riesgo
529,733,2025-11-27,personal,25224.96,48,liquidez,698,5.78,aprobada,\N
530,733,2025-09-09,vehiculo,13726.09,36,consumo,736,33.84,aprobada,\N
531,737,2024-09-12,personal,18508.91,24,vehiculo,721,10.23,aprobada,\N
532,738,2023-04-26,hipotecario,197819.73,240,reforma,746,17.65,aprobada,\N
533,743,2023-10-09,hipotecario,89378.09,180,reforma,653,35.88,rechazada,criterios_riesgo
534,743,2025-03-27,hipotecario,304490.62,360,reforma,586,66.2,rechazada,score_crediticio_bajo
535,743,2024-10-20,personal,21986.47,60,reforma,634,25.69,aprobada,\N
536,744,2025-04-25,vehiculo,42008.45,84,liquidez,660,12.59,aprobada,\N
537,746,2026-06-04,personal,15777.78,12,reforma,736,40.05,aprobada,\N
538,749,2023-09-06,hipotecario,248892.36,240,reforma,513,82.48,rechazada,score_crediticio_bajo
539,749,2025-01-29,vehiculo,12150.66,84,vehiculo,627,38.23,aprobada,\N
540,750,2023-11-30,hipotecario,241124.61,240,reforma,602,40.38,rechazada,score_crediticio_bajo
541,751,2023-12-21,hipotecario,189558.09,180,consumo,812,31.11,aprobada,\N
542,753,2026-04-16,personal,22895.51,12,consumo,767,26.08,aprobada,\N
543,754,2026-01-29,personal,25181.69,24,vivienda,619,34.01,rechazada,ingresos_insuficientes
544,755,2023-03-12,vehiculo,30248.77,84,vehiculo,782,23.35,aprobada,\N
545,758,2026-02-06,personal,11131.82,12,liquidez,581,14.9,rechazada,score_crediticio_bajo
546,759,2023-01-29,vehiculo,38969.4,36,liquidez,777,31.34,aprobada,\N
547,760,2023-09-26,vehiculo,27805.43,48,vehiculo,763,23.12,aprobada,\N
548,763,2026-01-04,personal,3060.86,48,vehiculo,679,28.81,aprobada,\N
549,763,2025-12-16,personal,1861.01,36,liquidez,666,31.76,aprobada,\N
550,766,2023-11-26,personal,17249.56,60,consumo,620,35.76,rechazada,ingresos_insuficientes
551,766,2025-08-18,personal,17487.15,60,consumo,599,34.48,rechazada,score_crediticio_bajo
552,767,2025-08-25,hipotecario,176417.86,180,vehiculo,716,24.25,aprobada,\N
553,770,2025-01-17,personal,24165.16,48,consumo,771,52.88,aprobada,\N
554,771,2023-11-12,personal,8585.34,60,consumo,707,43.92,aprobada,\N
555,771,2025-09-09,personal,27776.0,24,consumo,729,22.4,aprobada,\N
556,774,2026-02-20,vehiculo,10322.15,48,consumo,843,18.41,aprobada,\N
557,774,2024-10-01,vehiculo,40533.25,60,vivienda,853,22.9,aprobada,\N
558,775,2026-02-05,hipotecario,265864.2,360,vivienda,674,45.68,aprobada,\N
559,776,2025-01-02,vehiculo,31925.12,60,consumo,734,25.08,aprobada,\N
560,777,2024-12-22,personal,22272.69,36,vivienda,632,21.29,aprobada,\N
561,777,2025-02-27,vehiculo,29502.38,60,consumo,659,27.55,aprobada,\N
562,779,2023-05-31,personal,20384.52,24,liquidez,752,12.09,aprobada,\N
563,781,2023-06-01,personal,16127.76,24,reforma,790,33.41,aprobada,\N
564,782,2024-12-31,hipotecario,92266.05,360,liquidez,834,33.98,aprobada,\N
565,784,2025-04-24,vehiculo,28736.45,84,consumo,685,10.66,aprobada,\N
566,784,2025-07-27,personal,24323.29,60,liquidez,686,51.94,aprobada,\N
567,786,2025-08-04,personal,10733.5,36,vehiculo,798,20.31,aprobada,\N
568,786,2023-07-16,vehiculo,16783.41,48,consumo,763,23.71,aprobada,\N
569,787,2023-07-14,personal,25462.09,36,consumo,678,13.47,aprobada,\N
570,789,2026-03-03,personal,22423.17,24,consumo,726,16.91,aprobada,\N
571,790,2025-01-04,personal,22976.46,12,liquidez,660,49.48,aprobada,\N
572,791,2023-11-24,vehiculo,17846.32,48,consumo,684,38.02,aprobada,\N
573,795,2024-03-08,vehiculo,25576.35,60,reforma,755,22.67,aprobada,\N
574,796,2024-05-26,hipotecario,312719.71,360,consumo,720,24.23,aprobada,\N
575,797,2025-07-04,personal,14174.57,12,liquidez,768,29.12,aprobada,\N
576,797,2023-06-13,personal,23280.33,24,vivienda,779,13.83,aprobada,\N
577,798,2026-06-14,personal,16836.9,60,vehiculo,746,38.6,aprobada,\N
578,798,2026-03-16,hipotecario,88917.1,240,reforma,805,24.74,aprobada,\N
579,799,2025-07-27,personal,24876.33,36,consumo,677,52.87,aprobada,\N
580,802,2024-02-03,vehiculo,14669.78,60,consumo,785,35.22,aprobada,\N
581,804,2023-10-27,vehiculo,33792.56,72,vehiculo,732,26.04,aprobada,\N
582,805,2026-06-26,personal,19903.3,36,reforma,792,13.91,aprobada,\N
583,806,2024-01-21,vehiculo,41612.58,48,vivienda,650,31.78,aprobada,\N
584,809,2024-01-25,hipotecario,132113.0,180,reforma,613,31.47,aprobada,\N
585,812,2025-12-27,vehiculo,35392.5,48,consumo,577,43.38,rechazada,score_crediticio_bajo
586,814,2023-04-16,vehiculo,40449.0,84,vehiculo,733,32.37,aprobada,\N
587,818,2024-08-11,personal,27920.82,48,reforma,661,46.2,rechazada,ingresos_insuficientes
588,820,2025-10-21,personal,3366.52,36,reforma,724,43.11,aprobada,\N
589,821,2023-03-16,personal,27754.99,60,vehiculo,837,26.94,aprobada,\N
590,822,2025-12-13,personal,24617.06,60,liquidez,707,26.14,aprobada,\N
591,823,2026-03-19,vehiculo,12108.1,60,vehiculo,757,22.66,aprobada,\N
592,823,2025-10-01,personal,6197.19,24,liquidez,760,29.5,aprobada,\N
593,826,2026-03-16,personal,27224.11,60,consumo,684,25.46,aprobada,\N
594,828,2024-11-09,personal,23299.51,12,vivienda,713,26.19,aprobada,\N
595,830,2024-03-26,personal,7412.45,60,consumo,759,24.76,aprobada,\N
596,831,2023-10-21,vehiculo,23672.83,60,consumo,712,34.86,aprobada,\N
597,831,2025-04-10,personal,19104.36,48,consumo,732,32.0,aprobada,\N
598,833,2025-10-17,personal,28619.08,12,consumo,642,16.89,aprobada,\N
599,835,2023-03-30,personal,24133.69,60,vehiculo,738,34.67,aprobada,\N
600,836,2025-05-12,personal,25519.97,36,consumo,780,33.33,aprobada,\N
601,837,2024-03-22,vehiculo,38781.67,72,reforma,700,31.1,rechazada,ingresos_insuficientes
602,837,2025-09-14,personal,25679.81,48,consumo,709,23.67,rechazada,ingresos_insuficientes
603,839,2026-02-14,personal,7302.71,24,vehiculo,686,31.07,aprobada,\N
604,840,2024-08-31,personal,28863.27,24,liquidez,794,35.88,aprobada,\N
605,841,2025-02-14,vehiculo,41541.25,36,vehiculo,830,5.66,aprobada,\N
606,844,2026-01-11,vehiculo,15876.64,72,reforma,705,33.32,aprobada,\N
607,844,2026-02-08,personal,4723.66,36,reforma,733,7.09,aprobada,\N
608,847,2025-07-05,vehiculo,8883.7,84,liquidez,748,34.99,aprobada,\N
609,854,2024-06-01,personal,16581.46,60,liquidez,732,16.93,aprobada,\N
610,855,2026-06-14,personal,18217.35,60,reforma,776,28.67,aprobada,\N
611,856,2023-03-27,personal,20007.1,36,reforma,759,23.77,aprobada,\N
612,857,2025-04-09,personal,21557.28,12,consumo,766,20.6,aprobada,\N
613,857,2024-11-22,hipotecario,287550.27,180,vehiculo,720,52.9,rechazada,criterios_riesgo
614,858,2025-12-05,personal,25107.95,60,vivienda,636,27.43,aprobada,\N
615,860,2023-01-05,personal,11309.26,48,liquidez,835,26.88,aprobada,\N
616,862,2023-10-15,personal,2865.28,36,liquidez,698,34.12,aprobada,\N
617,863,2024-03-02,personal,6547.63,48,liquidez,745,27.18,aprobada,\N
618,865,2026-02-21,hipotecario,271560.1,180,consumo,698,44.85,aprobada,\N
619,867,2023-11-21,personal,10267.29,48,vehiculo,714,0,aprobada,\N
620,868,2025-06-06,personal,7280.21,24,reforma,730,19.63,aprobada,\N
621,869,2025-06-13,vehiculo,42356.24,72,vehiculo,759,50.2,aprobada,\N
622,869,2024-03-03,vehiculo,36216.25,36,liquidez,751,29.44,aprobada,\N
623,870,2024-06-21,vehiculo,14742.65,48,consumo,687,36.15,aprobada,\N
624,872,2023-11-02,personal,9003.52,24,vehiculo,598,40.83,rechazada,score_crediticio_bajo
625,872,2025-04-04,personal,19694.1,24,consumo,621,36.65,aprobada,\N
626,877,2025-04-22,vehiculo,39922.38,48,consumo,719,21.76,aprobada,\N
627,877,2025-07-14,personal,4885.51,12,reforma,752,32.39,aprobada,\N
628,877,2024-06-17,vehiculo,13877.92,48,vehiculo,772,22.53,aprobada,\N
629,878,2024-09-01,personal,10507.57,60,consumo,659,21.65,aprobada,\N
630,878,2023-01-07,personal,28765.77,36,vivienda,749,22.24,aprobada,\N
631,879,2025-07-10,personal,7745.88,12,reforma,679,42.34,aprobada,\N
632,882,2025-05-03,hipotecario,98192.83,240,vehiculo,672,52.01,rechazada,criterios_riesgo
633,883,2024-02-06,personal,5544.89,48,liquidez,751,4.96,aprobada,\N
634,884,2023-02-16,hipotecario,296845.51,240,vivienda,674,30.18,aprobada,\N
635,886,2024-12-15,personal,4909.44,12,reforma,844,16.63,aprobada,\N
636,886,2025-05-16,hipotecario,273393.43,360,liquidez,799,36.41,aprobada,\N
637,887,2024-09-07,personal,9744.97,24,reforma,793,15.76,aprobada,\N
638,887,2025-08-13,personal,2951.59,24,consumo,780,19.77,aprobada,\N
639,888,2026-02-22,personal,26667.81,24,reforma,709,55.84,rechazada,endeudamiento_elevado
640,889,2026-02-16,vehiculo,35130.0,72,vivienda,731,38.63,aprobada,\N
641,889,2025-06-01,personal,20510.05,60,liquidez,655,58.95,rechazada,endeudamiento_elevado
642,889,2025-11-20,personal,16678.26,36,liquidez,680,37.25,aprobada,\N
643,891,2024-04-29,vehiculo,40211.38,48,vehiculo,619,11.71,aprobada,\N
644,892,2026-01-02,vehiculo,33001.67,60,reforma,710,19.02,aprobada,\N
645,894,2023-06-01,vehiculo,26746.45,60,vehiculo,600,50.63,rechazada,score_crediticio_bajo
646,897,2026-03-01,personal,19735.6,36,consumo,825,24.53,aprobada,\N
647,897,2025-03-15,vehiculo,23432.8,84,liquidez,810,50.84,aprobada,\N
648,899,2024-03-12,personal,10340.28,48,reforma,846,22.08,aprobada,\N
649,900,2023-11-22,personal,2053.53,60,liquidez,595,12.64,rechazada,score_crediticio_bajo
650,901,2026-06-14,personal,28996.56,48,consumo,725,16.87,aprobada,\N
651,901,2026-06-15,hipotecario,250587.42,180,liquidez,709,37.8,aprobada,\N
652,902,2025-01-17,hipotecario,198997.09,180,reforma,750,22.17,aprobada,\N
653,902,2023-08-31,personal,10339.15,12,vehiculo,747,18.69,aprobada,\N
654,902,2023-06-01,hipotecario,167161.83,180,reforma,754,49.93,aprobada,\N
655,903,2024-02-22,personal,13079.82,24,liquidez,554,25.17,rechazada,score_crediticio_bajo
656,904,2025-10-26,vehiculo,34408.68,60,vivienda,721,36.49,aprobada,\N
657,906,2024-09-29,personal,2021.33,24,vehiculo,711,19.46,aprobada,\N
658,906,2024-11-15,personal,4758.76,36,consumo,703,28.02,aprobada,\N
659,906,2026-05-19,vehiculo,34835.63,60,vivienda,695,56.04,rechazada,endeudamiento_elevado
660,907,2026-05-20,personal,4605.6,48,vehiculo,681,15.76,aprobada,\N
661,907,2026-05-07,personal,21190.87,48,liquidez,630,57.97,rechazada,endeudamiento_elevado
662,908,2023-08-14,vehiculo,26614.81,48,vehiculo,673,32.7,aprobada,\N
663,909,2023-02-10,personal,2385.72,36,vivienda,693,29.45,aprobada,\N
664,911,2024-07-22,vehiculo,33785.9,84,liquidez,793,47.92,aprobada,\N
665,913,2025-11-30,personal,19330.96,12,liquidez,786,5.54,aprobada,\N
666,913,2025-01-23,personal,7133.14,36,reforma,778,45.91,aprobada,\N
667,914,2025-10-25,hipotecario,135569.3,240,vivienda,688,39.22,rechazada,criterios_riesgo
668,915,2024-05-01,personal,19923.97,60,vivienda,699,8.18,aprobada,\N
669,919,2024-11-02,personal,7222.29,12,liquidez,684,28.17,aprobada,\N
670,919,2024-01-15,personal,22864.16,48,liquidez,694,29.42,aprobada,\N
671,924,2024-12-28,personal,16175.78,48,vivienda,569,18.6,rechazada,score_crediticio_bajo
672,926,2024-06-30,personal,6337.25,48,liquidez,741,16.09,aprobada,\N
673,927,2024-10-07,personal,26353.58,36,consumo,792,31.4,aprobada,\N
674,933,2025-09-06,vehiculo,26241.78,84,vehiculo,723,33.06,aprobada,\N
675,934,2026-03-07,vehiculo,28150.27,72,vehiculo,726,36.88,aprobada,\N
676,935,2025-07-14,personal,24952.32,24,consumo,763,13.61,aprobada,\N
677,935,2024-01-28,hipotecario,267653.67,240,vivienda,715,67.18,rechazada,endeudamiento_elevado
678,936,2025-11-11,hipotecario,194505.55,180,vehiculo,604,28.26,rechazada,score_crediticio_bajo
679,940,2023-07-16,personal,23465.74,48,consumo,680,17.38,aprobada,\N
680,941,2023-07-27,personal,14309.42,60,vivienda,698,28.48,aprobada,\N
681,942,2023-01-20,personal,19251.42,12,consumo,687,35.74,aprobada,\N
682,943,2024-01-18,vehiculo,29245.52,60,reforma,866,12.98,aprobada,\N
683,943,2023-03-07,personal,15207.66,60,vehiculo,812,22.16,aprobada,\N
684,943,2025-05-06,personal,18931.89,36,reforma,805,35.3,aprobada,\N
685,945,2025-12-19,personal,4922.39,24,reforma,655,0,aprobada,\N
686,948,2026-01-05,vehiculo,44964.36,60,reforma,730,44.03,rechazada,ingresos_insuficientes
687,948,2024-03-23,personal,8911.04,12,vivienda,722,41.91,rechazada,ingresos_insuficientes
688,950,2025-04-11,personal,17639.84,36,liquidez,690,37.15,aprobada,\N
689,952,2025-07-29,personal,25710.34,12,consumo,869,30.26,aprobada,\N
690,952,2023-01-07,personal,4097.14,60,reforma,821,16.3,aprobada,\N
691,953,2026-05-11,personal,12594.48,48,vivienda,726,29.31,rechazada,ingresos_insuficientes
692,955,2024-01-31,personal,18539.73,12,liquidez,699,24.24,aprobada,\N
693,957,2026-01-14,personal,3127.69,24,liquidez,726,24.52,aprobada,\N
694,958,2025-10-28,personal,25334.03,48,liquidez,566,66.49,rechazada,score_crediticio_bajo
695,959,2025-12-04,personal,16184.5,60,vivienda,750,21.89,aprobada,\N
696,959,2024-11-05,personal,22095.13,12,liquidez,733,46.31,aprobada,\N
697,961,2025-11-28,personal,19353.07,24,consumo,768,28.09,aprobada,\N
698,962,2024-09-16,personal,15307.2,24,consumo,674,34.95,aprobada,\N
699,962,2023-10-10,vehiculo,20143.73,84,vivienda,726,34.28,aprobada,\N
700,963,2023-12-22,personal,14421.02,48,vivienda,718,36.26,aprobada,\N
701,966,2026-05-02,personal,24201.22,24,consumo,812,30.65,aprobada,\N
702,966,2026-02-06,personal,20683.15,60,reforma,786,32.77,aprobada,\N
703,968,2026-03-26,personal,29581.13,36,consumo,675,53.78,aprobada,\N
704,970,2023-10-23,hipotecario,164819.91,360,consumo,532,85.48,rechazada,score_crediticio_bajo
705,972,2026-05-09,personal,18182.02,36,consumo,734,21.47,aprobada,\N
706,973,2024-09-07,personal,10803.62,60,consumo,809,34.35,aprobada,\N
707,974,2026-06-24,vehiculo,30997.26,60,vehiculo,557,33.31,rechazada,score_crediticio_bajo
708,976,2025-11-28,vehiculo,40648.94,48,vehiculo,884,14.25,aprobada,\N
709,977,2025-05-01,personal,9050.42,60,vehiculo,732,41.78,aprobada,\N
710,978,2025-10-08,hipotecario,83763.42,180,consumo,774,34.88,aprobada,\N
711,982,2025-11-16,personal,11555.2,36,liquidez,831,22.49,aprobada,\N
712,983,2025-10-26,personal,8206.96,48,vivienda,549,17.37,rechazada,score_crediticio_bajo
713,984,2023-10-19,personal,23065.79,12,consumo,689,39.85,aprobada,\N
714,984,2026-02-07,personal,7385.04,60,consumo,707,6.65,aprobada,\N
715,986,2025-11-26,personal,22258.02,48,vivienda,833,39.03,aprobada,\N
716,988,2024-08-17,vehiculo,12055.83,36,vehiculo,562,35.5,rechazada,score_crediticio_bajo
717,988,2025-02-11,personal,4520.61,24,vivienda,576,24.02,rechazada,score_crediticio_bajo
718,989,2026-04-06,personal,9008.2,24,consumo,737,44.49,aprobada,\N
719,990,2023-06-26,personal,15823.19,48,vivienda,719,15.84,aprobada,\N
720,992,2024-02-24,personal,21362.58,60,liquidez,737,16.4,aprobada,\N
721,993,2024-07-28,personal,19851.48,60,liquidez,781,7.54,aprobada,\N
722,994,2023-09-11,personal,8303.77,12,vivienda,900,17.48,aprobada,\N
723,994,2023-01-06,personal,16486.4,24,consumo,798,46.6,aprobada,\N
724,995,2024-06-22,personal,3608.31,24,vehiculo,849,10.95,aprobada,\N
725,995,2023-04-21,personal,6270.05,12,vivienda,836,20.97,aprobada,\N
726,1000,2023-03-19,hipotecario,266447.02,180,vehiculo,802,6.76,aprobada,\N
727,1003,2023-02-22,personal,28216.53,60,reforma,621,19.48,aprobada,\N
728,1004,2025-02-28,personal,16533.94,36,consumo,683,18.46,aprobada,\N
729,1005,2026-02-23,personal,16420.29,48,vehiculo,605,47.11,rechazada,score_crediticio_bajo
730,1006,2025-12-30,hipotecario,313514.89,240,reforma,663,64.13,rechazada,endeudamiento_elevado
731,1008,2025-09-05,vehiculo,16660.69,36,vehiculo,766,20.43,aprobada,\N
732,1011,2026-06-02,personal,13503.57,48,vehiculo,706,14.49,aprobada,\N
733,1011,2023-02-11,hipotecario,154054.13,240,vehiculo,670,37.63,aprobada,\N
734,1012,2026-06-19,hipotecario,72529.0,300,reforma,775,21.78,aprobada,\N
735,1013,2026-04-12,vehiculo,8099.91,36,liquidez,465,25.49,rechazada,score_crediticio_bajo
736,1014,2023-03-14,vehiculo,24350.85,84,reforma,711,29.32,aprobada,\N
737,1014,2026-06-15,vehiculo,42173.27,48,consumo,738,44.68,aprobada,\N
738,1016,2026-02-23,hipotecario,204039.54,360,liquidez,721,31.05,rechazada,criterios_riesgo
739,1017,2024-04-25,personal,19488.73,60,consumo,760,4.79,aprobada,\N
740,1019,2023-11-22,personal,16540.97,24,reforma,606,79.27,rechazada,score_crediticio_bajo
741,1020,2023-09-17,hipotecario,302567.34,180,consumo,650,61.71,rechazada,endeudamiento_elevado
742,1020,2025-12-03,vehiculo,36898.33,60,vehiculo,726,32.92,aprobada,\N
743,1021,2025-01-01,personal,9445.32,24,vivienda,624,21.8,rechazada,ingresos_insuficientes
744,1023,2026-06-09,personal,15888.11,12,vivienda,769,30.11,aprobada,\N
745,1024,2026-03-19,personal,14317.46,60,consumo,694,27.32,aprobada,\N
746,1026,2024-10-19,hipotecario,116270.43,300,consumo,717,20.32,aprobada,\N
747,1027,2024-07-26,personal,23023.86,36,consumo,763,29.69,aprobada,\N
748,1029,2023-06-29,personal,16042.18,24,vivienda,754,35.1,aprobada,\N
749,1030,2025-08-10,personal,17761.48,36,consumo,633,31.48,aprobada,\N
750,1032,2023-03-06,personal,16098.49,24,reforma,773,30.63,aprobada,\N
751,1034,2024-09-03,personal,9123.04,24,vivienda,714,16.22,aprobada,\N
752,1037,2025-04-29,personal,29252.99,48,vivienda,632,22.49,aprobada,\N
753,1038,2026-06-09,personal,17047.11,12,consumo,715,21.28,aprobada,\N
754,1040,2024-07-06,hipotecario,136882.56,300,consumo,636,64.61,rechazada,endeudamiento_elevado
755,1041,2024-02-04,personal,11510.57,24,reforma,829,39.71,aprobada,\N
756,1042,2024-02-03,hipotecario,71240.42,300,vehiculo,785,33.03,aprobada,\N
757,1044,2025-11-10,vehiculo,24620.92,36,consumo,811,14.93,aprobada,\N
758,1046,2024-07-20,personal,13347.68,60,vivienda,748,41.44,aprobada,\N
759,1048,2026-04-30,hipotecario,168811.04,300,vehiculo,746,21.92,aprobada,\N
760,1049,2023-05-07,personal,22726.97,24,vehiculo,663,16.23,aprobada,\N
761,1049,2025-10-09,personal,20739.56,48,liquidez,706,32.9,aprobada,\N
762,1050,2023-02-02,personal,1539.71,24,reforma,605,43.24,rechazada,score_crediticio_bajo
763,1051,2026-03-02,vehiculo,28236.57,60,vivienda,702,22.8,aprobada,\N
764,1054,2025-07-10,personal,5881.48,36,consumo,747,40.15,aprobada,\N
765,1056,2023-01-19,personal,6317.29,60,vehiculo,703,50.2,aprobada,\N
766,1056,2025-07-17,hipotecario,268126.46,180,vehiculo,723,20.35,aprobada,\N
767,1057,2026-05-18,personal,29970.66,12,liquidez,668,44.54,aprobada,\N
768,1058,2025-05-04,vehiculo,11595.18,36,vehiculo,728,0.61,aprobada,\N
769,1061,2025-02-24,personal,27115.92,24,consumo,672,16.2,aprobada,\N
770,1062,2026-03-24,personal,29326.44,24,vehiculo,734,36.29,aprobada,\N
771,1062,2026-01-20,hipotecario,125040.8,360,vehiculo,715,28.34,aprobada,\N
772,1066,2024-03-01,personal,11900.51,12,vehiculo,559,30.36,rechazada,score_crediticio_bajo
773,1066,2024-10-17,personal,4044.72,36,vehiculo,558,32.45,rechazada,score_crediticio_bajo
774,1066,2024-07-22,personal,8496.03,36,vehiculo,584,37.41,rechazada,score_crediticio_bajo
775,1068,2024-08-16,hipotecario,170933.55,300,liquidez,704,57.24,rechazada,endeudamiento_elevado
776,1068,2024-04-17,personal,12013.36,12,vehiculo,715,19.6,aprobada,\N
777,1069,2024-11-10,personal,15422.08,24,consumo,606,29.37,rechazada,score_crediticio_bajo
778,1069,2025-07-24,personal,15595.33,24,reforma,578,38.08,rechazada,score_crediticio_bajo
779,1070,2024-07-17,hipotecario,163781.28,240,liquidez,746,38.74,aprobada,\N
780,1070,2025-06-28,vehiculo,37374.03,36,consumo,724,50.71,aprobada,\N
781,1074,2024-12-17,personal,12838.32,60,vehiculo,668,14.11,aprobada,\N
782,1079,2024-08-14,personal,20004.98,48,vivienda,771,36.52,rechazada,ingresos_insuficientes
783,1080,2025-04-26,hipotecario,301369.69,300,vivienda,651,25.26,aprobada,\N
784,1081,2026-06-04,hipotecario,265732.54,180,consumo,670,69.46,rechazada,endeudamiento_elevado
785,1083,2026-05-20,personal,11353.82,24,vivienda,774,35.6,aprobada,\N
786,1084,2023-10-09,hipotecario,163840.51,180,vehiculo,720,33.67,aprobada,\N
787,1087,2025-05-04,personal,24687.89,36,consumo,745,32.62,aprobada,\N
788,1088,2026-05-31,personal,4278.16,12,vehiculo,695,33.32,aprobada,\N
789,1089,2024-04-30,hipotecario,195581.97,180,consumo,718,24.52,aprobada,\N
790,1091,2023-03-25,vehiculo,29281.64,36,consumo,716,38.19,aprobada,\N
791,1094,2025-06-22,personal,2407.27,60,reforma,696,16.04,aprobada,\N
792,1094,2026-05-15,personal,9743.08,12,vivienda,686,32.35,aprobada,\N
793,1094,2026-06-27,hipotecario,253630.52,360,liquidez,701,24.42,aprobada,\N
794,1096,2024-05-18,hipotecario,153020.04,300,reforma,712,66.34,rechazada,endeudamiento_elevado
795,1098,2024-02-25,personal,15660.27,48,reforma,571,30.02,rechazada,score_crediticio_bajo
796,1098,2026-01-22,vehiculo,12104.89,60,reforma,557,13.35,rechazada,score_crediticio_bajo
797,1102,2023-12-16,personal,15361.92,48,liquidez,644,24.87,aprobada,\N
798,1106,2025-11-02,personal,17323.42,60,liquidez,748,29.63,aprobada,\N
799,1107,2023-05-20,personal,24954.56,12,liquidez,829,25.33,aprobada,\N
800,1112,2025-05-06,hipotecario,277011.94,180,reforma,719,43.23,aprobada,\N
801,1113,2024-08-18,personal,8538.52,24,liquidez,772,32.65,aprobada,\N
802,1114,2026-02-16,personal,17420.76,12,vivienda,649,34.38,aprobada,\N
803,1116,2024-05-01,personal,22864.57,24,vehiculo,782,16.1,aprobada,\N
804,1116,2024-05-21,personal,22005.17,12,consumo,763,17.33,aprobada,\N
805,1116,2025-01-15,personal,10600.28,60,reforma,731,28.55,aprobada,\N
806,1117,2023-05-02,hipotecario,129089.26,240,liquidez,668,38.85,rechazada,criterios_riesgo
807,1118,2025-05-23,personal,23280.1,48,vivienda,666,32.58,aprobada,\N
808,1119,2023-05-12,vehiculo,10718.8,84,vivienda,693,40.65,aprobada,\N
809,1120,2026-05-15,personal,25932.81,12,vehiculo,735,29.89,aprobada,\N
810,1122,2026-02-19,vehiculo,22102.0,72,liquidez,737,30.57,aprobada,\N
811,1122,2025-09-01,personal,4441.13,60,liquidez,691,46.27,aprobada,\N
812,1123,2024-05-14,hipotecario,219267.49,180,vehiculo,754,41.4,aprobada,\N
813,1124,2025-04-30,vehiculo,12592.69,60,liquidez,678,38.13,aprobada,\N
814,1124,2025-08-23,personal,10999.8,24,consumo,693,45.32,aprobada,\N
815,1125,2025-11-02,hipotecario,208670.34,180,consumo,646,42.98,aprobada,\N
816,1125,2024-10-12,vehiculo,27266.81,36,consumo,645,57.29,rechazada,endeudamiento_elevado
817,1126,2026-06-19,hipotecario,126846.29,360,vehiculo,398,95,rechazada,score_crediticio_bajo
818,1126,2023-05-03,personal,22176.67,60,vehiculo,493,61.14,rechazada,score_crediticio_bajo
819,1126,2025-07-04,vehiculo,13829.47,48,consumo,522,30.07,rechazada,score_crediticio_bajo
820,1128,2025-09-09,personal,19813.37,24,vivienda,677,25.72,aprobada,\N
821,1133,2025-10-14,personal,6929.34,24,reforma,566,55.39,rechazada,score_crediticio_bajo
822,1134,2024-09-24,personal,18492.44,36,consumo,668,49.03,aprobada,\N
823,1135,2025-12-04,personal,5260.22,36,vivienda,719,22.79,aprobada,\N
824,1136,2025-11-12,personal,7882.26,12,vehiculo,745,29.59,aprobada,\N
825,1137,2025-12-07,vehiculo,16396.75,72,vehiculo,799,37.59,aprobada,\N
826,1137,2024-03-25,personal,14948.83,48,reforma,775,32.11,aprobada,\N
827,1137,2023-05-03,hipotecario,167569.57,180,consumo,684,59.92,rechazada,endeudamiento_elevado
828,1139,2023-07-23,personal,24542.63,36,liquidez,763,38.13,aprobada,\N
829,1139,2024-02-23,vehiculo,39469.51,60,liquidez,739,10.24,aprobada,\N
830,1139,2023-06-25,vehiculo,10256.21,48,vivienda,746,21.96,aprobada,\N
831,1140,2026-02-03,personal,18490.04,48,consumo,648,28.66,aprobada,\N
832,1141,2026-02-16,personal,18019.1,12,vivienda,757,6.66,aprobada,\N
833,1142,2026-06-05,vehiculo,17380.56,84,vehiculo,734,42.5,aprobada,\N
834,1142,2023-07-10,vehiculo,44268.81,60,vivienda,777,44.46,aprobada,\N
835,1142,2023-06-08,personal,26834.98,36,vehiculo,786,38.9,aprobada,\N
836,1143,2026-03-23,hipotecario,206112.01,240,reforma,707,50.88,aprobada,\N
837,1144,2026-06-30,vehiculo,21794.15,36,vehiculo,753,39.15,aprobada,\N
838,1144,2023-07-21,vehiculo,28143.7,72,reforma,731,19.36,aprobada,\N
839,1144,2026-02-28,hipotecario,239746.17,360,vehiculo,698,49.76,rechazada,criterios_riesgo
840,1145,2026-01-25,personal,20522.36,60,reforma,622,34.76,rechazada,ingresos_insuficientes
841,1146,2026-06-13,personal,22265.59,48,consumo,600,31.87,rechazada,score_crediticio_bajo
842,1147,2024-06-28,personal,13746.91,12,reforma,617,47.01,aprobada,\N
843,1148,2025-10-26,personal,8492.98,48,vehiculo,703,22.89,aprobada,\N
844,1150,2026-06-18,personal,23170.16,48,vivienda,688,27.51,aprobada,\N
845,1150,2026-04-02,personal,26316.46,48,vivienda,668,33.76,aprobada,\N
846,1150,2026-02-02,vehiculo,39360.33,36,liquidez,660,18.53,aprobada,\N
847,1151,2023-12-13,personal,17208.55,48,consumo,661,49.18,aprobada,\N
848,1151,2025-11-24,vehiculo,23176.75,60,vehiculo,695,29.21,aprobada,\N
849,1152,2024-10-26,vehiculo,13732.45,72,vehiculo,677,32.6,aprobada,\N
850,1152,2025-02-17,personal,14842.42,12,liquidez,642,38.66,aprobada,\N
851,1156,2023-03-23,personal,3725.06,36,vehiculo,678,20.46,aprobada,\N
852,1156,2023-01-03,personal,23131.58,36,vivienda,684,29.87,aprobada,\N
853,1157,2025-08-12,vehiculo,22849.36,36,consumo,771,40.29,aprobada,\N
854,1157,2024-05-19,hipotecario,79276.19,180,vehiculo,778,26.89,aprobada,\N
855,1158,2026-03-24,vehiculo,19059.71,36,reforma,646,35.81,aprobada,\N
856,1158,2026-04-13,personal,20405.92,12,reforma,608,7.11,rechazada,score_crediticio_bajo
857,1159,2024-04-21,personal,23075.71,36,vehiculo,714,13.93,aprobada,\N
858,1159,2023-04-17,personal,8383.41,12,vivienda,761,12.93,aprobada,\N
859,1160,2026-03-04,personal,28684.85,12,vehiculo,784,8.72,aprobada,\N
860,1163,2023-09-18,vehiculo,24636.75,48,vivienda,497,37.41,rechazada,score_crediticio_bajo
861,1163,2026-03-17,personal,13774.38,24,liquidez,490,32.54,rechazada,score_crediticio_bajo
862,1166,2025-02-02,personal,11442.58,12,liquidez,604,44.38,rechazada,score_crediticio_bajo
863,1168,2024-11-15,personal,16468.01,24,vivienda,741,16.39,aprobada,\N
864,1169,2023-08-03,vehiculo,33167.95,72,consumo,738,47.82,aprobada,\N
865,1170,2025-09-09,hipotecario,289916.56,180,vivienda,768,32.26,aprobada,\N
866,1173,2023-07-08,hipotecario,163448.47,360,vehiculo,605,61.56,rechazada,score_crediticio_bajo
867,1174,2025-08-09,personal,19738.23,24,vivienda,827,39.93,aprobada,\N
868,1174,2023-07-29,personal,17853.47,12,reforma,776,30.66,aprobada,\N
869,1176,2025-05-05,hipotecario,137893.12,180,liquidez,757,33.51,aprobada,\N
870,1177,2024-04-28,personal,10961.52,60,reforma,762,45.01,aprobada,\N
871,1177,2023-09-15,hipotecario,74590.44,360,vehiculo,777,44.86,rechazada,criterios_riesgo
872,1177,2023-11-15,personal,22904.34,36,reforma,763,18.34,aprobada,\N
873,1179,2023-05-26,personal,19440.11,12,reforma,569,31.41,rechazada,score_crediticio_bajo
874,1180,2024-10-12,personal,7520.18,12,consumo,737,39.86,aprobada,\N
875,1181,2025-12-31,personal,8648.7,24,vehiculo,691,31.51,aprobada,\N
876,1182,2025-09-07,vehiculo,25264.56,84,liquidez,826,12.54,aprobada,\N
877,1184,2026-04-10,personal,10161.1,48,reforma,736,12.21,aprobada,\N
878,1184,2023-03-26,personal,21502.87,60,vivienda,706,40.98,aprobada,\N
879,1185,2026-04-21,personal,6300.18,36,liquidez,685,21.59,aprobada,\N
880,1187,2024-05-17,personal,7940.28,12,vivienda,837,18.66,aprobada,\N
881,1188,2024-04-08,vehiculo,29828.29,72,liquidez,755,31.01,aprobada,\N
882,1188,2025-04-10,personal,18320.74,48,consumo,771,24.17,aprobada,\N
883,1188,2024-11-12,personal,7046.59,36,consumo,767,32.08,aprobada,\N
884,1189,2025-12-01,personal,10849.83,48,liquidez,747,0,aprobada,\N
885,1191,2025-04-11,personal,14299.91,36,liquidez,661,8.49,aprobada,\N
886,1192,2025-10-23,personal,8010.95,48,vehiculo,682,40.75,aprobada,\N
887,1194,2024-12-09,hipotecario,182699.84,300,vivienda,714,31.42,aprobada,\N
888,1195,2026-06-08,vehiculo,40419.59,48,liquidez,726,33.23,aprobada,\N
889,1195,2025-08-06,personal,12271.81,12,liquidez,717,28.28,aprobada,\N
890,1195,2025-12-10,personal,16366.52,60,consumo,721,11.62,aprobada,\N
891,1196,2026-04-18,vehiculo,24196.36,48,vivienda,603,43.85,rechazada,score_crediticio_bajo
892,1196,2024-02-26,vehiculo,23063.07,48,vivienda,603,15.51,rechazada,score_crediticio_bajo
893,1203,2023-10-30,personal,4006.68,24,vivienda,596,37.73,rechazada,score_crediticio_bajo
894,1204,2025-11-25,personal,21477.81,48,vivienda,780,33.82,aprobada,\N
895,1204,2024-03-05,vehiculo,18586.26,36,consumo,807,39.54,aprobada,\N
896,1205,2025-10-10,hipotecario,213683.79,240,vehiculo,629,44.66,rechazada,criterios_riesgo
897,1206,2024-11-23,personal,24316.16,12,vivienda,672,20.05,aprobada,\N
898,1206,2024-09-02,vehiculo,40832.75,60,reforma,717,28.09,aprobada,\N
899,1206,2025-07-29,personal,13790.39,60,vehiculo,715,39.12,aprobada,\N
900,1211,2024-09-05,personal,19325.45,60,vivienda,612,45.74,aprobada,\N
901,1212,2026-02-19,personal,7562.32,60,vehiculo,717,30.81,aprobada,\N
902,1213,2023-01-25,personal,23294.67,12,liquidez,639,51.42,aprobada,\N
903,1214,2025-05-16,vehiculo,13073.17,36,vivienda,732,5.87,aprobada,\N
904,1215,2024-12-30,personal,20997.95,48,reforma,655,36.84,aprobada,\N
905,1220,2023-09-25,vehiculo,14932.25,84,consumo,714,35.67,aprobada,\N
906,1222,2026-01-05,vehiculo,23130.53,60,vehiculo,702,4.5,aprobada,\N
907,1222,2025-07-06,vehiculo,12484.0,60,vivienda,722,31.9,aprobada,\N
908,1223,2023-08-21,vehiculo,43813.42,60,vivienda,703,15.37,aprobada,\N
909,1225,2025-12-06,personal,15851.55,36,consumo,772,37.24,aprobada,\N
910,1226,2026-04-02,personal,15108.18,48,vehiculo,809,17.98,aprobada,\N
911,1228,2025-01-08,vehiculo,13989.82,84,vehiculo,829,2.45,aprobada,\N
912,1229,2026-05-04,personal,20874.36,24,vivienda,780,30.78,aprobada,\N
913,1230,2024-12-22,hipotecario,109468.93,180,consumo,748,43.07,aprobada,\N
914,1231,2023-08-23,vehiculo,40912.88,60,reforma,693,30.92,rechazada,ingresos_insuficientes
915,1232,2026-03-11,vehiculo,33527.91,60,consumo,785,17.58,aprobada,\N
916,1233,2024-10-27,vehiculo,34573.25,48,liquidez,726,12.75,aprobada,\N
917,1234,2023-06-22,personal,22062.75,60,vivienda,786,16.91,aprobada,\N
918,1235,2026-06-22,personal,17927.54,60,liquidez,715,32.43,aprobada,\N
919,1235,2026-06-30,personal,20450.97,36,vivienda,695,28.96,aprobada,\N
920,1235,2026-06-28,vehiculo,40290.81,84,reforma,676,25.41,aprobada,\N
921,1238,2025-08-02,personal,28009.2,12,vivienda,739,26.9,aprobada,\N
922,1238,2024-10-22,personal,7252.71,12,vehiculo,727,31.55,aprobada,\N
923,1239,2024-04-11,vehiculo,26449.57,60,consumo,664,35.14,aprobada,\N
924,1240,2026-05-29,vehiculo,12597.43,84,liquidez,762,33.73,aprobada,\N
925,1243,2023-06-06,personal,17397.53,12,vehiculo,420,61.37,rechazada,score_crediticio_bajo
926,1244,2024-06-23,personal,17795.9,12,liquidez,830,33.82,aprobada,\N
927,1244,2023-05-18,personal,27133.45,48,vehiculo,797,0,aprobada,\N
928,1244,2025-04-06,hipotecario,271776.7,180,liquidez,815,31.84,aprobada,\N
929,1245,2024-07-23,vehiculo,13925.12,60,liquidez,677,46.5,aprobada,\N
930,1245,2024-04-11,personal,17870.55,24,consumo,614,30.17,aprobada,\N
931,1245,2024-01-08,hipotecario,98518.55,360,vehiculo,660,11.14,aprobada,\N
932,1251,2026-05-31,personal,4590.86,36,reforma,729,6.47,aprobada,\N
933,1253,2025-02-05,hipotecario,260127.81,240,liquidez,686,62.06,rechazada,endeudamiento_elevado
934,1257,2026-01-15,personal,2588.63,60,vehiculo,763,16.04,aprobada,\N
935,1257,2026-02-06,personal,3220.07,36,vivienda,740,25.08,aprobada,\N
936,1257,2025-08-13,personal,24949.57,48,reforma,669,64.54,rechazada,endeudamiento_elevado
937,1258,2023-11-02,personal,29602.36,36,vehiculo,728,17.29,aprobada,\N
938,1259,2024-07-05,personal,17693.08,48,liquidez,788,51.08,aprobada,\N
939,1260,2024-09-13,vehiculo,20403.41,72,vivienda,681,21.23,aprobada,\N
940,1261,2026-04-01,vehiculo,16815.4,36,vehiculo,774,31.69,aprobada,\N
941,1262,2024-04-04,vehiculo,30245.18,48,consumo,668,25.35,aprobada,\N
942,1262,2023-04-21,vehiculo,32275.63,36,liquidez,689,19.83,aprobada,\N
943,1264,2025-08-16,vehiculo,16413.61,36,vivienda,774,45.64,aprobada,\N
944,1265,2026-05-01,personal,17966.8,36,liquidez,711,13.67,aprobada,\N
945,1266,2023-05-23,personal,8047.32,60,consumo,739,19.2,aprobada,\N
946,1267,2025-03-12,personal,18369.46,48,liquidez,624,64.4,rechazada,endeudamiento_elevado
947,1267,2024-05-02,personal,12537.66,48,vivienda,684,25.94,aprobada,\N
948,1269,2025-04-07,personal,21864.46,48,vehiculo,571,83.2,rechazada,score_crediticio_bajo
949,1271,2025-02-16,hipotecario,171265.72,300,consumo,639,48.77,aprobada,\N
950,1272,2023-05-17,personal,2326.82,48,vehiculo,518,25.36,rechazada,score_crediticio_bajo
951,1273,2023-03-31,personal,2127.98,36,liquidez,775,0,aprobada,\N
952,1273,2023-06-04,vehiculo,41289.37,48,reforma,802,45.74,aprobada,\N
953,1275,2025-10-26,hipotecario,302488.07,180,liquidez,698,48.43,aprobada,\N
954,1277,2026-06-07,personal,11600.7,36,liquidez,600,32.76,rechazada,score_crediticio_bajo
955,1277,2026-06-02,hipotecario,98266.16,300,vivienda,600,19.43,rechazada,score_crediticio_bajo
956,1278,2025-08-31,hipotecario,198389.34,180,liquidez,696,52.53,aprobada,\N
957,1279,2023-02-24,vehiculo,17724.16,72,consumo,716,47.05,aprobada,\N
958,1281,2025-11-21,personal,22525.69,12,reforma,620,19.94,aprobada,\N
959,1281,2026-04-15,personal,4501.73,12,vivienda,619,48.1,aprobada,\N
960,1282,2025-01-21,personal,18680.46,24,consumo,709,35.18,aprobada,\N
961,1282,2024-10-08,vehiculo,28435.04,60,vehiculo,738,46.88,aprobada,\N
962,1283,2026-03-29,personal,24593.02,60,vehiculo,720,41.43,aprobada,\N
963,1284,2023-01-05,personal,22225.68,24,vehiculo,613,34.86,aprobada,\N
964,1289,2025-04-30,hipotecario,281397.74,300,vehiculo,644,23.14,aprobada,\N
965,1291,2024-03-20,vehiculo,19865.84,48,consumo,523,42.97,rechazada,score_crediticio_bajo
966,1293,2025-11-26,personal,6110.37,48,vehiculo,703,16.44,aprobada,\N
967,1294,2023-01-28,vehiculo,21475.46,72,vehiculo,753,42.85,aprobada,\N
968,1296,2023-07-13,vehiculo,42496.29,84,vehiculo,698,26.8,aprobada,\N
969,1296,2024-12-17,personal,17901.32,48,vehiculo,636,31.79,aprobada,\N
970,1297,2025-12-18,personal,7408.09,48,vivienda,567,1.71,rechazada,score_crediticio_bajo
971,1298,2023-05-15,hipotecario,150046.92,360,reforma,632,65.42,rechazada,endeudamiento_elevado
972,1300,2025-05-07,vehiculo,33469.86,48,reforma,639,45.82,aprobada,\N
973,1301,2026-04-29,personal,15790.98,36,vivienda,749,22.42,aprobada,\N
974,1301,2025-02-02,hipotecario,95421.88,180,consumo,716,15.21,aprobada,\N
975,1303,2024-04-25,vehiculo,24575.33,72,vehiculo,788,44.6,aprobada,\N
976,1304,2026-03-13,personal,28815.22,48,reforma,731,32.56,aprobada,\N
977,1305,2025-08-01,personal,3318.26,36,liquidez,647,40.85,rechazada,ingresos_insuficientes
978,1305,2025-08-01,personal,3246.96,48,reforma,666,18.05,rechazada,ingresos_insuficientes
979,1309,2026-06-23,hipotecario,86334.26,360,vehiculo,751,36.38,rechazada,criterios_riesgo
980,1310,2026-05-08,personal,29351.72,48,vehiculo,770,37.12,aprobada,\N
981,1311,2026-03-27,personal,16863.03,60,vivienda,743,25.47,aprobada,\N
982,1317,2024-05-12,vehiculo,27763.94,48,vehiculo,622,37.31,rechazada,ingresos_insuficientes
983,1319,2024-01-27,personal,7224.53,12,vivienda,678,47.19,aprobada,\N
984,1320,2025-02-20,personal,5278.23,12,reforma,770,22.75,aprobada,\N
985,1320,2025-11-09,personal,26288.43,12,vehiculo,795,8.17,aprobada,\N
986,1320,2025-08-14,hipotecario,178258.86,360,reforma,767,30.49,aprobada,\N
987,1321,2023-12-17,personal,6780.95,12,reforma,696,14.22,aprobada,\N
988,1323,2026-06-18,hipotecario,264405.83,240,consumo,721,26.14,aprobada,\N
989,1324,2023-11-05,vehiculo,28915.68,60,vivienda,749,19.33,aprobada,\N
990,1325,2025-05-03,vehiculo,9459.03,60,vivienda,821,31.34,aprobada,\N
991,1326,2025-07-07,personal,11613.27,60,reforma,662,43.27,aprobada,\N
992,1329,2024-02-08,vehiculo,43724.53,72,vivienda,640,53.5,aprobada,\N
993,1330,2026-05-25,vehiculo,42416.29,48,liquidez,723,43.78,aprobada,\N
994,1331,2026-06-10,personal,9214.37,48,reforma,743,35.8,aprobada,\N
995,1332,2024-07-28,personal,27722.04,12,consumo,718,43.32,aprobada,\N
996,1333,2026-06-05,personal,17598.56,36,vivienda,789,25.61,aprobada,\N
997,1335,2023-12-23,personal,8169.48,60,vivienda,655,24.81,aprobada,\N
998,1337,2024-01-13,personal,26904.77,60,reforma,857,15.56,aprobada,\N
999,1338,2024-01-07,vehiculo,20978.7,48,vivienda,725,4.95,aprobada,\N
1000,1340,2026-04-28,personal,22178.21,48,liquidez,723,57.51,rechazada,endeudamiento_elevado
1001,1340,2023-10-25,personal,10122.91,48,consumo,765,15.3,aprobada,\N
1002,1341,2024-10-14,vehiculo,21918.41,72,consumo,666,27.18,aprobada,\N
1003,1341,2025-01-23,hipotecario,194493.43,300,liquidez,669,35.67,aprobada,\N
1004,1342,2026-04-04,vehiculo,34281.78,48,vehiculo,629,29.25,aprobada,\N
1005,1343,2024-09-26,personal,5747.23,60,liquidez,693,36.27,aprobada,\N
1006,1344,2024-11-14,hipotecario,79516.53,300,vivienda,741,21.91,aprobada,\N
1007,1345,2026-03-16,hipotecario,188142.87,360,vivienda,767,46.34,aprobada,\N
1008,1346,2024-10-22,personal,11783.83,12,reforma,632,25.21,aprobada,\N
1009,1348,2025-09-13,personal,26821.74,24,vivienda,616,30.62,aprobada,\N
1010,1348,2025-03-06,vehiculo,20149.28,84,consumo,640,32.57,aprobada,\N
1011,1348,2025-07-31,personal,5218.28,60,consumo,625,19.08,aprobada,\N
1012,1349,2026-03-01,vehiculo,41917.81,36,consumo,766,8.6,aprobada,\N
1013,1350,2025-10-13,hipotecario,292348.62,240,vehiculo,565,66.25,rechazada,score_crediticio_bajo
1014,1351,2025-06-30,personal,21081.51,48,vehiculo,743,29.01,aprobada,\N
1015,1351,2024-10-28,personal,14176.17,12,vehiculo,721,53.71,aprobada,\N
1016,1352,2025-02-28,personal,6960.34,60,consumo,772,37.43,aprobada,\N
1017,1352,2025-06-13,personal,3297.47,60,reforma,765,9.82,aprobada,\N
1018,1354,2024-01-03,hipotecario,96474.5,180,vivienda,812,44.92,aprobada,\N
1019,1356,2025-07-01,personal,14410.62,60,reforma,739,12.72,aprobada,\N
1020,1357,2026-05-12,personal,3854.27,60,reforma,607,0,rechazada,score_crediticio_bajo
1021,1359,2023-05-03,vehiculo,9901.8,72,vehiculo,794,8.62,aprobada,\N
1022,1361,2025-04-26,hipotecario,141481.0,360,reforma,739,48.01,rechazada,criterios_riesgo
1023,1361,2026-02-22,hipotecario,104900.28,240,consumo,716,39.51,rechazada,criterios_riesgo
1024,1362,2025-11-05,hipotecario,242457.4,180,reforma,728,34.29,aprobada,\N
1025,1363,2025-09-09,personal,27259.58,24,vehiculo,808,30.22,aprobada,\N
1026,1363,2025-09-02,personal,26428.05,60,reforma,801,16.36,aprobada,\N
1027,1365,2025-04-04,personal,12776.9,24,reforma,747,33.96,aprobada,\N
1028,1368,2024-02-16,vehiculo,17716.71,48,reforma,702,25.54,aprobada,\N
1029,1370,2024-09-25,hipotecario,95002.93,360,liquidez,448,67.89,rechazada,score_crediticio_bajo
1030,1371,2023-04-08,personal,3090.58,12,reforma,703,15.7,aprobada,\N
1031,1372,2023-04-01,personal,4907.64,48,reforma,738,51.06,aprobada,\N
1032,1372,2024-07-13,personal,12256.58,36,vehiculo,718,27.95,aprobada,\N
1033,1373,2024-04-10,personal,26035.14,24,reforma,731,28.39,aprobada,\N
1034,1373,2024-11-02,personal,15203.3,36,vivienda,717,10.42,aprobada,\N
1035,1377,2025-05-31,vehiculo,36207.32,60,reforma,734,37.42,aprobada,\N
1036,1378,2026-02-26,personal,5426.2,60,consumo,698,43.35,aprobada,\N
1037,1381,2024-06-17,personal,21322.9,36,consumo,818,27.29,aprobada,\N
1038,1382,2023-09-26,personal,18392.79,60,vivienda,719,38.37,aprobada,\N
1039,1382,2024-10-26,personal,14039.56,36,vivienda,768,31.59,aprobada,\N
1040,1385,2025-08-03,hipotecario,80638.28,300,liquidez,897,10.73,aprobada,\N
1041,1387,2023-07-20,vehiculo,21851.15,60,liquidez,847,36.59,aprobada,\N
1042,1391,2023-10-01,personal,26037.07,48,vehiculo,725,40.14,aprobada,\N
1043,1391,2023-08-01,personal,28735.64,12,vehiculo,724,44.45,aprobada,\N
1044,1392,2023-03-21,personal,14489.16,48,vehiculo,733,37.41,aprobada,\N
1045,1394,2025-10-16,vehiculo,22673.29,36,vehiculo,650,34.05,aprobada,\N
1046,1397,2026-06-22,personal,20965.79,36,liquidez,792,19.84,aprobada,\N
1047,1399,2026-02-23,personal,7416.76,60,vehiculo,737,29.28,aprobada,\N
1048,1400,2024-01-17,hipotecario,224262.07,180,consumo,559,61.29,rechazada,score_crediticio_bajo
1049,1402,2024-06-09,personal,9974.96,36,reforma,684,7.76,aprobada,\N
1050,1403,2025-04-29,personal,7149.94,24,reforma,591,8.99,rechazada,score_crediticio_bajo
1051,1404,2024-09-20,personal,2239.59,36,liquidez,747,8.45,aprobada,\N
1052,1404,2024-12-15,hipotecario,261422.43,300,vivienda,794,34.33,aprobada,\N
1053,1406,2024-09-26,personal,28043.62,60,liquidez,762,17.98,aprobada,\N
1054,1406,2023-09-27,hipotecario,277225.28,180,liquidez,690,48.41,rechazada,criterios_riesgo
1055,1406,2025-05-28,vehiculo,30811.23,48,liquidez,765,10.72,aprobada,\N
1056,1408,2025-03-25,personal,24807.67,12,liquidez,751,31.94,aprobada,\N
1057,1410,2023-07-08,personal,16646.99,12,vivienda,632,20.7,aprobada,\N
1058,1411,2025-10-24,vehiculo,34082.16,84,consumo,743,24.9,aprobada,\N
1059,1411,2024-11-24,personal,28179.61,12,consumo,726,19.04,aprobada,\N
1060,1411,2023-06-24,personal,25215.28,48,vehiculo,719,41.1,aprobada,\N
1061,1412,2025-11-30,personal,3200.42,24,reforma,550,32.9,rechazada,score_crediticio_bajo
1062,1414,2024-08-20,personal,24873.4,12,liquidez,688,34.74,rechazada,ingresos_insuficientes
1063,1418,2026-06-22,personal,15777.8,12,vehiculo,719,30.17,aprobada,\N
1064,1419,2026-06-26,hipotecario,157469.78,240,vehiculo,746,31.92,aprobada,\N
1065,1423,2025-03-07,hipotecario,254910.92,180,vivienda,771,15.41,aprobada,\N
1066,1427,2023-09-29,personal,19114.55,12,reforma,680,29.12,aprobada,\N
1067,1427,2024-10-26,vehiculo,43742.44,84,reforma,707,0,aprobada,\N
1068,1427,2024-01-05,personal,6057.82,36,reforma,603,17.28,rechazada,score_crediticio_bajo
1069,1429,2023-07-02,personal,4976.08,60,liquidez,709,23.05,aprobada,\N
1070,1431,2023-06-05,personal,4448.52,36,liquidez,824,27.72,aprobada,\N
1071,1432,2024-12-24,vehiculo,15365.88,36,liquidez,740,29.08,aprobada,\N
1072,1433,2025-08-30,vehiculo,18222.35,72,liquidez,763,59.36,rechazada,endeudamiento_elevado
1073,1434,2026-05-18,personal,21809.13,24,reforma,667,0,aprobada,\N
1074,1434,2026-05-31,vehiculo,19429.74,72,vehiculo,727,31.52,aprobada,\N
1075,1435,2023-11-11,hipotecario,305219.61,180,reforma,627,51.73,rechazada,criterios_riesgo
1076,1435,2024-09-22,personal,27125.36,24,vehiculo,644,28.98,aprobada,\N
1077,1436,2023-01-07,personal,16196.3,36,reforma,699,24.15,aprobada,\N
1078,1437,2025-06-25,hipotecario,88855.55,360,liquidez,758,35.08,aprobada,\N
1079,1442,2023-07-11,vehiculo,15177.1,48,vehiculo,705,35.73,aprobada,\N
1080,1442,2025-04-26,vehiculo,28015.18,48,liquidez,735,20.16,aprobada,\N
1081,1443,2025-10-17,personal,2818.55,60,consumo,649,52.39,rechazada,ingresos_insuficientes
1082,1443,2025-04-19,vehiculo,35545.04,48,liquidez,666,28.31,rechazada,ingresos_insuficientes
1083,1443,2024-01-01,personal,24556.88,48,reforma,705,3.68,rechazada,ingresos_insuficientes
1084,1444,2025-11-23,personal,28628.06,12,consumo,728,12.87,aprobada,\N
1085,1446,2023-04-25,personal,23853.3,24,liquidez,595,3.24,rechazada,score_crediticio_bajo
1086,1447,2025-03-16,vehiculo,34115.42,48,liquidez,687,20.31,aprobada,\N
1087,1447,2026-05-15,personal,5790.01,48,vivienda,685,22.37,aprobada,\N
1088,1448,2026-02-28,vehiculo,12371.54,48,vivienda,722,34.53,aprobada,\N
1089,1449,2025-07-13,hipotecario,269746.21,360,reforma,631,60.73,rechazada,endeudamiento_elevado
1090,1451,2024-11-26,personal,13249.94,24,reforma,816,20.23,aprobada,\N
1091,1453,2023-04-28,personal,26061.1,60,vivienda,714,39.61,aprobada,\N
1092,1454,2024-10-11,vehiculo,34001.35,48,consumo,813,23.35,aprobada,\N
1093,1454,2025-05-02,hipotecario,84074.68,360,vivienda,706,47.99,rechazada,criterios_riesgo
1094,1455,2026-02-16,hipotecario,161341.44,180,liquidez,842,51.18,aprobada,\N
1095,1455,2023-10-18,personal,2193.89,36,liquidez,795,59.21,rechazada,endeudamiento_elevado
1096,1456,2026-06-23,personal,4784.4,48,liquidez,633,9.26,aprobada,\N
1097,1457,2023-02-21,personal,21229.79,24,liquidez,606,21.5,rechazada,score_crediticio_bajo
1098,1460,2026-06-29,vehiculo,30227.33,72,liquidez,724,23.91,aprobada,\N
1099,1461,2026-05-30,personal,20640.12,12,vivienda,604,44.71,rechazada,score_crediticio_bajo
1100,1462,2023-12-23,hipotecario,193026.95,240,vehiculo,662,17.45,aprobada,\N
1101,1462,2025-10-11,personal,8665.22,48,vehiculo,663,15.65,aprobada,\N
1102,1463,2025-10-24,vehiculo,42599.99,60,liquidez,581,34.38,rechazada,score_crediticio_bajo
1103,1463,2025-06-03,vehiculo,8586.85,84,consumo,577,12.74,rechazada,score_crediticio_bajo
1104,1463,2026-06-25,personal,7094.03,60,reforma,627,4.72,aprobada,\N
1105,1464,2023-03-04,vehiculo,9448.38,48,liquidez,683,43.41,aprobada,\N
1106,1464,2024-03-27,personal,21510.74,48,vehiculo,754,20.21,aprobada,\N
1107,1465,2024-12-09,personal,19281.25,60,liquidez,732,21.25,aprobada,\N
1108,1467,2024-06-30,personal,12851.94,24,consumo,706,35.54,rechazada,ingresos_insuficientes
1109,1469,2023-07-18,personal,23758.81,12,vehiculo,683,30.29,aprobada,\N
1110,1469,2024-12-19,personal,21706.21,24,consumo,677,44.47,aprobada,\N
1111,1471,2023-09-22,hipotecario,106769.6,240,liquidez,772,40.37,rechazada,criterios_riesgo
1112,1471,2025-11-01,personal,26352.28,48,consumo,757,34.44,aprobada,\N
1113,1472,2026-02-16,vehiculo,36138.85,36,vehiculo,705,15.83,aprobada,\N
1114,1475,2024-07-16,hipotecario,238676.35,180,consumo,740,55.37,rechazada,endeudamiento_elevado
1115,1476,2023-07-12,personal,27896.55,12,liquidez,786,24.84,aprobada,\N
1116,1477,2025-01-03,hipotecario,171436.99,300,reforma,630,71.05,rechazada,endeudamiento_elevado
1117,1477,2024-12-03,personal,29169.61,36,vehiculo,706,7.14,aprobada,\N
1118,1478,2024-01-07,personal,8078.83,60,vehiculo,674,35.45,aprobada,\N
1119,1479,2025-08-05,vehiculo,34487.29,72,vehiculo,627,35.8,aprobada,\N
1120,1480,2025-02-08,personal,29561.09,24,vehiculo,629,26.02,aprobada,\N
1121,1481,2025-08-06,personal,3915.06,36,consumo,714,40.93,aprobada,\N
1122,1481,2026-03-25,vehiculo,10953.82,84,vehiculo,747,11.89,aprobada,\N
1123,1481,2023-04-19,personal,17813.32,12,vehiculo,686,0.89,aprobada,\N
1124,1482,2023-11-30,vehiculo,35987.43,84,liquidez,658,11.69,aprobada,\N
1125,1482,2024-05-18,hipotecario,284655.63,240,liquidez,612,68.6,rechazada,endeudamiento_elevado
1126,1484,2024-09-16,personal,13132.93,60,liquidez,785,29.92,aprobada,\N
1127,1485,2025-04-08,personal,13678.99,48,liquidez,727,10.96,aprobada,\N
1128,1485,2026-02-05,vehiculo,16022.3,60,consumo,718,26.14,aprobada,\N
1129,1486,2024-03-06,personal,4399.25,12,vehiculo,788,5.61,aprobada,\N
1130,1491,2026-05-04,personal,11713.96,48,liquidez,753,48.28,aprobada,\N
1131,1491,2023-12-21,personal,29675.84,12,vivienda,729,42.02,aprobada,\N
1132,1493,2023-03-17,personal,26264.29,48,vehiculo,716,43.68,aprobada,\N
1133,1494,2025-01-05,hipotecario,150951.85,180,liquidez,758,45.83,rechazada,criterios_riesgo
1134,1495,2025-01-31,personal,9561.92,24,consumo,732,12.73,aprobada,\N
1135,1497,2023-11-07,personal,12359.31,12,reforma,719,40.4,aprobada,\N
1136,1497,2025-01-11,vehiculo,38363.42,60,liquidez,774,18.98,aprobada,\N
1137,1498,2024-12-28,vehiculo,16261.16,60,reforma,731,28.71,aprobada,\N
1138,1498,2024-06-21,hipotecario,311831.48,360,reforma,710,45.84,aprobada,\N
1139,1499,2024-05-21,personal,5674.05,36,consumo,723,21.7,aprobada,\N
1140,1500,2023-05-23,vehiculo,17745.39,48,reforma,716,39.24,aprobada,\N
1141,1506,2025-09-30,personal,10954.77,60,consumo,735,18.24,aprobada,\N
1142,1507,2023-01-17,personal,3827.37,36,reforma,716,31.89,aprobada,\N
1143,1510,2025-04-05,personal,7304.02,36,vivienda,672,29.8,aprobada,\N
1144,1511,2026-06-30,vehiculo,29740.96,72,liquidez,660,18.01,aprobada,\N
1145,1514,2024-04-13,vehiculo,29966.23,84,vivienda,611,34.23,aprobada,\N
1146,1515,2026-04-11,personal,7779.79,12,liquidez,711,19.35,aprobada,\N
1147,1516,2024-08-11,personal,25067.63,60,vivienda,709,38.13,aprobada,\N
1148,1519,2023-10-18,vehiculo,12339.94,84,consumo,649,18.77,aprobada,\N
1149,1519,2023-09-12,vehiculo,37498.67,84,consumo,615,40.5,aprobada,\N
1150,1521,2026-01-01,personal,15052.73,60,vehiculo,643,26.44,aprobada,\N
1151,1523,2025-09-07,vehiculo,39727.01,36,reforma,623,22.62,aprobada,\N
1152,1525,2023-01-26,personal,29527.02,24,reforma,802,38.55,aprobada,\N
1153,1525,2023-11-26,vehiculo,42780.65,84,vivienda,761,21.32,aprobada,\N
1154,1527,2023-05-02,personal,20410.2,36,vehiculo,750,35.65,aprobada,\N
1155,1530,2025-01-08,personal,24158.81,48,consumo,695,19.72,aprobada,\N
1156,1531,2025-01-19,personal,9471.71,36,vivienda,803,6.72,aprobada,\N
1157,1531,2024-10-11,personal,13854.73,12,consumo,762,38.25,aprobada,\N
1158,1531,2023-08-07,personal,28232.33,48,reforma,780,21.29,aprobada,\N
1159,1532,2025-04-14,personal,9773.71,12,reforma,740,32.39,aprobada,\N
1160,1533,2023-09-08,vehiculo,14959.36,36,reforma,703,21.23,aprobada,\N
1161,1533,2023-12-27,personal,22531.87,12,liquidez,709,22.62,aprobada,\N
1162,1534,2024-03-19,personal,18682.41,60,vehiculo,667,24.83,aprobada,\N
1163,1537,2025-10-20,personal,2481.12,36,vivienda,707,41.3,aprobada,\N
1164,1539,2025-05-23,personal,29005.91,12,vivienda,622,26.44,rechazada,ingresos_insuficientes
1165,1543,2023-01-11,vehiculo,44547.25,60,vivienda,730,30.72,aprobada,\N
1166,1545,2026-05-18,hipotecario,285903.18,240,reforma,800,38.25,rechazada,criterios_riesgo
1167,1549,2024-04-03,vehiculo,30577.25,72,reforma,578,43.72,rechazada,score_crediticio_bajo
1168,1549,2024-08-01,personal,14214.55,24,vehiculo,622,27.24,aprobada,\N
1169,1551,2025-12-15,personal,9066.21,24,vivienda,737,15.02,aprobada,\N
1170,1552,2024-04-09,personal,18641.24,12,vivienda,772,16.62,aprobada,\N
1171,1552,2023-12-31,personal,25971.14,36,consumo,831,37.24,aprobada,\N
1172,1554,2026-06-19,vehiculo,12345.83,36,consumo,713,26.57,aprobada,\N
1173,1554,2026-03-08,vehiculo,26309.89,60,vehiculo,759,12.11,aprobada,\N
1174,1554,2024-06-18,hipotecario,78976.85,360,vehiculo,721,40.98,rechazada,criterios_riesgo
1175,1555,2026-01-31,personal,17522.31,12,liquidez,830,45.78,aprobada,\N
1176,1556,2025-04-13,vehiculo,34458.8,60,vivienda,699,45.99,aprobada,\N
1177,1556,2026-05-14,vehiculo,39098.23,60,vivienda,676,41.68,aprobada,\N
1178,1563,2026-03-09,personal,21884.23,12,reforma,596,21.22,rechazada,score_crediticio_bajo
1179,1567,2025-07-03,vehiculo,8968.6,60,liquidez,786,0,aprobada,\N
1180,1567,2026-02-20,personal,11820.52,60,reforma,751,23.15,aprobada,\N
1181,1568,2023-12-27,personal,27825.83,60,consumo,626,39.44,aprobada,\N
1182,1568,2023-08-11,personal,26466.69,36,vehiculo,641,12.87,aprobada,\N
1183,1569,2023-10-12,vehiculo,12913.83,60,consumo,664,61.91,rechazada,endeudamiento_elevado
1184,1570,2023-04-24,personal,15641.95,12,liquidez,803,21.09,aprobada,\N
1185,1574,2025-03-01,personal,3968.19,12,vivienda,679,30.48,aprobada,\N
1186,1574,2026-06-11,vehiculo,12944.77,84,vehiculo,688,4.0,aprobada,\N
1187,1575,2025-03-18,personal,17035.87,48,reforma,634,31.18,aprobada,\N
1188,1575,2025-02-20,personal,5494.31,60,reforma,685,25.64,aprobada,\N
1189,1576,2023-11-06,hipotecario,187963.72,360,liquidez,756,29.91,rechazada,criterios_riesgo
1190,1580,2023-01-22,personal,11927.13,60,consumo,588,38.57,rechazada,score_crediticio_bajo
1191,1581,2024-10-13,personal,9515.76,36,consumo,747,29.77,aprobada,\N
1192,1583,2025-10-26,personal,19625.74,60,vivienda,780,19.4,aprobada,\N
1193,1584,2024-12-29,vehiculo,11567.54,72,consumo,783,26.14,aprobada,\N
1194,1588,2025-05-03,personal,27590.33,36,reforma,615,38.72,rechazada,ingresos_insuficientes
1195,1588,2025-07-30,vehiculo,17822.4,72,liquidez,640,45.66,rechazada,ingresos_insuficientes
1196,1588,2023-06-18,personal,25720.98,24,vehiculo,638,35.11,rechazada,ingresos_insuficientes
1197,1592,2024-06-03,hipotecario,113959.76,180,reforma,668,60.95,rechazada,endeudamiento_elevado
1198,1592,2024-08-29,vehiculo,13104.4,84,vivienda,660,16.88,aprobada,\N
1199,1593,2023-11-12,hipotecario,153253.92,300,liquidez,735,56.66,rechazada,endeudamiento_elevado
1200,1593,2024-07-26,personal,3702.15,60,liquidez,748,31.62,aprobada,\N
1201,1595,2024-12-16,vehiculo,27334.29,60,vivienda,501,50.12,rechazada,score_crediticio_bajo
1202,1597,2023-12-05,vehiculo,12233.45,60,vehiculo,653,59.93,rechazada,endeudamiento_elevado
1203,1598,2025-06-14,personal,7378.08,24,vivienda,770,14.0,aprobada,\N
1204,1600,2025-07-20,personal,6774.26,12,vivienda,950,23.98,aprobada,\N
1205,1601,2025-08-07,hipotecario,291746.5,240,vehiculo,832,33.57,aprobada,\N
1206,1601,2024-01-14,personal,7291.57,60,vivienda,801,12.42,aprobada,\N
1207,1602,2025-11-15,hipotecario,158000.43,180,reforma,768,59.47,rechazada,endeudamiento_elevado
1208,1605,2024-01-20,vehiculo,39637.17,36,vehiculo,723,37.05,aprobada,\N
1209,1606,2026-06-09,personal,10236.66,12,liquidez,681,24.61,aprobada,\N
1210,1608,2023-04-07,personal,3623.01,48,reforma,563,54.4,rechazada,score_crediticio_bajo
1211,1608,2026-05-11,vehiculo,23267.31,48,consumo,646,33.38,rechazada,ingresos_insuficientes
1212,1609,2026-05-25,vehiculo,12717.49,36,reforma,805,41.27,aprobada,\N
1213,1611,2023-04-08,hipotecario,177101.27,240,liquidez,668,49.61,rechazada,criterios_riesgo
1214,1611,2025-06-17,personal,6533.82,60,reforma,671,59.37,rechazada,endeudamiento_elevado
1215,1613,2024-08-07,personal,6501.33,36,vehiculo,672,23.6,rechazada,ingresos_insuficientes
1216,1618,2026-05-03,personal,25006.26,36,vehiculo,648,11.2,aprobada,\N
1217,1619,2024-09-20,hipotecario,251105.12,180,consumo,643,55.45,rechazada,endeudamiento_elevado
1218,1620,2025-08-09,personal,26738.47,36,vivienda,812,27.0,aprobada,\N
1219,1621,2023-08-25,personal,26777.06,36,reforma,678,29.0,aprobada,\N
1220,1625,2026-04-04,personal,15108.66,24,vivienda,519,15.95,rechazada,score_crediticio_bajo
1221,1627,2024-04-09,personal,7096.84,12,vivienda,596,41.87,rechazada,score_crediticio_bajo
1222,1629,2023-05-22,vehiculo,44363.41,84,vivienda,628,45.07,rechazada,ingresos_insuficientes
1223,1630,2026-06-27,hipotecario,177633.78,300,consumo,433,95,rechazada,score_crediticio_bajo
1224,1630,2026-06-23,vehiculo,26144.79,48,reforma,573,51.17,rechazada,score_crediticio_bajo
1225,1632,2026-06-26,vehiculo,34237.77,36,consumo,633,48.93,aprobada,\N
1226,1635,2024-02-24,vehiculo,24754.9,60,reforma,678,49.34,aprobada,\N
1227,1639,2025-12-20,vehiculo,30053.3,60,reforma,694,0,aprobada,\N
1228,1639,2025-02-06,personal,28871.13,24,vehiculo,719,30.63,aprobada,\N
1229,1640,2023-11-26,vehiculo,35475.31,48,vivienda,833,20.32,aprobada,\N
1230,1641,2023-04-30,vehiculo,30548.56,72,vehiculo,564,57.42,rechazada,score_crediticio_bajo
1231,1643,2023-08-20,hipotecario,251077.15,240,liquidez,624,70.19,rechazada,endeudamiento_elevado
1232,1643,2024-01-13,hipotecario,138547.92,240,vivienda,754,31.19,rechazada,criterios_riesgo
1233,1644,2025-07-01,personal,21396.75,36,consumo,708,34.12,aprobada,\N
1234,1644,2025-03-08,vehiculo,10194.44,60,reforma,674,24.64,aprobada,\N
1235,1646,2026-02-18,personal,5657.02,48,vehiculo,677,30.55,aprobada,\N
1236,1649,2024-03-30,personal,18931.63,48,reforma,766,41.63,aprobada,\N
1237,1649,2024-01-22,personal,14091.23,60,consumo,775,39.91,aprobada,\N
1238,1650,2024-10-17,vehiculo,9617.44,36,vehiculo,868,28.5,aprobada,\N
1239,1653,2024-02-12,personal,7302.0,60,reforma,749,31.37,aprobada,\N
1240,1654,2024-06-10,vehiculo,27191.27,72,vivienda,753,33.63,aprobada,\N
1241,1655,2024-06-04,hipotecario,83240.58,300,consumo,797,43.97,rechazada,criterios_riesgo
1242,1660,2025-11-19,personal,21780.74,60,reforma,691,28.7,aprobada,\N
1243,1662,2026-06-15,vehiculo,35933.11,72,liquidez,724,24.59,aprobada,\N
1244,1663,2026-03-26,vehiculo,31394.59,48,reforma,779,39.25,aprobada,\N
1245,1664,2023-07-05,vehiculo,18271.74,84,vivienda,633,30.5,aprobada,\N
1246,1665,2023-11-04,personal,14081.61,48,consumo,747,20.31,aprobada,\N
1247,1665,2024-06-18,personal,16377.85,12,consumo,703,12.51,aprobada,\N
1248,1668,2024-09-16,personal,12936.87,48,vehiculo,686,23.5,aprobada,\N
1249,1670,2025-06-13,hipotecario,279186.65,240,consumo,755,26.06,aprobada,\N
1250,1670,2025-07-17,personal,7136.84,48,vivienda,817,25.17,aprobada,\N
1251,1672,2024-09-24,personal,10902.19,12,vehiculo,693,24.81,aprobada,\N
1252,1672,2024-06-30,personal,4120.5,24,consumo,728,25.84,aprobada,\N
1253,1673,2025-04-13,personal,10785.64,60,vehiculo,763,19.76,aprobada,\N
1254,1673,2025-04-14,personal,13066.54,36,reforma,765,41.39,aprobada,\N
1255,1673,2025-12-21,personal,3080.98,60,liquidez,754,6.39,aprobada,\N
1256,1674,2023-02-11,vehiculo,16480.17,36,reforma,702,36.54,aprobada,\N
1257,1679,2023-04-23,vehiculo,15633.42,36,reforma,725,11.64,aprobada,\N
1258,1679,2025-09-29,personal,17433.67,48,vivienda,705,27.11,aprobada,\N
1259,1683,2025-03-25,personal,18726.66,24,liquidez,782,36.38,aprobada,\N
1260,1683,2023-12-02,hipotecario,181636.88,360,liquidez,705,22.43,aprobada,\N
1261,1684,2024-08-05,personal,1668.07,36,consumo,601,33.3,rechazada,score_crediticio_bajo
1262,1684,2023-12-11,personal,20701.45,36,vivienda,555,36.86,rechazada,score_crediticio_bajo
1263,1684,2025-09-25,hipotecario,102981.01,300,vehiculo,440,72.69,rechazada,score_crediticio_bajo
1264,1685,2025-10-15,hipotecario,298259.92,300,vivienda,568,34.9,rechazada,score_crediticio_bajo
1265,1686,2024-11-12,personal,29886.63,48,vivienda,694,35.38,aprobada,\N
1266,1688,2025-05-17,personal,11001.26,36,vehiculo,734,21.39,aprobada,\N
1267,1689,2023-11-04,personal,6387.57,48,vehiculo,778,29.76,aprobada,\N
1268,1696,2026-04-25,personal,22751.76,12,liquidez,702,19.72,aprobada,\N
1269,1696,2026-01-15,personal,3186.3,36,reforma,661,41.45,aprobada,\N
1270,1697,2023-09-25,personal,20181.93,36,consumo,833,21.74,aprobada,\N
1271,1697,2024-06-24,personal,11930.35,60,reforma,804,15.63,aprobada,\N
1272,1700,2026-05-17,vehiculo,15330.12,36,reforma,737,27.67,aprobada,\N
1273,1701,2024-02-19,hipotecario,141298.21,360,liquidez,474,95,rechazada,score_crediticio_bajo
1274,1701,2026-03-13,vehiculo,43766.42,72,reforma,515,45.31,rechazada,score_crediticio_bajo
1275,1701,2024-10-05,personal,28795.88,24,liquidez,489,45.21,rechazada,score_crediticio_bajo
1276,1704,2025-01-14,personal,4611.47,12,reforma,629,38.08,aprobada,\N
1277,1704,2023-06-24,personal,15812.13,60,vehiculo,651,35.35,aprobada,\N
1278,1706,2023-11-14,personal,6182.7,48,vehiculo,699,39.53,rechazada,ingresos_insuficientes
1279,1706,2024-06-04,hipotecario,173110.26,300,vehiculo,667,68.27,rechazada,endeudamiento_elevado
1280,1707,2025-07-13,hipotecario,294540.18,180,liquidez,658,77.94,rechazada,endeudamiento_elevado
1281,1708,2023-06-11,personal,27119.85,12,reforma,792,0.44,aprobada,\N
1282,1709,2026-05-04,hipotecario,108708.08,240,consumo,657,15.09,aprobada,\N
1283,1709,2025-06-06,hipotecario,177469.7,240,liquidez,701,16.32,aprobada,\N
1284,1711,2026-02-18,vehiculo,25931.19,72,consumo,712,27.95,aprobada,\N
1285,1713,2023-04-23,personal,28119.87,12,vehiculo,522,22.69,rechazada,score_crediticio_bajo
1286,1713,2025-03-27,hipotecario,268687.52,360,liquidez,523,35.28,rechazada,score_crediticio_bajo
1287,1715,2026-06-12,personal,22164.25,24,liquidez,765,20.18,aprobada,\N
1288,1716,2025-03-06,hipotecario,179606.78,360,consumo,782,30.97,aprobada,\N
1289,1716,2024-08-02,vehiculo,34666.15,48,consumo,787,24.91,aprobada,\N
1290,1717,2025-12-16,personal,18999.35,48,consumo,568,30.32,rechazada,score_crediticio_bajo
1291,1721,2023-08-01,personal,25244.45,12,vehiculo,632,22.52,rechazada,ingresos_insuficientes
1292,1722,2025-10-27,personal,7743.84,36,liquidez,755,21.07,aprobada,\N
1293,1723,2023-10-14,personal,28443.82,12,liquidez,687,33.47,aprobada,\N
1294,1726,2025-08-17,personal,27694.39,48,reforma,745,24.38,aprobada,\N
1295,1728,2026-03-08,personal,23450.84,12,vehiculo,727,4.17,aprobada,\N
1296,1733,2024-07-31,hipotecario,114870.59,240,liquidez,742,27.01,aprobada,\N
1297,1734,2023-07-13,vehiculo,24535.57,36,reforma,746,7.51,aprobada,\N
1298,1736,2026-04-02,personal,21940.36,24,vehiculo,738,40.2,aprobada,\N
1299,1736,2025-11-26,personal,28689.59,60,consumo,749,4.66,aprobada,\N
1300,1737,2026-02-12,vehiculo,32133.43,48,vehiculo,702,19.22,aprobada,\N
1301,1738,2025-12-13,hipotecario,211976.0,300,consumo,689,19.45,aprobada,\N
1302,1739,2026-05-10,personal,11120.61,36,vehiculo,670,0,aprobada,\N
1303,1740,2023-07-11,hipotecario,305195.13,300,vehiculo,758,16.53,aprobada,\N
1304,1740,2024-03-19,hipotecario,217340.05,300,reforma,747,48.87,aprobada,\N
1305,1742,2026-03-08,personal,25652.67,60,liquidez,660,9.37,aprobada,\N
1306,1744,2025-05-30,personal,10560.45,24,vivienda,630,44.79,aprobada,\N
1307,1744,2024-07-19,personal,9820.15,48,vivienda,698,25.41,aprobada,\N
1308,1745,2025-09-28,vehiculo,36218.91,60,vivienda,763,15.25,aprobada,\N
1309,1749,2023-09-18,hipotecario,273599.47,240,reforma,806,37.95,aprobada,\N
1310,1749,2023-01-28,vehiculo,13590.07,36,vehiculo,758,48.91,aprobada,\N
1311,1749,2025-01-07,vehiculo,41054.18,84,reforma,761,11.92,aprobada,\N
1312,1757,2025-01-24,vehiculo,18739.46,60,consumo,724,17.53,aprobada,\N
1313,1758,2025-06-17,personal,21092.02,12,consumo,579,30.79,rechazada,score_crediticio_bajo
1314,1758,2025-10-10,personal,22891.63,24,reforma,536,37.42,rechazada,score_crediticio_bajo
1315,1758,2023-04-13,vehiculo,26099.28,36,vehiculo,584,28.26,rechazada,score_crediticio_bajo
1316,1760,2023-01-07,personal,3442.61,48,liquidez,740,3.12,aprobada,\N
1317,1761,2025-07-25,hipotecario,202352.76,360,consumo,710,31.17,aprobada,\N
1318,1761,2025-05-31,personal,6611.02,12,vivienda,739,44.76,aprobada,\N
1319,1763,2026-04-14,personal,16945.96,48,vivienda,715,36.44,aprobada,\N
1320,1763,2023-10-15,personal,25715.06,60,consumo,737,43.11,aprobada,\N
1321,1763,2025-03-08,vehiculo,15714.96,60,consumo,775,7.66,aprobada,\N
1322,1764,2025-07-12,personal,12759.76,12,vehiculo,799,30.12,aprobada,\N
1323,1765,2023-07-16,hipotecario,289754.12,300,reforma,678,44.33,aprobada,\N
1324,1768,2025-05-14,vehiculo,43736.94,36,vehiculo,444,95,rechazada,score_crediticio_bajo
1325,1769,2026-05-17,personal,2549.82,24,vehiculo,735,37.91,aprobada,\N
1326,1770,2026-03-31,personal,10495.19,12,vehiculo,693,27.2,aprobada,\N
1327,1770,2025-05-07,personal,14636.16,60,vivienda,711,27.55,aprobada,\N
1328,1770,2026-01-02,hipotecario,279569.82,300,liquidez,628,65.19,rechazada,endeudamiento_elevado
1329,1773,2026-02-13,vehiculo,11814.39,72,reforma,693,15.96,aprobada,\N
1330,1773,2023-12-14,hipotecario,245707.72,360,vehiculo,713,50.8,aprobada,\N
1331,1775,2025-06-01,personal,28237.58,12,reforma,672,41.71,rechazada,ingresos_insuficientes
1332,1775,2023-11-22,vehiculo,14635.8,36,liquidez,650,34.48,rechazada,ingresos_insuficientes
1333,1776,2024-03-15,vehiculo,20438.43,72,liquidez,753,16.0,aprobada,\N
1334,1777,2024-10-15,personal,12634.78,12,vivienda,634,34.74,aprobada,\N
1335,1778,2024-11-04,vehiculo,18127.12,36,vivienda,791,3.67,aprobada,\N
1336,1779,2023-06-17,personal,4048.23,60,liquidez,656,15.41,aprobada,\N
1337,1781,2023-12-05,personal,6005.22,36,reforma,672,2.14,aprobada,\N
1338,1782,2024-12-06,personal,8432.31,60,reforma,713,28.79,aprobada,\N
1339,1783,2025-03-12,vehiculo,8851.15,60,reforma,747,14.6,aprobada,\N
1340,1783,2023-03-27,vehiculo,42253.24,84,reforma,713,21.36,aprobada,\N
1341,1784,2024-09-16,vehiculo,16223.22,84,consumo,747,37.28,aprobada,\N
1342,1784,2023-03-18,personal,24813.09,12,vivienda,816,8.12,aprobada,\N
1343,1784,2025-02-20,vehiculo,33166.3,72,liquidez,796,38.96,aprobada,\N
1344,1785,2025-05-14,vehiculo,39326.74,48,consumo,803,33.51,aprobada,\N
1345,1785,2026-04-18,personal,15455.46,12,liquidez,724,23.78,aprobada,\N
1346,1785,2023-09-19,personal,9279.62,60,vehiculo,774,25.59,aprobada,\N
1347,1786,2023-07-07,hipotecario,202208.67,240,reforma,764,45.97,rechazada,criterios_riesgo
1348,1786,2023-07-07,personal,4253.33,48,vehiculo,778,7.6,aprobada,\N
1349,1787,2025-07-21,personal,4525.49,24,liquidez,704,45.46,aprobada,\N
1350,1788,2026-05-01,vehiculo,16985.05,36,vivienda,674,40.22,aprobada,\N
1351,1788,2026-05-29,hipotecario,81289.87,360,reforma,707,19.18,aprobada,\N
1352,1788,2026-04-12,vehiculo,12700.88,84,consumo,709,38.34,aprobada,\N
1353,1789,2024-08-23,personal,18107.21,12,vehiculo,802,26.38,aprobada,\N
1354,1789,2025-03-18,vehiculo,23327.33,72,vivienda,832,29.9,aprobada,\N
1355,1791,2024-10-07,personal,20279.49,60,liquidez,776,23.34,aprobada,\N
1356,1792,2023-01-12,personal,27321.55,36,consumo,585,46.8,rechazada,score_crediticio_bajo
1357,1793,2023-10-30,vehiculo,13660.48,48,consumo,618,48.64,aprobada,\N
1358,1794,2023-05-27,personal,15926.56,60,vehiculo,662,31.06,aprobada,\N
1359,1795,2023-04-14,vehiculo,26876.68,60,consumo,685,48.46,aprobada,\N
1360,1796,2026-05-05,personal,18051.2,48,consumo,643,26.97,aprobada,\N
1361,1800,2026-05-09,personal,26000.57,36,liquidez,642,28.75,rechazada,ingresos_insuficientes
1362,1801,2025-02-21,vehiculo,38806.06,48,consumo,820,36.25,aprobada,\N
1363,1802,2025-04-05,personal,5526.03,48,vehiculo,487,29.99,rechazada,score_crediticio_bajo
1364,1803,2024-11-17,personal,3950.34,36,vivienda,747,42.77,aprobada,\N
1365,1805,2024-04-27,vehiculo,32792.94,84,vivienda,834,37.39,aprobada,\N
1366,1805,2026-05-10,personal,18933.91,24,consumo,876,36.21,aprobada,\N
1367,1806,2024-06-22,personal,24726.57,36,vehiculo,748,12.84,aprobada,\N
1368,1807,2024-08-28,personal,23060.18,24,consumo,819,26.9,aprobada,\N
1369,1809,2023-08-06,vehiculo,24446.75,36,vehiculo,653,31.64,aprobada,\N
1370,1810,2024-11-19,vehiculo,39528.39,60,liquidez,718,18.87,aprobada,\N
1371,1810,2025-12-28,personal,10584.02,48,vivienda,715,26.29,aprobada,\N
1372,1811,2024-03-23,vehiculo,9444.35,84,liquidez,705,43.5,aprobada,\N
1373,1811,2025-07-14,personal,14563.82,36,vivienda,672,37.49,aprobada,\N
1374,1812,2026-05-06,hipotecario,236395.88,360,reforma,704,32.11,aprobada,\N
1375,1812,2026-02-12,personal,24488.11,12,vivienda,802,23.88,aprobada,\N
1376,1813,2025-09-17,personal,16246.05,24,liquidez,798,28.11,aprobada,\N
1377,1813,2026-06-13,personal,3349.68,36,vivienda,835,32.66,aprobada,\N
1378,1814,2024-05-29,hipotecario,202729.37,180,vehiculo,680,45.86,rechazada,criterios_riesgo
1379,1815,2026-05-06,vehiculo,38931.98,84,consumo,710,4.87,aprobada,\N
1380,1816,2024-01-12,vehiculo,25351.16,72,vehiculo,723,35.01,aprobada,\N
1381,1817,2025-11-04,vehiculo,18203.02,60,consumo,650,0,rechazada,ingresos_insuficientes
1382,1819,2025-10-21,personal,6965.35,36,reforma,743,27.46,aprobada,\N
1383,1820,2024-05-27,vehiculo,26481.73,84,vehiculo,727,16.13,aprobada,\N
1384,1821,2025-03-04,personal,17020.64,36,vivienda,707,41.76,aprobada,\N
1385,1822,2026-06-29,personal,13787.09,12,liquidez,565,56.27,rechazada,score_crediticio_bajo
1386,1822,2026-06-26,personal,25556.03,24,consumo,583,41.24,rechazada,score_crediticio_bajo
1387,1823,2025-09-23,personal,12806.42,48,liquidez,632,0,aprobada,\N
1388,1824,2024-08-17,hipotecario,86320.76,300,vivienda,742,8.92,aprobada,\N
1389,1825,2023-07-28,hipotecario,224165.39,180,consumo,685,64.03,rechazada,endeudamiento_elevado
1390,1825,2025-09-12,vehiculo,19684.05,60,consumo,712,27.65,aprobada,\N
1391,1828,2023-03-02,personal,9636.27,48,vivienda,820,39.9,aprobada,\N
1392,1829,2025-02-28,personal,10331.32,48,consumo,731,43.59,aprobada,\N
1393,1831,2024-02-21,hipotecario,283201.61,240,vehiculo,415,84.1,rechazada,score_crediticio_bajo
1394,1832,2024-03-17,personal,9727.93,12,liquidez,718,34.54,aprobada,\N
1395,1833,2025-07-20,vehiculo,25990.12,36,vehiculo,448,95,rechazada,score_crediticio_bajo
1396,1833,2024-09-15,personal,9740.34,36,reforma,452,95,rechazada,score_crediticio_bajo
1397,1833,2026-02-20,personal,25168.77,48,consumo,424,95,rechazada,score_crediticio_bajo
1398,1837,2023-08-03,personal,5302.68,48,reforma,760,16.15,aprobada,\N
1399,1837,2024-05-07,personal,6624.48,48,reforma,761,17.65,aprobada,\N
1400,1840,2024-02-17,personal,2545.01,36,consumo,690,44.3,aprobada,\N
1401,1843,2025-02-18,vehiculo,16915.19,60,vehiculo,704,18.24,aprobada,\N
1402,1844,2023-01-27,vehiculo,18414.34,72,vivienda,686,3.82,aprobada,\N
1403,1844,2025-04-29,personal,2149.62,24,consumo,691,31.91,aprobada,\N
1404,1845,2024-07-01,personal,14249.17,24,reforma,693,44.26,aprobada,\N
1405,1846,2023-06-12,hipotecario,199254.81,240,consumo,647,48.15,aprobada,\N
1406,1847,2026-04-03,vehiculo,20159.2,72,consumo,482,61.21,rechazada,score_crediticio_bajo
1407,1848,2025-04-20,personal,4024.77,12,consumo,678,47.62,rechazada,ingresos_insuficientes
1408,1849,2025-05-06,vehiculo,40411.3,72,liquidez,727,25.52,aprobada,\N
1409,1850,2024-04-01,vehiculo,25737.35,84,vehiculo,780,11.35,aprobada,\N
1410,1856,2023-08-07,personal,9417.59,36,vehiculo,719,30.06,aprobada,\N
1411,1856,2024-02-15,personal,23716.86,36,vivienda,694,13.51,aprobada,\N
1412,1857,2023-04-06,personal,4557.67,12,vivienda,633,30.22,aprobada,\N
1413,1859,2026-06-01,vehiculo,36245.84,48,liquidez,751,18.4,aprobada,\N
1414,1859,2026-04-30,personal,8630.26,36,reforma,746,15.72,aprobada,\N
1415,1859,2026-06-12,vehiculo,19692.77,60,liquidez,750,22.38,aprobada,\N
1416,1860,2024-10-16,hipotecario,83102.22,240,vivienda,614,59.9,rechazada,endeudamiento_elevado
1417,1860,2024-05-01,personal,6837.74,36,reforma,702,60.85,rechazada,endeudamiento_elevado
1418,1861,2026-06-06,hipotecario,315470.97,300,liquidez,857,49.03,aprobada,\N
1419,1862,2024-08-14,personal,4636.9,48,consumo,600,22.0,rechazada,score_crediticio_bajo
1420,1862,2023-11-12,personal,5442.74,60,vehiculo,596,39.81,rechazada,score_crediticio_bajo
1421,1863,2023-05-11,vehiculo,19698.54,60,vehiculo,586,50.07,rechazada,score_crediticio_bajo
1422,1863,2024-03-23,personal,22849.66,60,vivienda,606,33.5,rechazada,score_crediticio_bajo
1423,1867,2024-11-26,vehiculo,31388.97,48,consumo,747,20.1,aprobada,\N
1424,1869,2023-12-29,hipotecario,102297.58,360,consumo,641,30.1,rechazada,criterios_riesgo
1425,1871,2025-01-17,vehiculo,29729.62,36,vehiculo,630,51.81,rechazada,ingresos_insuficientes
1426,1872,2026-06-13,personal,22898.8,36,vehiculo,648,10.41,aprobada,\N
1427,1873,2023-10-08,vehiculo,42286.43,84,vivienda,687,26.32,aprobada,\N
1428,1876,2023-04-14,vehiculo,20662.08,36,vivienda,693,35.81,aprobada,\N
1429,1877,2023-10-09,vehiculo,44859.15,60,vehiculo,762,20.43,aprobada,\N
1430,1878,2026-03-03,personal,11533.33,12,reforma,667,12.11,aprobada,\N
1431,1879,2025-03-15,vehiculo,36259.47,36,vivienda,718,41.89,aprobada,\N
1432,1881,2025-06-29,personal,29953.05,12,vehiculo,647,32.69,aprobada,\N
1433,1881,2025-05-03,personal,16791.62,12,consumo,612,37.74,aprobada,\N
1434,1886,2025-02-16,personal,14530.69,60,consumo,772,33.44,aprobada,\N
1435,1886,2023-02-15,hipotecario,222923.97,240,consumo,737,33.95,aprobada,\N
1436,1888,2025-12-28,hipotecario,250746.21,300,vehiculo,652,53.85,aprobada,\N
1437,1888,2023-01-31,personal,10465.21,60,vivienda,692,10.06,aprobada,\N
1438,1891,2023-02-18,personal,12373.94,48,liquidez,641,30.31,aprobada,\N
1439,1893,2025-09-24,personal,20754.17,12,consumo,775,45.74,aprobada,\N
1440,1894,2024-05-18,personal,8493.7,12,consumo,750,10.73,aprobada,\N
1441,1894,2026-03-01,vehiculo,20058.83,84,consumo,682,24.99,aprobada,\N
1442,1895,2026-04-30,personal,4722.99,36,consumo,729,21.55,aprobada,\N
1443,1897,2026-06-30,personal,11931.14,60,liquidez,750,20.71,aprobada,\N
1444,1899,2025-01-12,hipotecario,304342.01,300,reforma,714,51.19,rechazada,criterios_riesgo
1445,1902,2025-01-31,personal,25051.69,60,reforma,756,2.37,aprobada,\N
1446,1904,2023-03-14,personal,3357.86,60,liquidez,744,12.27,aprobada,\N
1447,1905,2023-01-17,hipotecario,176608.34,180,liquidez,766,40.57,rechazada,criterios_riesgo
1448,1906,2025-04-10,vehiculo,40548.09,60,liquidez,877,27.6,aprobada,\N
1449,1907,2026-04-11,personal,5918.04,24,vivienda,788,40.44,aprobada,\N
1450,1908,2026-04-19,vehiculo,26894.39,36,vivienda,586,15.23,rechazada,score_crediticio_bajo
1451,1908,2025-12-12,personal,2854.99,12,vehiculo,616,48.0,aprobada,\N
1452,1909,2023-05-22,personal,28999.62,48,consumo,829,16.04,aprobada,\N
1453,1909,2025-05-31,personal,16093.72,24,consumo,779,34.42,aprobada,\N
1454,1911,2023-03-01,personal,3002.04,60,reforma,770,21.78,aprobada,\N
1455,1911,2023-09-25,personal,1998.2,36,vehiculo,766,30.36,aprobada,\N
1456,1912,2026-04-11,personal,6631.0,24,reforma,573,67.53,rechazada,score_crediticio_bajo
1457,1912,2026-06-07,vehiculo,33601.43,48,reforma,658,30.1,aprobada,\N
1458,1913,2025-04-21,hipotecario,111651.45,300,consumo,484,95,rechazada,score_crediticio_bajo
1459,1914,2025-08-13,personal,9450.09,12,vehiculo,763,27.33,aprobada,\N
1460,1915,2025-09-20,hipotecario,166039.82,240,consumo,601,49.34,rechazada,score_crediticio_bajo
1461,1917,2023-01-31,hipotecario,277498.98,240,consumo,721,23.32,aprobada,\N
1462,1919,2026-05-08,personal,18944.31,24,consumo,743,16.13,aprobada,\N
1463,1920,2024-06-07,vehiculo,41058.48,72,vivienda,747,27.06,aprobada,\N
1464,1920,2025-02-24,personal,10888.25,24,vehiculo,766,11.78,aprobada,\N
1465,1921,2024-08-21,vehiculo,41431.23,60,vivienda,787,35.1,aprobada,\N
1466,1922,2026-04-28,personal,10041.91,36,vehiculo,798,27.5,aprobada,\N
1467,1922,2025-12-26,personal,9873.17,36,liquidez,775,23.63,aprobada,\N
1468,1922,2026-02-18,personal,17721.86,12,liquidez,783,26.99,aprobada,\N
1469,1925,2023-05-03,personal,5965.42,60,consumo,758,17.67,aprobada,\N
1470,1927,2024-01-11,hipotecario,284153.92,360,vehiculo,726,34.4,aprobada,\N
1471,1928,2026-03-24,personal,25838.68,12,liquidez,596,52.52,rechazada,score_crediticio_bajo
1472,1928,2026-06-23,personal,29092.59,48,vehiculo,614,32.71,rechazada,ingresos_insuficientes
1473,1928,2026-04-28,personal,12032.26,48,reforma,614,22.92,rechazada,ingresos_insuficientes
1474,1929,2025-05-20,personal,8139.27,12,reforma,758,18.12,aprobada,\N
1475,1930,2024-06-26,personal,18594.5,12,reforma,595,58.47,rechazada,score_crediticio_bajo
1476,1933,2025-07-28,personal,20439.18,48,reforma,648,26.22,aprobada,\N
1477,1933,2026-04-27,personal,28760.88,60,vivienda,688,9.73,aprobada,\N
1478,1933,2025-12-01,personal,23683.18,24,vehiculo,686,25.04,aprobada,\N
1479,1935,2026-02-18,personal,4170.58,12,vivienda,708,36.29,aprobada,\N
1480,1935,2025-12-22,personal,7269.62,12,vivienda,703,14.45,aprobada,\N
1481,1937,2026-03-15,hipotecario,106967.27,300,vehiculo,775,43.78,rechazada,criterios_riesgo
1482,1938,2024-11-10,hipotecario,79859.48,360,reforma,781,52.47,rechazada,criterios_riesgo
1483,1938,2025-05-23,vehiculo,19104.62,60,consumo,851,33.42,aprobada,\N
1484,1939,2025-04-05,personal,24482.08,12,consumo,658,11.68,aprobada,\N
1485,1941,2025-06-06,personal,8219.65,60,reforma,866,33.57,aprobada,\N
1486,1943,2026-06-13,vehiculo,37926.94,48,vehiculo,673,13.68,rechazada,ingresos_insuficientes
1487,1944,2023-05-13,vehiculo,11888.81,84,consumo,650,44.84,rechazada,ingresos_insuficientes
1488,1945,2026-04-06,personal,27247.77,24,reforma,625,45.67,rechazada,ingresos_insuficientes
1489,1946,2025-12-02,vehiculo,44203.75,60,vehiculo,712,35.25,aprobada,\N
1490,1949,2023-09-20,hipotecario,260500.74,300,vehiculo,689,42.26,aprobada,\N
1491,1949,2025-08-07,vehiculo,19164.44,48,vivienda,728,40.91,aprobada,\N
1492,1951,2025-10-13,hipotecario,144742.39,240,vehiculo,709,38.55,aprobada,\N
1493,1951,2026-06-09,personal,2599.66,48,vehiculo,693,24.44,aprobada,\N
1494,1952,2023-12-10,vehiculo,16415.93,48,consumo,883,51.03,aprobada,\N
1495,1953,2023-01-15,personal,22047.92,60,liquidez,644,57.07,rechazada,endeudamiento_elevado
1496,1954,2024-06-13,personal,25984.41,60,reforma,669,19.75,aprobada,\N
1497,1957,2025-08-07,personal,27175.68,48,reforma,738,27.84,aprobada,\N
1498,1958,2026-03-05,personal,7950.0,60,consumo,757,19.37,aprobada,\N
1499,1960,2025-11-23,personal,12757.33,24,reforma,573,47.83,rechazada,score_crediticio_bajo
1500,1961,2023-06-11,personal,16411.68,60,reforma,720,33.54,aprobada,\N
1501,1962,2024-05-05,vehiculo,12614.67,48,consumo,644,31.64,rechazada,ingresos_insuficientes
1502,1962,2025-03-10,hipotecario,256433.86,300,consumo,607,68.53,rechazada,score_crediticio_bajo
1503,1964,2024-09-29,personal,16276.31,36,reforma,735,31.3,aprobada,\N
1504,1965,2025-04-20,vehiculo,32994.84,84,vehiculo,649,28.35,aprobada,\N
1505,1966,2025-09-24,vehiculo,22233.23,60,liquidez,706,23.9,aprobada,\N
1506,1969,2025-06-13,personal,17038.48,12,consumo,784,28.85,aprobada,\N
1507,1970,2024-08-01,personal,8949.43,24,liquidez,789,36.26,aprobada,\N
1508,1971,2026-02-01,personal,10025.05,24,consumo,721,26.11,aprobada,\N
1509,1973,2026-06-05,personal,10178.23,36,vehiculo,751,28.7,aprobada,\N
1510,1973,2026-06-01,personal,29524.59,60,reforma,745,37.15,aprobada,\N
1511,1973,2026-04-30,hipotecario,118119.2,240,consumo,733,11.11,rechazada,criterios_riesgo
1512,1979,2025-08-28,vehiculo,22588.57,72,liquidez,836,36.38,aprobada,\N
1513,1980,2026-03-10,personal,4057.27,12,consumo,712,41.49,aprobada,\N
1514,1982,2024-06-12,vehiculo,13167.49,48,liquidez,623,54.21,aprobada,\N
1515,1982,2026-02-01,hipotecario,175004.03,300,liquidez,706,19.61,rechazada,criterios_riesgo
1516,1986,2023-08-01,personal,14364.42,36,vehiculo,674,46.7,aprobada,\N
1517,1989,2023-04-23,hipotecario,238092.81,180,vehiculo,661,42.16,aprobada,\N
1518,1991,2025-02-14,personal,26638.51,12,vivienda,697,16.13,aprobada,\N
1519,1995,2024-10-14,personal,28340.19,24,liquidez,644,27.55,rechazada,ingresos_insuficientes
1520,1996,2023-12-04,personal,18446.47,36,vivienda,706,51.87,aprobada,\N
1521,1998,2023-07-30,personal,29501.48,48,vivienda,669,39.55,aprobada,\N
1522,1998,2026-06-15,personal,23954.13,48,vehiculo,706,21.99,aprobada,\N
1523,1999,2025-03-24,vehiculo,17079.0,36,consumo,880,18.02,aprobada,\N
1524,2000,2026-04-19,personal,11008.63,12,vivienda,773,27.28,aprobada,\N
1525,2001,2024-04-08,hipotecario,73841.28,180,reforma,760,20.12,rechazada,criterios_riesgo
1526,2001,2023-12-06,personal,10025.27,48,liquidez,767,22.94,aprobada,\N
1527,2002,2024-05-11,vehiculo,15992.78,60,liquidez,740,17.22,aprobada,\N
1528,2003,2026-06-29,hipotecario,199586.13,300,vehiculo,705,55.45,rechazada,endeudamiento_elevado
1529,2003,2023-03-17,personal,11021.86,60,consumo,773,35.47,aprobada,\N
1530,2007,2026-02-09,personal,26167.43,36,consumo,742,21.97,aprobada,\N
1531,2009,2026-05-16,vehiculo,36552.78,84,liquidez,796,20.49,aprobada,\N
1532,2010,2024-10-09,vehiculo,31112.0,36,vivienda,720,37.73,aprobada,\N
1533,2011,2025-01-12,personal,27297.52,24,vivienda,677,32.68,aprobada,\N
1534,2013,2025-01-28,personal,23096.12,24,liquidez,697,37.1,aprobada,\N
1535,2013,2023-05-09,personal,21019.5,36,consumo,734,34.92,aprobada,\N
1536,2014,2025-07-29,personal,4664.0,12,vehiculo,766,24.86,aprobada,\N
1537,2014,2025-09-28,personal,2238.15,24,vehiculo,743,17.31,aprobada,\N
1538,2015,2026-04-14,vehiculo,28759.61,36,liquidez,747,29.69,aprobada,\N
1539,2016,2025-01-30,vehiculo,31508.7,60,vivienda,711,28.57,aprobada,\N
1540,2017,2025-05-17,vehiculo,19077.47,72,liquidez,573,67.33,rechazada,score_crediticio_bajo
1541,2017,2025-09-29,personal,29717.32,36,vehiculo,671,19.75,aprobada,\N
1542,2018,2026-05-18,personal,18636.95,36,vivienda,761,36.21,aprobada,\N
1543,2019,2026-06-21,personal,1842.12,60,consumo,755,20.98,aprobada,\N
1544,2020,2023-07-28,vehiculo,14554.4,72,reforma,684,17.28,aprobada,\N
1545,2021,2023-01-13,personal,18913.49,12,consumo,776,23.78,aprobada,\N
1546,2021,2026-02-04,vehiculo,20845.42,84,reforma,767,13.84,aprobada,\N
1547,2021,2025-06-17,personal,10946.41,48,vivienda,731,52.02,aprobada,\N
1548,2023,2024-03-20,hipotecario,104652.28,240,vehiculo,745,25.06,aprobada,\N
1549,2023,2026-06-13,hipotecario,172907.21,360,liquidez,723,17.57,aprobada,\N
1550,2024,2026-05-15,hipotecario,194599.38,180,reforma,632,20.85,aprobada,\N
1551,2025,2025-08-05,personal,15314.37,60,reforma,726,4.08,aprobada,\N
1552,2027,2023-05-09,personal,29435.49,24,vehiculo,727,38.53,aprobada,\N
1553,2028,2023-10-14,hipotecario,107013.48,300,consumo,641,25.57,aprobada,\N
1554,2028,2026-03-19,hipotecario,180383.04,240,consumo,615,44.75,aprobada,\N
1555,2029,2025-12-21,personal,2330.51,48,liquidez,441,95,rechazada,score_crediticio_bajo
1556,2033,2024-11-26,personal,15056.27,48,vivienda,856,29.35,aprobada,\N
1557,2033,2025-12-13,vehiculo,18792.4,84,reforma,779,39.02,aprobada,\N
1558,2034,2026-06-16,personal,10798.03,60,vehiculo,721,28.05,aprobada,\N
1559,2034,2026-06-18,personal,8948.24,36,vehiculo,737,25.87,aprobada,\N
1560,2037,2025-11-19,vehiculo,18091.14,48,vivienda,697,19.15,aprobada,\N
1561,2039,2026-04-12,hipotecario,87111.57,240,reforma,761,18.87,aprobada,\N
1562,2042,2023-05-27,personal,11171.4,24,reforma,658,44.0,aprobada,\N
1563,2043,2026-03-28,vehiculo,18796.49,72,vivienda,678,33.23,aprobada,\N
1564,2044,2026-03-01,vehiculo,14971.17,84,consumo,610,20.95,aprobada,\N
1565,2045,2025-01-01,personal,28966.1,36,vehiculo,620,55.95,rechazada,endeudamiento_elevado
1566,2045,2024-07-12,vehiculo,24942.51,84,reforma,646,25.39,aprobada,\N
1567,2046,2023-06-02,vehiculo,36168.72,36,vivienda,716,40.03,aprobada,\N
1568,2048,2023-03-18,personal,22551.98,48,vivienda,746,35.1,aprobada,\N
1569,2048,2025-06-26,vehiculo,41875.85,72,vehiculo,742,30.25,aprobada,\N
1570,2049,2025-11-24,personal,16439.64,24,vehiculo,708,52.23,aprobada,\N
1571,2050,2026-05-11,vehiculo,23496.65,60,consumo,807,27.64,aprobada,\N
1572,2051,2024-12-20,personal,19852.39,12,liquidez,750,7.39,aprobada,\N
1573,2052,2026-01-05,personal,19044.22,24,consumo,780,9.12,aprobada,\N
1574,2053,2024-07-29,personal,11597.98,24,vivienda,757,13.53,aprobada,\N
1575,2054,2025-05-18,vehiculo,12419.81,36,vivienda,684,36.96,aprobada,\N
1576,2057,2024-03-26,personal,9138.07,24,vehiculo,647,7.29,aprobada,\N
1577,2058,2023-08-07,personal,14344.26,36,vivienda,722,17.08,aprobada,\N
1578,2058,2023-09-20,hipotecario,89246.77,240,reforma,743,30.35,aprobada,\N
1579,2058,2023-02-08,personal,13302.31,60,reforma,748,26.67,aprobada,\N
1580,2060,2024-04-05,personal,4912.51,24,consumo,347,95,rechazada,score_crediticio_bajo
1581,2061,2023-10-09,personal,6702.68,36,reforma,730,13.75,aprobada,\N
1582,2063,2026-04-28,personal,20143.91,60,consumo,464,35.86,rechazada,score_crediticio_bajo
1583,2066,2024-04-15,hipotecario,256660.27,360,vivienda,721,52.57,aprobada,\N
1584,2067,2023-11-13,personal,22838.92,36,vehiculo,718,47.05,aprobada,\N
1585,2069,2026-04-01,hipotecario,128885.97,360,consumo,655,13.61,aprobada,\N
1586,2070,2026-04-14,personal,8077.6,48,vivienda,599,41.99,rechazada,score_crediticio_bajo
1587,2073,2026-06-13,vehiculo,22830.3,72,vivienda,704,18.46,aprobada,\N
1588,2074,2026-04-15,hipotecario,314473.96,180,liquidez,504,95,rechazada,score_crediticio_bajo
1589,2075,2026-06-17,personal,11971.85,60,vivienda,594,67.23,rechazada,score_crediticio_bajo
1590,2077,2025-11-08,personal,7776.29,60,vivienda,715,34.14,aprobada,\N
1591,2078,2026-01-10,personal,10862.85,12,reforma,867,29.69,aprobada,\N
1592,2078,2025-07-25,personal,23510.39,48,liquidez,809,33.89,aprobada,\N
1593,2080,2025-09-09,personal,23755.03,24,consumo,595,51.5,rechazada,score_crediticio_bajo
1594,2081,2025-02-09,personal,21831.64,36,consumo,710,26.95,aprobada,\N
1595,2083,2026-06-03,hipotecario,192096.51,240,liquidez,579,64.65,rechazada,score_crediticio_bajo
1596,2083,2026-06-09,personal,23961.16,12,liquidez,599,35.82,rechazada,score_crediticio_bajo
1597,2087,2026-04-04,personal,5798.19,36,reforma,476,48.78,rechazada,score_crediticio_bajo
1598,2087,2026-05-09,personal,13595.79,36,consumo,473,50.04,rechazada,score_crediticio_bajo
1599,2088,2025-09-21,personal,7256.29,24,liquidez,673,28.69,aprobada,\N
1600,2090,2024-08-31,personal,17037.93,36,liquidez,809,20.55,aprobada,\N
1601,2092,2026-06-14,personal,10832.78,48,liquidez,657,7.86,aprobada,\N
1602,2092,2025-04-25,personal,16866.93,24,vivienda,694,13.89,aprobada,\N
1603,2093,2023-09-18,personal,15619.32,24,liquidez,564,57.49,rechazada,score_crediticio_bajo
1604,2095,2026-06-25,personal,4044.93,24,vehiculo,787,22.08,aprobada,\N
1605,2095,2026-06-25,personal,14892.87,24,reforma,780,50.29,aprobada,\N
1606,2096,2023-11-29,personal,3413.68,24,liquidez,721,35.32,aprobada,\N
1607,2097,2024-08-20,personal,20135.78,48,liquidez,703,59.14,rechazada,endeudamiento_elevado
1608,2099,2024-10-01,personal,11073.55,36,consumo,786,32.78,aprobada,\N
1609,2101,2025-11-17,personal,19085.86,36,vivienda,770,14.85,aprobada,\N
1610,2101,2026-06-05,personal,8319.66,36,vehiculo,811,21.19,aprobada,\N
1611,2104,2025-12-16,personal,4744.57,24,reforma,746,32.47,aprobada,\N
1612,2104,2023-05-26,vehiculo,41777.65,72,vivienda,763,29.34,aprobada,\N
1613,2105,2026-05-05,vehiculo,23825.75,48,liquidez,770,33.21,aprobada,\N
1614,2106,2025-10-30,personal,22427.25,36,vivienda,753,22.66,aprobada,\N
1615,2106,2023-03-28,personal,26919.18,48,vehiculo,783,45.14,aprobada,\N
1616,2107,2023-03-12,personal,25112.99,60,consumo,754,16.72,aprobada,\N
1617,2107,2024-03-23,personal,2443.5,48,vivienda,786,32.02,aprobada,\N
1618,2109,2026-05-23,personal,27207.09,36,reforma,712,23.86,aprobada,\N
1619,2111,2023-11-27,personal,13572.4,60,vivienda,714,16.71,aprobada,\N
1620,2114,2025-11-22,personal,7849.54,12,consumo,731,27.78,aprobada,\N
1621,2114,2025-10-19,vehiculo,26405.17,36,consumo,739,14.38,aprobada,\N
1622,2119,2026-05-23,personal,15452.94,12,reforma,819,29.03,aprobada,\N
1623,2119,2026-01-23,personal,10815.91,60,vivienda,868,17.99,aprobada,\N
1624,2120,2025-08-29,personal,10775.81,12,liquidez,680,17.22,aprobada,\N
1625,2126,2025-05-18,personal,19944.78,24,consumo,864,13.35,aprobada,\N
1626,2126,2025-10-05,personal,28518.27,12,vivienda,785,36.86,aprobada,\N
1627,2126,2026-06-06,vehiculo,21495.56,60,reforma,795,0,aprobada,\N
1628,2129,2025-11-20,vehiculo,16433.67,60,reforma,736,1.69,aprobada,\N
1629,2131,2024-05-16,personal,19933.89,48,consumo,674,28.15,aprobada,\N
1630,2132,2023-09-06,personal,10624.06,12,liquidez,781,4.27,aprobada,\N
1631,2134,2024-03-15,personal,22464.34,12,vivienda,734,40.62,aprobada,\N
1632,2134,2024-03-16,personal,20092.15,24,vivienda,754,30.74,aprobada,\N
1633,2136,2025-07-06,hipotecario,251131.17,300,vivienda,736,17.35,aprobada,\N
1634,2138,2026-06-28,personal,9028.07,60,reforma,536,56.13,rechazada,score_crediticio_bajo
1635,2139,2024-10-20,personal,14274.47,36,liquidez,687,10.22,aprobada,\N
1636,2140,2026-06-10,personal,14496.96,24,vehiculo,725,11.25,aprobada,\N
1637,2142,2023-03-03,vehiculo,11166.29,84,reforma,741,23.21,aprobada,\N
1638,2143,2023-01-13,personal,21331.22,36,vivienda,769,26.97,aprobada,\N
1639,2146,2023-12-05,personal,19388.76,12,liquidez,663,15.97,aprobada,\N
1640,2147,2023-12-24,personal,24592.7,36,consumo,749,41.14,aprobada,\N
1641,2148,2026-06-09,personal,10511.98,60,vehiculo,782,33.49,aprobada,\N
1642,2149,2025-05-11,vehiculo,39730.42,84,reforma,680,29.14,aprobada,\N
1643,2150,2026-01-03,vehiculo,12039.65,72,vehiculo,718,49.02,aprobada,\N
1644,2150,2026-03-02,personal,29280.73,36,liquidez,741,37.94,aprobada,\N
1645,2151,2024-04-04,hipotecario,187521.2,360,vivienda,763,53.7,aprobada,\N
1646,2152,2026-01-22,hipotecario,305929.66,240,vivienda,655,54.53,rechazada,criterios_riesgo
1647,2153,2024-02-28,personal,18940.42,60,reforma,511,35.44,rechazada,score_crediticio_bajo
1648,2156,2024-04-12,personal,2653.72,60,reforma,686,49.92,aprobada,\N
1649,2157,2026-05-08,vehiculo,34461.56,84,consumo,670,4.82,aprobada,\N
1650,2157,2026-06-09,personal,9317.4,60,vehiculo,639,9.82,aprobada,\N
1651,2160,2026-04-18,personal,4702.53,60,liquidez,717,61.12,rechazada,endeudamiento_elevado
1652,2162,2025-09-22,personal,26230.63,24,liquidez,525,27.8,rechazada,score_crediticio_bajo
1653,2162,2025-12-28,personal,12997.56,48,liquidez,518,44.71,rechazada,score_crediticio_bajo
1654,2165,2025-02-28,vehiculo,34244.49,60,vivienda,461,45.61,rechazada,score_crediticio_bajo
1655,2170,2024-11-17,hipotecario,280294.01,240,vehiculo,709,7.93,aprobada,\N
1656,2170,2023-07-24,hipotecario,247190.91,360,vivienda,702,42.65,aprobada,\N
1657,2170,2023-05-09,personal,12442.3,60,reforma,720,28.47,aprobada,\N
1658,2171,2025-06-09,hipotecario,159011.45,240,vivienda,769,18.38,aprobada,\N
1659,2173,2024-10-30,hipotecario,212861.96,360,reforma,562,95,rechazada,score_crediticio_bajo
1660,2175,2025-04-13,vehiculo,12282.26,60,reforma,806,4.04,aprobada,\N
1661,2178,2026-04-28,vehiculo,20485.03,36,reforma,781,7.56,aprobada,\N
1662,2179,2024-11-09,hipotecario,253289.61,180,consumo,564,44.33,rechazada,score_crediticio_bajo
1663,2179,2024-12-09,hipotecario,258734.12,360,reforma,604,59.0,rechazada,score_crediticio_bajo
1664,2179,2023-08-28,hipotecario,95705.84,360,reforma,598,47.69,rechazada,score_crediticio_bajo
1665,2180,2026-03-31,personal,5664.38,36,vivienda,611,23.69,rechazada,ingresos_insuficientes
1666,2180,2025-11-14,hipotecario,155594.34,240,liquidez,547,95,rechazada,score_crediticio_bajo
1667,2181,2024-01-19,vehiculo,22371.45,48,vehiculo,840,25.12,aprobada,\N
1668,2184,2025-03-22,vehiculo,41340.15,48,vehiculo,650,37.8,aprobada,\N
1669,2184,2026-05-12,vehiculo,34376.09,60,consumo,617,37.14,aprobada,\N
1670,2185,2023-05-27,personal,11302.12,36,vehiculo,624,6.84,aprobada,\N
1671,2186,2026-04-30,personal,13686.03,48,reforma,499,60.0,rechazada,score_crediticio_bajo
1672,2187,2024-02-07,personal,8886.18,24,consumo,668,44.44,aprobada,\N
1673,2187,2023-02-07,personal,10086.25,24,vivienda,671,22.71,aprobada,\N
1674,2188,2024-04-03,personal,12274.9,12,vehiculo,752,13.85,aprobada,\N
1675,2189,2026-01-29,personal,12372.83,12,vehiculo,641,60.06,rechazada,endeudamiento_elevado
1676,2190,2026-01-04,hipotecario,87373.6,180,reforma,593,44.5,rechazada,score_crediticio_bajo
1677,2191,2026-06-14,personal,10751.66,36,vehiculo,698,43.4,aprobada,\N
1678,2192,2026-06-01,personal,21784.07,36,liquidez,637,36.55,aprobada,\N
1679,2193,2023-08-29,hipotecario,186025.84,240,consumo,768,59.26,rechazada,endeudamiento_elevado
1680,2197,2026-04-19,vehiculo,15417.26,48,consumo,696,30.82,aprobada,\N
1681,2198,2025-02-17,personal,15545.65,12,vehiculo,758,37.11,aprobada,\N
1682,2198,2024-01-14,personal,4375.98,48,reforma,731,13.89,aprobada,\N
1683,2199,2025-03-12,vehiculo,20476.86,48,consumo,739,28.68,aprobada,\N
1684,2202,2026-05-30,personal,11327.33,24,reforma,762,13.77,aprobada,\N
1685,2205,2024-01-12,personal,12260.47,24,vivienda,645,40.96,aprobada,\N
1686,2205,2026-03-29,vehiculo,27855.25,48,vivienda,650,13.07,aprobada,\N
1687,2206,2026-02-19,vehiculo,44029.34,72,consumo,754,39.62,aprobada,\N
1688,2210,2026-05-19,vehiculo,44807.16,84,vehiculo,639,54.92,aprobada,\N
1689,2211,2025-03-14,vehiculo,33618.69,72,vivienda,734,44.96,aprobada,\N
1690,2211,2023-05-07,personal,14297.86,12,liquidez,743,23.7,aprobada,\N
1691,2213,2025-07-19,vehiculo,9171.2,36,vehiculo,670,24.87,aprobada,\N
1692,2215,2026-06-24,hipotecario,136453.29,240,vivienda,796,69.13,rechazada,endeudamiento_elevado
1693,2218,2026-06-29,vehiculo,42064.89,36,liquidez,838,38.34,aprobada,\N
1694,2220,2025-05-01,vehiculo,24644.57,60,consumo,641,44.99,aprobada,\N
1695,2222,2026-05-20,personal,7435.01,48,liquidez,693,17.4,aprobada,\N
1696,2222,2026-06-26,hipotecario,265879.15,240,vehiculo,642,64.67,rechazada,endeudamiento_elevado
1697,2224,2025-07-17,personal,8810.73,12,reforma,751,24.25,aprobada,\N
1698,2224,2026-04-28,hipotecario,130208.58,240,liquidez,702,63.65,rechazada,endeudamiento_elevado
1699,2225,2024-04-10,personal,6500.4,24,liquidez,743,20.96,aprobada,\N
1700,2228,2026-01-07,personal,24813.57,24,vehiculo,752,14.27,aprobada,\N
1701,2228,2024-09-21,hipotecario,138196.27,240,vivienda,774,42.27,rechazada,criterios_riesgo
1702,2228,2023-01-13,personal,22834.96,24,vehiculo,722,14.03,aprobada,\N
1703,2231,2023-01-10,personal,21599.04,24,reforma,729,39.47,aprobada,\N
1704,2233,2025-12-25,vehiculo,29244.76,72,vehiculo,684,15.98,aprobada,\N
1705,2233,2026-06-14,vehiculo,29191.2,36,consumo,703,31.47,aprobada,\N
1706,2233,2026-05-13,personal,8369.41,48,liquidez,705,16.24,aprobada,\N
1707,2235,2024-11-27,hipotecario,193158.86,240,vivienda,750,24.73,aprobada,\N
1708,2235,2024-12-19,hipotecario,264939.43,360,vehiculo,686,50.9,aprobada,\N
1709,2236,2023-07-03,personal,5895.03,48,reforma,622,33.89,rechazada,ingresos_insuficientes
1710,2237,2023-12-05,vehiculo,42912.64,84,vivienda,711,20.3,aprobada,\N
1711,2238,2026-03-12,vehiculo,13859.34,84,liquidez,799,21.99,aprobada,\N
1712,2239,2026-03-08,personal,26629.34,48,reforma,713,31.95,aprobada,\N
1713,2239,2025-04-17,hipotecario,307197.82,180,liquidez,655,52.68,aprobada,\N
1714,2240,2025-09-16,personal,3547.23,48,consumo,716,28.25,aprobada,\N
1715,2244,2026-06-24,vehiculo,39202.69,72,liquidez,680,16.64,aprobada,\N
1716,2245,2025-10-30,personal,1773.73,60,vivienda,910,21.85,aprobada,\N
1717,2245,2026-01-04,personal,19775.47,24,consumo,846,19.4,aprobada,\N
1718,2246,2024-07-27,hipotecario,245034.52,240,consumo,660,31.52,aprobada,\N
1719,2247,2025-06-26,personal,24358.62,60,consumo,737,25.38,aprobada,\N
1720,2249,2026-03-27,personal,14154.98,12,vivienda,775,32.99,aprobada,\N
1721,2253,2025-09-01,personal,7947.76,48,reforma,772,15.16,aprobada,\N
1722,2254,2024-03-26,personal,6044.36,12,consumo,631,45.81,aprobada,\N
1723,2255,2025-07-09,vehiculo,29137.1,48,vehiculo,732,41.34,aprobada,\N
1724,2256,2025-10-13,vehiculo,33524.34,36,vivienda,719,37.83,aprobada,\N
1725,2256,2025-10-03,personal,8094.5,24,vivienda,726,42.51,aprobada,\N
1726,2258,2025-02-06,personal,4738.24,48,consumo,736,47.24,aprobada,\N
1727,2258,2025-09-16,personal,15271.68,36,reforma,727,29.45,aprobada,\N
1728,2259,2025-09-08,personal,2052.82,12,reforma,601,36.15,rechazada,score_crediticio_bajo
1729,2261,2023-11-12,hipotecario,170945.35,180,liquidez,646,36.49,rechazada,criterios_riesgo
1730,2262,2025-10-19,vehiculo,9396.96,36,consumo,692,62.31,rechazada,endeudamiento_elevado
1731,2262,2025-09-22,vehiculo,26817.93,48,vehiculo,759,3.65,aprobada,\N
1732,2264,2025-08-10,personal,9608.0,36,consumo,730,44.28,aprobada,\N
1733,2265,2025-12-30,vehiculo,18951.21,84,liquidez,648,8.69,aprobada,\N
1734,2266,2024-10-28,personal,24524.91,60,reforma,647,34.62,rechazada,ingresos_insuficientes
1735,2267,2024-10-01,personal,24702.7,36,vehiculo,643,29.75,aprobada,\N
1736,2267,2025-01-21,personal,20829.68,24,liquidez,685,0,aprobada,\N
1737,2268,2023-03-14,personal,22851.11,48,reforma,711,39.14,aprobada,\N
1738,2273,2026-04-28,vehiculo,44090.43,36,liquidez,663,11.3,aprobada,\N
1739,2274,2025-10-22,personal,28504.76,60,reforma,506,61.51,rechazada,score_crediticio_bajo
1740,2276,2023-12-18,hipotecario,177690.16,240,consumo,702,20.95,rechazada,criterios_riesgo
1741,2276,2023-09-01,personal,25522.34,12,vivienda,634,28.39,aprobada,\N
1742,2277,2025-04-04,personal,29516.35,48,consumo,595,8.7,rechazada,score_crediticio_bajo
1743,2278,2023-10-14,personal,3651.38,48,liquidez,621,36.13,rechazada,ingresos_insuficientes
1744,2280,2023-01-25,personal,24698.4,36,consumo,637,15.75,aprobada,\N
1745,2281,2025-06-29,personal,11017.41,24,vivienda,557,48.43,rechazada,score_crediticio_bajo
1746,2282,2023-02-17,vehiculo,17068.73,48,vehiculo,656,0.7,rechazada,ingresos_insuficientes
1747,2283,2023-06-12,vehiculo,16159.55,84,liquidez,614,30.22,rechazada,ingresos_insuficientes
1748,2286,2025-12-25,vehiculo,43843.48,72,consumo,806,15.78,aprobada,\N
1749,2287,2025-10-02,personal,24052.43,60,vehiculo,606,60.43,rechazada,score_crediticio_bajo
1750,2287,2025-08-12,personal,18800.15,60,consumo,660,31.82,aprobada,\N
1751,2288,2025-01-25,personal,13549.61,36,liquidez,714,22.27,aprobada,\N
1752,2288,2023-11-21,personal,3939.0,48,vivienda,720,39.0,aprobada,\N
1753,2288,2024-08-25,personal,4233.42,60,consumo,740,6.66,aprobada,\N
1754,2292,2025-09-10,hipotecario,273140.5,300,liquidez,711,44.49,rechazada,criterios_riesgo
1755,2293,2023-04-27,personal,21900.28,48,consumo,738,37.93,aprobada,\N
1756,2299,2024-12-27,personal,6456.58,48,liquidez,669,44.81,aprobada,\N
1757,2300,2026-06-22,vehiculo,43037.79,72,vehiculo,750,24.67,aprobada,\N
1758,2302,2023-01-31,personal,25862.32,36,liquidez,699,32.87,aprobada,\N
1759,2303,2026-05-13,vehiculo,29830.26,48,vehiculo,660,10.6,aprobada,\N
1760,2306,2024-04-30,personal,27089.12,60,vehiculo,785,21.06,aprobada,\N
1761,2307,2025-04-17,personal,21876.06,12,vehiculo,701,29.51,aprobada,\N
1762,2309,2025-09-30,personal,8392.84,48,liquidez,594,25.86,rechazada,score_crediticio_bajo
1763,2310,2025-05-14,vehiculo,40160.62,60,consumo,731,18.73,aprobada,\N
1764,2311,2023-03-16,personal,12823.38,60,reforma,557,49.87,rechazada,score_crediticio_bajo
1765,2312,2023-12-28,vehiculo,17486.51,48,vivienda,863,28.68,aprobada,\N
1766,2313,2024-03-01,personal,19845.61,60,reforma,756,37.2,aprobada,\N
1767,2313,2023-04-15,personal,2903.49,12,vivienda,744,32.24,aprobada,\N
1768,2315,2026-05-07,vehiculo,35408.42,60,reforma,588,31.29,rechazada,score_crediticio_bajo
1769,2316,2026-02-09,personal,21699.69,24,reforma,724,38.94,aprobada,\N
1770,2317,2025-01-19,personal,7514.15,12,liquidez,663,26.99,aprobada,\N
1771,2318,2025-09-24,hipotecario,242965.33,180,consumo,774,33.56,rechazada,criterios_riesgo
1772,2319,2023-11-29,personal,9585.69,60,consumo,747,21.06,aprobada,\N
1773,2320,2025-03-17,personal,12281.2,36,vehiculo,703,30.7,aprobada,\N
1774,2321,2026-01-09,personal,28823.07,60,vehiculo,751,11.54,aprobada,\N
1775,2324,2026-02-22,personal,2689.65,36,reforma,775,19.33,aprobada,\N
1776,2324,2024-06-29,personal,3695.23,60,consumo,863,27.08,aprobada,\N
1777,2325,2025-01-16,personal,10913.67,24,liquidez,639,30.26,rechazada,ingresos_insuficientes
1778,2325,2025-01-26,vehiculo,29589.61,48,liquidez,601,37.26,rechazada,score_crediticio_bajo
1779,2326,2025-04-21,personal,9390.33,24,vivienda,681,8.04,aprobada,\N
1780,2326,2024-05-31,personal,26218.04,36,vehiculo,701,48.87,aprobada,\N
1781,2327,2024-12-07,personal,7724.26,12,vivienda,684,24.16,rechazada,ingresos_insuficientes
1782,2328,2025-11-06,hipotecario,169799.08,360,vivienda,687,33.27,rechazada,criterios_riesgo
1783,2329,2024-08-11,hipotecario,80931.18,240,reforma,728,28.7,aprobada,\N
1784,2334,2024-03-25,personal,12523.26,24,vehiculo,535,30.2,rechazada,score_crediticio_bajo
1785,2334,2026-02-01,personal,29782.96,24,liquidez,562,43.31,rechazada,score_crediticio_bajo
1786,2335,2025-06-06,personal,13356.36,36,reforma,695,44.42,aprobada,\N
1787,2340,2024-07-03,personal,4825.0,48,liquidez,703,42.92,aprobada,\N
1788,2343,2023-04-16,personal,2639.92,48,reforma,742,31.35,aprobada,\N
1789,2344,2024-08-19,hipotecario,304809.34,360,consumo,646,56.64,rechazada,endeudamiento_elevado
1790,2345,2023-09-26,personal,10160.33,12,liquidez,759,22.31,aprobada,\N
1791,2346,2024-01-12,personal,1537.67,36,vehiculo,716,39.35,aprobada,\N
1792,2346,2023-03-17,personal,12948.74,24,consumo,668,38.98,aprobada,\N
1793,2347,2023-06-03,personal,10552.13,24,liquidez,679,31.89,aprobada,\N
1794,2348,2024-06-29,vehiculo,44063.46,36,consumo,774,39.33,aprobada,\N
1795,2350,2025-09-20,hipotecario,255702.13,300,consumo,806,33.54,rechazada,criterios_riesgo
1796,2351,2024-09-30,vehiculo,21648.15,48,consumo,778,22.78,aprobada,\N
1797,2353,2024-04-02,personal,18806.39,36,reforma,791,0,aprobada,\N
1798,2353,2024-09-30,personal,8935.12,48,reforma,748,37.16,aprobada,\N
1799,2353,2025-05-12,personal,17457.42,48,vivienda,698,16.17,aprobada,\N
1800,2356,2024-03-06,personal,22308.17,24,liquidez,611,42.86,aprobada,\N
1801,2357,2025-06-21,vehiculo,35142.58,48,vehiculo,774,35.36,aprobada,\N
1802,2357,2025-03-18,personal,11480.57,48,liquidez,750,11.34,aprobada,\N
1803,2358,2025-09-30,personal,2217.87,24,vivienda,798,30.93,aprobada,\N
1804,2360,2024-06-13,personal,19323.91,60,vehiculo,746,9.22,aprobada,\N
1805,2362,2025-07-08,hipotecario,97622.81,240,liquidez,792,33.06,aprobada,\N
1806,2363,2023-08-10,personal,12230.34,24,liquidez,634,39.14,aprobada,\N
1807,2363,2024-09-21,vehiculo,22405.58,60,vivienda,641,15.26,aprobada,\N
1808,2367,2026-05-16,vehiculo,13584.39,84,reforma,713,35.34,aprobada,\N
1809,2368,2026-01-02,hipotecario,244026.39,180,reforma,714,41.49,aprobada,\N
1810,2368,2026-06-12,personal,6369.88,48,vivienda,776,26.64,aprobada,\N
1811,2369,2024-05-30,personal,11072.19,12,vehiculo,779,15.67,aprobada,\N
1812,2370,2023-06-18,vehiculo,41055.64,60,consumo,742,40.9,aprobada,\N
1813,2370,2023-09-12,vehiculo,19378.35,72,consumo,711,13.65,aprobada,\N
1814,2373,2025-07-11,vehiculo,35538.73,60,consumo,752,21.5,aprobada,\N
1815,2374,2024-06-20,vehiculo,25154.07,84,vivienda,788,20.89,aprobada,\N
1816,2374,2026-05-25,personal,24319.01,12,vivienda,742,36.2,aprobada,\N
1817,2377,2025-05-24,personal,17135.85,60,vehiculo,767,31.85,aprobada,\N
1818,2377,2024-02-01,hipotecario,256668.04,240,reforma,695,45.66,rechazada,criterios_riesgo
1819,2380,2024-10-15,vehiculo,33085.75,84,reforma,753,42.41,aprobada,\N
1820,2382,2026-02-04,vehiculo,25742.82,72,consumo,706,37.59,aprobada,\N
1821,2385,2025-04-11,vehiculo,27721.18,36,reforma,592,45.23,rechazada,score_crediticio_bajo
1822,2386,2026-03-09,personal,20265.78,12,liquidez,583,36.2,rechazada,score_crediticio_bajo
1823,2389,2024-05-18,personal,5616.15,60,vivienda,630,55.29,rechazada,endeudamiento_elevado
1824,2389,2024-11-19,personal,11265.23,12,vivienda,617,39.49,rechazada,ingresos_insuficientes
1825,2391,2025-07-28,vehiculo,36898.43,84,vehiculo,635,47.79,aprobada,\N
1826,2391,2023-01-10,personal,11271.72,12,vivienda,743,33.18,aprobada,\N
1827,2392,2026-04-08,personal,23506.95,48,consumo,654,36.43,aprobada,\N
1828,2393,2023-06-28,personal,10499.97,12,vivienda,671,28.98,aprobada,\N
1829,2394,2026-06-04,personal,16654.61,36,consumo,700,55.0,rechazada,endeudamiento_elevado
1830,2396,2023-05-17,vehiculo,39209.27,84,vivienda,620,51.49,aprobada,\N
1831,2396,2026-01-08,vehiculo,25603.31,60,vehiculo,670,16.85,aprobada,\N
1832,2398,2024-05-26,hipotecario,152629.48,180,vivienda,822,32.07,aprobada,\N
1833,2399,2026-01-11,personal,10415.88,12,liquidez,665,43.05,aprobada,\N
1834,2400,2024-09-19,personal,21910.55,36,vivienda,702,27.57,aprobada,\N
1835,2401,2024-08-29,vehiculo,17669.67,84,vehiculo,690,7.65,aprobada,\N
1836,2401,2023-07-21,hipotecario,99276.96,300,consumo,701,34.09,aprobada,\N
1837,2404,2025-01-18,vehiculo,25145.51,84,vivienda,735,41.69,aprobada,\N
1838,2405,2025-12-04,hipotecario,119590.02,300,reforma,749,29.35,aprobada,\N
1839,2407,2025-04-09,vehiculo,8056.85,84,vehiculo,627,42.91,aprobada,\N
1840,2408,2024-01-10,personal,23112.38,12,vivienda,667,50.43,aprobada,\N
1841,2408,2023-05-07,vehiculo,13820.03,36,reforma,664,23.47,aprobada,\N
1842,2411,2023-09-07,personal,13711.88,36,consumo,734,32.39,aprobada,\N
1843,2411,2024-05-02,personal,23304.33,12,reforma,745,6.52,aprobada,\N
1844,2415,2023-10-04,hipotecario,218290.52,300,vivienda,731,32.37,rechazada,criterios_riesgo
1845,2418,2025-12-25,hipotecario,77557.26,300,vehiculo,550,46.26,rechazada,score_crediticio_bajo
1846,2418,2026-05-20,personal,25207.83,12,vivienda,561,40.31,rechazada,score_crediticio_bajo
1847,2421,2024-08-31,personal,4213.87,36,consumo,730,19.01,aprobada,\N
1848,2423,2024-05-21,personal,25695.67,24,reforma,745,17.79,aprobada,\N
1849,2424,2024-05-30,vehiculo,18381.32,36,reforma,645,37.55,aprobada,\N
1850,2425,2023-01-24,vehiculo,19905.35,60,vehiculo,617,35.03,aprobada,\N
1851,2425,2025-04-19,hipotecario,236358.31,360,vivienda,703,32.42,aprobada,\N
1852,2427,2026-06-30,vehiculo,8937.25,48,reforma,594,35.39,rechazada,score_crediticio_bajo
1853,2429,2025-01-19,personal,22075.6,12,liquidez,645,48.6,aprobada,\N
1854,2432,2025-01-01,personal,16143.09,12,reforma,750,27.73,aprobada,\N
1855,2434,2024-07-17,personal,28517.25,12,vehiculo,718,7.04,aprobada,\N
1856,2435,2024-08-20,vehiculo,10441.89,84,liquidez,766,11.58,aprobada,\N
1857,2436,2026-01-02,personal,9567.56,48,consumo,676,31.79,aprobada,\N
1858,2439,2025-04-24,personal,22901.1,36,vivienda,799,22.3,aprobada,\N
1859,2440,2024-02-26,personal,14047.8,12,reforma,634,14.73,aprobada,\N
1860,2443,2024-06-18,personal,6667.1,36,vivienda,825,11.2,aprobada,\N
1861,2443,2023-03-18,personal,8433.79,24,vivienda,810,43.64,aprobada,\N
1862,2447,2026-06-15,personal,3382.52,12,reforma,720,43.34,aprobada,\N
1863,2450,2025-09-08,personal,13086.45,24,reforma,662,47.5,aprobada,\N
1864,2450,2025-11-28,personal,26944.77,12,vehiculo,661,48.85,aprobada,\N
1865,2453,2024-02-23,vehiculo,24010.57,48,consumo,567,46.93,rechazada,score_crediticio_bajo
1866,2457,2023-11-20,hipotecario,78030.52,300,liquidez,626,12.04,aprobada,\N
1867,2461,2026-06-03,hipotecario,161092.03,180,vivienda,600,45.45,rechazada,score_crediticio_bajo
1868,2464,2025-10-18,personal,2100.35,60,liquidez,702,44.03,rechazada,ingresos_insuficientes
1869,2465,2025-09-17,vehiculo,30982.17,72,consumo,730,29.03,aprobada,\N
1870,2467,2024-01-15,personal,24826.37,36,reforma,692,23.76,aprobada,\N
1871,2468,2025-05-10,personal,28202.09,12,consumo,741,25.11,aprobada,\N
1872,2469,2025-05-18,vehiculo,38660.43,72,consumo,708,23.71,aprobada,\N
1873,2471,2024-03-11,vehiculo,40829.69,60,vehiculo,889,27.06,aprobada,\N
1874,2472,2023-03-02,personal,26353.23,12,vivienda,736,38.18,aprobada,\N
1875,2473,2024-08-12,personal,4519.81,36,vivienda,771,35.25,aprobada,\N
1876,2473,2024-09-02,vehiculo,20765.19,60,vehiculo,683,34.27,aprobada,\N
1877,2475,2025-12-18,personal,25754.95,60,liquidez,723,28.16,aprobada,\N
1878,2476,2026-05-24,vehiculo,38365.76,72,reforma,713,56.32,rechazada,endeudamiento_elevado
1879,2481,2024-08-03,vehiculo,37481.31,36,reforma,661,42.07,aprobada,\N
1880,2482,2025-11-26,hipotecario,188346.82,180,consumo,804,40.27,aprobada,\N
1881,2482,2025-07-04,vehiculo,26275.53,48,vivienda,821,37.89,aprobada,\N
1882,2483,2024-03-20,personal,23404.9,24,consumo,782,58.48,rechazada,endeudamiento_elevado
1883,2484,2025-04-29,personal,28166.22,24,vivienda,654,17.37,aprobada,\N
1884,2486,2025-04-14,vehiculo,9534.36,60,vivienda,623,36.07,aprobada,\N
1885,2486,2023-03-24,personal,16696.49,24,vivienda,602,40.32,rechazada,score_crediticio_bajo
1886,2488,2024-03-09,personal,23335.64,48,vivienda,766,42.01,aprobada,\N
1887,2492,2023-03-19,hipotecario,196557.64,180,vehiculo,659,16.24,aprobada,\N
1888,2495,2023-12-15,vehiculo,8446.1,84,consumo,716,48.76,aprobada,\N
1889,2497,2026-06-11,vehiculo,43987.27,84,vivienda,558,31.74,rechazada,score_crediticio_bajo
1890,2498,2025-12-04,vehiculo,39794.24,48,vehiculo,629,10.93,aprobada,\N
1891,2500,2026-02-18,vehiculo,23945.27,84,vivienda,726,24.35,aprobada,\N
1892,2500,2024-03-24,personal,4052.92,24,vehiculo,746,19.9,aprobada,\N
1893,2501,2026-03-11,personal,26853.54,36,consumo,605,24.45,rechazada,score_crediticio_bajo
1894,2502,2025-10-31,vehiculo,42211.15,60,vivienda,590,57.1,rechazada,score_crediticio_bajo
1895,2504,2024-05-16,vehiculo,16693.01,48,liquidez,764,35.73,aprobada,\N
1896,2504,2023-04-12,personal,12585.78,12,liquidez,773,13.32,aprobada,\N
1897,2504,2024-07-10,hipotecario,212786.69,240,vehiculo,727,66.8,rechazada,endeudamiento_elevado
1898,2505,2024-11-11,personal,13160.41,48,vivienda,754,13.72,aprobada,\N
1899,2508,2025-05-26,personal,11184.48,24,vehiculo,827,44.87,aprobada,\N
1900,2508,2025-06-21,personal,6078.49,12,vivienda,830,3.22,aprobada,\N
1901,2508,2023-10-07,vehiculo,15622.84,84,consumo,840,18.22,aprobada,\N
1902,2510,2026-01-29,personal,17181.28,12,liquidez,596,55.27,rechazada,score_crediticio_bajo
1903,2512,2025-12-06,personal,7731.77,36,reforma,663,37.11,aprobada,\N
1904,2512,2025-06-06,personal,29641.16,36,liquidez,687,24.46,aprobada,\N
1905,2513,2025-10-14,vehiculo,33371.71,36,liquidez,611,23.65,aprobada,\N
1906,2513,2024-10-19,vehiculo,35296.4,48,vivienda,626,31.37,aprobada,\N
1907,2514,2026-02-01,personal,12037.72,48,reforma,698,44.33,aprobada,\N
1908,2517,2024-08-21,vehiculo,18457.15,48,reforma,781,45.36,aprobada,\N
1909,2517,2025-04-11,personal,23375.82,48,vivienda,776,27.68,aprobada,\N
1910,2519,2025-01-15,vehiculo,31276.12,60,reforma,705,14.51,aprobada,\N
1911,2521,2026-01-19,personal,4924.47,24,vehiculo,659,3.02,aprobada,\N
1912,2524,2023-09-21,vehiculo,42778.61,84,vivienda,797,22.54,aprobada,\N
1913,2525,2026-02-28,personal,19573.66,36,vivienda,619,59.51,rechazada,endeudamiento_elevado
1914,2526,2025-12-04,vehiculo,17987.16,60,consumo,752,17.85,aprobada,\N
1915,2526,2024-09-11,personal,12464.32,60,consumo,644,31.4,aprobada,\N
1916,2528,2023-11-21,personal,29196.65,36,vivienda,791,26.54,aprobada,\N
1917,2528,2023-10-28,vehiculo,10866.6,36,reforma,853,22.61,aprobada,\N
1918,2531,2023-05-21,vehiculo,24580.64,48,reforma,645,7.07,aprobada,\N
1919,2532,2026-04-27,vehiculo,8555.99,36,vehiculo,687,26.05,aprobada,\N
1920,2533,2026-05-09,hipotecario,147642.73,300,vivienda,662,49.36,aprobada,\N
1921,2534,2026-04-20,personal,12765.84,48,consumo,786,43.26,aprobada,\N
1922,2536,2026-03-07,vehiculo,21159.42,48,liquidez,793,24.22,aprobada,\N
1923,2538,2024-10-09,personal,6960.04,12,consumo,724,25.99,aprobada,\N
1924,2538,2023-06-02,personal,22554.76,24,reforma,706,6.71,aprobada,\N
1925,2539,2025-10-03,vehiculo,14984.97,72,liquidez,640,26.66,aprobada,\N
1926,2541,2025-07-30,personal,19927.87,24,liquidez,837,18.86,aprobada,\N
1927,2541,2025-08-25,hipotecario,115620.12,300,consumo,803,26.86,aprobada,\N
1928,2541,2025-09-06,personal,18636.42,48,reforma,876,18.68,aprobada,\N
1929,2542,2024-12-04,personal,27520.17,12,reforma,845,39.04,aprobada,\N
1930,2543,2025-01-30,vehiculo,32792.7,72,vehiculo,762,29.43,aprobada,\N
1931,2543,2023-12-04,personal,27194.77,48,vivienda,702,11.68,aprobada,\N
1932,2547,2024-07-10,hipotecario,171314.25,300,liquidez,775,40.87,rechazada,criterios_riesgo
1933,2548,2025-11-05,vehiculo,25380.99,48,vehiculo,638,32.11,aprobada,\N
1934,2548,2025-12-19,hipotecario,100321.93,240,vivienda,613,49.95,aprobada,\N
1935,2548,2025-10-01,personal,12449.55,24,vehiculo,679,43.05,aprobada,\N
1936,2551,2024-02-07,vehiculo,24464.55,72,reforma,644,46.05,aprobada,\N
1937,2552,2023-07-20,hipotecario,96147.33,300,reforma,771,23.03,aprobada,\N
1938,2553,2023-08-01,personal,27821.56,24,liquidez,659,24.05,rechazada,ingresos_insuficientes
1939,2553,2023-07-01,personal,12758.47,36,vehiculo,629,13.26,rechazada,ingresos_insuficientes
1940,2555,2026-03-15,vehiculo,18418.48,36,consumo,622,38.17,aprobada,\N
1941,2556,2024-11-27,personal,8741.44,36,consumo,773,31.12,aprobada,\N
1942,2557,2024-09-04,hipotecario,208302.36,360,liquidez,696,61.22,rechazada,endeudamiento_elevado
1943,2560,2024-09-26,vehiculo,40689.97,72,liquidez,733,23.89,aprobada,\N
1944,2562,2026-06-25,vehiculo,11649.14,48,vehiculo,712,23.17,aprobada,\N
1945,2562,2026-05-26,personal,1717.25,60,reforma,760,32.43,aprobada,\N
1946,2567,2023-02-06,vehiculo,19772.85,36,vivienda,675,32.18,aprobada,\N
1947,2567,2026-05-02,hipotecario,271250.67,240,vehiculo,627,72.21,rechazada,endeudamiento_elevado
1948,2569,2024-10-05,personal,20086.78,36,vehiculo,716,20.74,aprobada,\N
1949,2569,2025-11-30,vehiculo,42838.73,36,vivienda,699,12.46,aprobada,\N
1950,2571,2024-11-10,vehiculo,32084.62,48,consumo,750,43.93,aprobada,\N
1951,2571,2023-11-29,personal,5778.87,48,vivienda,751,27.33,aprobada,\N
1952,2573,2024-01-31,hipotecario,84717.55,360,liquidez,706,34.85,aprobada,\N
1953,2575,2023-04-14,vehiculo,19271.02,72,consumo,724,19.44,aprobada,\N
1954,2578,2026-06-30,personal,17528.21,60,liquidez,719,35.73,rechazada,ingresos_insuficientes
1955,2579,2024-06-25,personal,15773.29,48,reforma,682,34.87,aprobada,\N
1956,2579,2026-03-12,personal,16168.23,12,liquidez,706,28.63,aprobada,\N
1957,2580,2023-04-08,personal,17205.34,36,consumo,751,27.77,aprobada,\N
1958,2581,2024-03-25,personal,12580.82,48,consumo,647,38.62,rechazada,ingresos_insuficientes
1959,2581,2023-12-10,personal,11838.08,48,liquidez,626,38.87,rechazada,ingresos_insuficientes
1960,2582,2026-03-27,hipotecario,292852.37,240,vivienda,622,74.22,rechazada,endeudamiento_elevado
1961,2582,2026-03-19,hipotecario,289063.48,180,liquidez,574,88.82,rechazada,score_crediticio_bajo
1962,2583,2025-07-21,personal,8378.41,60,vehiculo,772,33.01,aprobada,\N
1963,2584,2026-01-21,personal,17253.86,48,vehiculo,683,31.62,aprobada,\N
1964,2584,2025-11-06,personal,11716.12,36,consumo,690,31.9,aprobada,\N
1965,2585,2023-06-07,hipotecario,201291.67,360,liquidez,682,27.62,aprobada,\N
1966,2588,2024-07-21,personal,15330.44,36,liquidez,746,40.9,aprobada,\N
1967,2589,2026-02-19,personal,18409.85,36,liquidez,676,31.48,aprobada,\N
1968,2589,2026-03-28,personal,16811.03,48,vivienda,716,14.09,aprobada,\N
1969,2590,2025-10-02,personal,26495.07,12,vehiculo,861,31.05,aprobada,\N
1970,2591,2023-08-25,personal,7743.74,24,consumo,787,33.07,aprobada,\N
1971,2593,2026-03-22,personal,9815.33,48,vivienda,791,2.32,aprobada,\N
1972,2594,2026-01-02,vehiculo,38286.67,48,reforma,777,30.12,aprobada,\N
1973,2599,2023-03-08,vehiculo,20899.35,36,vehiculo,537,25.48,rechazada,score_crediticio_bajo
1974,2601,2025-02-10,personal,20378.63,12,vehiculo,840,23.19,aprobada,\N
1975,2607,2025-09-10,personal,12568.45,60,liquidez,713,26.1,aprobada,\N
1976,2608,2023-11-02,hipotecario,138749.61,360,vehiculo,803,35.17,aprobada,\N
1977,2609,2026-02-17,personal,4810.33,24,reforma,793,43.1,aprobada,\N
1978,2610,2024-01-03,vehiculo,21401.92,72,vehiculo,859,26.36,aprobada,\N
1979,2611,2026-02-27,hipotecario,227062.05,360,vivienda,549,85.82,rechazada,score_crediticio_bajo
1980,2612,2026-04-14,personal,8616.19,48,vehiculo,685,16.96,aprobada,\N
1981,2614,2025-01-01,personal,24897.06,36,reforma,633,11.7,aprobada,\N
1982,2614,2024-10-07,personal,26454.36,48,liquidez,668,26.02,aprobada,\N
1983,2615,2024-05-08,vehiculo,40488.39,84,liquidez,744,21.45,aprobada,\N
1984,2618,2024-02-21,vehiculo,14513.59,60,liquidez,643,12.45,rechazada,ingresos_insuficientes
1985,2619,2025-02-02,vehiculo,31468.43,36,reforma,769,33.22,aprobada,\N
1986,2620,2026-06-18,personal,25796.37,48,liquidez,687,14.01,aprobada,\N
1987,2621,2025-07-07,personal,22461.06,36,consumo,723,7.4,aprobada,\N
1988,2621,2026-02-14,personal,25391.94,60,vehiculo,674,12.61,aprobada,\N
1989,2624,2026-05-12,personal,17758.67,36,vivienda,723,38.14,aprobada,\N
1990,2626,2024-06-20,personal,21236.33,36,vivienda,699,12.69,aprobada,\N
1991,2627,2025-04-14,vehiculo,17218.68,72,vivienda,589,21.36,rechazada,score_crediticio_bajo
1992,2629,2026-02-23,personal,29686.81,36,vivienda,695,16.72,aprobada,\N
1993,2631,2024-08-22,personal,8921.35,36,liquidez,755,38.89,aprobada,\N
1994,2632,2025-01-18,vehiculo,16733.09,48,vehiculo,615,37.25,aprobada,\N
1995,2633,2023-03-25,personal,21128.01,36,consumo,739,28.37,aprobada,\N
1996,2633,2024-11-07,personal,29818.29,60,vehiculo,734,34.43,aprobada,\N
1997,2635,2025-12-15,personal,4987.81,24,vivienda,695,24.79,aprobada,\N
1998,2638,2025-12-18,vehiculo,36002.74,72,liquidez,680,10.44,aprobada,\N
1999,2639,2025-04-28,hipotecario,223832.64,300,reforma,677,39.62,aprobada,\N
2000,2639,2026-03-18,hipotecario,133635.66,360,liquidez,677,21.59,aprobada,\N
2001,2646,2024-08-27,vehiculo,36204.4,36,liquidez,490,48.81,rechazada,score_crediticio_bajo
2002,2646,2026-05-04,personal,27537.44,60,consumo,593,29.35,rechazada,score_crediticio_bajo
2003,2647,2026-06-30,vehiculo,9036.1,36,consumo,764,25.59,aprobada,\N
2004,2647,2026-06-27,vehiculo,22944.94,84,vehiculo,837,35.62,aprobada,\N
2005,2649,2024-07-27,hipotecario,98997.74,360,consumo,686,22.5,rechazada,ingresos_insuficientes
2006,2649,2024-11-09,hipotecario,85279.47,300,vivienda,718,30.69,rechazada,ingresos_insuficientes
2007,2650,2026-06-14,vehiculo,36987.9,48,vivienda,772,26.9,aprobada,\N
2008,2650,2023-10-17,personal,10760.68,24,liquidez,743,22.02,aprobada,\N
2009,2652,2023-05-06,hipotecario,70022.41,240,reforma,679,23.04,rechazada,criterios_riesgo
2010,2652,2024-07-02,personal,1796.8,24,consumo,694,29.42,aprobada,\N
2011,2653,2026-04-25,personal,27252.19,36,consumo,701,29.47,aprobada,\N
2012,2653,2026-04-27,vehiculo,15323.65,48,liquidez,706,50.08,aprobada,\N
2013,2654,2024-12-24,personal,28630.58,60,vehiculo,776,37.6,aprobada,\N
2014,2654,2024-10-19,vehiculo,37424.54,48,consumo,742,34.47,aprobada,\N
2015,2657,2026-01-22,hipotecario,212530.63,180,vivienda,736,21.27,aprobada,\N
2016,2658,2026-02-10,personal,21244.36,12,vivienda,812,14.43,aprobada,\N
2017,2659,2023-10-04,personal,28349.83,60,liquidez,795,8.36,aprobada,\N
2018,2660,2024-05-17,vehiculo,40890.42,36,consumo,659,34.37,aprobada,\N
2019,2666,2023-07-21,vehiculo,31698.74,72,consumo,659,31.21,aprobada,\N
2020,2667,2026-06-04,vehiculo,44008.81,72,vivienda,622,17.78,aprobada,\N
2021,2669,2023-02-26,vehiculo,39825.62,48,reforma,750,4.21,aprobada,\N
2022,2670,2023-01-19,personal,22466.81,48,vehiculo,707,30.57,aprobada,\N
2023,2671,2023-10-29,hipotecario,119953.15,180,consumo,780,27.04,aprobada,\N
2024,2672,2026-06-16,vehiculo,43147.48,48,liquidez,749,8.39,aprobada,\N
2025,2673,2025-07-09,personal,26106.77,60,consumo,783,0,aprobada,\N
2026,2674,2026-05-12,vehiculo,24698.71,60,liquidez,656,14.48,aprobada,\N
2027,2675,2023-09-14,hipotecario,82603.61,180,reforma,631,52.96,rechazada,criterios_riesgo
2028,2675,2025-03-05,personal,3378.48,36,vehiculo,642,26.45,aprobada,\N
2029,2678,2025-12-18,personal,17573.99,60,consumo,672,39.49,aprobada,\N
2030,2680,2024-04-11,hipotecario,311637.33,180,reforma,697,40.58,aprobada,\N
2031,2682,2026-06-01,personal,15540.35,48,consumo,690,28.04,aprobada,\N
2032,2682,2025-01-08,vehiculo,41393.81,72,vivienda,753,32.82,aprobada,\N
2033,2684,2023-06-20,personal,13480.18,36,consumo,760,37.71,aprobada,\N
2034,2686,2023-01-02,personal,28624.63,36,liquidez,827,29.53,aprobada,\N
2035,2687,2024-06-16,personal,5267.69,12,vehiculo,602,47.6,rechazada,score_crediticio_bajo
2036,2688,2025-12-01,personal,7559.75,48,vehiculo,775,25.76,aprobada,\N
2037,2689,2023-10-29,personal,13300.83,24,vehiculo,732,5.53,aprobada,\N
2038,2690,2025-10-19,personal,2846.72,24,reforma,730,33.09,rechazada,ingresos_insuficientes
2039,2692,2026-05-11,vehiculo,22186.54,84,reforma,721,57.31,rechazada,endeudamiento_elevado
2040,2693,2024-05-09,hipotecario,309522.2,360,reforma,570,69.73,rechazada,score_crediticio_bajo
2041,2695,2025-12-16,personal,13432.82,36,vehiculo,614,22.54,aprobada,\N
2042,2696,2026-01-10,hipotecario,189704.79,240,liquidez,567,62.2,rechazada,score_crediticio_bajo
2043,2699,2024-12-27,personal,29072.53,36,reforma,663,34.08,aprobada,\N
2044,2700,2024-03-04,vehiculo,22142.45,72,consumo,832,31.38,aprobada,\N
2045,2702,2023-03-27,personal,25129.36,60,consumo,800,24.84,aprobada,\N
2046,2702,2023-04-03,personal,26063.99,48,liquidez,802,34.51,aprobada,\N
2047,2704,2025-10-20,personal,6193.39,60,liquidez,638,3.84,aprobada,\N
2048,2704,2025-02-11,personal,3915.68,48,consumo,650,23.73,aprobada,\N
2049,2705,2023-01-19,personal,1608.76,48,vehiculo,773,23.26,aprobada,\N
2050,2707,2026-05-20,personal,25810.91,24,vehiculo,662,19.24,aprobada,\N
2051,2707,2025-08-01,personal,12197.37,12,reforma,666,32.1,aprobada,\N
2052,2709,2025-09-08,personal,6848.65,60,vivienda,721,73.58,rechazada,endeudamiento_elevado
2053,2709,2025-04-26,vehiculo,41837.01,36,liquidez,776,24.34,aprobada,\N
2054,2710,2024-02-24,personal,26483.9,12,liquidez,623,3.16,aprobada,\N
2055,2713,2025-08-30,personal,11567.23,36,consumo,728,18.14,aprobada,\N
2056,2713,2024-04-30,personal,8677.99,36,liquidez,720,21.21,aprobada,\N
2057,2714,2023-03-21,personal,10461.0,24,liquidez,696,30.49,aprobada,\N
2058,2715,2025-12-22,hipotecario,210218.18,300,vehiculo,494,95,rechazada,score_crediticio_bajo
2059,2715,2025-03-16,personal,2383.54,48,vehiculo,599,56.36,rechazada,score_crediticio_bajo
2060,2715,2023-10-18,personal,28066.46,12,liquidez,622,49.68,rechazada,ingresos_insuficientes
2061,2718,2025-02-04,personal,26204.49,48,vehiculo,718,34.77,aprobada,\N
2062,2719,2026-06-17,personal,9280.28,24,consumo,631,40.39,aprobada,\N
2063,2719,2026-06-19,personal,19726.34,12,liquidez,663,23.57,aprobada,\N
2064,2720,2024-02-10,personal,22689.32,12,vivienda,831,24.42,aprobada,\N
2065,2720,2023-12-24,personal,14519.86,24,reforma,753,30.14,aprobada,\N
2066,2722,2026-02-05,personal,15083.11,60,vehiculo,685,38.9,aprobada,\N
2067,2722,2026-05-09,personal,16226.34,48,vehiculo,696,42.21,aprobada,\N
2068,2722,2024-06-05,personal,15555.96,60,reforma,694,12.02,aprobada,\N
2069,2724,2024-09-23,vehiculo,32806.82,84,consumo,759,20.19,aprobada,\N
2070,2724,2025-05-27,personal,23438.72,60,liquidez,759,30.9,aprobada,\N
2071,2725,2025-12-03,personal,28362.8,24,consumo,770,35.49,aprobada,\N
2072,2726,2023-11-16,personal,29437.92,12,liquidez,723,16.65,aprobada,\N
2073,2727,2023-03-07,personal,23680.38,60,liquidez,718,34.74,aprobada,\N
2074,2727,2025-09-11,personal,13563.41,36,reforma,751,30.06,aprobada,\N
2075,2727,2025-02-10,hipotecario,181571.7,360,liquidez,707,35.19,aprobada,\N
2076,2728,2023-02-09,hipotecario,119573.47,300,consumo,605,24.06,rechazada,score_crediticio_bajo
2077,2732,2023-05-07,personal,26760.81,36,reforma,758,18.38,aprobada,\N
2078,2735,2023-12-24,vehiculo,17096.74,48,reforma,574,17.86,rechazada,score_crediticio_bajo
2079,2736,2023-04-26,vehiculo,15263.44,48,consumo,640,48.58,aprobada,\N
2080,2736,2025-06-26,personal,18935.95,48,reforma,680,18.16,aprobada,\N
2081,2739,2024-06-11,vehiculo,37004.63,72,vivienda,500,95,rechazada,score_crediticio_bajo
2082,2740,2023-03-17,vehiculo,44858.36,72,liquidez,831,38.83,aprobada,\N
2083,2744,2025-03-17,personal,16980.94,24,reforma,702,21.22,aprobada,\N
2084,2745,2024-09-13,personal,18985.49,36,liquidez,774,25.9,aprobada,\N
2085,2746,2024-10-29,personal,7579.6,60,vivienda,709,0,aprobada,\N
2086,2747,2024-06-15,personal,28756.86,60,vivienda,803,12.54,aprobada,\N
2087,2748,2023-08-16,personal,16774.53,36,vehiculo,697,34.6,aprobada,\N
2088,2748,2026-02-03,personal,20752.77,48,vivienda,660,35.32,aprobada,\N
2089,2751,2026-01-17,personal,28051.85,24,liquidez,781,47.31,aprobada,\N
2090,2751,2025-10-01,vehiculo,26622.91,60,consumo,793,4.14,aprobada,\N
2091,2752,2025-02-23,hipotecario,285827.52,360,vehiculo,658,38.79,aprobada,\N
2092,2754,2025-01-13,vehiculo,38896.16,72,reforma,740,0,aprobada,\N
2093,2754,2025-10-13,personal,11845.82,12,vehiculo,694,19.97,aprobada,\N
2094,2754,2025-01-23,hipotecario,74509.06,180,reforma,709,27.57,aprobada,\N
2095,2755,2025-07-15,personal,15735.51,24,vehiculo,723,12.25,aprobada,\N
2096,2755,2025-08-28,hipotecario,255001.32,240,reforma,690,42.62,aprobada,\N
2097,2756,2024-04-12,personal,8093.81,60,vehiculo,727,48.61,aprobada,\N
2098,2756,2024-05-14,personal,6374.48,24,vivienda,733,14.09,aprobada,\N
2099,2757,2023-09-08,personal,5245.67,12,vehiculo,696,45.0,aprobada,\N
2100,2758,2024-02-01,personal,13159.14,36,reforma,675,56.63,rechazada,endeudamiento_elevado
2101,2759,2025-12-07,personal,18635.74,60,consumo,626,0,aprobada,\N
2102,2759,2023-08-15,personal,10140.33,24,reforma,606,52.99,rechazada,score_crediticio_bajo
2103,2760,2023-03-05,personal,19364.86,24,vivienda,793,33.12,aprobada,\N
2104,2761,2025-04-03,vehiculo,18961.46,84,consumo,774,23.63,aprobada,\N
2105,2762,2025-12-19,vehiculo,21874.15,72,reforma,691,33.86,aprobada,\N
2106,2763,2026-04-13,personal,4046.59,12,vivienda,681,39.19,aprobada,\N
2107,2765,2023-02-24,personal,29688.65,60,liquidez,611,8.6,aprobada,\N
2108,2765,2026-01-04,personal,29819.58,24,liquidez,619,17.08,aprobada,\N
2109,2767,2026-06-26,personal,5894.12,12,liquidez,767,48.16,aprobada,\N
2110,2767,2026-06-20,vehiculo,14656.0,84,consumo,785,17.51,aprobada,\N
2111,2770,2025-01-02,personal,16777.79,24,vehiculo,769,24.2,aprobada,\N
2112,2771,2024-01-24,hipotecario,80289.79,180,vehiculo,741,31.54,aprobada,\N
2113,2772,2026-02-01,vehiculo,20598.82,72,vivienda,650,24.96,aprobada,\N
2114,2772,2023-01-27,personal,9485.71,60,liquidez,713,29.34,aprobada,\N
2115,2773,2026-03-28,vehiculo,37836.83,84,reforma,726,41.16,aprobada,\N
2116,2773,2024-08-27,personal,25102.99,24,reforma,738,16.3,aprobada,\N
2117,2774,2026-06-10,personal,7437.89,60,vivienda,659,43.53,aprobada,\N
2118,2778,2024-04-02,personal,5825.94,48,vehiculo,714,31.53,aprobada,\N
2119,2779,2026-02-01,personal,28973.6,24,vehiculo,731,31.05,aprobada,\N
2120,2780,2026-03-12,vehiculo,20734.46,60,vehiculo,820,53.28,aprobada,\N
2121,2780,2026-06-01,vehiculo,31319.85,72,consumo,807,44.0,aprobada,\N
2122,2781,2026-04-16,personal,13982.61,24,consumo,513,17.8,rechazada,score_crediticio_bajo
2123,2782,2026-03-22,personal,26280.44,24,consumo,760,40.16,aprobada,\N
2124,2784,2023-12-24,personal,24893.5,60,consumo,810,12.1,aprobada,\N
2125,2784,2023-02-10,personal,16412.21,12,consumo,800,33.34,aprobada,\N
2126,2785,2026-06-08,personal,21620.26,48,liquidez,655,28.99,aprobada,\N
2127,2786,2024-12-03,personal,15070.59,48,liquidez,786,5.02,aprobada,\N
2128,2786,2025-01-18,personal,5482.05,48,vehiculo,721,26.47,aprobada,\N
2129,2786,2025-12-01,hipotecario,167538.92,360,reforma,742,46.47,aprobada,\N
2130,2788,2025-10-28,vehiculo,11301.42,36,vehiculo,700,24.75,aprobada,\N
2131,2788,2023-04-09,hipotecario,157297.7,360,consumo,668,58.07,rechazada,endeudamiento_elevado
2132,2789,2023-08-11,hipotecario,253246.03,240,liquidez,831,40.58,aprobada,\N
2133,2791,2024-04-11,personal,27292.27,48,liquidez,739,15.28,aprobada,\N
2134,2792,2025-11-07,hipotecario,293611.42,360,reforma,788,66.49,rechazada,endeudamiento_elevado
2135,2792,2025-10-06,personal,4291.24,36,vehiculo,882,21.77,aprobada,\N
2136,2792,2024-12-05,vehiculo,21673.45,48,liquidez,840,9.48,aprobada,\N
2137,2793,2023-06-04,personal,12436.27,48,vivienda,690,49.9,aprobada,\N
2138,2793,2025-08-04,personal,15970.36,24,consumo,729,45.11,aprobada,\N
2139,2794,2026-06-21,personal,9055.51,36,vivienda,750,40.29,aprobada,\N
2140,2795,2025-08-19,vehiculo,35954.87,72,liquidez,752,13.55,aprobada,\N
2141,2795,2023-10-03,personal,19510.33,24,vivienda,767,19.25,aprobada,\N
2142,2796,2024-11-22,vehiculo,9952.15,36,reforma,707,11.05,aprobada,\N
2143,2798,2025-05-16,personal,26299.34,36,reforma,603,71.14,rechazada,score_crediticio_bajo
2144,2802,2024-09-07,personal,21468.78,12,liquidez,730,20.63,aprobada,\N
2145,2805,2026-05-05,personal,20351.54,48,consumo,841,31.18,aprobada,\N
2146,2808,2024-10-05,personal,3694.82,12,liquidez,602,53.43,rechazada,score_crediticio_bajo
2147,2808,2024-06-26,personal,2924.49,24,liquidez,656,57.37,rechazada,endeudamiento_elevado
2148,2810,2024-06-01,personal,4021.25,12,reforma,746,21.33,aprobada,\N
2149,2811,2024-06-19,personal,16689.87,48,vivienda,716,3.13,aprobada,\N
2150,2811,2024-04-07,vehiculo,21514.51,60,vehiculo,758,38.37,aprobada,\N
2151,2812,2023-02-09,personal,3395.59,12,liquidez,749,36.89,aprobada,\N
2152,2814,2025-05-13,personal,27551.41,60,vivienda,679,30.21,aprobada,\N
2153,2815,2023-07-18,personal,21163.75,48,vehiculo,823,11.62,aprobada,\N
2154,2817,2025-05-08,vehiculo,29754.16,84,reforma,564,27.16,rechazada,score_crediticio_bajo
2155,2818,2023-03-21,personal,5913.99,12,consumo,709,5.97,aprobada,\N
2156,2821,2026-03-21,hipotecario,220103.85,180,liquidez,692,30.62,aprobada,\N
2157,2822,2023-04-23,personal,18925.04,24,reforma,654,22.08,aprobada,\N
2158,2823,2026-06-05,vehiculo,32993.9,72,liquidez,610,45.35,aprobada,\N
2159,2825,2023-11-07,personal,25120.92,24,liquidez,820,25.4,aprobada,\N
2160,2825,2024-09-05,personal,13494.27,12,vivienda,766,10.87,aprobada,\N
2161,2827,2026-06-21,personal,14976.16,36,consumo,725,59.77,rechazada,endeudamiento_elevado
2162,2828,2023-01-25,personal,23242.15,60,consumo,726,32.67,aprobada,\N
2163,2829,2024-12-07,vehiculo,11998.8,48,vehiculo,781,32.17,aprobada,\N
2164,2830,2024-06-10,hipotecario,89722.44,300,reforma,741,46.91,rechazada,ingresos_insuficientes
2165,2834,2026-05-15,personal,27048.85,12,consumo,793,28.56,aprobada,\N
2166,2834,2023-08-15,vehiculo,27792.23,48,reforma,822,15.72,aprobada,\N
2167,2834,2023-07-02,personal,11885.74,12,liquidez,818,30.46,aprobada,\N
2168,2835,2025-09-18,vehiculo,24566.35,36,vehiculo,741,36.73,aprobada,\N
2169,2837,2025-01-26,vehiculo,12905.79,48,liquidez,658,26.86,aprobada,\N
2170,2839,2023-05-30,personal,16933.61,48,vivienda,709,32.69,aprobada,\N
2171,2839,2023-12-09,personal,28560.8,60,liquidez,674,22.9,aprobada,\N
2172,2840,2026-05-20,personal,20019.3,36,vehiculo,576,0,rechazada,score_crediticio_bajo
2173,2841,2023-04-25,personal,10661.88,36,consumo,780,6.98,aprobada,\N
2174,2843,2024-06-27,personal,25250.45,48,consumo,844,33.1,aprobada,\N
2175,2843,2026-03-10,hipotecario,92862.75,240,liquidez,886,42.59,aprobada,\N
2176,2844,2023-08-06,personal,10979.36,60,liquidez,812,36.93,aprobada,\N
2177,2844,2023-08-11,vehiculo,44168.92,60,vehiculo,756,0,aprobada,\N
2178,2846,2026-03-13,vehiculo,29170.62,60,liquidez,827,18.19,aprobada,\N
2179,2848,2026-06-11,personal,16737.31,12,vehiculo,706,0,aprobada,\N
2180,2850,2025-08-24,hipotecario,250910.84,240,vivienda,739,36.98,aprobada,\N
2181,2852,2025-07-13,personal,16546.01,12,vivienda,672,19.68,aprobada,\N
2182,2854,2023-02-06,personal,2059.68,24,vehiculo,721,38.05,aprobada,\N
2183,2855,2023-03-08,personal,2486.75,48,vivienda,743,22.0,aprobada,\N
2184,2856,2024-11-03,personal,27594.07,24,liquidez,725,55.79,rechazada,endeudamiento_elevado
2185,2859,2025-07-01,hipotecario,171129.11,180,reforma,624,41.38,aprobada,\N
2186,2860,2023-01-24,hipotecario,314992.73,300,consumo,534,95,rechazada,score_crediticio_bajo
2187,2861,2023-08-14,personal,16222.93,48,consumo,637,35.42,aprobada,\N
2188,2862,2025-02-03,personal,12707.11,48,vivienda,603,22.6,rechazada,score_crediticio_bajo
2189,2862,2026-05-04,vehiculo,34101.47,84,vehiculo,619,46.12,aprobada,\N
2190,2865,2025-01-10,vehiculo,35249.86,36,liquidez,761,28.12,aprobada,\N
2191,2866,2025-08-16,personal,25836.29,12,liquidez,710,40.43,aprobada,\N
2192,2866,2025-08-17,hipotecario,254383.81,360,reforma,730,10.51,aprobada,\N
2193,2867,2023-02-09,vehiculo,9489.93,60,reforma,681,51.08,aprobada,\N
2194,2868,2024-01-01,personal,8020.75,24,vehiculo,758,22.08,aprobada,\N
2195,2869,2023-09-13,personal,29606.31,24,consumo,742,27.46,aprobada,\N
2196,2870,2026-06-26,hipotecario,205600.74,360,reforma,742,46.48,aprobada,\N
2197,2873,2023-08-15,hipotecario,278536.7,360,reforma,642,48.47,aprobada,\N
2198,2875,2023-03-18,personal,4708.69,36,liquidez,720,4.25,aprobada,\N
2199,2876,2024-06-02,personal,8049.37,12,vivienda,665,34.39,aprobada,\N
2200,2878,2025-02-14,personal,7164.51,36,vehiculo,655,36.7,aprobada,\N
2201,2884,2026-04-09,vehiculo,39565.46,72,vivienda,711,23.29,aprobada,\N
2202,2885,2023-05-12,hipotecario,266919.67,240,vehiculo,740,40.33,aprobada,\N
2203,2887,2025-05-22,personal,16266.07,48,liquidez,675,15.16,aprobada,\N
2204,2889,2026-01-28,hipotecario,279254.74,180,vivienda,528,95,rechazada,score_crediticio_bajo
2205,2890,2025-02-03,personal,5241.06,48,consumo,671,30.51,aprobada,\N
2206,2891,2026-06-09,vehiculo,41249.12,36,vivienda,539,25.9,rechazada,score_crediticio_bajo
2207,2894,2025-06-18,vehiculo,27119.69,36,liquidez,763,31.35,aprobada,\N
2208,2897,2025-10-11,personal,4064.78,12,reforma,694,16.06,aprobada,\N
2209,2899,2026-05-08,vehiculo,11374.93,84,consumo,661,45.27,aprobada,\N
2210,2904,2025-12-26,vehiculo,41478.98,84,vivienda,596,35.08,rechazada,score_crediticio_bajo
2211,2905,2026-01-26,personal,8107.41,36,reforma,683,16.06,aprobada,\N
2212,2908,2025-11-24,vehiculo,29147.97,36,reforma,643,16.09,rechazada,ingresos_insuficientes
2213,2910,2025-12-30,personal,21785.85,12,consumo,739,26.58,aprobada,\N
2214,2914,2025-09-24,hipotecario,202743.25,180,reforma,574,79.06,rechazada,score_crediticio_bajo
2215,2916,2024-01-06,personal,20940.15,36,vivienda,629,45.45,rechazada,ingresos_insuficientes
2216,2919,2024-04-22,personal,25583.84,24,vehiculo,687,58.47,rechazada,endeudamiento_elevado
2217,2926,2026-01-05,personal,19564.37,48,consumo,696,19.84,aprobada,\N
2218,2929,2023-07-29,vehiculo,11359.52,84,reforma,739,27.4,aprobada,\N
2219,2930,2025-11-06,hipotecario,230697.83,360,liquidez,677,29.92,aprobada,\N
2220,2931,2023-12-27,vehiculo,42208.1,48,vivienda,715,35.77,aprobada,\N
2221,2934,2026-02-19,personal,7006.14,48,reforma,748,0,aprobada,\N
2222,2937,2023-02-13,personal,22649.4,60,liquidez,661,29.67,aprobada,\N
2223,2938,2025-03-31,vehiculo,12664.16,36,liquidez,651,26.16,aprobada,\N
2224,2940,2024-11-27,vehiculo,16641.96,48,consumo,743,37.4,aprobada,\N
2225,2943,2026-06-08,personal,2385.04,12,vehiculo,744,41.2,aprobada,\N
2226,2945,2025-11-07,vehiculo,19775.92,84,liquidez,679,28.29,aprobada,\N
2227,2946,2024-04-25,hipotecario,185328.2,180,vehiculo,659,60.06,rechazada,endeudamiento_elevado
2228,2946,2025-07-04,vehiculo,10520.51,60,vehiculo,757,32.04,aprobada,\N
2229,2948,2026-06-29,hipotecario,166634.45,360,vehiculo,705,29.13,aprobada,\N
2230,2949,2025-01-23,vehiculo,12196.99,84,liquidez,724,30.05,rechazada,ingresos_insuficientes
2231,2951,2025-04-26,personal,2733.05,60,liquidez,731,21.47,aprobada,\N
2232,2951,2024-08-12,personal,29496.68,36,consumo,710,27.49,aprobada,\N
2233,2951,2025-07-16,vehiculo,25401.3,72,consumo,700,25.57,aprobada,\N
2234,2953,2024-03-08,vehiculo,30156.05,60,reforma,737,21.19,aprobada,\N
2235,2955,2023-04-11,hipotecario,238956.01,300,liquidez,759,64.32,rechazada,endeudamiento_elevado
2236,2956,2026-02-28,personal,29199.07,36,reforma,568,13.49,rechazada,score_crediticio_bajo
2237,2958,2025-05-23,personal,12478.2,60,vehiculo,640,37.26,aprobada,\N
2238,2958,2023-11-02,vehiculo,9883.22,36,vivienda,699,29.52,aprobada,\N
2239,2960,2023-01-12,personal,23526.3,48,reforma,754,33.43,rechazada,ingresos_insuficientes
2240,2960,2025-08-23,personal,1636.12,48,consumo,816,29.3,rechazada,ingresos_insuficientes
2241,2962,2023-02-01,personal,10828.98,36,liquidez,761,37.75,aprobada,\N
2242,2963,2023-04-09,personal,21906.37,12,reforma,653,24.7,aprobada,\N
2243,2965,2026-03-29,hipotecario,152167.93,180,liquidez,701,33.78,aprobada,\N
2244,2966,2025-09-07,vehiculo,25835.6,36,reforma,652,27.14,aprobada,\N
2245,2966,2025-04-02,vehiculo,11183.75,60,reforma,693,43.15,aprobada,\N
2246,2971,2023-04-30,personal,25166.6,12,liquidez,670,35.84,rechazada,ingresos_insuficientes
2247,2973,2025-10-13,hipotecario,248448.24,240,consumo,544,95,rechazada,score_crediticio_bajo
2248,2976,2026-05-08,vehiculo,23760.77,84,reforma,629,13.23,aprobada,\N
2249,2980,2023-10-01,vehiculo,11469.5,36,reforma,639,12.65,aprobada,\N
2250,2980,2026-02-19,personal,5328.94,36,liquidez,642,32.6,aprobada,\N
2251,2982,2025-10-13,personal,28721.04,36,consumo,711,23.55,aprobada,\N
2252,2986,2023-01-24,vehiculo,27611.24,48,consumo,660,34.78,rechazada,ingresos_insuficientes
2253,2987,2025-09-28,personal,4378.17,24,consumo,782,24.55,aprobada,\N
2254,2987,2026-01-04,vehiculo,27617.67,84,reforma,733,49.72,aprobada,\N
2255,2990,2023-11-10,personal,26486.02,48,vivienda,709,17.51,aprobada,\N
2256,2991,2026-06-30,personal,2921.19,60,reforma,787,30.44,aprobada,\N
2257,2992,2023-05-28,personal,13131.98,36,consumo,623,44.95,aprobada,\N
2258,2992,2023-12-23,personal,14458.39,12,reforma,655,29.14,aprobada,\N
2259,2993,2023-01-10,personal,7615.8,24,vivienda,600,14.57,rechazada,score_crediticio_bajo
2260,2994,2026-03-24,personal,8818.38,60,reforma,732,49.29,aprobada,\N
2261,2995,2026-02-09,vehiculo,42307.86,60,vivienda,760,11.69,aprobada,\N
2262,2997,2024-08-24,personal,16604.45,60,liquidez,575,28.65,rechazada,score_crediticio_bajo
2263,2997,2023-10-26,hipotecario,246855.84,360,vehiculo,626,39.66,aprobada,\N
2264,2999,2026-06-29,personal,18012.14,36,consumo,747,31.44,aprobada,\N
2265,3000,2025-12-14,hipotecario,290478.97,360,vehiculo,748,36.94,aprobada,\N
2266,3000,2024-11-13,personal,22079.95,12,consumo,768,32.13,aprobada,\N
2267,3000,2026-05-06,personal,18259.54,12,vivienda,805,24.86,aprobada,\N
2268,3001,2023-07-14,vehiculo,11675.51,72,vehiculo,620,35.86,rechazada,ingresos_insuficientes
2269,3002,2023-03-07,personal,14341.92,48,consumo,780,49.27,aprobada,\N
2270,3003,2025-05-22,hipotecario,315161.78,240,liquidez,587,49.1,rechazada,score_crediticio_bajo
2271,3003,2024-01-07,vehiculo,14197.36,84,reforma,612,24.25,aprobada,\N
2272,3004,2025-12-08,vehiculo,24963.97,36,vivienda,820,21.01,aprobada,\N
2273,3004,2026-03-04,hipotecario,282891.38,300,consumo,756,33.31,aprobada,\N
2274,3005,2025-06-18,personal,6763.05,60,liquidez,645,37.47,aprobada,\N
2275,3005,2023-11-11,hipotecario,313415.72,360,consumo,638,50.01,aprobada,\N
2276,3005,2025-12-29,personal,20585.59,24,consumo,635,54.89,aprobada,\N
2277,3007,2023-06-14,personal,1917.01,12,consumo,715,19.49,aprobada,\N
2278,3009,2025-12-15,personal,5912.62,12,consumo,688,27.84,aprobada,\N
2279,3010,2026-03-25,personal,4957.08,12,vehiculo,721,37.19,aprobada,\N
2280,3011,2024-04-20,personal,2073.5,36,liquidez,620,13.71,aprobada,\N
2281,3011,2026-01-28,personal,17678.9,24,consumo,639,1.4,aprobada,\N
2282,3013,2024-08-17,personal,11906.17,24,liquidez,673,36.36,aprobada,\N
2283,3014,2024-06-30,personal,27635.28,24,vivienda,772,23.25,aprobada,\N
2284,3017,2024-08-02,personal,22028.01,48,vehiculo,752,31.22,aprobada,\N
2285,3019,2025-09-19,personal,3728.0,60,reforma,714,13.86,aprobada,\N
2286,3020,2026-03-16,vehiculo,24370.83,60,liquidez,748,48.18,aprobada,\N
2287,3021,2023-10-07,hipotecario,267068.36,300,vivienda,733,76.17,rechazada,endeudamiento_elevado
2288,3022,2023-12-04,personal,28986.71,24,consumo,778,51.35,aprobada,\N
2289,3026,2025-01-20,hipotecario,237692.75,360,vivienda,707,44.2,aprobada,\N
2290,3026,2024-07-16,personal,12908.02,12,vivienda,753,0,aprobada,\N
2291,3028,2026-03-09,hipotecario,300543.56,240,reforma,450,95,rechazada,score_crediticio_bajo
2292,3028,2026-04-28,personal,9295.07,12,vivienda,557,43.26,rechazada,score_crediticio_bajo
2293,3031,2025-08-11,vehiculo,33732.82,72,vehiculo,753,21.77,aprobada,\N
2294,3032,2026-01-26,personal,29466.87,48,vivienda,658,40.81,aprobada,\N
2295,3034,2025-12-08,personal,10489.88,24,reforma,730,16.13,aprobada,\N
2296,3036,2026-03-27,hipotecario,101821.67,240,liquidez,670,26.5,rechazada,ingresos_insuficientes
2297,3037,2023-06-21,personal,17221.5,24,vivienda,762,33.69,aprobada,\N
2298,3038,2024-03-04,personal,17583.85,12,liquidez,748,13.7,aprobada,\N
2299,3040,2025-05-10,personal,8729.68,12,liquidez,650,4.84,aprobada,\N
2300,3040,2024-07-01,personal,26072.11,60,vivienda,644,39.78,aprobada,\N
2301,3040,2026-01-03,personal,6241.33,60,vehiculo,663,39.21,aprobada,\N
2302,3041,2024-10-27,vehiculo,44488.1,60,liquidez,760,26.15,aprobada,\N
2303,3042,2024-12-04,personal,25658.06,60,vehiculo,743,28.35,aprobada,\N
2304,3043,2026-04-08,hipotecario,139499.29,360,liquidez,683,44.61,aprobada,\N
2305,3044,2026-01-03,personal,27080.25,60,reforma,685,28.96,rechazada,ingresos_insuficientes
2306,3044,2025-03-14,personal,2039.72,36,consumo,636,52.26,rechazada,ingresos_insuficientes
2307,3045,2025-12-20,personal,10102.05,24,reforma,761,36.89,aprobada,\N
2308,3045,2024-10-27,personal,27105.57,24,vivienda,792,41.11,aprobada,\N
2309,3047,2025-02-16,hipotecario,190172.53,300,consumo,728,34.7,aprobada,\N
2310,3050,2023-08-11,hipotecario,232395.37,360,consumo,727,38.86,aprobada,\N
2311,3050,2024-07-13,personal,13923.75,60,vehiculo,736,20.73,aprobada,\N
2312,3053,2025-07-01,personal,11209.47,24,vehiculo,825,21.26,aprobada,\N
2313,3054,2025-06-11,vehiculo,27228.95,48,reforma,834,17.44,aprobada,\N
2314,3054,2024-01-29,personal,7471.92,24,liquidez,868,13.12,aprobada,\N
2315,3056,2023-02-25,hipotecario,184856.81,180,liquidez,637,34.51,rechazada,criterios_riesgo
2316,3057,2024-04-01,hipotecario,147552.61,240,vivienda,608,70.1,rechazada,score_crediticio_bajo
2317,3058,2026-05-31,vehiculo,30991.48,72,liquidez,632,23.29,aprobada,\N
2318,3059,2024-05-26,personal,24217.73,36,vivienda,686,10.75,aprobada,\N
2319,3060,2024-12-15,personal,15143.6,48,reforma,637,51.86,aprobada,\N
2320,3060,2023-12-05,personal,9953.37,48,vivienda,693,44.4,aprobada,\N
2321,3062,2026-06-01,hipotecario,89035.4,360,vivienda,767,15.97,aprobada,\N
2322,3062,2026-05-31,vehiculo,42157.18,72,reforma,727,20.98,aprobada,\N
2323,3063,2024-06-21,vehiculo,21219.67,36,reforma,611,32.42,aprobada,\N
2324,3064,2026-02-11,vehiculo,19387.27,72,liquidez,495,59.73,rechazada,score_crediticio_bajo
2325,3065,2025-06-28,personal,26303.91,60,consumo,729,43.01,aprobada,\N
2326,3066,2023-01-06,personal,25946.18,36,reforma,765,16.94,aprobada,\N
2327,3066,2026-03-13,vehiculo,13063.97,84,reforma,754,34.52,aprobada,\N
2328,3066,2023-05-11,vehiculo,20753.74,72,liquidez,746,18.17,aprobada,\N
2329,3067,2025-08-25,personal,9976.27,36,consumo,843,32.12,rechazada,ingresos_insuficientes
2330,3067,2024-07-08,personal,21819.05,24,liquidez,855,39.12,rechazada,ingresos_insuficientes
2331,3067,2023-07-14,vehiculo,40883.02,84,consumo,884,29.99,rechazada,ingresos_insuficientes
2332,3068,2023-09-03,personal,7489.08,24,vehiculo,805,45.41,aprobada,\N
2333,3071,2024-07-26,personal,16387.6,60,liquidez,747,2.98,aprobada,\N
2334,3073,2025-03-03,personal,19196.95,60,reforma,777,34.54,aprobada,\N
2335,3074,2023-08-27,vehiculo,13476.16,48,reforma,692,20.81,aprobada,\N
2336,3075,2025-06-24,hipotecario,292028.22,180,consumo,780,36.41,rechazada,criterios_riesgo
2337,3077,2024-12-22,personal,20345.39,48,vehiculo,824,33.77,aprobada,\N
2338,3079,2024-08-18,hipotecario,155342.37,300,consumo,662,37.3,aprobada,\N
2339,3079,2025-10-03,personal,26831.39,60,vehiculo,599,69.25,rechazada,score_crediticio_bajo
2340,3080,2023-10-12,hipotecario,272621.18,240,consumo,746,31.11,aprobada,\N
2341,3081,2025-08-07,hipotecario,184690.23,240,vehiculo,720,57.76,rechazada,endeudamiento_elevado
2342,3082,2025-03-05,personal,29937.11,60,reforma,756,17.72,aprobada,\N
2343,3083,2023-01-31,personal,8491.71,36,reforma,614,51.78,rechazada,ingresos_insuficientes
2344,3084,2026-06-05,vehiculo,29642.78,60,vivienda,751,1.54,aprobada,\N
2345,3085,2023-05-01,personal,19965.98,48,liquidez,704,55.03,rechazada,endeudamiento_elevado
2346,3085,2025-01-24,personal,15416.29,60,liquidez,724,24.45,rechazada,ingresos_insuficientes
2347,3085,2024-08-24,personal,21701.63,24,vivienda,653,39.94,rechazada,ingresos_insuficientes
2348,3086,2025-05-26,personal,18829.79,24,consumo,663,40.62,aprobada,\N
2349,3087,2025-10-11,personal,3707.21,48,vivienda,715,29.27,aprobada,\N
2350,3089,2026-05-12,vehiculo,18350.27,60,vivienda,736,20.14,aprobada,\N
2351,3089,2026-03-23,hipotecario,88745.02,180,vehiculo,757,5.27,aprobada,\N
2352,3090,2026-03-05,personal,2398.7,12,vehiculo,869,36.48,aprobada,\N
2353,3091,2025-04-23,personal,9558.39,12,vehiculo,651,41.21,aprobada,\N
2354,3093,2025-09-22,vehiculo,20942.46,72,vivienda,529,49.92,rechazada,score_crediticio_bajo
2355,3095,2023-07-05,personal,14019.16,36,consumo,764,17.68,aprobada,\N
2356,3096,2024-09-13,hipotecario,291205.7,180,vivienda,589,50.85,rechazada,score_crediticio_bajo
2357,3096,2023-08-02,personal,17022.86,36,consumo,571,53.53,rechazada,score_crediticio_bajo
2358,3097,2026-03-22,personal,13188.34,60,vivienda,691,36.65,aprobada,\N
2359,3098,2024-02-02,personal,15037.62,12,liquidez,731,40.17,aprobada,\N
2360,3099,2024-05-24,hipotecario,216737.54,240,reforma,797,41.34,aprobada,\N
2361,3099,2023-03-24,hipotecario,317347.38,240,vehiculo,786,52.48,aprobada,\N
2362,3099,2025-09-10,personal,27448.83,48,liquidez,821,41.36,aprobada,\N
2363,3102,2023-10-11,vehiculo,41417.65,84,vehiculo,710,26.72,aprobada,\N
2364,3105,2026-02-21,hipotecario,143071.64,360,liquidez,663,37.63,rechazada,criterios_riesgo
2365,3110,2025-10-24,vehiculo,12132.35,84,reforma,789,23.12,aprobada,\N
2366,3111,2026-04-25,personal,26329.65,48,liquidez,749,24.37,aprobada,\N
2367,3113,2023-05-29,personal,28461.98,60,vehiculo,752,46.43,aprobada,\N
2368,3117,2026-06-06,personal,25387.7,60,vivienda,729,40.45,aprobada,\N
2369,3119,2025-10-29,personal,4491.09,12,vivienda,797,25.67,aprobada,\N
2370,3120,2023-12-26,hipotecario,294923.12,300,vehiculo,611,68.76,rechazada,endeudamiento_elevado
2371,3120,2025-12-19,vehiculo,30636.66,84,liquidez,670,18.17,aprobada,\N
2372,3122,2025-11-20,personal,3567.37,36,liquidez,659,41.52,aprobada,\N
2373,3123,2026-01-29,vehiculo,30602.13,48,vehiculo,658,25.13,aprobada,\N
2374,3124,2025-09-22,personal,9135.03,60,reforma,603,35.47,rechazada,score_crediticio_bajo
2375,3125,2023-10-28,vehiculo,15246.45,84,vehiculo,610,14.17,aprobada,\N
2376,3126,2026-02-27,vehiculo,40679.3,48,liquidez,685,13.86,aprobada,\N
2377,3126,2024-09-14,hipotecario,201011.37,360,reforma,675,48.21,rechazada,criterios_riesgo
2378,3127,2024-10-04,hipotecario,206945.89,240,vehiculo,710,46.48,aprobada,\N
2379,3128,2026-06-02,personal,18430.67,60,reforma,660,22.26,aprobada,\N
2380,3129,2025-01-27,personal,13915.43,24,reforma,782,34.5,aprobada,\N
2381,3132,2023-07-24,personal,15587.23,36,reforma,775,28.54,aprobada,\N
2382,3133,2024-10-15,hipotecario,135336.67,240,liquidez,750,53.98,aprobada,\N
2383,3133,2023-09-27,personal,17142.64,12,consumo,727,52.26,aprobada,\N
2384,3135,2023-12-15,hipotecario,241080.89,180,liquidez,763,32.15,aprobada,\N
2385,3135,2024-04-27,personal,27124.32,24,vivienda,729,13.59,aprobada,\N
2386,3136,2023-04-04,hipotecario,214518.05,180,vivienda,601,57.45,rechazada,score_crediticio_bajo
2387,3136,2025-04-16,hipotecario,79185.72,240,liquidez,545,59.64,rechazada,score_crediticio_bajo
2388,3138,2026-06-27,personal,22477.8,24,vehiculo,606,38.95,rechazada,score_crediticio_bajo
2389,3138,2026-06-28,vehiculo,10259.55,72,liquidez,623,27.48,aprobada,\N
2390,3142,2026-06-30,personal,15289.72,48,vivienda,563,40.6,rechazada,score_crediticio_bajo
2391,3143,2026-06-30,personal,15342.3,60,vivienda,620,50.98,rechazada,ingresos_insuficientes
2392,3146,2026-03-08,personal,29843.92,48,liquidez,731,48.22,aprobada,\N
2393,3147,2025-09-11,personal,18449.67,60,liquidez,735,35.3,aprobada,\N
2394,3150,2023-01-30,hipotecario,113729.22,180,liquidez,696,27.94,aprobada,\N
2395,3153,2026-05-15,hipotecario,246005.95,240,consumo,743,39.31,aprobada,\N
2396,3154,2026-05-30,personal,24977.88,12,vehiculo,656,28.4,aprobada,\N
2397,3155,2026-04-20,vehiculo,11323.56,84,vehiculo,576,53.45,rechazada,score_crediticio_bajo
2398,3157,2025-08-08,vehiculo,9689.29,72,reforma,704,29.32,aprobada,\N
2399,3158,2023-02-28,hipotecario,211186.68,180,liquidez,672,46.54,aprobada,\N
2400,3158,2025-03-30,personal,7800.11,36,consumo,727,32.39,aprobada,\N
2401,3159,2026-04-12,personal,18111.75,12,liquidez,853,33.1,aprobada,\N
2402,3161,2025-11-29,hipotecario,222142.21,180,consumo,529,54.95,rechazada,score_crediticio_bajo
2403,3161,2026-01-30,vehiculo,32582.06,72,consumo,494,40.84,rechazada,score_crediticio_bajo
2404,3163,2023-12-08,hipotecario,152496.42,240,liquidez,688,28.87,aprobada,\N
2405,3164,2025-06-01,personal,28392.25,48,liquidez,871,19.48,aprobada,\N
2406,3164,2025-05-02,personal,24212.09,12,vehiculo,870,22.46,aprobada,\N
2407,3167,2024-04-18,personal,17180.56,60,vehiculo,790,25.11,aprobada,\N
2408,3172,2024-02-05,vehiculo,43374.64,72,consumo,767,23.8,aprobada,\N
2409,3181,2025-07-05,personal,10930.01,60,vivienda,625,43.36,aprobada,\N
2410,3181,2023-01-07,vehiculo,9427.03,72,liquidez,694,24.75,aprobada,\N
2411,3182,2025-11-22,hipotecario,293333.04,180,vehiculo,695,67.81,rechazada,endeudamiento_elevado
2412,3185,2024-09-21,vehiculo,17697.01,48,vivienda,617,21.56,aprobada,\N
2413,3185,2024-09-16,vehiculo,41493.99,36,vivienda,595,15.96,rechazada,score_crediticio_bajo
2414,3186,2024-02-28,personal,29693.5,36,liquidez,784,19.88,aprobada,\N
2415,3188,2023-01-11,personal,13412.86,12,vivienda,714,46.44,aprobada,\N
2416,3192,2026-06-29,vehiculo,44003.63,36,vivienda,704,21.36,aprobada,\N
2417,3192,2026-06-21,hipotecario,314563.75,360,vivienda,692,48.23,rechazada,criterios_riesgo
2418,3193,2025-11-18,personal,1914.43,60,vehiculo,632,36.98,aprobada,\N
2419,3195,2023-07-08,hipotecario,191211.52,360,vivienda,667,14.31,aprobada,\N
2420,3196,2025-02-27,personal,23789.1,24,reforma,764,28.76,aprobada,\N
2421,3196,2024-10-27,hipotecario,259404.23,180,vehiculo,752,19.13,aprobada,\N
2422,3198,2026-02-24,hipotecario,146899.44,300,vivienda,732,34.18,aprobada,\N
2423,3201,2024-08-17,personal,12388.54,60,vehiculo,609,29.34,rechazada,score_crediticio_bajo
2424,3203,2023-12-03,personal,6779.23,60,liquidez,645,12.86,aprobada,\N
2425,3203,2025-05-28,vehiculo,24513.12,48,liquidez,666,22.52,aprobada,\N
2426,3204,2025-07-30,vehiculo,35946.48,84,vehiculo,709,38.13,aprobada,\N
2427,3205,2026-05-14,hipotecario,309188.66,180,vivienda,631,78.16,rechazada,endeudamiento_elevado
2428,3206,2025-12-12,personal,25330.33,24,vivienda,743,30.21,aprobada,\N
2429,3207,2023-09-09,vehiculo,32825.49,72,vehiculo,745,40.72,aprobada,\N
2430,3209,2025-08-16,personal,10153.57,24,liquidez,694,31.55,aprobada,\N
2431,3210,2024-09-25,personal,21646.06,36,vivienda,743,17.28,aprobada,\N
2432,3211,2024-08-06,vehiculo,16886.41,84,consumo,784,35.31,aprobada,\N
2433,3215,2026-04-03,personal,25337.62,60,liquidez,828,31.99,aprobada,\N
2434,3215,2024-11-06,hipotecario,318496.79,240,vivienda,811,35.12,aprobada,\N
2435,3216,2026-04-24,hipotecario,292454.36,240,consumo,585,45.52,rechazada,score_crediticio_bajo
2436,3218,2025-04-25,personal,3979.55,48,reforma,800,26.1,aprobada,\N
2437,3220,2023-08-03,personal,25751.97,60,reforma,701,39.4,aprobada,\N
2438,3221,2023-02-24,personal,11897.93,48,vivienda,790,19.31,aprobada,\N
2439,3221,2023-04-29,vehiculo,35756.41,72,reforma,843,18.48,aprobada,\N
2440,3223,2024-11-07,personal,20762.74,36,vehiculo,718,33.65,aprobada,\N
2441,3223,2025-10-15,personal,22451.16,60,consumo,811,27.93,aprobada,\N
2442,3224,2024-07-11,personal,26822.38,60,liquidez,726,23.42,aprobada,\N
2443,3226,2023-06-28,vehiculo,26242.6,84,reforma,693,48.12,aprobada,\N
2444,3234,2023-05-05,hipotecario,170604.86,300,reforma,775,23.67,aprobada,\N
2445,3235,2025-04-18,vehiculo,25781.93,60,consumo,748,28.42,aprobada,\N
2446,3235,2024-01-25,hipotecario,86527.08,180,reforma,828,29.46,aprobada,\N
2447,3235,2025-01-15,personal,23704.95,36,reforma,748,18.51,aprobada,\N
2448,3236,2025-04-03,personal,23245.95,12,consumo,746,19.05,aprobada,\N
2449,3236,2025-09-23,personal,10848.91,12,vehiculo,712,30.78,aprobada,\N
2450,3238,2026-01-06,personal,14820.85,60,vivienda,795,0.18,aprobada,\N
2451,3238,2025-09-27,vehiculo,21142.45,84,vehiculo,788,26.23,aprobada,\N
2452,3239,2025-02-10,personal,13330.71,24,reforma,707,47.78,aprobada,\N
2453,3241,2024-11-08,hipotecario,301347.3,300,reforma,837,30.23,aprobada,\N
2454,3241,2025-02-07,personal,28933.51,12,consumo,832,38.9,aprobada,\N
2455,3241,2025-06-26,vehiculo,14805.87,36,vivienda,796,34.36,aprobada,\N
2456,3243,2024-12-04,hipotecario,94564.91,360,vivienda,761,39.54,rechazada,criterios_riesgo
2457,3246,2026-06-13,personal,19519.21,24,vehiculo,672,27.68,aprobada,\N
2458,3247,2026-06-30,personal,15750.69,48,reforma,715,23.37,aprobada,\N
2459,3251,2026-03-31,hipotecario,234342.18,180,vivienda,649,49.47,rechazada,criterios_riesgo
2460,3252,2026-04-05,personal,12319.72,12,vehiculo,786,41.01,aprobada,\N
2461,3252,2025-07-15,personal,15455.33,36,liquidez,807,27.1,aprobada,\N
2462,3254,2026-03-09,personal,4760.95,24,reforma,685,20.28,rechazada,ingresos_insuficientes
2463,3255,2024-02-26,hipotecario,132806.69,240,consumo,519,66.06,rechazada,score_crediticio_bajo
2464,3260,2023-09-15,personal,29478.73,48,liquidez,615,28.02,aprobada,\N
2465,3262,2025-11-30,vehiculo,12772.46,36,vivienda,739,29.44,aprobada,\N
2466,3262,2024-03-08,personal,14774.4,60,consumo,685,47.27,aprobada,\N
2467,3263,2023-03-21,personal,8968.62,36,vehiculo,638,33.72,aprobada,\N
2468,3263,2025-08-04,personal,9382.58,12,reforma,681,43.12,aprobada,\N
2469,3264,2025-02-20,personal,9010.82,60,reforma,706,37.61,aprobada,\N
2470,3268,2026-04-11,hipotecario,188973.39,240,liquidez,688,49.91,aprobada,\N
2471,3270,2026-04-30,personal,17975.96,24,vivienda,793,24.6,rechazada,ingresos_insuficientes
2472,3271,2023-11-22,vehiculo,42210.79,48,consumo,525,35.73,rechazada,score_crediticio_bajo
2473,3272,2024-02-20,hipotecario,318000.62,300,liquidez,766,43.7,aprobada,\N
2474,3272,2025-03-15,personal,15469.07,12,reforma,819,35.34,aprobada,\N
2475,3276,2026-05-22,vehiculo,23127.57,72,vehiculo,557,47.08,rechazada,score_crediticio_bajo
2476,3278,2023-03-23,personal,11220.69,60,consumo,752,27.35,aprobada,\N
2477,3279,2024-07-23,hipotecario,107709.98,240,consumo,562,89.98,rechazada,score_crediticio_bajo
2478,3279,2024-06-15,vehiculo,20749.46,84,consumo,623,48.79,rechazada,ingresos_insuficientes
2479,3285,2026-06-20,personal,14500.29,36,vehiculo,722,25.14,aprobada,\N
2480,3285,2026-06-08,vehiculo,37198.11,60,liquidez,730,17.65,aprobada,\N
2481,3286,2025-02-06,hipotecario,288316.25,240,reforma,681,20.49,aprobada,\N
2482,3286,2025-01-05,vehiculo,41884.26,48,vivienda,683,11.44,aprobada,\N
2483,3287,2026-04-13,hipotecario,152373.75,360,vivienda,590,50.6,rechazada,score_crediticio_bajo
2484,3287,2026-04-09,personal,16203.47,36,liquidez,580,39.48,rechazada,score_crediticio_bajo
2485,3288,2023-01-08,hipotecario,196619.72,240,vivienda,743,49.23,aprobada,\N
2486,3289,2026-03-19,vehiculo,25341.46,84,vehiculo,634,23.38,aprobada,\N
2487,3290,2026-06-25,personal,28863.15,48,consumo,740,44.16,aprobada,\N
2488,3291,2024-02-15,personal,21375.16,24,consumo,732,22.0,aprobada,\N
2489,3292,2024-03-26,personal,29573.92,24,reforma,547,57.01,rechazada,score_crediticio_bajo
2490,3293,2024-04-23,personal,15441.07,60,liquidez,797,14.6,aprobada,\N
2491,3295,2023-06-12,hipotecario,262586.07,240,consumo,580,69.0,rechazada,score_crediticio_bajo
2492,3296,2023-03-27,personal,21694.39,48,vivienda,684,31.76,aprobada,\N
2493,3297,2026-06-26,hipotecario,298216.92,300,consumo,758,53.97,rechazada,criterios_riesgo
2494,3300,2026-03-17,vehiculo,14867.99,48,vivienda,723,57.07,rechazada,endeudamiento_elevado
2495,3301,2025-12-15,vehiculo,19867.62,36,vivienda,680,36.07,aprobada,\N
2496,3302,2025-03-12,vehiculo,8504.05,36,vivienda,796,20.09,aprobada,\N
2497,3302,2023-02-14,vehiculo,32910.94,36,reforma,810,12.6,aprobada,\N
2498,3302,2024-06-13,personal,15411.35,24,consumo,804,21.4,aprobada,\N
2499,3303,2025-04-04,personal,12097.85,60,vivienda,766,42.4,aprobada,\N
2500,3303,2025-09-21,vehiculo,25353.37,36,consumo,749,27.89,aprobada,\N
2501,3304,2025-08-13,personal,14465.97,48,reforma,724,10.19,aprobada,\N
2502,3304,2025-11-01,personal,10816.52,24,vehiculo,692,25.22,aprobada,\N
2503,3305,2025-11-06,personal,13399.47,60,vivienda,767,11.51,aprobada,\N
2504,3306,2025-09-08,personal,13613.69,36,vehiculo,711,47.33,aprobada,\N
2505,3308,2024-12-18,vehiculo,22758.39,72,consumo,683,25.99,aprobada,\N
2506,3311,2023-03-15,vehiculo,21096.48,60,consumo,693,34.17,aprobada,\N
2507,3311,2024-09-16,vehiculo,41664.88,84,consumo,682,46.8,aprobada,\N
2508,3313,2023-07-29,hipotecario,251690.63,180,liquidez,659,44.75,rechazada,criterios_riesgo
2509,3315,2024-06-10,personal,21812.1,48,liquidez,712,25.61,aprobada,\N
2510,3317,2023-07-29,personal,28036.13,12,vivienda,563,57.66,rechazada,score_crediticio_bajo
2511,3326,2023-02-03,personal,12374.8,12,liquidez,539,53.01,rechazada,score_crediticio_bajo
2512,3329,2026-04-05,hipotecario,180288.14,300,vivienda,530,60.77,rechazada,score_crediticio_bajo
2513,3330,2024-08-03,personal,25863.54,48,vivienda,718,21.72,aprobada,\N
2514,3331,2025-09-23,personal,26282.84,48,consumo,740,30.25,aprobada,\N
2515,3331,2026-03-09,vehiculo,22147.95,84,vehiculo,729,20.75,aprobada,\N
2516,3332,2026-02-17,personal,11911.71,24,consumo,717,16.56,aprobada,\N
2517,3333,2025-03-10,personal,4852.78,48,reforma,580,49.58,rechazada,score_crediticio_bajo
2518,3334,2024-01-14,personal,8578.31,24,liquidez,731,41.54,aprobada,\N
2519,3340,2026-06-12,hipotecario,253365.79,240,vehiculo,701,22.74,aprobada,\N
2520,3341,2024-11-30,personal,11508.49,12,vehiculo,584,43.85,rechazada,score_crediticio_bajo
2521,3343,2025-05-01,hipotecario,129274.48,180,vehiculo,642,47.23,aprobada,\N
2522,3344,2024-07-07,personal,5921.72,60,liquidez,682,35.96,aprobada,\N
2523,3346,2023-02-18,vehiculo,37932.59,72,liquidez,576,26.58,rechazada,score_crediticio_bajo
2524,3346,2026-04-03,personal,27794.71,12,vivienda,522,29.11,rechazada,score_crediticio_bajo
2525,3347,2024-01-02,personal,16247.51,60,vehiculo,681,45.75,aprobada,\N
2526,3347,2023-11-18,personal,16336.94,36,reforma,725,34.52,aprobada,\N
2527,3349,2026-05-20,vehiculo,28406.61,84,liquidez,693,46.38,aprobada,\N
2528,3350,2023-09-12,vehiculo,25417.29,48,consumo,815,21.06,aprobada,\N
2529,3352,2024-07-19,vehiculo,32768.97,84,consumo,747,2.89,aprobada,\N
2530,3353,2026-02-28,personal,22549.13,60,reforma,592,26.06,rechazada,score_crediticio_bajo
2531,3354,2024-01-05,vehiculo,40792.38,48,consumo,666,40.01,aprobada,\N
2532,3356,2025-12-22,vehiculo,30148.38,84,vehiculo,618,28.06,rechazada,ingresos_insuficientes
2533,3358,2023-07-19,personal,5225.86,36,vehiculo,740,23.54,aprobada,\N
2534,3358,2025-01-02,personal,2807.83,12,consumo,699,31.34,aprobada,\N
2535,3359,2024-02-08,personal,16801.44,60,vivienda,626,28.62,aprobada,\N
2536,3360,2024-01-12,personal,27456.09,36,reforma,710,39.23,aprobada,\N
2537,3361,2025-11-16,personal,2248.45,48,vivienda,673,31.87,aprobada,\N
2538,3361,2023-02-22,personal,28346.06,24,vivienda,722,9.38,aprobada,\N
2539,3363,2023-03-27,personal,26933.59,60,liquidez,672,8.92,aprobada,\N
2540,3365,2026-06-30,vehiculo,39029.57,60,vivienda,719,33.41,aprobada,\N
2541,3366,2025-09-03,personal,21518.13,60,consumo,801,15.26,aprobada,\N
2542,3367,2025-08-12,vehiculo,9318.58,60,vehiculo,786,22.13,aprobada,\N
2543,3370,2025-06-15,hipotecario,224026.69,180,consumo,676,32.02,aprobada,\N
2544,3372,2026-01-15,personal,18909.01,36,vivienda,601,13.3,rechazada,score_crediticio_bajo
2545,3372,2025-09-29,personal,22640.64,24,vehiculo,595,21.63,rechazada,score_crediticio_bajo
2546,3374,2026-06-05,vehiculo,38960.2,48,vehiculo,790,29.77,aprobada,\N
2547,3375,2024-09-05,personal,15459.36,60,liquidez,708,12.09,aprobada,\N
2548,3377,2023-05-10,personal,4502.27,12,consumo,532,33.09,rechazada,score_crediticio_bajo
2549,3378,2024-11-29,vehiculo,42849.96,48,vehiculo,608,54.83,rechazada,score_crediticio_bajo
2550,3379,2026-04-01,personal,2214.67,12,consumo,786,19.19,aprobada,\N
2551,3380,2026-02-04,personal,20807.87,48,consumo,748,10.2,aprobada,\N
2552,3380,2026-03-17,personal,6586.2,48,vehiculo,745,6.79,aprobada,\N
2553,3380,2025-05-13,personal,19190.91,12,reforma,742,31.96,aprobada,\N
2554,3382,2024-07-29,vehiculo,41000.74,48,reforma,801,12.52,aprobada,\N
2555,3383,2025-07-13,vehiculo,19029.41,84,liquidez,577,41.61,rechazada,score_crediticio_bajo
2556,3383,2025-12-28,personal,20574.03,36,vivienda,620,28.17,aprobada,\N
2557,3388,2024-12-11,personal,24901.83,12,consumo,697,28.33,aprobada,\N
2558,3388,2023-05-05,personal,13925.27,48,vivienda,737,26.13,aprobada,\N
2559,3388,2024-02-16,personal,9153.8,24,vehiculo,681,34.91,aprobada,\N
2560,3389,2025-08-31,personal,11257.14,24,vehiculo,743,30.29,aprobada,\N
2561,3392,2026-03-12,personal,3189.31,48,liquidez,728,21.55,aprobada,\N
2562,3392,2025-06-24,personal,29384.22,36,reforma,722,26.65,aprobada,\N
2563,3392,2025-09-12,personal,4677.57,12,vivienda,709,43.0,aprobada,\N
2564,3393,2026-04-26,vehiculo,17851.87,72,liquidez,712,24.53,aprobada,\N
2565,3394,2024-08-19,personal,7275.32,12,vehiculo,729,5.8,aprobada,\N
2566,3395,2026-03-14,personal,23369.16,60,reforma,843,10.27,aprobada,\N
2567,3399,2026-04-16,vehiculo,27357.88,72,vehiculo,524,51.46,rechazada,score_crediticio_bajo
2568,3402,2023-11-30,vehiculo,19415.17,72,vehiculo,650,0,aprobada,\N
2569,3403,2023-08-07,vehiculo,12885.55,72,vehiculo,770,42.3,aprobada,\N
2570,3404,2023-04-16,hipotecario,198372.48,240,consumo,733,21.98,aprobada,\N
2571,3407,2024-03-03,personal,6803.43,24,vivienda,783,0,aprobada,\N
2572,3409,2025-03-20,vehiculo,14338.25,84,reforma,645,14.19,aprobada,\N
2573,3410,2024-04-01,vehiculo,33404.2,48,vivienda,608,51.01,rechazada,score_crediticio_bajo
2574,3411,2023-12-13,hipotecario,319517.34,240,consumo,765,18.13,aprobada,\N
2575,3413,2024-10-04,personal,3862.91,24,reforma,746,44.55,aprobada,\N
2576,3415,2026-03-21,vehiculo,18302.92,48,consumo,730,41.53,aprobada,\N
2577,3416,2024-08-19,vehiculo,22434.69,60,vehiculo,676,30.43,aprobada,\N
2578,3417,2026-02-25,vehiculo,36711.8,72,consumo,862,25.3,aprobada,\N
2579,3418,2024-01-05,hipotecario,214318.99,240,vivienda,878,23.63,aprobada,\N
2580,3420,2023-10-25,personal,18440.43,48,liquidez,708,38.67,aprobada,\N
2581,3421,2025-01-01,vehiculo,17022.61,72,vivienda,746,26.04,aprobada,\N
2582,3422,2023-01-10,personal,28897.12,60,liquidez,755,34.72,aprobada,\N
2583,3422,2023-11-22,hipotecario,263797.79,180,reforma,740,34.24,aprobada,\N
2584,3423,2024-01-01,personal,13770.41,12,reforma,563,26.75,rechazada,score_crediticio_bajo
2585,3423,2025-03-05,personal,4712.07,24,reforma,542,23.12,rechazada,score_crediticio_bajo
2586,3426,2025-08-29,personal,5847.3,12,vivienda,746,10.76,aprobada,\N
2587,3427,2023-09-13,personal,19800.29,24,vehiculo,817,12.44,aprobada,\N
2588,3427,2023-09-18,personal,24374.89,12,liquidez,779,11.48,aprobada,\N
2589,3428,2024-06-25,personal,10473.83,36,vivienda,604,20.43,rechazada,score_crediticio_bajo
2590,3429,2023-01-03,vehiculo,20490.12,60,vehiculo,745,30.78,aprobada,\N
2591,3431,2026-03-08,personal,23209.64,36,consumo,695,44.63,aprobada,\N
2592,3431,2023-06-19,personal,25491.37,12,vehiculo,700,26.83,aprobada,\N
2593,3434,2026-05-16,personal,25139.85,48,consumo,538,28.9,rechazada,score_crediticio_bajo
2594,3438,2026-05-12,vehiculo,14771.45,60,consumo,773,11.93,aprobada,\N
2595,3438,2023-10-21,personal,14808.39,60,vivienda,769,18.46,aprobada,\N
2596,3440,2023-07-23,vehiculo,43489.44,36,vivienda,775,33.14,aprobada,\N
2597,3442,2026-04-23,hipotecario,277021.05,360,reforma,782,42.41,aprobada,\N
2598,3444,2024-09-05,hipotecario,160033.67,360,reforma,673,48.8,rechazada,ingresos_insuficientes
2599,3447,2025-07-15,vehiculo,14209.17,48,liquidez,585,47.37,rechazada,score_crediticio_bajo
2600,3448,2023-09-30,personal,29222.56,60,vivienda,721,7.66,aprobada,\N
2601,3449,2025-01-07,personal,11611.21,24,consumo,779,0,aprobada,\N
2602,3450,2023-04-09,vehiculo,37763.8,36,reforma,505,36.33,rechazada,score_crediticio_bajo
2603,3451,2026-03-13,vehiculo,39623.61,84,vehiculo,586,63.49,rechazada,score_crediticio_bajo
2604,3452,2024-05-01,personal,9685.39,48,reforma,690,0,rechazada,ingresos_insuficientes
2605,3453,2023-01-17,personal,4997.97,12,vehiculo,750,31.64,aprobada,\N
2606,3454,2024-06-12,hipotecario,291136.94,180,reforma,620,54.26,rechazada,criterios_riesgo
2607,3454,2025-10-21,vehiculo,27434.19,72,consumo,692,24.64,aprobada,\N
2608,3455,2023-08-17,vehiculo,11389.85,72,liquidez,728,37.67,aprobada,\N
2609,3455,2026-03-31,vehiculo,17569.52,48,vehiculo,702,51.24,aprobada,\N
2610,3455,2024-07-24,hipotecario,140723.39,180,reforma,729,31.0,aprobada,\N
2611,3456,2025-08-11,vehiculo,16163.06,60,vivienda,691,23.51,aprobada,\N
2612,3459,2024-06-04,vehiculo,15466.27,72,vivienda,659,51.42,aprobada,\N
2613,3460,2024-04-10,vehiculo,34891.2,60,vehiculo,820,30.58,aprobada,\N
2614,3464,2024-01-28,personal,28839.72,12,vivienda,750,34.17,aprobada,\N
2615,3467,2025-06-11,personal,20812.28,48,vehiculo,728,25.27,aprobada,\N
2616,3472,2026-04-10,personal,3671.77,24,vehiculo,757,34.73,aprobada,\N
2617,3472,2026-03-24,vehiculo,17545.24,72,liquidez,779,0,aprobada,\N
2618,3474,2026-04-03,personal,11314.46,12,consumo,772,29.04,aprobada,\N
2619,3475,2025-03-06,hipotecario,278049.97,180,reforma,709,45.05,aprobada,\N
2620,3475,2025-02-18,personal,26487.46,36,vehiculo,757,40.86,aprobada,\N
2621,3477,2024-11-22,vehiculo,43038.09,36,consumo,710,23.45,aprobada,\N
2622,3481,2024-06-06,personal,14388.23,36,liquidez,773,40.64,aprobada,\N
2623,3482,2023-12-07,vehiculo,17261.82,60,reforma,677,39.22,aprobada,\N
2624,3483,2024-06-02,personal,13060.57,24,reforma,703,12.64,aprobada,\N
2625,3486,2026-03-20,vehiculo,44161.11,72,reforma,736,5.01,aprobada,\N
2626,3487,2026-02-04,personal,23371.08,60,reforma,702,25.1,aprobada,\N
2627,3487,2024-09-03,vehiculo,34658.28,48,vehiculo,678,36.88,aprobada,\N
2628,3488,2025-12-22,personal,6194.13,24,liquidez,658,49.04,aprobada,\N
2629,3488,2024-03-06,vehiculo,28202.79,60,vehiculo,691,0,aprobada,\N
2630,3488,2025-06-25,personal,22182.82,48,liquidez,709,46.19,aprobada,\N
2631,3491,2026-02-16,hipotecario,125251.24,300,consumo,629,56.56,rechazada,endeudamiento_elevado
2632,3492,2024-12-24,hipotecario,116414.66,240,reforma,753,24.02,aprobada,\N
2633,3493,2026-06-30,personal,6475.56,24,consumo,716,16.51,aprobada,\N
2634,3493,2026-06-30,personal,3001.19,48,vehiculo,730,24.84,aprobada,\N
2635,3495,2025-03-06,hipotecario,155951.2,180,vivienda,689,24.41,aprobada,\N
2636,3496,2023-01-26,vehiculo,24692.66,60,reforma,820,24.76,aprobada,\N
2637,3499,2025-05-25,personal,2123.58,48,liquidez,742,29.11,aprobada,\N
2638,3501,2026-05-29,personal,26571.68,36,consumo,718,38.01,aprobada,\N
2639,3503,2026-02-06,hipotecario,159404.18,180,consumo,684,13.9,aprobada,\N
2640,3503,2023-01-20,vehiculo,17864.47,60,vivienda,679,18.34,aprobada,\N
2641,3503,2026-02-22,hipotecario,298805.78,180,liquidez,688,37.87,aprobada,\N
2642,3507,2025-05-03,personal,27521.08,12,vehiculo,669,26.56,aprobada,\N
2643,3507,2025-05-23,personal,24200.75,24,vehiculo,697,6.06,aprobada,\N
2644,3507,2023-04-10,personal,29421.37,36,reforma,661,18.92,aprobada,\N
2645,3508,2026-05-30,personal,29599.36,12,consumo,762,13.85,aprobada,\N
2646,3509,2023-07-01,vehiculo,25333.43,60,vehiculo,567,29.81,rechazada,score_crediticio_bajo
2647,3510,2026-06-12,personal,13623.52,24,vivienda,730,41.12,aprobada,\N
2648,3510,2024-07-16,personal,24498.27,36,consumo,767,37.82,aprobada,\N
2649,3512,2025-11-13,personal,7605.41,24,consumo,719,5.3,aprobada,\N
2650,3514,2023-10-10,vehiculo,17797.19,60,reforma,689,22.24,aprobada,\N
2651,3514,2025-06-02,personal,18798.29,24,vehiculo,696,26.7,aprobada,\N
2652,3516,2025-02-18,personal,12097.22,48,liquidez,680,17.61,aprobada,\N
2653,3516,2025-03-08,personal,28625.8,12,vehiculo,688,25.83,aprobada,\N
2654,3518,2023-03-08,personal,8014.85,36,consumo,764,20.11,aprobada,\N
2655,3519,2024-03-09,personal,8868.86,60,vehiculo,796,28.18,aprobada,\N
2656,3520,2025-10-02,personal,21762.12,36,vehiculo,789,17.85,aprobada,\N
2657,3520,2024-09-05,vehiculo,22914.12,36,vehiculo,771,47.33,aprobada,\N
2658,3522,2026-06-10,personal,9201.0,12,consumo,659,35.6,aprobada,\N
2659,3526,2026-04-30,personal,3732.35,60,reforma,740,36.01,aprobada,\N
2660,3527,2025-07-01,personal,18724.0,48,liquidez,626,56.7,rechazada,endeudamiento_elevado
2661,3528,2023-04-29,personal,26311.63,12,liquidez,602,47.48,rechazada,score_crediticio_bajo
2662,3529,2025-01-10,personal,25210.03,48,consumo,779,41.09,aprobada,\N
2663,3529,2024-11-16,personal,19617.66,36,consumo,787,29.46,aprobada,\N
2664,3534,2026-06-05,personal,6278.91,60,reforma,762,55.66,rechazada,endeudamiento_elevado
2665,3535,2024-03-05,hipotecario,85372.28,240,consumo,816,37.92,aprobada,\N
2666,3535,2024-03-12,hipotecario,134748.08,240,vivienda,842,19.56,aprobada,\N
2667,3536,2023-11-20,personal,27320.58,48,consumo,699,59.26,rechazada,endeudamiento_elevado
2668,3538,2026-06-27,vehiculo,29896.45,60,vivienda,741,6.32,aprobada,\N
2669,3538,2024-11-24,personal,19751.21,24,consumo,705,55.39,rechazada,endeudamiento_elevado
2670,3538,2025-09-01,vehiculo,16329.28,72,reforma,736,17.92,aprobada,\N
2671,3539,2024-05-06,vehiculo,37050.61,84,vehiculo,822,32.41,aprobada,\N
2672,3540,2024-02-10,personal,28379.0,48,vehiculo,758,32.68,aprobada,\N
2673,3540,2026-04-24,vehiculo,12011.66,84,vivienda,723,17.8,aprobada,\N
2674,3544,2026-06-29,vehiculo,13583.85,84,reforma,665,16.92,aprobada,\N
2675,3545,2026-05-25,vehiculo,19227.65,72,consumo,847,7.71,aprobada,\N
2676,3545,2023-03-27,personal,15494.79,36,vehiculo,873,34.18,aprobada,\N
2677,3546,2026-04-20,personal,17854.39,48,consumo,726,36.67,aprobada,\N
2678,3547,2024-09-23,personal,5440.39,48,vehiculo,807,18.28,aprobada,\N
2679,3552,2026-05-21,vehiculo,17705.03,60,vehiculo,731,19.0,aprobada,\N
2680,3553,2024-12-06,vehiculo,11324.72,36,vivienda,652,9.73,rechazada,ingresos_insuficientes
2681,3555,2023-11-26,personal,27101.38,60,vivienda,866,24.07,aprobada,\N
2682,3555,2024-08-14,personal,7329.3,36,consumo,822,58.64,rechazada,endeudamiento_elevado
2683,3556,2025-08-01,personal,10121.73,48,consumo,451,95,rechazada,score_crediticio_bajo
2684,3559,2025-09-19,personal,23108.51,60,vehiculo,680,30.97,aprobada,\N
2685,3560,2026-05-23,personal,24562.0,12,vivienda,780,21.2,aprobada,\N
2686,3561,2023-04-01,hipotecario,220245.78,360,consumo,663,33.45,aprobada,\N
2687,3561,2025-06-02,personal,13823.13,60,reforma,584,0,rechazada,score_crediticio_bajo
2688,3561,2023-12-09,vehiculo,37659.92,36,vehiculo,635,23.13,aprobada,\N
2689,3563,2026-06-20,personal,10221.01,12,vivienda,742,18.21,aprobada,\N
2690,3566,2025-04-22,personal,11696.41,60,vivienda,717,28.99,aprobada,\N
2691,3567,2024-06-11,vehiculo,29929.4,36,reforma,746,33.44,aprobada,\N
2692,3571,2023-12-13,personal,9812.33,60,consumo,629,1.34,aprobada,\N
2693,3572,2026-02-18,personal,6093.2,24,consumo,815,16.73,aprobada,\N
2694,3573,2024-12-22,personal,20563.05,12,vivienda,675,23.0,aprobada,\N
2695,3576,2025-10-18,hipotecario,122455.59,240,consumo,668,53.31,rechazada,criterios_riesgo
2696,3578,2023-01-08,personal,3677.61,36,vehiculo,734,50.07,aprobada,\N
2697,3579,2025-11-03,vehiculo,44511.23,60,reforma,675,18.41,aprobada,\N
2698,3579,2025-12-02,personal,19466.9,24,consumo,724,20.55,aprobada,\N
2699,3584,2025-11-21,hipotecario,238120.02,240,liquidez,655,45.47,rechazada,ingresos_insuficientes
2700,3585,2023-07-05,personal,23621.51,12,vehiculo,753,30.48,aprobada,\N
2701,3585,2024-07-31,hipotecario,318665.75,180,vivienda,728,56.66,rechazada,endeudamiento_elevado
2702,3586,2023-04-23,hipotecario,257452.09,240,consumo,780,40.98,aprobada,\N
2703,3587,2024-01-20,personal,18679.09,60,vehiculo,757,24.24,aprobada,\N
2704,3590,2026-01-31,vehiculo,31493.72,60,vehiculo,827,16.66,aprobada,\N
2705,3590,2023-06-25,vehiculo,38163.39,60,reforma,785,18.92,aprobada,\N
2706,3592,2024-12-18,hipotecario,304522.21,180,liquidez,665,64.61,rechazada,endeudamiento_elevado
2707,3593,2023-02-17,vehiculo,34413.43,48,reforma,592,10.91,rechazada,score_crediticio_bajo
2708,3594,2025-01-11,personal,5890.34,60,reforma,702,11.4,aprobada,\N
2709,3595,2023-12-29,vehiculo,41150.43,60,liquidez,705,55.51,rechazada,endeudamiento_elevado
2710,3596,2024-01-16,vehiculo,42047.07,36,reforma,696,26.24,aprobada,\N
2711,3597,2024-06-12,personal,24094.66,48,vehiculo,713,49.89,aprobada,\N
2712,3597,2023-10-31,personal,14660.84,12,liquidez,687,4.79,aprobada,\N
2713,3598,2023-05-18,vehiculo,21171.32,48,liquidez,680,31.09,aprobada,\N
2714,3599,2025-11-04,vehiculo,42260.92,36,reforma,696,58.11,rechazada,endeudamiento_elevado
2715,3601,2025-10-22,vehiculo,19676.42,48,vehiculo,665,38.28,aprobada,\N
2716,3602,2024-02-01,hipotecario,190935.42,360,consumo,691,15.09,aprobada,\N
2717,3606,2023-10-19,personal,23237.78,24,reforma,693,35.75,aprobada,\N
2718,3606,2024-10-18,vehiculo,35505.15,36,liquidez,705,40.28,aprobada,\N
2719,3607,2025-10-30,personal,15416.62,24,liquidez,695,46.71,aprobada,\N
2720,3608,2025-05-17,personal,27559.34,36,reforma,657,27.93,aprobada,\N
2721,3609,2026-06-21,personal,20434.92,48,consumo,690,12.71,aprobada,\N
2722,3612,2024-06-25,personal,25830.35,12,consumo,685,22.77,aprobada,\N
2723,3613,2024-03-06,personal,5968.89,12,vehiculo,690,28.75,aprobada,\N
2724,3614,2023-10-20,hipotecario,162631.91,240,vivienda,816,33.34,aprobada,\N
2725,3616,2023-07-25,personal,20719.49,24,vivienda,775,33.7,aprobada,\N
2726,3618,2026-06-09,personal,19074.13,24,consumo,728,38.07,rechazada,ingresos_insuficientes
2727,3618,2025-11-04,personal,19192.67,48,vivienda,727,23.31,rechazada,ingresos_insuficientes
2728,3621,2023-08-14,personal,27343.05,48,vivienda,659,42.34,aprobada,\N
2729,3622,2026-06-29,hipotecario,277303.75,180,consumo,793,48.77,rechazada,criterios_riesgo
2730,3625,2024-03-04,personal,21216.92,60,vehiculo,797,0,aprobada,\N
2731,3625,2025-01-24,personal,14545.8,48,vivienda,784,21.16,aprobada,\N
2732,3627,2024-08-25,personal,8555.91,48,vehiculo,800,31.82,aprobada,\N
2733,3628,2025-06-06,hipotecario,82377.14,240,reforma,398,55.93,rechazada,score_crediticio_bajo
2734,3631,2025-11-23,hipotecario,293459.65,180,vehiculo,694,72.93,rechazada,endeudamiento_elevado
2735,3631,2025-05-11,personal,12967.45,48,vivienda,808,46.8,aprobada,\N
2736,3631,2025-12-07,personal,12537.48,36,vehiculo,816,22.77,aprobada,\N
2737,3633,2025-09-06,vehiculo,10135.37,60,vivienda,685,34.26,aprobada,\N
2738,3633,2026-04-10,hipotecario,203330.22,240,liquidez,741,34.5,aprobada,\N
2739,3634,2026-06-20,personal,11295.94,48,reforma,718,30.6,aprobada,\N
2740,3635,2026-04-21,vehiculo,42329.42,36,reforma,711,27.2,aprobada,\N
2741,3635,2023-06-05,personal,28969.78,24,vivienda,667,43.63,aprobada,\N
2742,3635,2025-06-21,personal,6222.03,24,liquidez,663,24.71,aprobada,\N
2743,3636,2023-01-11,vehiculo,42465.27,72,reforma,716,45.97,aprobada,\N
2744,3637,2023-06-07,vehiculo,24983.01,72,liquidez,745,21.56,aprobada,\N
2745,3639,2024-12-10,personal,8146.51,12,reforma,688,0,aprobada,\N
2746,3639,2023-08-04,hipotecario,150380.92,180,liquidez,630,27.11,aprobada,\N
2747,3641,2024-12-02,personal,29674.64,36,vivienda,664,23.93,aprobada,\N
2748,3641,2026-03-24,personal,3365.3,24,vehiculo,725,13.87,aprobada,\N
2749,3642,2025-08-22,hipotecario,138234.96,180,reforma,723,50.07,rechazada,criterios_riesgo
2750,3643,2023-04-12,hipotecario,109505.47,240,vehiculo,748,43.21,aprobada,\N
2751,3643,2024-02-13,vehiculo,20725.63,60,vivienda,727,29.38,aprobada,\N
2752,3644,2024-05-07,vehiculo,37620.72,72,liquidez,706,57.81,rechazada,endeudamiento_elevado
2753,3645,2025-04-15,personal,18976.64,24,reforma,787,27.33,aprobada,\N
2754,3646,2026-06-03,personal,27818.24,48,liquidez,653,14.32,aprobada,\N
2755,3648,2025-04-11,personal,6750.6,60,consumo,722,8.95,aprobada,\N
2756,3648,2025-01-10,vehiculo,22281.69,48,liquidez,736,20.38,aprobada,\N
2757,3649,2026-06-11,personal,8312.5,60,consumo,668,31.18,aprobada,\N
2758,3650,2024-11-30,vehiculo,43157.34,72,vehiculo,730,38.9,aprobada,\N
2759,3652,2023-06-20,personal,7928.07,12,vivienda,770,14.25,aprobada,\N
2760,3652,2026-04-01,personal,6966.69,12,vivienda,782,33.56,aprobada,\N
2761,3652,2025-07-02,personal,19873.62,60,liquidez,774,23.39,aprobada,\N
2762,3653,2026-03-21,vehiculo,30258.68,72,consumo,606,50.75,rechazada,score_crediticio_bajo
2763,3653,2025-03-14,personal,6508.24,60,reforma,645,33.97,rechazada,ingresos_insuficientes
2764,3654,2023-01-19,personal,25566.4,24,liquidez,689,29.58,aprobada,\N
2765,3655,2024-04-19,personal,14399.59,24,reforma,721,28.09,aprobada,\N
2766,3656,2024-03-07,hipotecario,106437.01,360,vivienda,724,45.79,rechazada,criterios_riesgo
2767,3657,2026-04-16,hipotecario,148187.38,360,consumo,637,36.1,aprobada,\N
2768,3657,2026-04-30,personal,15065.93,60,consumo,658,15.19,aprobada,\N
2769,3658,2026-06-13,personal,22783.72,48,reforma,714,32.7,aprobada,\N
2770,3658,2024-01-18,personal,17340.02,36,vehiculo,701,26.0,aprobada,\N
2771,3659,2024-05-30,personal,17902.06,24,reforma,674,33.49,aprobada,\N
2772,3660,2023-03-02,personal,4730.22,12,vehiculo,760,20.52,aprobada,\N
2773,3664,2026-03-30,personal,5097.47,24,reforma,337,95,rechazada,score_crediticio_bajo
2774,3665,2025-06-07,personal,3032.14,48,vivienda,784,27.91,aprobada,\N
2775,3666,2026-06-04,vehiculo,12471.75,84,liquidez,733,6.57,aprobada,\N
2776,3666,2025-12-02,personal,6078.41,12,consumo,742,24.88,aprobada,\N
2777,3668,2026-05-08,vehiculo,13733.2,60,vivienda,738,27.04,aprobada,\N
2778,3669,2026-05-24,vehiculo,24509.68,48,consumo,689,50.37,aprobada,\N
2779,3669,2025-06-10,personal,17144.31,36,vehiculo,698,50.87,aprobada,\N
2780,3670,2024-12-07,personal,29151.77,36,vehiculo,716,30.24,aprobada,\N
2781,3672,2024-10-15,vehiculo,41742.98,60,consumo,680,42.74,aprobada,\N
2782,3672,2026-03-31,personal,24301.68,24,vivienda,667,28.33,aprobada,\N
2783,3673,2026-04-24,vehiculo,14770.73,48,reforma,803,32.87,aprobada,\N
2784,3673,2026-05-14,vehiculo,8554.7,84,vivienda,786,16.86,aprobada,\N
2785,3679,2025-05-01,personal,22550.54,48,consumo,670,33.94,aprobada,\N
2786,3680,2023-09-12,vehiculo,28330.14,48,liquidez,555,35.43,rechazada,score_crediticio_bajo
2787,3680,2024-04-09,personal,20258.41,60,liquidez,586,34.57,rechazada,score_crediticio_bajo
2788,3682,2024-10-04,vehiculo,21269.53,84,consumo,732,16.3,aprobada,\N
2789,3683,2025-09-02,vehiculo,43612.6,36,reforma,732,34.14,aprobada,\N
2790,3683,2025-07-11,personal,6220.55,24,vehiculo,713,35.12,aprobada,\N
2791,3684,2023-06-15,personal,23574.45,36,reforma,751,0,aprobada,\N
2792,3687,2025-05-31,vehiculo,29782.95,72,reforma,707,17.59,aprobada,\N
2793,3690,2026-06-10,vehiculo,13855.13,72,liquidez,568,18.36,rechazada,score_crediticio_bajo
2794,3690,2026-06-26,vehiculo,19104.14,84,liquidez,533,37.06,rechazada,score_crediticio_bajo
2795,3690,2026-06-12,hipotecario,312449.68,360,vivienda,515,56.98,rechazada,score_crediticio_bajo
2796,3691,2023-09-30,vehiculo,29049.82,48,vehiculo,659,70.53,rechazada,endeudamiento_elevado
2797,3693,2026-06-06,vehiculo,41547.55,60,liquidez,645,46.15,aprobada,\N
2798,3694,2023-08-28,personal,19221.79,24,vivienda,734,46.75,aprobada,\N
2799,3696,2024-01-18,personal,9764.78,48,reforma,673,39.25,aprobada,\N
2800,3696,2024-08-29,personal,2793.45,24,reforma,684,6.97,aprobada,\N
2801,3699,2023-04-22,personal,10957.74,48,vivienda,524,42.81,rechazada,score_crediticio_bajo
2802,3699,2024-06-07,personal,13313.38,12,liquidez,528,22.71,rechazada,score_crediticio_bajo
2803,3700,2026-06-23,personal,2010.37,12,vehiculo,739,39.35,aprobada,\N
2804,3701,2023-06-30,vehiculo,12897.5,60,liquidez,649,36.17,aprobada,\N
2805,3701,2024-10-08,vehiculo,24508.74,60,vehiculo,673,34.69,aprobada,\N
2806,3703,2025-11-05,vehiculo,31102.29,84,consumo,718,34.67,aprobada,\N
2807,3703,2026-05-03,vehiculo,40083.8,60,liquidez,723,10.71,aprobada,\N
2808,3704,2026-05-30,personal,27741.83,24,vehiculo,767,29.76,aprobada,\N
2809,3704,2023-09-06,vehiculo,30664.91,48,consumo,741,0,aprobada,\N
2810,3705,2025-03-19,personal,13192.22,36,liquidez,675,33.33,aprobada,\N
2811,3706,2025-02-01,personal,12548.64,36,vehiculo,654,21.81,aprobada,\N
2812,3708,2025-12-11,hipotecario,129354.18,240,reforma,631,39.13,aprobada,\N
2813,3709,2026-01-11,vehiculo,44677.19,84,liquidez,741,54.84,aprobada,\N
2814,3709,2023-04-26,vehiculo,16511.59,48,vivienda,758,0.17,aprobada,\N
2815,3710,2025-05-18,hipotecario,180592.95,240,vivienda,690,54.18,rechazada,criterios_riesgo
2816,3713,2026-05-11,personal,6772.05,60,liquidez,675,24.03,aprobada,\N
2817,3713,2026-06-28,hipotecario,255046.25,240,liquidez,678,38.57,aprobada,\N
2818,3714,2025-04-23,vehiculo,23958.14,60,reforma,780,37.83,aprobada,\N
2819,3715,2024-02-25,personal,2876.61,36,consumo,862,6.58,aprobada,\N
2820,3716,2025-08-22,personal,7005.29,48,reforma,743,6.1,aprobada,\N
2821,3717,2026-04-22,vehiculo,19285.54,36,consumo,684,36.72,aprobada,\N
2822,3717,2024-12-31,hipotecario,143554.71,360,liquidez,694,30.58,aprobada,\N
2823,3719,2023-03-27,hipotecario,267481.91,360,vivienda,547,57.64,rechazada,score_crediticio_bajo
2824,3723,2025-03-22,personal,17717.62,36,reforma,774,13.89,aprobada,\N
2825,3723,2023-04-10,personal,18906.66,24,liquidez,768,15.31,aprobada,\N
2826,3724,2023-06-11,personal,5954.11,48,vehiculo,782,30.48,aprobada,\N
2827,3725,2026-02-12,personal,5898.02,60,vivienda,784,14.96,aprobada,\N
2828,3727,2023-10-11,personal,16242.69,60,liquidez,739,0,aprobada,\N
2829,3728,2025-06-08,personal,24621.9,36,liquidez,697,38.65,rechazada,ingresos_insuficientes
2830,3732,2024-11-19,personal,8119.73,48,vehiculo,711,31.91,aprobada,\N
2831,3732,2024-02-24,vehiculo,39613.63,36,liquidez,746,13.23,aprobada,\N
2832,3734,2024-10-29,hipotecario,110657.73,180,liquidez,676,78.5,rechazada,endeudamiento_elevado
2833,3734,2023-08-19,personal,15111.88,36,vehiculo,809,17.16,aprobada,\N
2834,3734,2024-10-15,vehiculo,23750.18,36,vivienda,792,47.89,aprobada,\N
2835,3735,2023-02-19,hipotecario,297614.44,180,vehiculo,691,50.32,rechazada,criterios_riesgo
2836,3735,2023-12-22,vehiculo,18074.73,48,consumo,677,30.52,aprobada,\N
2837,3737,2026-05-11,vehiculo,35573.51,72,consumo,709,27.52,aprobada,\N
2838,3739,2025-03-06,vehiculo,27323.53,84,vivienda,760,21.59,aprobada,\N
2839,3739,2024-08-17,personal,3458.28,12,reforma,777,24.46,aprobada,\N
2840,3740,2024-09-15,personal,6065.38,24,consumo,823,17.26,aprobada,\N
2841,3743,2026-05-26,personal,29404.65,60,reforma,641,31.0,aprobada,\N
2842,3744,2025-07-31,personal,14996.44,12,consumo,624,45.51,rechazada,ingresos_insuficientes
2843,3746,2023-05-10,personal,14624.75,48,consumo,796,31.1,aprobada,\N
2844,3746,2025-06-28,personal,12905.87,24,consumo,780,33.65,aprobada,\N
2845,3748,2026-01-04,personal,7225.06,48,vivienda,707,33.87,aprobada,\N
2846,3748,2023-12-13,hipotecario,141429.62,240,liquidez,683,39.96,aprobada,\N
2847,3750,2023-01-27,personal,20297.31,48,liquidez,790,19.36,aprobada,\N
2848,3753,2023-02-09,personal,10435.07,60,consumo,621,56.59,rechazada,endeudamiento_elevado
2849,3753,2023-04-20,personal,23922.86,60,vivienda,623,12.75,aprobada,\N
2850,3754,2023-06-16,hipotecario,282093.17,240,vivienda,625,56.41,rechazada,endeudamiento_elevado
2851,3754,2024-05-13,personal,6970.39,48,liquidez,646,5.67,aprobada,\N
2852,3754,2023-09-12,personal,19928.6,24,liquidez,671,34.34,aprobada,\N
2853,3757,2026-06-29,vehiculo,33217.61,84,liquidez,684,20.0,aprobada,\N
2854,3758,2024-10-13,personal,21958.1,36,vivienda,877,36.94,aprobada,\N
2855,3759,2023-03-09,personal,5398.21,60,reforma,807,31.83,aprobada,\N
2856,3762,2025-11-08,hipotecario,135093.72,360,vivienda,677,32.99,rechazada,criterios_riesgo
2857,3764,2025-12-19,vehiculo,43468.89,48,consumo,506,40.56,rechazada,score_crediticio_bajo
2858,3765,2025-12-28,vehiculo,13704.81,84,vivienda,743,37.35,aprobada,\N
2859,3766,2023-03-29,personal,4463.97,36,consumo,765,19.64,aprobada,\N
2860,3768,2024-08-14,personal,15870.97,24,vivienda,573,0,rechazada,score_crediticio_bajo
2861,3770,2025-05-03,personal,9157.84,48,vehiculo,683,10.48,aprobada,\N
2862,3770,2023-08-18,personal,15094.8,48,vehiculo,711,32.36,aprobada,\N
2863,3771,2026-05-31,personal,11836.05,36,vehiculo,793,30.89,aprobada,\N
2864,3771,2026-04-18,personal,1904.26,12,liquidez,819,41.64,aprobada,\N
2865,3774,2025-12-17,personal,19126.57,36,liquidez,772,29.72,aprobada,\N
2866,3776,2026-06-30,vehiculo,14003.87,60,liquidez,763,33.65,aprobada,\N
2867,3777,2026-03-03,vehiculo,30083.68,36,consumo,655,1.31,rechazada,ingresos_insuficientes
2868,3777,2023-04-11,personal,7909.97,24,vivienda,704,21.97,rechazada,ingresos_insuficientes
2869,3777,2023-09-02,hipotecario,238245.71,360,reforma,583,69.56,rechazada,score_crediticio_bajo
2870,3779,2026-01-23,personal,4536.06,48,vehiculo,719,38.74,aprobada,\N
2871,3782,2026-03-09,personal,26299.6,48,vivienda,792,43.61,aprobada,\N
2872,3783,2023-08-28,personal,13354.9,24,vivienda,728,28.53,aprobada,\N
2873,3784,2023-08-07,vehiculo,39337.62,60,liquidez,738,24.02,aprobada,\N
2874,3787,2025-11-09,vehiculo,37804.43,48,consumo,756,24.49,aprobada,\N
2875,3787,2024-09-17,personal,11649.91,36,reforma,774,11.75,aprobada,\N
2876,3788,2026-05-30,personal,23859.84,24,liquidez,741,22.81,aprobada,\N
2877,3791,2026-03-24,hipotecario,288595.36,300,vehiculo,783,33.63,aprobada,\N
2878,3792,2024-06-13,personal,15923.46,36,vehiculo,831,22.5,aprobada,\N
2879,3794,2023-01-18,vehiculo,29521.33,36,consumo,674,42.68,aprobada,\N
2880,3795,2026-01-29,vehiculo,42311.89,36,consumo,775,25.66,aprobada,\N
2881,3796,2024-03-21,vehiculo,39594.69,36,vehiculo,680,12.79,aprobada,\N
2882,3799,2024-11-20,hipotecario,242109.75,360,vehiculo,843,37.73,aprobada,\N
2883,3800,2026-03-10,personal,14382.81,48,vivienda,724,15.42,aprobada,\N
2884,3800,2026-03-06,personal,18660.95,36,consumo,738,25.02,aprobada,\N
2885,3804,2025-04-07,personal,20222.32,48,consumo,704,23.03,aprobada,\N
2886,3806,2023-02-05,vehiculo,29565.76,48,liquidez,482,53.74,rechazada,score_crediticio_bajo
2887,3807,2025-07-24,personal,23861.16,60,reforma,703,36.3,aprobada,\N
2888,3808,2024-05-03,personal,15266.0,60,reforma,714,35.07,aprobada,\N
2889,3808,2026-05-01,vehiculo,20857.27,72,vehiculo,716,12.3,aprobada,\N
2890,3809,2024-11-27,personal,13339.73,12,consumo,508,56.8,rechazada,score_crediticio_bajo
2891,3810,2023-11-08,vehiculo,32166.37,36,vehiculo,769,37.03,aprobada,\N
2892,3813,2025-07-30,vehiculo,18917.35,84,vehiculo,686,18.41,aprobada,\N
2893,3814,2024-11-15,personal,24738.32,60,liquidez,708,34.72,aprobada,\N
2894,3814,2025-09-21,vehiculo,8897.37,60,reforma,755,24.95,aprobada,\N
2895,3815,2025-07-01,vehiculo,9482.28,84,vehiculo,591,45.72,rechazada,score_crediticio_bajo
2896,3818,2025-08-21,personal,13318.56,60,vivienda,657,31.76,aprobada,\N
2897,3818,2025-07-03,vehiculo,42475.27,72,vivienda,698,16.79,aprobada,\N
2898,3818,2025-06-09,personal,26616.42,36,reforma,711,1.53,aprobada,\N
2899,3819,2025-06-03,hipotecario,298874.57,300,consumo,679,49.01,rechazada,criterios_riesgo
2900,3820,2026-06-23,personal,20167.58,36,vehiculo,705,43.25,aprobada,\N
2901,3823,2023-11-09,vehiculo,16501.66,36,liquidez,662,11.56,aprobada,\N
2902,3824,2023-02-27,personal,11632.1,36,reforma,463,61.72,rechazada,score_crediticio_bajo
2903,3828,2024-12-24,vehiculo,8463.32,48,liquidez,675,35.5,aprobada,\N
2904,3829,2026-04-12,personal,19794.34,36,consumo,707,44.27,aprobada,\N
2905,3831,2025-08-24,personal,2033.54,48,reforma,677,36.65,rechazada,ingresos_insuficientes
2906,3833,2025-03-26,personal,28416.28,12,consumo,676,34.45,aprobada,\N
2907,3835,2023-05-17,vehiculo,10463.58,60,consumo,640,45.53,rechazada,ingresos_insuficientes
2908,3836,2024-09-18,personal,23982.02,60,vehiculo,727,20.06,aprobada,\N
2909,3837,2026-02-01,personal,21501.66,24,consumo,521,60.55,rechazada,score_crediticio_bajo
2910,3838,2025-10-12,vehiculo,30252.64,48,vivienda,737,33.74,aprobada,\N
2911,3839,2026-04-28,vehiculo,32893.73,48,vivienda,796,12.46,aprobada,\N
2912,3841,2025-06-13,hipotecario,239989.57,360,reforma,763,22.46,aprobada,\N
2913,3842,2025-04-07,personal,21389.44,12,reforma,686,14.31,aprobada,\N
2914,3843,2023-06-10,hipotecario,236848.75,360,vehiculo,744,23.9,aprobada,\N
2915,3843,2024-11-08,vehiculo,31694.67,72,reforma,729,43.69,aprobada,\N
2916,3844,2023-02-10,vehiculo,37374.86,84,reforma,793,39.31,aprobada,\N
2917,3844,2026-01-08,personal,11824.97,60,reforma,729,25.79,aprobada,\N
2918,3845,2026-03-04,personal,18268.86,12,vivienda,730,23.08,aprobada,\N
2919,3847,2023-05-05,vehiculo,39699.03,36,consumo,831,36.25,aprobada,\N
2920,3848,2025-07-12,personal,24985.84,60,reforma,606,23.26,rechazada,score_crediticio_bajo
2921,3848,2025-08-22,hipotecario,158985.77,300,liquidez,631,45.65,aprobada,\N
2922,3849,2024-04-14,vehiculo,32561.92,60,liquidez,470,59.78,rechazada,score_crediticio_bajo
2923,3849,2026-03-30,personal,21028.49,12,vivienda,554,42.28,rechazada,score_crediticio_bajo
2924,3851,2025-09-03,personal,26432.5,24,consumo,651,24.51,aprobada,\N
2925,3852,2024-07-08,personal,17041.85,60,consumo,772,21.1,aprobada,\N
2926,3853,2025-07-15,hipotecario,213281.5,240,vivienda,779,52.33,aprobada,\N
2927,3854,2024-03-11,personal,23352.97,12,liquidez,740,40.31,aprobada,\N
2928,3855,2023-05-02,personal,29713.66,48,liquidez,561,45.48,rechazada,score_crediticio_bajo
2929,3856,2024-04-09,vehiculo,21251.91,84,liquidez,771,27.79,aprobada,\N
2930,3858,2024-05-27,personal,14655.41,48,vehiculo,703,40.42,aprobada,\N
2931,3860,2024-11-29,personal,29379.24,48,liquidez,776,17.35,aprobada,\N
2932,3861,2025-12-20,personal,9477.77,12,liquidez,719,35.51,aprobada,\N
2933,3861,2025-02-19,personal,16596.25,48,liquidez,713,12.15,aprobada,\N
2934,3862,2024-06-28,personal,5419.81,24,vehiculo,815,23.61,aprobada,\N
2935,3864,2025-08-16,vehiculo,25364.12,36,vivienda,737,27.09,aprobada,\N
2936,3864,2024-06-12,personal,24378.73,24,vehiculo,750,36.3,aprobada,\N
2937,3865,2025-06-14,personal,8567.93,60,liquidez,747,19.63,aprobada,\N
2938,3866,2023-12-14,personal,22172.61,24,vehiculo,726,28.95,aprobada,\N
2939,3869,2023-10-01,vehiculo,41171.17,60,consumo,670,17.72,aprobada,\N
2940,3869,2025-05-23,personal,11642.8,12,vehiculo,679,25.3,aprobada,\N
2941,3870,2025-08-03,vehiculo,27245.76,48,vehiculo,659,38.57,aprobada,\N
2942,3874,2025-09-09,personal,2968.4,36,reforma,682,14.92,aprobada,\N
2943,3875,2026-01-07,personal,2007.54,60,vehiculo,755,21.4,aprobada,\N
2944,3875,2025-08-30,personal,25641.63,12,vehiculo,799,0,aprobada,\N
2945,3877,2024-10-24,personal,21278.45,24,reforma,775,38.02,aprobada,\N
2946,3878,2025-07-09,personal,23464.15,48,liquidez,786,35.12,aprobada,\N
2947,3878,2025-09-29,vehiculo,30617.63,60,liquidez,742,29.57,aprobada,\N
2948,3880,2026-03-19,personal,11052.27,48,reforma,677,11.04,aprobada,\N
2949,3883,2023-07-14,personal,1759.8,24,reforma,719,15.83,aprobada,\N
2950,3884,2024-05-13,personal,29006.24,12,reforma,708,17.31,aprobada,\N
2951,3885,2023-05-31,vehiculo,18912.15,60,liquidez,723,24.97,aprobada,\N
2952,3885,2024-02-08,personal,26604.08,24,consumo,697,35.74,aprobada,\N
2953,3887,2023-08-03,personal,7782.99,36,vehiculo,681,20.76,aprobada,\N
2954,3890,2025-08-09,personal,16638.44,24,vehiculo,849,8.03,aprobada,\N
2955,3892,2024-12-29,vehiculo,18550.45,48,reforma,705,59.38,rechazada,endeudamiento_elevado
2956,3893,2024-12-16,personal,25462.97,24,reforma,598,48.68,rechazada,score_crediticio_bajo
2957,3893,2024-08-25,personal,16190.76,24,vivienda,653,40.21,rechazada,ingresos_insuficientes
2958,3894,2024-11-27,personal,15275.6,48,vehiculo,589,29.65,rechazada,score_crediticio_bajo
2959,3894,2024-03-11,vehiculo,16868.93,72,vivienda,600,30.06,rechazada,score_crediticio_bajo
2960,3896,2024-03-02,personal,5914.06,60,vivienda,692,33.88,aprobada,\N
2961,3897,2023-07-08,vehiculo,18121.3,48,consumo,768,21.01,aprobada,\N
2962,3897,2025-07-18,vehiculo,21847.05,84,vehiculo,730,25.39,aprobada,\N
2963,3898,2026-01-08,personal,6966.49,48,consumo,738,35.3,aprobada,\N
2964,3898,2026-03-13,personal,19724.69,48,vivienda,772,18.95,aprobada,\N
2965,3899,2025-08-12,vehiculo,20632.31,36,vivienda,687,14.18,aprobada,\N
2966,3901,2026-02-28,hipotecario,296499.26,300,vehiculo,600,57.82,rechazada,score_crediticio_bajo
2967,3903,2024-07-12,vehiculo,25445.08,36,consumo,755,12.63,aprobada,\N
2968,3903,2023-01-26,personal,13282.04,24,vivienda,781,12.24,aprobada,\N
2969,3904,2024-05-04,personal,9194.29,60,vivienda,707,25.05,aprobada,\N
2970,3905,2026-06-16,hipotecario,192021.53,300,liquidez,785,17.92,rechazada,criterios_riesgo
2971,3906,2026-06-24,vehiculo,26892.42,72,reforma,728,14.17,aprobada,\N
2972,3907,2026-02-21,personal,29762.04,12,consumo,703,33.04,aprobada,\N
2973,3908,2026-05-25,personal,22105.7,48,liquidez,669,28.99,aprobada,\N
2974,3909,2024-06-02,personal,2788.69,48,vehiculo,630,32.28,aprobada,\N
2975,3912,2026-01-18,personal,21451.78,24,consumo,571,22.81,rechazada,score_crediticio_bajo
2976,3913,2023-01-20,hipotecario,178536.19,300,liquidez,721,19.22,aprobada,\N
2977,3921,2023-10-29,vehiculo,32852.19,36,vivienda,778,33.48,aprobada,\N
2978,3922,2026-02-11,personal,7607.3,48,consumo,738,31.37,aprobada,\N
2979,3922,2026-02-18,hipotecario,179620.47,180,reforma,745,49.28,rechazada,criterios_riesgo
2980,3923,2025-04-29,vehiculo,26333.02,84,vivienda,762,2.28,aprobada,\N
2981,3925,2025-11-18,vehiculo,19247.73,84,vehiculo,720,26.35,aprobada,\N
2982,3929,2024-08-23,personal,6352.72,36,vehiculo,600,55.82,rechazada,score_crediticio_bajo
2983,3931,2025-02-11,personal,14716.58,48,consumo,714,14.67,aprobada,\N
2984,3934,2025-04-12,vehiculo,40479.76,84,vivienda,732,37.01,aprobada,\N
2985,3934,2025-02-18,vehiculo,30569.99,72,vehiculo,730,34.24,aprobada,\N
2986,3934,2026-05-31,personal,21996.3,60,liquidez,758,16.81,aprobada,\N
2987,3936,2024-07-29,vehiculo,44108.59,72,vivienda,665,54.58,rechazada,ingresos_insuficientes
2988,3937,2026-06-05,vehiculo,28397.31,36,reforma,658,16.08,aprobada,\N
2989,3941,2024-07-11,vehiculo,18096.79,84,reforma,510,28.66,rechazada,score_crediticio_bajo
2990,3944,2023-12-04,personal,8707.99,48,reforma,830,20.87,aprobada,\N
2991,3945,2024-04-24,personal,24714.21,36,liquidez,704,16.22,rechazada,ingresos_insuficientes
2992,3946,2025-08-04,personal,20661.28,24,vivienda,648,2.23,aprobada,\N
2993,3947,2024-10-24,personal,24707.26,60,liquidez,659,24.65,aprobada,\N
2994,3948,2025-10-06,personal,2934.77,48,vivienda,732,27.67,aprobada,\N
2995,3950,2025-10-23,personal,11316.02,12,consumo,769,38.65,aprobada,\N
2996,3952,2024-05-23,personal,15757.61,48,consumo,757,26.37,aprobada,\N
2997,3956,2025-11-27,personal,10708.98,60,vivienda,806,20.59,aprobada,\N
2998,3956,2026-03-07,hipotecario,195454.76,300,consumo,815,19.57,aprobada,\N
2999,3957,2024-08-13,vehiculo,33865.92,48,reforma,795,43.19,aprobada,\N
3000,3959,2024-04-07,vehiculo,23566.84,48,vivienda,660,53.21,aprobada,\N
3001,3960,2024-08-04,hipotecario,93520.35,180,reforma,522,95,rechazada,score_crediticio_bajo
3002,3960,2023-09-30,vehiculo,40235.48,84,reforma,588,68.31,rechazada,score_crediticio_bajo
3003,3961,2024-09-13,hipotecario,232168.11,360,liquidez,648,60.4,rechazada,endeudamiento_elevado
3004,3961,2024-08-09,vehiculo,25213.34,72,liquidez,711,13.58,aprobada,\N
3005,3963,2026-03-21,personal,24473.99,60,liquidez,679,35.38,aprobada,\N
3006,3965,2026-02-17,vehiculo,25825.22,84,consumo,791,35.38,aprobada,\N
3007,3967,2025-07-24,personal,19586.06,12,reforma,842,25.83,aprobada,\N
3008,3967,2024-11-02,personal,5306.76,36,vivienda,810,43.81,aprobada,\N
3009,3968,2023-12-23,personal,14487.32,60,consumo,642,14.26,aprobada,\N
3010,3969,2024-04-29,personal,4996.56,24,reforma,760,38.38,aprobada,\N
3011,3970,2024-02-10,personal,8377.49,12,vivienda,814,38.72,aprobada,\N
3012,3970,2025-01-30,personal,11444.84,48,liquidez,775,7.45,aprobada,\N
3013,3971,2023-09-28,personal,20798.62,36,liquidez,675,36.52,aprobada,\N
3014,3972,2024-03-27,personal,13796.4,24,vehiculo,838,5.42,aprobada,\N
3015,3972,2026-02-08,personal,25618.38,48,liquidez,826,35.01,aprobada,\N
3016,3973,2024-10-17,hipotecario,211244.8,300,consumo,718,51.74,aprobada,\N
3017,3975,2026-06-22,personal,16525.48,12,vehiculo,781,0,aprobada,\N
3018,3976,2023-06-01,personal,12050.81,12,vivienda,711,34.4,aprobada,\N
3019,3979,2024-11-10,vehiculo,28272.73,72,vivienda,720,26.89,aprobada,\N
3020,3980,2024-03-12,personal,21549.01,12,vivienda,842,8.93,aprobada,\N
3021,3981,2023-06-13,personal,24795.58,36,vivienda,656,45.26,rechazada,ingresos_insuficientes
3022,3981,2024-03-25,personal,13714.4,48,reforma,670,54.75,rechazada,ingresos_insuficientes
3023,3981,2025-02-24,personal,20846.19,12,vivienda,653,29.03,rechazada,ingresos_insuficientes
3024,3982,2023-10-26,vehiculo,38488.08,48,consumo,588,39.46,rechazada,score_crediticio_bajo
3025,3983,2026-05-30,personal,17305.61,60,vivienda,762,24.53,aprobada,\N
3026,3984,2026-02-06,personal,16220.33,24,vivienda,714,34.48,aprobada,\N
3027,3986,2026-03-31,personal,18066.06,24,vehiculo,734,29.17,aprobada,\N
3028,3988,2024-06-01,personal,16163.26,48,reforma,810,31.35,aprobada,\N
3029,3988,2023-06-27,personal,7949.02,60,vivienda,761,31.01,aprobada,\N
3030,3988,2023-07-08,hipotecario,126362.79,180,vivienda,752,21.63,rechazada,criterios_riesgo
3031,3989,2025-12-23,personal,28377.72,24,consumo,616,41.32,aprobada,\N
3032,3990,2026-01-03,personal,22747.63,36,vivienda,686,45.13,aprobada,\N
3033,3990,2023-02-07,vehiculo,31609.37,84,reforma,726,36.32,aprobada,\N
3034,3992,2025-09-21,personal,17692.07,48,liquidez,665,19.51,aprobada,\N
3035,3994,2025-12-28,vehiculo,38383.06,72,liquidez,593,44.04,rechazada,score_crediticio_bajo
3036,3995,2026-01-09,personal,26685.21,24,liquidez,684,51.83,aprobada,\N
3037,3996,2023-08-25,personal,28557.34,36,vehiculo,711,18.15,aprobada,\N
3038,3998,2024-02-23,personal,13635.07,12,liquidez,758,7.27,aprobada,\N
3039,3998,2025-10-02,hipotecario,140437.72,300,vehiculo,748,25.64,rechazada,criterios_riesgo
3040,3998,2024-09-15,vehiculo,25509.37,60,vehiculo,773,27.69,aprobada,\N
3041,4000,2024-02-21,hipotecario,110824.12,300,vivienda,692,19.79,aprobada,\N
3042,4002,2026-06-30,personal,4045.9,60,reforma,783,26.48,aprobada,\N
3043,4003,2024-10-03,personal,3552.05,24,liquidez,666,29.58,aprobada,\N
3044,4005,2023-05-06,personal,12776.03,60,liquidez,739,20.72,aprobada,\N
3045,4007,2025-08-20,personal,24990.08,12,consumo,779,49.43,aprobada,\N
3046,4007,2026-03-23,hipotecario,105660.21,360,vivienda,781,26.56,aprobada,\N
3047,4007,2024-11-27,personal,15576.37,24,liquidez,752,20.05,aprobada,\N
3048,4008,2025-02-21,personal,28276.41,12,vehiculo,772,35.79,aprobada,\N
3049,4008,2026-01-02,personal,23524.72,60,vehiculo,743,7.13,aprobada,\N
3050,4009,2023-09-07,vehiculo,32300.42,36,vehiculo,831,46.2,aprobada,\N
3051,4011,2024-04-07,vehiculo,13714.0,48,vivienda,613,42.91,aprobada,\N
3052,4012,2024-07-20,personal,10437.9,36,consumo,742,25.38,aprobada,\N
3053,4014,2024-01-31,personal,25272.13,36,vehiculo,781,15.38,aprobada,\N
3054,4014,2025-02-14,personal,22704.96,48,liquidez,747,49.09,aprobada,\N
3055,4015,2024-03-01,hipotecario,159648.05,360,reforma,729,37.52,aprobada,\N
3056,4016,2025-03-19,vehiculo,33715.24,72,reforma,798,23.45,aprobada,\N
3057,4018,2024-05-27,vehiculo,8405.39,72,vivienda,538,25.58,rechazada,score_crediticio_bajo
3058,4020,2025-09-22,personal,7455.1,60,reforma,828,5.91,aprobada,\N
3059,4023,2026-03-11,personal,8205.56,48,vivienda,738,19.02,aprobada,\N
3060,4023,2026-06-30,personal,22627.99,24,liquidez,719,16.26,aprobada,\N
3061,4024,2024-11-03,personal,3249.12,48,vivienda,776,21.87,aprobada,\N
3062,4024,2024-12-19,personal,13637.3,24,liquidez,808,38.08,aprobada,\N
3063,4028,2026-03-24,personal,4043.18,24,reforma,727,40.1,aprobada,\N
3064,4032,2025-06-10,personal,21552.45,48,reforma,339,95,rechazada,score_crediticio_bajo
3065,4033,2025-05-04,personal,19093.99,12,reforma,706,16.74,aprobada,\N
3066,4034,2024-07-19,hipotecario,241413.12,300,vehiculo,659,27.0,aprobada,\N
3067,4035,2024-03-07,personal,18688.12,36,liquidez,685,19.09,aprobada,\N
3068,4035,2023-01-10,vehiculo,37695.54,36,liquidez,667,26.85,aprobada,\N
3069,4037,2023-02-04,hipotecario,283689.41,300,liquidez,645,72.13,rechazada,endeudamiento_elevado
3070,4038,2026-06-02,personal,16644.47,48,liquidez,595,23.43,rechazada,score_crediticio_bajo
3071,4041,2023-12-15,personal,18529.88,12,vivienda,796,33.58,aprobada,\N
3072,4043,2024-03-15,vehiculo,8456.28,36,consumo,764,41.38,aprobada,\N
3073,4043,2025-03-12,personal,26497.1,60,vivienda,722,35.77,aprobada,\N
3074,4045,2025-10-11,personal,16071.93,12,vivienda,693,37.86,aprobada,\N
3075,4045,2026-01-16,personal,21713.72,12,vivienda,717,24.69,aprobada,\N
3076,4046,2025-11-21,vehiculo,39711.21,48,consumo,666,20.99,aprobada,\N
3077,4048,2023-07-10,personal,20901.06,36,reforma,762,22.72,aprobada,\N
3078,4049,2023-01-09,personal,28857.95,36,vivienda,711,31.54,aprobada,\N
3079,4049,2025-04-21,vehiculo,16014.81,72,reforma,760,10.02,aprobada,\N
3080,4050,2024-07-03,personal,23925.13,12,liquidez,751,24.04,aprobada,\N
3081,4051,2023-06-04,personal,20357.35,12,reforma,584,40.57,rechazada,score_crediticio_bajo
3082,4051,2024-08-23,hipotecario,150851.31,360,liquidez,600,60.48,rechazada,score_crediticio_bajo
3083,4053,2024-12-26,vehiculo,18112.36,72,vivienda,677,11.91,aprobada,\N
3084,4056,2025-02-20,personal,11814.18,12,reforma,591,62.17,rechazada,score_crediticio_bajo
3085,4058,2023-12-23,vehiculo,25277.94,72,reforma,627,27.49,aprobada,\N
3086,4058,2023-12-20,personal,23153.13,48,consumo,669,5.84,aprobada,\N
3087,4058,2024-05-23,hipotecario,237889.76,300,liquidez,658,45.5,rechazada,criterios_riesgo
3088,4061,2025-03-31,hipotecario,113064.67,180,reforma,726,18.93,aprobada,\N
3089,4061,2024-04-29,personal,18809.62,36,liquidez,722,25.86,aprobada,\N
3090,4062,2025-11-28,personal,11970.59,24,consumo,764,22.61,aprobada,\N
3091,4062,2026-05-24,hipotecario,245814.73,300,vehiculo,716,42.77,aprobada,\N
3092,4063,2026-05-22,personal,24651.34,60,vehiculo,619,22.88,aprobada,\N
3093,4064,2023-08-29,vehiculo,18763.11,84,consumo,786,10.34,aprobada,\N
3094,4067,2023-06-06,hipotecario,307511.25,300,liquidez,557,65.66,rechazada,score_crediticio_bajo
3095,4070,2026-05-03,personal,6452.42,60,reforma,654,22.15,aprobada,\N
3096,4071,2025-05-13,personal,23480.9,60,vehiculo,722,17.51,aprobada,\N
3097,4072,2024-12-29,personal,21287.42,60,consumo,783,32.59,aprobada,\N
3098,4074,2025-10-27,personal,28726.45,48,liquidez,665,28.22,aprobada,\N
3099,4075,2023-12-23,personal,20917.6,48,liquidez,733,20.53,aprobada,\N
3100,4076,2026-04-07,vehiculo,28294.81,60,consumo,720,42.12,aprobada,\N
3101,4079,2024-12-07,personal,5237.04,48,consumo,698,45.41,aprobada,\N
3102,4079,2024-09-02,hipotecario,268617.26,240,consumo,645,68.74,rechazada,endeudamiento_elevado
3103,4079,2025-01-04,hipotecario,270439.83,360,vehiculo,641,52.59,aprobada,\N
3104,4081,2024-09-16,personal,18349.26,36,consumo,753,28.07,aprobada,\N
3105,4082,2025-05-24,vehiculo,41122.53,84,vehiculo,884,33.0,aprobada,\N
3106,4084,2026-05-15,personal,12572.18,60,reforma,788,39.62,aprobada,\N
3107,4087,2023-03-12,personal,21485.8,24,vehiculo,823,22.92,aprobada,\N
3108,4087,2025-06-27,personal,25234.58,60,reforma,793,15.48,aprobada,\N
3109,4088,2023-06-17,personal,4167.16,60,reforma,868,41.44,aprobada,\N
3110,4088,2024-11-10,personal,26984.77,48,liquidez,837,23.3,aprobada,\N
3111,4089,2026-04-12,personal,3663.88,36,vivienda,649,5.03,aprobada,\N
3112,4089,2026-05-10,personal,28408.2,60,liquidez,666,53.83,aprobada,\N
3113,4089,2026-03-09,personal,14623.95,12,liquidez,681,15.83,aprobada,\N
3114,4092,2024-03-04,vehiculo,29288.34,36,vehiculo,634,31.02,aprobada,\N
3115,4095,2025-06-17,personal,10263.2,24,reforma,656,48.29,aprobada,\N
3116,4097,2023-06-02,personal,6895.86,36,vivienda,703,40.47,aprobada,\N
3117,4101,2026-04-27,personal,19438.15,60,liquidez,673,7.86,aprobada,\N
3118,4103,2024-08-09,personal,4003.31,24,reforma,664,14.16,aprobada,\N
3119,4104,2024-09-18,vehiculo,21526.6,36,vivienda,665,19.45,aprobada,\N
3120,4106,2026-06-20,personal,20752.11,24,liquidez,738,44.1,aprobada,\N
3121,4108,2024-06-19,vehiculo,31153.57,72,reforma,670,17.53,aprobada,\N
3122,4109,2025-02-11,vehiculo,29961.55,72,consumo,641,38.9,rechazada,ingresos_insuficientes
3123,4109,2025-11-28,personal,6920.61,24,vehiculo,624,36.63,rechazada,ingresos_insuficientes
3124,4110,2023-04-20,personal,19959.87,12,consumo,603,44.28,rechazada,score_crediticio_bajo
3125,4112,2024-12-23,personal,25826.94,24,liquidez,726,30.48,aprobada,\N
3126,4114,2025-04-21,personal,20370.14,60,consumo,526,37.16,rechazada,score_crediticio_bajo
3127,4115,2023-06-30,hipotecario,307162.14,360,vehiculo,735,24.18,aprobada,\N
3128,4118,2024-08-13,vehiculo,21992.49,60,consumo,863,39.6,aprobada,\N
3129,4118,2023-12-02,personal,8418.35,36,reforma,733,42.62,aprobada,\N
3130,4118,2024-07-19,vehiculo,39194.69,48,liquidez,786,34.86,aprobada,\N
3131,4120,2023-04-15,personal,14159.07,48,reforma,680,28.09,aprobada,\N
3132,4122,2026-04-17,personal,5824.47,12,vehiculo,775,30.17,aprobada,\N
3133,4124,2024-01-18,vehiculo,29661.83,36,reforma,633,14.62,aprobada,\N
3134,4125,2026-06-28,personal,27295.82,36,reforma,767,13.43,aprobada,\N
3135,4126,2025-03-27,vehiculo,26108.1,48,vivienda,798,18.63,aprobada,\N
3136,4128,2023-12-07,personal,6744.34,60,consumo,721,24.1,aprobada,\N
3137,4129,2025-07-19,personal,20096.81,12,vivienda,705,49.13,aprobada,\N
3138,4129,2026-05-20,vehiculo,14168.71,48,vivienda,704,11.31,aprobada,\N
3139,4130,2023-07-10,vehiculo,11156.0,72,vehiculo,704,19.45,aprobada,\N
3140,4130,2024-06-13,personal,9108.52,24,consumo,685,16.87,aprobada,\N
3141,4131,2024-10-08,hipotecario,226125.08,180,consumo,869,23.05,aprobada,\N
3142,4132,2024-04-12,personal,2719.87,36,vehiculo,737,25.36,aprobada,\N
3143,4134,2025-06-15,personal,25109.7,12,reforma,774,16.42,aprobada,\N
3144,4135,2025-07-02,hipotecario,236048.2,180,consumo,674,24.4,aprobada,\N
3145,4139,2026-05-27,personal,19394.67,48,vivienda,787,35.76,aprobada,\N
3146,4139,2023-12-23,personal,13755.17,24,liquidez,826,19.43,aprobada,\N
3147,4139,2025-04-11,vehiculo,8963.44,48,vivienda,793,24.0,aprobada,\N
3148,4140,2023-11-12,personal,19654.01,12,liquidez,761,29.56,aprobada,\N
3149,4140,2026-02-03,personal,10326.81,36,liquidez,740,20.4,aprobada,\N
3150,4140,2024-06-21,personal,27024.36,36,reforma,741,42.44,aprobada,\N
3151,4142,2023-01-12,personal,14471.57,48,vivienda,727,27.56,aprobada,\N
3152,4144,2023-03-04,personal,3651.56,48,reforma,660,41.06,aprobada,\N
3153,4144,2024-07-04,personal,20806.96,36,consumo,647,21.81,aprobada,\N
3154,4145,2024-12-22,personal,11931.63,12,consumo,826,40.63,aprobada,\N
3155,4148,2026-06-14,vehiculo,33095.96,36,vivienda,825,27.37,aprobada,\N
3156,4150,2025-01-30,personal,18746.5,36,reforma,780,32.09,aprobada,\N
3157,4152,2024-06-17,hipotecario,244798.24,180,consumo,685,58.73,rechazada,endeudamiento_elevado
3158,4156,2023-08-22,personal,3458.44,60,reforma,731,33.0,aprobada,\N
3159,4157,2023-03-15,personal,24814.49,12,vivienda,595,22.81,rechazada,score_crediticio_bajo
3160,4158,2026-05-29,vehiculo,31430.58,60,consumo,849,24.34,aprobada,\N
3161,4161,2024-10-02,personal,22129.47,36,liquidez,757,15.72,aprobada,\N
3162,4167,2023-05-14,personal,19174.36,48,reforma,677,44.14,aprobada,\N
3163,4167,2023-09-19,vehiculo,18759.68,36,consumo,738,32.92,aprobada,\N
3164,4168,2024-05-31,hipotecario,137462.99,300,liquidez,825,46.31,aprobada,\N
3165,4169,2023-06-22,hipotecario,288766.55,240,vehiculo,550,74.93,rechazada,score_crediticio_bajo
3166,4170,2023-02-23,personal,28496.93,24,liquidez,804,40.5,aprobada,\N
3167,4172,2023-03-25,personal,29205.19,48,vehiculo,768,6.51,aprobada,\N
3168,4173,2024-10-08,hipotecario,100631.34,240,liquidez,782,46.31,rechazada,criterios_riesgo
3169,4174,2025-05-07,personal,26220.89,24,vehiculo,862,61.92,rechazada,endeudamiento_elevado
3170,4175,2025-12-29,vehiculo,44966.7,84,vehiculo,575,38.67,rechazada,score_crediticio_bajo
3171,4175,2025-03-03,vehiculo,40720.41,60,consumo,624,23.02,aprobada,\N
3172,4176,2024-10-12,personal,29708.98,36,consumo,697,37.4,rechazada,ingresos_insuficientes
3173,4176,2025-09-02,personal,18474.29,12,consumo,711,25.99,rechazada,ingresos_insuficientes
3174,4177,2023-02-02,hipotecario,147861.76,360,consumo,745,25.68,aprobada,\N
3175,4177,2025-12-19,personal,3580.16,12,vehiculo,717,23.02,aprobada,\N
3176,4178,2023-09-12,personal,5944.65,48,vivienda,729,13.12,aprobada,\N
3177,4179,2025-08-22,personal,22517.46,60,reforma,679,19.88,aprobada,\N
3178,4181,2026-04-12,personal,14265.76,60,vivienda,711,17.78,aprobada,\N
3179,4182,2025-04-23,personal,21854.94,24,consumo,648,24.31,aprobada,\N
3180,4185,2026-01-12,personal,11859.94,48,reforma,827,10.91,aprobada,\N
3181,4188,2026-03-19,personal,9934.45,24,vivienda,719,31.54,aprobada,\N
3182,4188,2026-01-30,hipotecario,263758.07,360,liquidez,692,43.1,rechazada,criterios_riesgo
3183,4188,2026-05-04,hipotecario,154131.29,180,liquidez,684,38.84,rechazada,criterios_riesgo
3184,4189,2025-04-18,personal,5017.59,48,vehiculo,756,40.53,aprobada,\N
3185,4189,2024-05-13,personal,23548.07,48,consumo,731,30.05,aprobada,\N
3186,4190,2025-08-12,personal,19045.91,48,vehiculo,760,21.41,aprobada,\N
3187,4190,2025-11-26,vehiculo,14959.89,36,vehiculo,775,30.0,aprobada,\N
3188,4191,2024-06-29,vehiculo,29382.95,84,vivienda,651,28.96,aprobada,\N
3189,4193,2024-01-03,personal,7923.95,12,reforma,646,32.73,rechazada,ingresos_insuficientes
3190,4197,2026-03-11,vehiculo,35039.1,36,vivienda,764,30.78,aprobada,\N
3191,4201,2024-03-15,vehiculo,43166.0,36,reforma,693,42.2,aprobada,\N
3192,4203,2024-01-11,personal,14103.72,12,reforma,742,31.7,aprobada,\N
3193,4203,2024-08-04,vehiculo,14265.69,60,reforma,742,30.87,aprobada,\N
3194,4203,2025-10-09,personal,8086.14,60,vivienda,762,29.48,aprobada,\N
3195,4206,2025-07-11,personal,17586.51,60,vehiculo,706,26.3,aprobada,\N
3196,4208,2025-01-12,vehiculo,30718.05,60,vivienda,623,23.55,aprobada,\N
3197,4210,2023-10-21,vehiculo,36385.12,48,vehiculo,662,47.06,aprobada,\N
3198,4210,2025-08-10,vehiculo,26939.39,72,reforma,730,41.09,aprobada,\N
3199,4211,2026-03-19,hipotecario,97983.42,180,vehiculo,629,39.83,aprobada,\N
3200,4213,2026-02-19,personal,26198.98,60,vehiculo,774,24.27,aprobada,\N
3201,4216,2024-02-26,hipotecario,309876.84,240,reforma,790,37.21,aprobada,\N
3202,4217,2024-06-30,personal,22825.95,36,consumo,699,51.48,aprobada,\N
3203,4217,2024-02-19,personal,27771.64,60,reforma,767,17.7,aprobada,\N
3204,4217,2023-11-09,personal,15564.84,60,vehiculo,759,3.66,aprobada,\N
3205,4218,2025-02-01,hipotecario,249393.31,360,consumo,629,75.3,rechazada,endeudamiento_elevado
3206,4218,2025-05-27,personal,10388.21,12,consumo,684,39.9,aprobada,\N
3207,4218,2025-06-01,personal,25784.51,24,vehiculo,661,53.78,aprobada,\N
3208,4221,2026-03-04,personal,29175.97,60,vehiculo,754,30.54,aprobada,\N
3209,4226,2023-09-27,vehiculo,15353.96,72,reforma,611,25.74,aprobada,\N
3210,4226,2024-05-25,hipotecario,159107.63,300,reforma,570,42.62,rechazada,score_crediticio_bajo
3211,4227,2024-06-24,vehiculo,11399.36,48,consumo,817,24.25,aprobada,\N
3212,4228,2023-08-19,vehiculo,13422.86,48,vivienda,807,13.72,aprobada,\N
3213,4230,2025-11-19,personal,3215.27,60,vivienda,733,8.36,aprobada,\N
3214,4233,2023-11-06,hipotecario,259882.29,300,reforma,681,21.59,aprobada,\N
3215,4234,2023-10-03,personal,7179.44,48,vehiculo,625,32.91,aprobada,\N
3216,4235,2025-01-29,personal,3952.57,12,vivienda,801,45.1,aprobada,\N
3217,4241,2026-06-17,personal,21927.73,24,consumo,349,91.7,rechazada,score_crediticio_bajo
3218,4242,2025-12-23,vehiculo,12844.94,84,reforma,876,35.89,aprobada,\N
3219,4242,2025-06-07,personal,24564.46,48,consumo,902,32.07,aprobada,\N
3220,4242,2023-03-29,personal,24350.6,36,liquidez,867,25.2,aprobada,\N
3221,4244,2023-04-28,personal,6209.77,48,consumo,670,48.55,aprobada,\N
3222,4244,2024-02-21,vehiculo,9677.21,48,vivienda,713,14.91,aprobada,\N
3223,4246,2024-02-12,personal,7313.41,36,vivienda,637,53.69,aprobada,\N
3224,4247,2025-07-08,vehiculo,36157.95,36,liquidez,519,42.26,rechazada,score_crediticio_bajo
3225,4249,2023-03-29,vehiculo,24606.26,72,liquidez,706,33.24,aprobada,\N
3226,4250,2025-09-06,personal,4242.94,60,liquidez,838,36.23,aprobada,\N
3227,4251,2026-05-13,hipotecario,88639.45,300,reforma,852,11.87,aprobada,\N
3228,4252,2024-12-23,personal,22064.19,48,consumo,711,6.72,aprobada,\N
3229,4253,2024-02-08,hipotecario,124427.98,180,vivienda,694,51.33,rechazada,criterios_riesgo
3230,4254,2025-08-18,vehiculo,36862.03,72,vivienda,782,32.56,aprobada,\N
3231,4255,2024-06-12,personal,20206.37,48,liquidez,734,31.06,aprobada,\N
3232,4257,2026-04-01,personal,9043.55,36,liquidez,678,23.9,aprobada,\N
3233,4257,2025-09-02,personal,16719.64,60,liquidez,735,31.08,aprobada,\N
3234,4258,2024-06-27,personal,15831.64,36,vivienda,693,29.91,aprobada,\N
3235,4260,2025-04-27,hipotecario,228507.28,300,liquidez,631,52.47,aprobada,\N
3236,4262,2024-09-14,hipotecario,218553.18,300,liquidez,521,95,rechazada,score_crediticio_bajo
3237,4263,2024-08-17,hipotecario,167662.76,240,vehiculo,762,23.71,aprobada,\N
3238,4264,2024-08-08,vehiculo,37183.12,36,consumo,774,30.14,aprobada,\N
3239,4265,2024-01-15,vehiculo,24607.41,36,vehiculo,596,20.26,rechazada,score_crediticio_bajo
3240,4267,2023-01-07,personal,20088.61,48,vehiculo,674,27.4,aprobada,\N
3241,4268,2024-10-27,vehiculo,34164.91,36,vivienda,704,32.96,rechazada,ingresos_insuficientes
3242,4269,2025-12-15,hipotecario,109508.17,300,reforma,716,25.61,aprobada,\N
3243,4270,2025-08-07,personal,27390.93,48,vehiculo,703,27.73,aprobada,\N
3244,4271,2024-03-02,personal,7314.93,12,vehiculo,677,30.14,aprobada,\N
3245,4271,2025-02-14,personal,12354.63,36,consumo,690,7.56,aprobada,\N
3246,4271,2025-03-11,personal,16549.08,24,vehiculo,665,20.24,aprobada,\N
3247,4273,2025-11-17,hipotecario,203106.85,360,liquidez,539,60.27,rechazada,score_crediticio_bajo
3248,4273,2025-12-30,vehiculo,20056.14,84,vehiculo,621,5.85,aprobada,\N
3249,4275,2026-01-06,personal,22621.52,60,liquidez,657,26.22,rechazada,ingresos_insuficientes
3250,4276,2024-12-22,vehiculo,42949.72,84,vehiculo,806,31.98,aprobada,\N
3251,4276,2024-03-16,hipotecario,100363.5,180,liquidez,856,27.64,aprobada,\N
3252,4277,2026-06-08,hipotecario,253980.24,180,consumo,777,16.68,rechazada,criterios_riesgo
3253,4277,2024-09-15,personal,14801.33,24,vehiculo,767,40.47,aprobada,\N
3254,4277,2026-05-18,personal,22328.55,48,vehiculo,761,30.2,aprobada,\N
3255,4280,2023-10-21,vehiculo,8978.82,36,reforma,757,3.6,aprobada,\N
3256,4280,2026-04-13,personal,12452.42,12,consumo,723,30.73,aprobada,\N
3257,4281,2025-06-09,personal,12649.97,48,vivienda,733,25.57,aprobada,\N
3258,4281,2025-09-16,hipotecario,108064.75,300,liquidez,734,42.99,rechazada,criterios_riesgo
3259,4281,2025-06-16,hipotecario,168094.26,180,reforma,789,40.13,rechazada,criterios_riesgo
3260,4282,2026-03-09,personal,29311.03,24,consumo,727,35.09,rechazada,ingresos_insuficientes
3261,4282,2026-05-01,vehiculo,38692.79,36,vehiculo,735,53.32,rechazada,ingresos_insuficientes
3262,4282,2025-10-04,hipotecario,248768.3,360,vivienda,661,95,rechazada,endeudamiento_elevado
3263,4283,2025-08-08,personal,8330.85,24,consumo,646,20.25,aprobada,\N
3264,4284,2025-02-23,personal,15930.13,36,consumo,627,21.35,aprobada,\N
3265,4287,2024-07-15,vehiculo,31189.92,84,liquidez,751,35.95,aprobada,\N
3266,4287,2025-08-02,personal,4379.17,48,reforma,754,13.77,aprobada,\N
3267,4289,2024-08-27,personal,4590.63,12,reforma,743,21.13,aprobada,\N
3268,4290,2024-06-30,hipotecario,215403.1,180,liquidez,665,41.55,aprobada,\N
3269,4291,2025-12-18,personal,23349.2,60,consumo,786,11.67,aprobada,\N
3270,4291,2024-05-31,personal,19425.67,24,liquidez,797,24.63,aprobada,\N
3271,4291,2024-12-14,vehiculo,28039.93,60,liquidez,728,15.23,aprobada,\N
3272,4292,2023-05-25,vehiculo,38232.8,84,consumo,691,35.05,aprobada,\N
3273,4293,2024-09-21,personal,12981.81,12,consumo,724,28.33,aprobada,\N
3274,4294,2025-08-30,personal,24051.13,60,reforma,536,58.0,rechazada,score_crediticio_bajo
3275,4295,2026-02-09,personal,20490.02,12,consumo,723,7.17,aprobada,\N
3276,4297,2024-08-06,personal,4596.56,60,vivienda,748,12.78,aprobada,\N
3277,4298,2024-03-22,personal,13506.69,12,liquidez,777,19.16,aprobada,\N
3278,4300,2025-03-01,vehiculo,38658.73,60,consumo,624,43.43,aprobada,\N
3279,4300,2024-03-01,personal,1505.73,60,vivienda,679,8.41,aprobada,\N
3280,4300,2026-02-28,personal,14640.06,48,liquidez,676,23.61,aprobada,\N
3281,4302,2025-01-03,personal,2038.96,60,reforma,802,16.06,aprobada,\N
3282,4302,2024-03-30,personal,28901.75,48,liquidez,787,33.66,aprobada,\N
3283,4309,2026-04-11,personal,10399.61,36,consumo,803,21.76,aprobada,\N
3284,4312,2023-07-16,personal,17387.01,24,vivienda,627,5.8,aprobada,\N
3285,4313,2023-06-20,vehiculo,30108.45,60,liquidez,669,35.05,aprobada,\N
3286,4313,2026-03-07,personal,13844.86,36,vivienda,757,30.97,aprobada,\N
3287,4314,2025-08-03,vehiculo,19362.92,84,reforma,811,41.66,aprobada,\N
3288,4318,2025-08-14,vehiculo,32833.15,72,reforma,548,36.24,rechazada,score_crediticio_bajo
3289,4319,2026-01-05,vehiculo,8880.81,60,consumo,731,36.84,aprobada,\N
3290,4319,2023-02-10,personal,17319.98,12,liquidez,767,30.72,aprobada,\N
3291,4322,2024-10-21,personal,23224.76,12,liquidez,768,33.38,aprobada,\N
3292,4323,2026-03-11,personal,2104.04,12,reforma,610,42.07,aprobada,\N
3293,4325,2023-08-02,personal,6043.22,24,vivienda,630,16.46,aprobada,\N
3294,4326,2025-10-08,personal,8112.13,12,vivienda,699,39.48,aprobada,\N
3295,4328,2023-01-14,vehiculo,37483.5,36,vivienda,774,51.25,aprobada,\N
3296,4329,2024-12-22,vehiculo,22204.1,60,vehiculo,701,54.55,aprobada,\N
3297,4329,2025-10-16,personal,25663.62,60,vivienda,709,42.04,aprobada,\N
3298,4329,2025-03-25,vehiculo,28100.39,48,consumo,726,31.65,aprobada,\N
3299,4330,2025-06-22,hipotecario,319042.7,240,consumo,652,70.59,rechazada,endeudamiento_elevado
3300,4335,2025-04-10,vehiculo,9582.57,36,vivienda,684,8.85,aprobada,\N
3301,4336,2025-12-21,vehiculo,26139.71,60,vivienda,641,35.34,aprobada,\N
3302,4338,2025-06-21,vehiculo,31566.28,48,vivienda,592,19.23,rechazada,score_crediticio_bajo
3303,4339,2023-06-16,personal,20842.56,12,consumo,764,16.51,aprobada,\N
3304,4342,2023-02-03,personal,20521.17,60,vehiculo,714,14.47,aprobada,\N
3305,4344,2025-07-20,vehiculo,28372.16,48,reforma,678,45.24,aprobada,\N
3306,4344,2023-04-10,personal,2478.0,60,liquidez,666,32.78,aprobada,\N
3307,4345,2026-03-25,personal,17560.33,48,liquidez,765,24.21,aprobada,\N
3308,4346,2023-02-11,personal,26930.66,60,liquidez,830,45.17,aprobada,\N
3309,4352,2024-10-31,personal,18573.83,60,liquidez,652,31.8,aprobada,\N
3310,4352,2025-08-27,personal,19960.15,48,vivienda,670,14.63,aprobada,\N
3311,4353,2024-01-30,personal,16187.07,12,consumo,574,55.41,rechazada,score_crediticio_bajo
3312,4354,2026-06-30,personal,24670.86,36,liquidez,657,15.3,aprobada,\N
3313,4355,2023-04-24,hipotecario,184028.04,240,consumo,726,33.03,aprobada,\N
3314,4355,2025-01-13,personal,9088.36,36,reforma,695,11.19,aprobada,\N
3315,4356,2024-06-19,personal,5014.42,24,vivienda,668,47.73,aprobada,\N
3316,4356,2026-06-21,vehiculo,10113.36,60,vehiculo,679,28.98,aprobada,\N
3317,4357,2024-04-10,personal,27206.13,48,vivienda,750,55.73,rechazada,endeudamiento_elevado
3318,4357,2026-01-20,hipotecario,178137.77,300,reforma,771,38.64,aprobada,\N
3319,4359,2024-09-13,personal,22059.5,12,vehiculo,862,24.21,aprobada,\N
3320,4359,2024-07-16,vehiculo,11126.83,48,reforma,826,36.8,aprobada,\N
3321,4360,2023-12-26,vehiculo,14863.98,72,consumo,759,30.08,aprobada,\N
3322,4362,2025-06-30,vehiculo,23575.7,84,reforma,716,18.58,aprobada,\N
3323,4363,2024-09-21,personal,8795.5,36,vehiculo,800,28.67,aprobada,\N
3324,4364,2024-05-09,personal,13949.1,12,vivienda,757,30.07,aprobada,\N
3325,4366,2025-05-03,hipotecario,173860.7,180,reforma,856,34.34,rechazada,criterios_riesgo
3326,4367,2025-11-20,hipotecario,132822.41,300,vehiculo,721,37.23,rechazada,criterios_riesgo
3327,4368,2024-06-15,personal,20921.79,48,reforma,693,14.54,aprobada,\N
3328,4369,2023-06-19,personal,14113.15,36,vivienda,755,29.51,aprobada,\N
3329,4370,2026-04-14,personal,3816.89,48,vivienda,714,35.33,aprobada,\N
3330,4370,2026-03-30,personal,15011.34,36,liquidez,751,24.86,aprobada,\N
3331,4371,2026-03-07,personal,14305.91,12,liquidez,776,26.3,aprobada,\N
3332,4371,2025-05-21,hipotecario,289335.27,300,vehiculo,787,39.4,aprobada,\N
3333,4371,2025-01-05,vehiculo,28221.1,36,vehiculo,759,23.09,aprobada,\N
3334,4372,2023-06-07,personal,25764.42,12,vehiculo,763,27.83,aprobada,\N
3335,4373,2023-06-13,hipotecario,229804.48,360,reforma,645,29.21,aprobada,\N
3336,4374,2024-03-18,vehiculo,26439.67,48,liquidez,607,36.52,rechazada,score_crediticio_bajo
3337,4374,2025-04-29,personal,3472.12,36,liquidez,644,12.4,aprobada,\N
3338,4375,2025-01-27,hipotecario,133231.72,180,liquidez,686,16.13,aprobada,\N
3339,4377,2025-08-30,personal,5697.92,24,vivienda,663,19.77,aprobada,\N
3340,4380,2024-11-21,personal,3261.25,12,vivienda,529,34.96,rechazada,score_crediticio_bajo
3341,4381,2023-11-02,personal,6030.84,60,consumo,652,58.92,rechazada,endeudamiento_elevado
3342,4382,2025-10-24,personal,29706.61,36,vivienda,705,12.52,aprobada,\N
3343,4383,2025-06-29,personal,22740.37,36,liquidez,679,28.14,aprobada,\N
3344,4385,2026-03-10,personal,24951.49,24,liquidez,583,42.4,rechazada,score_crediticio_bajo
3345,4389,2025-08-06,personal,28217.51,12,reforma,614,39.37,aprobada,\N
3346,4390,2026-06-24,personal,4882.37,36,vivienda,752,32.92,aprobada,\N
3347,4395,2026-04-02,vehiculo,16256.92,84,vivienda,739,34.59,aprobada,\N
3348,4396,2025-08-31,hipotecario,158873.5,300,consumo,723,13.43,aprobada,\N
3349,4398,2025-09-13,vehiculo,40302.39,48,reforma,659,42.79,aprobada,\N
3350,4403,2024-01-28,hipotecario,223774.21,300,consumo,471,95,rechazada,score_crediticio_bajo
3351,4403,2023-02-10,vehiculo,43766.41,48,vehiculo,452,66.76,rechazada,score_crediticio_bajo
3352,4403,2023-05-26,vehiculo,33469.44,36,reforma,529,35.77,rechazada,score_crediticio_bajo
3353,4404,2026-02-20,personal,28780.85,24,reforma,693,45.79,aprobada,\N
3354,4407,2025-06-06,vehiculo,28236.54,60,liquidez,737,45.07,aprobada,\N
3355,4407,2023-10-13,personal,19231.03,36,reforma,724,49.49,aprobada,\N
3356,4410,2023-06-06,personal,18980.77,36,vivienda,780,18.72,aprobada,\N
3357,4411,2023-05-01,vehiculo,26993.05,72,vivienda,508,22.85,rechazada,score_crediticio_bajo
3358,4413,2026-02-24,personal,26289.62,60,vivienda,822,22.68,aprobada,\N
3359,4414,2025-06-22,personal,17534.58,24,reforma,642,10.55,aprobada,\N
3360,4414,2025-12-07,personal,12596.14,60,reforma,623,24.21,aprobada,\N
3361,4417,2026-03-05,hipotecario,178706.17,180,vivienda,763,30.8,aprobada,\N
3362,4417,2026-01-16,personal,26922.66,12,vehiculo,789,14.83,aprobada,\N
3363,4417,2026-01-12,personal,14979.94,12,reforma,765,30.87,aprobada,\N
3364,4418,2026-03-02,personal,16373.01,48,vivienda,744,21.39,aprobada,\N
3365,4418,2025-04-04,personal,2850.21,36,consumo,697,31.24,aprobada,\N
3366,4419,2025-10-25,personal,23260.64,12,vehiculo,689,22.53,aprobada,\N
3367,4419,2026-02-20,personal,3329.62,24,consumo,667,24.67,aprobada,\N
3368,4420,2025-06-05,personal,2789.29,12,liquidez,742,31.02,aprobada,\N
3369,4421,2025-10-01,hipotecario,91335.36,240,liquidez,669,21.43,rechazada,criterios_riesgo
3370,4421,2025-02-11,vehiculo,12293.21,48,consumo,671,27.14,aprobada,\N
3371,4422,2026-02-23,vehiculo,43294.98,48,reforma,813,11.93,aprobada,\N
3372,4424,2024-10-02,personal,29786.1,60,reforma,662,32.22,aprobada,\N
3373,4425,2024-03-11,personal,13278.73,36,consumo,780,36.06,aprobada,\N
3374,4427,2025-02-10,hipotecario,269445.02,360,reforma,852,39.7,aprobada,\N
3375,4428,2024-06-23,personal,22728.68,36,liquidez,704,35.51,rechazada,ingresos_insuficientes
3376,4430,2025-03-08,vehiculo,8441.03,84,vivienda,586,47.24,rechazada,score_crediticio_bajo
3377,4430,2026-03-04,vehiculo,13653.14,72,liquidez,639,20.97,aprobada,\N
3378,4430,2026-05-21,personal,24606.38,36,liquidez,631,0,aprobada,\N
3379,4433,2024-08-01,vehiculo,8674.01,72,vehiculo,793,17.73,aprobada,\N
3380,4434,2024-02-12,personal,10479.61,24,reforma,740,8.75,aprobada,\N
3381,4434,2024-11-16,vehiculo,22473.42,48,reforma,759,17.72,aprobada,\N
3382,4435,2026-06-28,hipotecario,76556.55,360,liquidez,771,14.4,aprobada,\N
3383,4436,2023-03-26,personal,19517.15,24,reforma,692,13.73,aprobada,\N
3384,4436,2024-01-01,personal,12859.72,48,liquidez,680,49.91,aprobada,\N
3385,4437,2024-06-19,hipotecario,88590.87,180,vehiculo,595,46.88,rechazada,score_crediticio_bajo
3386,4442,2026-06-17,hipotecario,96003.22,240,liquidez,808,35.96,aprobada,\N
3387,4446,2024-11-28,personal,5766.76,24,reforma,632,48.38,aprobada,\N
3388,4446,2024-12-02,vehiculo,33952.18,84,vivienda,594,23.12,rechazada,score_crediticio_bajo
3389,4452,2026-04-08,hipotecario,306272.22,360,reforma,808,48.26,aprobada,\N
3390,4452,2026-04-09,personal,16500.44,48,liquidez,799,25.83,aprobada,\N
3391,4452,2026-02-26,personal,28172.86,12,vehiculo,798,26.93,aprobada,\N
3392,4454,2026-05-03,personal,10538.9,60,liquidez,786,29.24,aprobada,\N
3393,4455,2025-08-14,personal,28392.7,12,vivienda,704,16.61,aprobada,\N
3394,4459,2025-10-05,personal,23112.86,24,liquidez,668,18.71,aprobada,\N
3395,4459,2025-07-06,vehiculo,43143.12,36,vivienda,632,33.91,aprobada,\N
3396,4462,2025-12-19,hipotecario,256666.73,180,consumo,626,73.54,rechazada,endeudamiento_elevado
3397,4463,2026-01-30,personal,18978.92,12,consumo,736,27.7,aprobada,\N
3398,4463,2024-12-22,personal,16203.62,36,reforma,714,34.75,aprobada,\N
3399,4463,2025-01-08,hipotecario,303604.3,300,consumo,667,48.01,aprobada,\N
3400,4464,2024-05-03,personal,9308.46,60,vehiculo,749,17.67,aprobada,\N
3401,4466,2023-02-25,vehiculo,42358.14,84,consumo,693,38.04,aprobada,\N
3402,4467,2026-02-17,personal,4157.02,12,consumo,672,29.52,aprobada,\N
3403,4468,2023-08-19,vehiculo,17492.88,48,liquidez,700,43.9,aprobada,\N
3404,4469,2024-09-02,personal,28349.29,48,vivienda,774,21.36,aprobada,\N
3405,4469,2024-03-21,vehiculo,9795.45,36,vehiculo,771,25.37,aprobada,\N
3406,4469,2026-06-21,vehiculo,8444.55,48,vehiculo,756,19.9,aprobada,\N
3407,4470,2024-03-26,personal,22707.16,24,reforma,701,28.86,aprobada,\N
3408,4471,2024-05-17,vehiculo,34115.3,84,vivienda,631,33.86,aprobada,\N
3409,4472,2024-03-30,personal,3458.53,36,consumo,759,14.82,aprobada,\N
3410,4473,2023-08-18,personal,1868.34,12,liquidez,791,34.33,aprobada,\N
3411,4475,2025-08-29,personal,5236.52,60,reforma,786,18.46,aprobada,\N
3412,4475,2023-07-14,vehiculo,18826.41,60,vivienda,799,27.22,aprobada,\N
3413,4477,2025-12-03,personal,1703.55,12,consumo,787,22.32,aprobada,\N
3414,4478,2026-06-04,personal,17101.56,60,vivienda,678,33.07,aprobada,\N
3415,4478,2025-07-25,personal,19491.24,24,reforma,648,22.86,aprobada,\N
3416,4478,2025-06-14,hipotecario,143862.54,360,vehiculo,601,55.27,rechazada,score_crediticio_bajo
3417,4479,2024-07-18,personal,15725.29,60,reforma,651,5.91,aprobada,\N
3418,4480,2024-10-16,personal,4378.53,48,liquidez,713,27.4,aprobada,\N
3419,4481,2026-04-29,personal,23995.92,60,liquidez,699,23.56,aprobada,\N
3420,4484,2026-06-01,personal,3220.1,60,consumo,660,31.76,aprobada,\N
3421,4486,2026-02-17,personal,11741.3,36,liquidez,738,18.33,aprobada,\N
3422,4487,2026-04-06,vehiculo,25923.42,48,reforma,720,25.25,aprobada,\N
3423,4489,2026-03-21,personal,16563.08,48,vivienda,730,29.22,aprobada,\N
3424,4491,2025-07-07,personal,3122.63,60,reforma,736,17.52,aprobada,\N
3425,4492,2023-09-30,personal,25314.59,48,liquidez,795,34.99,aprobada,\N
3426,4493,2023-03-30,personal,17577.93,12,vehiculo,748,40.5,aprobada,\N
3427,4495,2025-11-03,vehiculo,38836.87,36,liquidez,768,22.36,aprobada,\N
3428,4497,2024-10-28,hipotecario,106934.89,240,consumo,741,18.4,aprobada,\N
3429,4497,2026-01-03,personal,25600.19,48,reforma,725,25.52,aprobada,\N
3430,4499,2025-12-17,personal,8349.46,24,consumo,733,35.09,aprobada,\N
3431,4501,2026-03-13,vehiculo,13226.87,84,vehiculo,612,40.63,rechazada,ingresos_insuficientes
3432,4501,2025-11-28,personal,13905.69,36,vehiculo,617,38.01,rechazada,ingresos_insuficientes
3433,4502,2026-03-20,hipotecario,212399.58,180,consumo,695,57.84,rechazada,endeudamiento_elevado
3434,4504,2024-04-24,vehiculo,11262.21,72,vehiculo,630,26.4,aprobada,\N
3435,4505,2024-03-27,personal,15599.49,36,vivienda,572,41.47,rechazada,score_crediticio_bajo
3436,4506,2026-05-24,personal,28023.05,36,liquidez,695,47.92,aprobada,\N
3437,4507,2023-08-15,personal,17719.28,60,consumo,590,40.75,rechazada,score_crediticio_bajo
3438,4508,2026-02-23,personal,12984.94,60,vehiculo,596,38.99,rechazada,score_crediticio_bajo
3439,4509,2023-08-05,vehiculo,32314.93,60,vivienda,626,58.06,rechazada,endeudamiento_elevado
3440,4510,2025-05-13,personal,22811.99,24,consumo,698,57.12,rechazada,endeudamiento_elevado
3441,4510,2023-04-21,personal,11725.66,48,consumo,726,16.8,aprobada,\N
3442,4512,2025-11-30,personal,4217.03,48,vivienda,476,49.9,rechazada,score_crediticio_bajo
3443,4518,2025-02-20,hipotecario,307090.69,360,consumo,682,51.09,aprobada,\N
3444,4519,2026-03-29,personal,21632.33,36,consumo,658,25.61,aprobada,\N
3445,4519,2024-03-01,hipotecario,230426.29,240,consumo,644,41.85,aprobada,\N
3446,4520,2026-01-25,personal,12039.42,12,vehiculo,778,5.92,aprobada,\N
3447,4521,2025-11-07,personal,6830.27,60,reforma,638,27.87,rechazada,ingresos_insuficientes
3448,4522,2023-12-21,personal,16266.97,24,vivienda,809,34.69,aprobada,\N
3449,4524,2024-09-18,personal,3760.09,24,vivienda,676,21.84,aprobada,\N
3450,4526,2026-05-15,vehiculo,41089.02,36,liquidez,617,39.17,rechazada,ingresos_insuficientes
3451,4526,2024-12-02,personal,25634.83,48,vivienda,603,56.75,rechazada,score_crediticio_bajo
3452,4526,2025-09-04,vehiculo,15477.88,72,consumo,632,33.2,rechazada,ingresos_insuficientes
3453,4527,2023-06-18,personal,5119.04,36,vivienda,717,32.64,aprobada,\N
3454,4527,2025-02-10,vehiculo,26985.31,36,reforma,637,31.38,aprobada,\N
3455,4528,2024-09-03,personal,19139.25,60,liquidez,696,28.72,aprobada,\N
3456,4529,2024-10-05,hipotecario,146470.06,360,vehiculo,691,36.43,aprobada,\N
3457,4530,2023-05-06,vehiculo,15561.79,36,vehiculo,898,35.94,aprobada,\N
3458,4530,2025-08-02,hipotecario,281580.72,360,vivienda,887,33.62,aprobada,\N
3459,4530,2025-05-17,hipotecario,180525.87,360,reforma,844,40.2,aprobada,\N
3460,4533,2026-03-28,personal,8306.72,36,consumo,665,18.43,aprobada,\N
3461,4535,2024-04-26,personal,3775.8,36,reforma,755,21.59,aprobada,\N
3462,4535,2025-10-13,personal,21061.51,24,vivienda,751,19.2,aprobada,\N
3463,4537,2026-06-16,vehiculo,9405.59,48,vehiculo,513,31.77,rechazada,score_crediticio_bajo
3464,4537,2026-06-01,vehiculo,44751.51,60,liquidez,513,48.36,rechazada,score_crediticio_bajo
3465,4540,2026-02-18,hipotecario,302812.54,300,vehiculo,799,34.82,aprobada,\N
3466,4546,2024-03-13,vehiculo,22904.78,60,reforma,767,21.67,aprobada,\N
3467,4550,2026-01-06,vehiculo,8162.59,60,vivienda,741,32.08,aprobada,\N
3468,4551,2024-02-25,personal,5623.27,12,reforma,694,39.82,aprobada,\N
3469,4551,2025-12-16,personal,6127.61,60,reforma,665,48.32,aprobada,\N
3470,4552,2024-04-23,hipotecario,172612.35,180,consumo,726,38.29,aprobada,\N
3471,4552,2024-04-06,vehiculo,33915.28,60,consumo,723,36.66,aprobada,\N
3472,4553,2024-08-26,personal,9315.45,48,vivienda,681,24.8,aprobada,\N
3473,4554,2023-01-09,hipotecario,186985.71,240,reforma,641,31.04,rechazada,criterios_riesgo
3474,4557,2024-01-18,personal,7412.63,48,liquidez,705,43.81,aprobada,\N
3475,4557,2023-02-07,personal,15525.25,12,reforma,693,17.34,aprobada,\N
3476,4558,2025-02-19,hipotecario,94602.31,180,vehiculo,803,21.89,aprobada,\N
3477,4559,2024-10-15,personal,26947.53,24,vehiculo,836,28.86,aprobada,\N
3478,4560,2024-09-10,vehiculo,37488.12,48,consumo,694,26.64,aprobada,\N
3479,4566,2024-01-20,vehiculo,30692.08,36,reforma,813,42.81,aprobada,\N
3480,4569,2024-05-26,personal,6106.63,24,vivienda,619,35.35,aprobada,\N
3481,4570,2025-04-17,vehiculo,15169.94,48,liquidez,706,11.17,rechazada,ingresos_insuficientes
3482,4570,2026-02-09,personal,3124.66,24,vivienda,662,41.04,rechazada,ingresos_insuficientes
3483,4571,2025-01-19,personal,5335.48,24,consumo,635,18.83,aprobada,\N
3484,4572,2026-04-01,personal,21702.44,36,vehiculo,647,46.65,aprobada,\N
3485,4573,2025-02-12,vehiculo,21746.4,48,consumo,748,19.53,aprobada,\N
3486,4573,2023-12-31,personal,22426.3,48,reforma,754,23.57,aprobada,\N
3487,4574,2023-08-31,personal,10489.4,36,vivienda,759,15.2,aprobada,\N
3488,4575,2026-06-03,personal,5941.06,60,liquidez,737,31.62,aprobada,\N
3489,4576,2025-04-06,vehiculo,15284.46,84,vivienda,599,13.22,rechazada,score_crediticio_bajo
3490,4579,2026-01-23,hipotecario,306200.04,360,consumo,565,65.78,rechazada,score_crediticio_bajo
3491,4580,2025-01-06,personal,19690.84,48,vehiculo,545,45.88,rechazada,score_crediticio_bajo
3492,4580,2025-01-17,vehiculo,11472.29,60,reforma,571,41.59,rechazada,score_crediticio_bajo
3493,4582,2026-04-12,personal,20307.96,36,vehiculo,838,36.59,aprobada,\N
3494,4583,2024-06-21,personal,2672.76,48,vehiculo,751,10.77,aprobada,\N
3495,4584,2025-10-23,personal,11377.34,24,reforma,690,22.91,aprobada,\N
3496,4586,2024-12-05,personal,10354.5,12,consumo,717,49.44,rechazada,ingresos_insuficientes
3497,4587,2023-03-13,vehiculo,29780.35,48,consumo,714,13.2,aprobada,\N
3498,4589,2024-11-03,vehiculo,36498.25,72,vivienda,749,22.56,aprobada,\N
3499,4589,2024-09-12,hipotecario,268721.74,180,consumo,737,40.08,aprobada,\N
3500,4592,2025-07-09,vehiculo,30697.08,36,liquidez,731,32.9,aprobada,\N
3501,4593,2024-10-06,vehiculo,40297.96,72,consumo,653,36.37,aprobada,\N
3502,4593,2024-05-17,personal,4522.53,24,reforma,658,17.1,aprobada,\N
3503,4594,2025-06-16,personal,28773.69,12,consumo,524,27.94,rechazada,score_crediticio_bajo
3504,4594,2026-01-17,personal,5482.26,48,consumo,574,40.93,rechazada,score_crediticio_bajo
3505,4598,2023-11-21,hipotecario,209364.66,180,vehiculo,548,50.45,rechazada,score_crediticio_bajo
3506,4598,2026-06-05,personal,25315.16,48,vivienda,580,21.67,rechazada,score_crediticio_bajo
3507,4602,2024-09-18,personal,5129.42,24,liquidez,647,36.52,aprobada,\N
3508,4603,2023-09-01,personal,5632.83,48,consumo,815,36.37,aprobada,\N
3509,4604,2024-10-13,personal,29516.19,24,vivienda,763,37.39,aprobada,\N
3510,4604,2025-05-29,vehiculo,34659.12,48,vivienda,745,7.71,aprobada,\N
3511,4605,2026-02-20,personal,26006.88,48,vehiculo,712,23.35,aprobada,\N
3512,4608,2023-02-21,personal,13667.98,60,vivienda,812,18.71,aprobada,\N
3513,4611,2023-02-11,personal,10316.85,36,consumo,655,31.46,aprobada,\N
3514,4615,2023-11-06,personal,14801.39,24,reforma,626,44.55,aprobada,\N
3515,4619,2025-11-23,personal,16712.02,24,vivienda,696,18.29,aprobada,\N
3516,4619,2026-06-07,hipotecario,238791.0,300,liquidez,601,56.91,rechazada,score_crediticio_bajo
3517,4621,2024-05-25,personal,8043.3,36,vivienda,696,28.26,rechazada,ingresos_insuficientes
3518,4621,2025-04-12,personal,12342.67,24,liquidez,704,32.4,rechazada,ingresos_insuficientes
3519,4624,2025-01-27,personal,24830.26,36,vivienda,748,33.99,aprobada,\N
3520,4625,2023-06-18,personal,17845.87,36,vivienda,673,17.27,aprobada,\N
3521,4628,2026-05-31,personal,27885.0,48,vivienda,765,32.85,aprobada,\N
3522,4629,2026-02-26,hipotecario,211437.57,180,reforma,657,31.59,aprobada,\N
3523,4630,2026-02-07,personal,26208.14,12,vivienda,740,7.33,aprobada,\N
3524,4630,2025-03-06,vehiculo,26156.28,48,consumo,702,32.11,aprobada,\N
3525,4631,2023-06-03,personal,18722.0,60,reforma,702,18.62,aprobada,\N
3526,4631,2023-02-22,personal,6944.39,24,vivienda,629,46.41,aprobada,\N
3527,4632,2024-03-06,vehiculo,24891.37,84,consumo,657,41.04,rechazada,ingresos_insuficientes
3528,4632,2024-05-09,vehiculo,16609.26,84,reforma,637,44.15,rechazada,ingresos_insuficientes
3529,4634,2024-05-03,personal,5423.82,48,reforma,591,13.87,rechazada,score_crediticio_bajo
3530,4636,2024-03-20,hipotecario,86197.01,300,vivienda,508,43.58,rechazada,score_crediticio_bajo
3531,4639,2025-09-11,personal,15863.3,12,reforma,586,29.51,rechazada,score_crediticio_bajo
3532,4640,2024-04-04,personal,13842.78,12,vehiculo,704,23.6,aprobada,\N
3533,4641,2025-07-05,personal,11152.3,48,vehiculo,643,11.09,aprobada,\N
3534,4641,2026-01-13,personal,6451.44,48,vehiculo,600,23.83,rechazada,score_crediticio_bajo
3535,4644,2024-04-06,hipotecario,179877.44,360,vehiculo,778,36.63,aprobada,\N
3536,4647,2025-07-13,personal,15117.06,60,liquidez,844,20.71,aprobada,\N
3537,4647,2025-01-18,hipotecario,196555.24,180,consumo,819,30.51,aprobada,\N
3538,4647,2023-11-30,vehiculo,42916.48,36,consumo,758,30.96,aprobada,\N
3539,4649,2023-07-21,personal,16541.78,48,liquidez,601,47.67,rechazada,score_crediticio_bajo
3540,4650,2026-05-21,personal,25141.65,60,reforma,495,27.46,rechazada,score_crediticio_bajo
3541,4651,2026-04-01,personal,12192.85,48,reforma,637,40.02,aprobada,\N
3542,4653,2025-02-05,hipotecario,141640.44,360,vivienda,717,39.49,rechazada,criterios_riesgo
3543,4654,2026-01-28,personal,14339.84,12,vivienda,736,12.87,aprobada,\N
3544,4654,2023-03-06,vehiculo,8155.73,48,vivienda,769,20.82,aprobada,\N
3545,4657,2026-04-22,personal,22711.36,24,liquidez,741,10.74,aprobada,\N
3546,4657,2025-01-20,personal,5827.8,36,vehiculo,724,14.96,aprobada,\N
3547,4658,2025-12-31,vehiculo,24542.02,72,liquidez,617,52.87,aprobada,\N
3548,4658,2024-08-01,personal,7835.53,48,vehiculo,659,36.64,aprobada,\N
3549,4659,2023-03-13,personal,9037.38,12,vehiculo,714,39.42,aprobada,\N
3550,4659,2023-02-08,hipotecario,76671.87,360,consumo,724,42.95,aprobada,\N
3551,4660,2026-05-11,vehiculo,21983.7,48,liquidez,731,36.58,aprobada,\N
3552,4661,2026-04-04,hipotecario,268825.35,300,reforma,422,95,rechazada,score_crediticio_bajo
3553,4662,2023-08-05,personal,5170.46,60,reforma,723,11.31,aprobada,\N
3554,4663,2026-05-13,personal,24658.95,24,liquidez,723,31.15,aprobada,\N
3555,4663,2025-05-07,personal,25104.75,48,vivienda,676,47.0,aprobada,\N
3556,4666,2025-09-13,hipotecario,122824.88,360,vehiculo,753,42.98,aprobada,\N
3557,4666,2025-09-01,personal,29478.51,60,consumo,759,35.7,aprobada,\N
3558,4667,2025-07-06,personal,19327.12,24,vivienda,661,39.41,aprobada,\N
3559,4668,2025-05-01,vehiculo,19178.93,72,vivienda,727,34.86,aprobada,\N
3560,4669,2024-06-15,vehiculo,15983.66,36,vivienda,738,11.61,aprobada,\N
3561,4670,2024-06-13,vehiculo,39653.44,60,consumo,622,34.3,aprobada,\N
3562,4670,2023-10-07,hipotecario,243939.94,240,consumo,662,45.05,rechazada,criterios_riesgo
3563,4670,2024-08-25,personal,11401.91,12,consumo,606,55.5,rechazada,score_crediticio_bajo
3564,4672,2026-01-08,personal,21338.21,24,reforma,788,22.12,aprobada,\N
3565,4675,2025-12-24,vehiculo,8247.32,84,reforma,704,44.16,aprobada,\N
3566,4677,2024-07-21,hipotecario,280795.18,360,consumo,732,31.46,aprobada,\N
3567,4678,2025-10-28,personal,3595.6,60,reforma,748,19.31,aprobada,\N
3568,4678,2026-04-23,personal,23431.99,48,vivienda,742,28.62,aprobada,\N
3569,4679,2025-09-28,hipotecario,230109.86,180,vehiculo,792,25.89,aprobada,\N
3570,4683,2024-05-24,personal,2163.03,48,liquidez,710,34.12,aprobada,\N
3571,4684,2026-05-20,personal,14776.74,24,reforma,821,40.96,aprobada,\N
3572,4686,2025-10-10,personal,25525.89,36,reforma,716,30.12,aprobada,\N
3573,4689,2025-10-27,personal,21642.98,48,vivienda,699,17.46,aprobada,\N
3574,4690,2026-03-07,personal,28255.09,24,liquidez,934,32.57,aprobada,\N
3575,4695,2023-05-23,vehiculo,26170.09,48,vivienda,770,38.13,aprobada,\N
3576,4695,2023-11-02,personal,29078.45,60,vivienda,773,29.83,aprobada,\N
3577,4695,2025-11-13,vehiculo,41618.62,36,reforma,733,22.62,aprobada,\N
3578,4697,2026-03-25,vehiculo,8783.36,36,vehiculo,672,34.99,aprobada,\N
3579,4699,2025-09-18,hipotecario,205834.03,180,vivienda,647,70.75,rechazada,endeudamiento_elevado
3580,4699,2024-12-30,personal,21700.56,36,consumo,763,29.55,aprobada,\N
3581,4700,2024-01-02,personal,19887.94,36,consumo,701,53.09,aprobada,\N
3582,4701,2023-08-30,personal,4576.65,24,consumo,647,32.01,aprobada,\N
3583,4703,2025-04-09,personal,25878.04,12,vivienda,618,17.18,aprobada,\N
3584,4706,2026-04-11,personal,27453.21,24,vivienda,775,13.98,aprobada,\N
3585,4707,2026-02-20,personal,10043.92,12,vehiculo,666,29.11,aprobada,\N
3586,4708,2025-06-28,personal,29546.86,48,vehiculo,666,38.21,aprobada,\N
3587,4710,2025-06-29,personal,5652.5,36,vehiculo,815,25.63,aprobada,\N
3588,4712,2025-09-15,personal,4970.43,12,vivienda,622,44.09,rechazada,ingresos_insuficientes
3589,4713,2025-02-27,vehiculo,13439.27,48,reforma,692,40.11,aprobada,\N
3590,4716,2026-06-10,vehiculo,40981.79,48,consumo,749,13.25,aprobada,\N
3591,4718,2024-03-17,personal,15665.26,36,vivienda,690,20.73,aprobada,\N
3592,4718,2024-03-31,personal,9752.19,48,vehiculo,635,33.44,aprobada,\N
3593,4719,2026-05-26,personal,21204.11,24,reforma,678,36.55,rechazada,ingresos_insuficientes
3594,4719,2025-11-11,hipotecario,116506.53,240,reforma,602,27.57,rechazada,score_crediticio_bajo
3595,4719,2025-11-12,vehiculo,37752.38,60,reforma,598,41.63,rechazada,score_crediticio_bajo
3596,4720,2026-02-20,personal,5061.26,48,consumo,730,3.98,aprobada,\N
3597,4721,2026-04-03,personal,2718.79,36,consumo,742,11.71,aprobada,\N
3598,4722,2024-05-21,personal,18204.7,36,consumo,834,17.65,aprobada,\N
3599,4724,2024-06-10,vehiculo,38631.7,36,reforma,779,18.47,aprobada,\N
3600,4726,2026-03-08,vehiculo,18089.99,84,vivienda,731,27.03,aprobada,\N
3601,4727,2024-09-21,vehiculo,20913.55,36,vehiculo,634,38.75,aprobada,\N
3602,4730,2024-10-14,vehiculo,35475.1,60,vehiculo,740,38.34,aprobada,\N
3603,4730,2026-03-06,personal,28945.99,24,vivienda,684,37.39,aprobada,\N
3604,4730,2025-02-26,personal,4455.68,12,vivienda,733,14.45,aprobada,\N
3605,4731,2026-05-08,personal,6513.89,36,vivienda,795,52.85,aprobada,\N
3606,4733,2025-11-24,personal,5976.09,24,consumo,684,16.09,aprobada,\N
3607,4733,2025-09-10,personal,24391.99,24,reforma,694,24.71,aprobada,\N
3608,4734,2025-10-15,personal,18484.18,48,vehiculo,458,66.85,rechazada,score_crediticio_bajo
3609,4735,2024-06-22,vehiculo,10057.91,36,liquidez,696,56.68,rechazada,endeudamiento_elevado
3610,4736,2026-01-23,vehiculo,12544.38,36,consumo,854,14.56,aprobada,\N
3611,4736,2024-09-29,vehiculo,44798.5,36,liquidez,875,30.44,aprobada,\N
3612,4737,2023-08-04,personal,25543.28,48,vivienda,721,10.74,aprobada,\N
3613,4738,2024-06-18,vehiculo,12045.44,84,vivienda,676,28.06,aprobada,\N
3614,4739,2023-12-16,personal,14206.1,48,consumo,465,43.58,rechazada,score_crediticio_bajo
3615,4739,2026-06-22,vehiculo,39122.72,60,vehiculo,487,49.29,rechazada,score_crediticio_bajo
3616,4740,2025-06-06,hipotecario,318156.27,180,consumo,640,44.75,aprobada,\N
3617,4741,2024-12-03,vehiculo,10753.45,72,liquidez,635,41.82,rechazada,ingresos_insuficientes
3618,4744,2026-04-09,personal,26295.87,12,liquidez,736,14.15,aprobada,\N
3619,4745,2025-06-24,vehiculo,14546.65,36,liquidez,739,22.83,aprobada,\N
3620,4747,2025-10-22,personal,12326.09,36,vivienda,698,22.02,aprobada,\N
3621,4748,2026-04-24,vehiculo,39703.93,48,consumo,790,36.25,aprobada,\N
3622,4748,2025-10-12,personal,16777.59,48,reforma,761,38.15,aprobada,\N
3623,4749,2024-10-22,personal,9955.41,12,reforma,611,39.38,aprobada,\N
3624,4749,2024-01-29,vehiculo,24917.01,36,vivienda,560,53.73,rechazada,score_crediticio_bajo
3625,4749,2023-02-03,personal,18267.46,24,liquidez,591,37.15,rechazada,score_crediticio_bajo
3626,4752,2026-06-21,vehiculo,42630.28,84,vivienda,523,95,rechazada,score_crediticio_bajo
3627,4753,2026-05-13,vehiculo,13148.63,84,reforma,703,29.55,aprobada,\N
3628,4754,2023-09-04,personal,28402.89,60,vehiculo,643,32.65,aprobada,\N
3629,4754,2025-06-11,personal,23055.21,12,consumo,624,48.96,aprobada,\N
3630,4755,2025-05-27,personal,29084.52,36,vehiculo,678,27.7,rechazada,ingresos_insuficientes
3631,4756,2023-06-15,personal,13789.05,48,vehiculo,668,31.6,aprobada,\N
3632,4758,2026-02-05,hipotecario,288047.78,240,vivienda,757,25.55,aprobada,\N
3633,4758,2024-12-05,personal,27327.56,12,vehiculo,738,26.13,aprobada,\N
3634,4758,2025-09-20,vehiculo,43052.24,48,consumo,773,36.11,aprobada,\N
3635,4759,2026-06-19,vehiculo,39459.83,36,liquidez,762,29.07,aprobada,\N
3636,4759,2026-05-11,vehiculo,44799.17,72,vivienda,750,26.06,aprobada,\N
3637,4759,2026-05-30,vehiculo,44769.56,48,reforma,758,23.5,aprobada,\N
3638,4760,2024-09-03,personal,28955.91,36,reforma,606,54.34,rechazada,score_crediticio_bajo
3639,4761,2026-05-26,personal,24603.66,24,vivienda,721,3.05,rechazada,ingresos_insuficientes
3640,4761,2026-06-30,personal,24890.11,24,consumo,695,26.5,rechazada,ingresos_insuficientes
3641,4763,2024-04-08,personal,16221.07,60,reforma,796,41.07,aprobada,\N
3642,4764,2023-08-24,hipotecario,138623.38,240,vivienda,703,33.92,rechazada,criterios_riesgo
3643,4764,2025-08-27,vehiculo,41935.13,48,vivienda,644,21.45,aprobada,\N
3644,4766,2025-08-17,vehiculo,24946.09,60,vehiculo,763,41.56,aprobada,\N
3645,4766,2024-10-19,personal,3132.45,36,consumo,720,54.39,aprobada,\N
3646,4767,2025-11-24,personal,4342.72,60,vivienda,806,21.27,aprobada,\N
3647,4771,2023-10-29,vehiculo,25684.91,48,vehiculo,695,43.49,aprobada,\N
3648,4771,2023-09-28,vehiculo,17139.44,60,reforma,723,8.92,aprobada,\N
3649,4775,2025-12-24,personal,4784.16,24,consumo,638,25.52,rechazada,ingresos_insuficientes
3650,4776,2026-04-30,hipotecario,197750.95,300,vehiculo,585,44.48,rechazada,score_crediticio_bajo
3651,4779,2025-01-12,hipotecario,233836.06,240,liquidez,689,61.8,rechazada,endeudamiento_elevado
3652,4782,2023-07-22,personal,14973.03,36,consumo,657,35.29,aprobada,\N
3653,4782,2024-10-22,personal,14525.76,48,consumo,700,7.86,aprobada,\N
3654,4783,2024-11-06,vehiculo,16407.27,48,liquidez,679,2.32,aprobada,\N
3655,4785,2026-05-26,personal,25937.98,60,reforma,547,40.7,rechazada,score_crediticio_bajo
3656,4786,2025-06-09,personal,10699.4,36,vivienda,600,29.28,rechazada,score_crediticio_bajo
3657,4787,2026-06-30,hipotecario,312557.28,240,consumo,656,38.98,aprobada,\N
3658,4788,2025-03-16,vehiculo,16852.42,72,liquidez,683,44.09,aprobada,\N
3659,4788,2024-02-05,personal,18677.1,24,vehiculo,714,15.09,aprobada,\N
3660,4790,2025-06-07,vehiculo,23531.97,84,vehiculo,784,25.74,aprobada,\N
3661,4791,2025-04-05,personal,26454.3,24,liquidez,565,47.9,rechazada,score_crediticio_bajo
3662,4793,2026-06-21,vehiculo,11355.42,72,consumo,811,42.26,aprobada,\N
3663,4794,2023-12-25,vehiculo,14058.54,60,vehiculo,749,25.42,aprobada,\N
3664,4795,2025-08-19,personal,16416.13,36,consumo,617,49.23,aprobada,\N
3665,4795,2025-12-30,vehiculo,17380.43,48,consumo,665,16.76,aprobada,\N
3666,4796,2026-06-17,personal,22672.82,24,consumo,748,33.28,aprobada,\N
3667,4798,2025-02-26,personal,7583.01,24,reforma,769,0,aprobada,\N
3668,4800,2025-07-28,vehiculo,10961.09,48,vehiculo,686,17.17,aprobada,\N
3669,4802,2024-01-22,personal,9262.13,12,reforma,641,24.73,aprobada,\N
3670,4803,2024-02-14,personal,8581.33,12,vehiculo,697,22.83,aprobada,\N
3671,4807,2026-01-21,personal,10266.73,24,reforma,873,3.67,aprobada,\N
3672,4808,2026-04-10,personal,6993.17,60,consumo,746,21.24,aprobada,\N
3673,4808,2026-04-02,personal,26263.62,48,reforma,649,42.08,aprobada,\N
3674,4809,2026-06-01,personal,3417.86,36,liquidez,622,41.54,rechazada,ingresos_insuficientes
3675,4810,2026-06-02,hipotecario,281462.17,180,consumo,770,31.62,aprobada,\N
3676,4811,2026-04-16,personal,22653.98,36,reforma,723,30.0,aprobada,\N
3677,4811,2025-12-05,vehiculo,33331.24,72,consumo,681,48.96,aprobada,\N
3678,4813,2024-01-11,personal,20060.62,60,liquidez,758,17.72,aprobada,\N
3679,4815,2025-10-02,personal,23464.04,48,vivienda,631,46.75,aprobada,\N
3680,4815,2026-04-30,hipotecario,228884.52,240,vivienda,612,73.42,rechazada,endeudamiento_elevado
3681,4817,2026-05-29,personal,10975.82,48,consumo,767,36.06,aprobada,\N
3682,4818,2025-08-20,personal,7946.34,24,vivienda,634,37.83,aprobada,\N
3683,4819,2025-06-13,vehiculo,39457.23,60,vehiculo,747,26.29,aprobada,\N
3684,4819,2026-05-27,personal,10159.61,36,reforma,786,16.77,aprobada,\N
3685,4821,2024-11-19,personal,15420.77,12,consumo,680,27.47,aprobada,\N
3686,4821,2026-04-27,vehiculo,31510.98,72,consumo,706,31.42,aprobada,\N
3687,4822,2025-03-18,personal,11808.83,24,consumo,762,51.32,aprobada,\N
3688,4823,2025-09-18,personal,6003.38,36,vivienda,529,26.42,rechazada,score_crediticio_bajo
3689,4824,2025-10-09,personal,13464.84,24,reforma,730,47.75,aprobada,\N
3690,4824,2023-03-13,personal,14066.05,48,vehiculo,755,36.29,aprobada,\N
3691,4824,2025-04-13,personal,6291.84,12,liquidez,792,25.84,aprobada,\N
3692,4826,2024-04-10,vehiculo,37785.76,72,consumo,817,28.14,aprobada,\N
3693,4826,2023-02-16,personal,14936.06,24,consumo,820,5.41,aprobada,\N
3694,4826,2025-06-04,vehiculo,20263.35,36,consumo,757,33.88,aprobada,\N
3695,4829,2025-05-20,personal,17484.86,24,liquidez,789,25.53,aprobada,\N
3696,4830,2024-09-09,vehiculo,28774.02,72,vehiculo,568,47.01,rechazada,score_crediticio_bajo
3697,4830,2024-11-07,personal,5229.45,48,consumo,587,31.06,rechazada,score_crediticio_bajo
3698,4833,2025-04-22,personal,22145.7,24,reforma,702,44.36,aprobada,\N
3699,4836,2023-02-09,personal,19504.65,60,vivienda,785,30.99,aprobada,\N
3700,4837,2026-05-14,personal,22571.23,60,liquidez,701,29.69,aprobada,\N
3701,4837,2025-04-14,hipotecario,113718.06,180,vivienda,685,44.66,rechazada,criterios_riesgo
3702,4842,2025-05-24,hipotecario,181094.38,360,liquidez,677,41.42,aprobada,\N
3703,4843,2026-04-26,vehiculo,14883.82,36,consumo,690,14.66,aprobada,\N
3704,4844,2025-03-18,vehiculo,26192.44,84,reforma,628,31.51,rechazada,ingresos_insuficientes
3705,4847,2024-04-30,personal,29863.6,36,reforma,705,33.19,aprobada,\N
3706,4847,2026-01-01,vehiculo,9293.81,72,consumo,682,35.58,aprobada,\N
3707,4848,2024-04-05,personal,22616.21,36,reforma,710,14.52,aprobada,\N
3708,4848,2026-03-18,vehiculo,19478.0,72,reforma,663,19.32,aprobada,\N
3709,4849,2024-04-29,vehiculo,35172.85,48,liquidez,717,38.41,aprobada,\N
3710,4850,2024-10-23,personal,25574.68,24,reforma,632,32.74,aprobada,\N
3711,4851,2024-04-20,personal,3224.85,48,consumo,828,39.68,aprobada,\N
3712,4852,2024-11-02,personal,10782.27,24,reforma,773,34.38,aprobada,\N
3713,4853,2023-10-10,vehiculo,35865.67,48,liquidez,741,10.03,aprobada,\N
3714,4855,2024-12-10,vehiculo,26047.71,60,liquidez,664,19.48,aprobada,\N
3715,4855,2024-01-15,personal,22311.02,12,consumo,688,26.77,aprobada,\N
3716,4857,2026-06-15,vehiculo,8538.71,36,vehiculo,696,43.24,aprobada,\N
3717,4857,2026-06-28,hipotecario,304387.78,300,reforma,720,52.14,aprobada,\N
3718,4860,2023-05-07,hipotecario,112927.55,180,vehiculo,718,20.27,aprobada,\N
3719,4860,2025-10-09,personal,8355.94,24,consumo,756,17.52,aprobada,\N
3720,4860,2025-08-20,hipotecario,180206.96,240,vehiculo,713,0,aprobada,\N
3721,4864,2025-03-27,vehiculo,12929.75,48,consumo,671,34.76,aprobada,\N
3722,4864,2023-11-24,personal,26674.12,24,reforma,730,28.44,aprobada,\N
3723,4864,2023-04-25,hipotecario,103028.99,360,vehiculo,730,32.15,rechazada,criterios_riesgo
3724,4867,2024-02-23,hipotecario,124799.44,180,vivienda,685,19.86,aprobada,\N
3725,4868,2023-12-18,personal,11209.95,24,liquidez,712,9.27,aprobada,\N
3726,4872,2026-05-02,personal,12970.83,36,consumo,605,34.31,rechazada,score_crediticio_bajo
3727,4873,2026-05-24,vehiculo,37096.55,60,reforma,790,34.15,aprobada,\N
3728,4874,2025-01-22,personal,6778.6,12,consumo,696,28.15,aprobada,\N
3729,4876,2025-07-01,personal,10963.31,24,vehiculo,654,27.91,aprobada,\N
3730,4876,2024-04-28,personal,23946.05,36,reforma,689,31.49,aprobada,\N
3731,4876,2025-03-14,hipotecario,228884.1,300,liquidez,695,50.93,aprobada,\N
3732,4877,2026-01-16,personal,13802.93,24,consumo,706,9.93,aprobada,\N
3733,4879,2024-03-22,personal,23614.08,36,vivienda,659,30.78,rechazada,ingresos_insuficientes
3734,4880,2023-06-13,personal,2333.11,36,liquidez,724,41.29,aprobada,\N
3735,4880,2025-02-17,vehiculo,14001.61,72,reforma,741,21.36,aprobada,\N
3736,4882,2023-11-24,personal,25995.14,36,consumo,690,0,aprobada,\N
3737,4883,2024-04-06,personal,19335.36,12,vehiculo,692,38.64,aprobada,\N
3738,4884,2025-04-19,vehiculo,42719.09,36,reforma,722,39.03,aprobada,\N
3739,4885,2023-02-14,personal,5286.92,36,vivienda,520,95,rechazada,score_crediticio_bajo
3740,4886,2026-05-31,vehiculo,25775.52,60,vivienda,648,34.87,aprobada,\N
3741,4886,2025-02-25,personal,12917.13,60,vivienda,737,14.32,aprobada,\N
3742,4886,2025-03-10,personal,29262.42,48,vehiculo,659,67.8,rechazada,endeudamiento_elevado
3743,4887,2023-12-09,vehiculo,39621.46,36,vivienda,636,36.54,aprobada,\N
3744,4889,2023-09-21,personal,15866.85,36,consumo,808,18.28,aprobada,\N
3745,4889,2023-08-10,personal,2332.49,60,vehiculo,830,23.32,aprobada,\N
3746,4890,2025-02-17,vehiculo,17156.09,72,reforma,782,49.68,aprobada,\N
3747,4890,2024-11-10,vehiculo,17307.65,36,reforma,829,22.89,aprobada,\N
3748,4891,2026-01-19,personal,11052.11,12,consumo,774,25.46,aprobada,\N
3749,4891,2026-05-20,personal,28830.53,48,consumo,755,36.61,aprobada,\N
3750,4892,2025-09-17,personal,9442.24,12,vivienda,661,45.03,aprobada,\N
3751,4893,2023-01-30,personal,24939.22,36,vivienda,705,30.96,aprobada,\N
3752,4894,2025-02-20,hipotecario,255431.47,240,liquidez,766,22.58,aprobada,\N
3753,4894,2023-03-23,personal,19873.08,60,vehiculo,791,27.18,aprobada,\N
3754,4895,2025-01-23,vehiculo,40183.43,60,liquidez,696,17.87,aprobada,\N
3755,4896,2025-05-27,vehiculo,17260.35,72,liquidez,651,46.24,aprobada,\N
3756,4896,2024-08-07,personal,13862.64,36,reforma,613,65.07,rechazada,endeudamiento_elevado
3757,4897,2025-02-25,personal,23549.42,36,vivienda,838,41.2,aprobada,\N
3758,4897,2025-11-28,personal,14814.55,60,consumo,865,17.71,aprobada,\N
3759,4898,2025-05-19,personal,17509.02,48,reforma,798,20.87,aprobada,\N
3760,4899,2023-05-24,personal,20550.16,48,reforma,858,15.17,aprobada,\N
3761,4902,2026-06-16,vehiculo,8109.42,48,vehiculo,733,19.46,aprobada,\N
3762,4903,2023-05-05,personal,16060.76,60,liquidez,743,29.28,aprobada,\N
3763,4904,2023-04-26,vehiculo,12963.27,72,consumo,730,23.38,aprobada,\N
3764,4904,2024-09-11,hipotecario,77683.79,240,liquidez,675,18.73,aprobada,\N
3765,4906,2024-02-25,vehiculo,23780.56,36,reforma,844,24.12,aprobada,\N
3766,4907,2026-05-10,personal,29556.97,36,reforma,817,31.61,aprobada,\N
3767,4908,2023-01-31,personal,19796.05,36,vehiculo,737,13.98,aprobada,\N
3768,4912,2025-06-22,personal,21046.12,60,reforma,780,59.12,rechazada,endeudamiento_elevado
3769,4913,2025-07-14,personal,7384.31,48,vivienda,687,46.34,aprobada,\N
3770,4914,2023-09-28,hipotecario,283530.44,180,reforma,715,44.08,aprobada,\N
3771,4915,2023-02-01,hipotecario,258935.0,300,reforma,616,32.22,aprobada,\N
3772,4915,2023-10-24,personal,9620.4,48,liquidez,648,36.42,aprobada,\N
3773,4916,2023-07-24,personal,28879.34,12,consumo,731,26.28,aprobada,\N
3774,4917,2023-03-20,vehiculo,16684.44,60,consumo,801,20.82,aprobada,\N
3775,4918,2026-06-30,personal,28951.86,24,consumo,551,51.82,rechazada,score_crediticio_bajo
3776,4920,2026-04-14,vehiculo,14457.23,36,reforma,625,16.6,aprobada,\N
3777,4922,2025-02-08,personal,28275.04,60,liquidez,752,8.11,aprobada,\N
3778,4923,2025-07-26,hipotecario,87397.42,360,consumo,813,11.41,aprobada,\N
3779,4924,2026-01-14,personal,19992.93,60,vivienda,827,33.44,aprobada,\N
3780,4927,2026-02-26,personal,4803.17,36,consumo,650,44.45,aprobada,\N
3781,4929,2025-02-11,personal,25394.21,12,vehiculo,609,49.08,rechazada,score_crediticio_bajo
3782,4929,2024-07-29,personal,9417.98,12,consumo,674,51.95,rechazada,ingresos_insuficientes
3783,4930,2026-06-02,personal,24690.63,36,reforma,685,8.36,aprobada,\N
3784,4931,2026-05-22,personal,3393.69,48,liquidez,773,49.7,aprobada,\N
3785,4933,2026-01-17,hipotecario,239759.11,240,consumo,778,39.31,aprobada,\N
3786,4934,2024-05-06,personal,3161.92,24,vivienda,710,15.83,aprobada,\N
3787,4935,2026-05-21,personal,21098.18,60,vehiculo,730,22.08,aprobada,\N
3788,4937,2025-07-27,personal,23452.79,36,liquidez,448,57.47,rechazada,score_crediticio_bajo
3789,4939,2025-08-23,vehiculo,37986.39,36,reforma,636,41.24,aprobada,\N
3790,4939,2024-03-01,personal,25935.74,24,liquidez,669,30.81,aprobada,\N
3791,4940,2026-06-08,vehiculo,16991.36,48,vehiculo,703,13.02,aprobada,\N
3792,4942,2023-03-31,personal,29360.48,24,vehiculo,638,23.25,aprobada,\N
3793,4943,2024-12-22,personal,3769.48,12,vehiculo,716,24.55,aprobada,\N
3794,4944,2024-09-12,personal,12742.66,12,reforma,680,31.54,aprobada,\N
3795,4946,2025-06-12,vehiculo,22370.51,60,consumo,800,23.24,aprobada,\N
3796,4947,2026-02-19,personal,11506.5,60,vivienda,615,27.56,aprobada,\N
3797,4949,2024-03-19,personal,11254.99,60,consumo,771,36.39,aprobada,\N
3798,4950,2026-04-01,personal,23415.21,36,vehiculo,817,32.58,aprobada,\N
3799,4952,2026-03-10,vehiculo,40628.1,72,liquidez,735,20.02,aprobada,\N
3800,4955,2023-07-17,personal,7597.16,36,vivienda,710,42.07,aprobada,\N
3801,4956,2026-06-02,hipotecario,82988.64,180,liquidez,680,70.33,rechazada,endeudamiento_elevado
3802,4960,2023-08-07,personal,4690.14,24,consumo,678,11.92,aprobada,\N
3803,4962,2024-07-21,personal,19675.02,36,vivienda,757,24.14,aprobada,\N
3804,4962,2023-06-03,personal,29555.04,36,consumo,731,20.07,aprobada,\N
3805,4963,2024-11-02,personal,10487.06,60,consumo,815,14.04,aprobada,\N
3806,4963,2023-10-13,hipotecario,288614.66,180,liquidez,786,62.64,rechazada,endeudamiento_elevado
3807,4963,2024-12-06,vehiculo,40061.05,36,consumo,823,39.34,aprobada,\N
3808,4964,2024-05-03,personal,3197.7,36,vehiculo,712,47.77,aprobada,\N
3809,4965,2023-01-31,personal,17132.88,36,consumo,679,16.35,aprobada,\N
3810,4966,2024-11-08,personal,5514.21,12,liquidez,638,60.28,rechazada,endeudamiento_elevado
3811,4967,2025-07-03,personal,6426.98,48,liquidez,734,27.37,rechazada,ingresos_insuficientes
3812,4968,2023-12-08,hipotecario,102020.35,180,consumo,731,21.84,aprobada,\N
3813,4969,2023-02-28,personal,28118.61,12,liquidez,775,38.79,aprobada,\N
3814,4970,2024-02-08,vehiculo,30274.35,60,vivienda,805,28.91,aprobada,\N
3815,4970,2026-01-15,vehiculo,8898.36,84,vivienda,883,8.52,aprobada,\N
3816,4971,2024-01-30,personal,14792.87,60,reforma,728,15.06,aprobada,\N
3817,4973,2023-03-16,vehiculo,19454.97,48,liquidez,756,24.48,aprobada,\N
3818,4974,2026-06-17,personal,20829.45,48,vivienda,696,22.44,aprobada,\N
3819,4975,2024-06-22,vehiculo,27624.94,72,reforma,550,47.27,rechazada,score_crediticio_bajo
3820,4976,2024-01-22,vehiculo,44119.91,84,reforma,793,27.56,aprobada,\N
3821,4979,2026-02-07,hipotecario,96133.04,300,vehiculo,680,52.17,rechazada,criterios_riesgo
3822,4980,2024-09-21,personal,10109.32,12,liquidez,620,50.72,aprobada,\N
3823,4980,2023-10-30,personal,22688.24,12,consumo,678,36.28,aprobada,\N
3824,4982,2023-10-31,personal,4818.93,36,reforma,779,10.86,aprobada,\N
3825,4984,2024-12-06,vehiculo,26823.5,60,vehiculo,622,27.19,aprobada,\N
3826,4985,2024-01-04,hipotecario,307510.42,300,liquidez,610,68.13,rechazada,endeudamiento_elevado
3827,4986,2024-05-31,vehiculo,12617.47,36,reforma,718,37.54,aprobada,\N
3828,4989,2024-07-09,vehiculo,35086.72,84,vivienda,593,38.85,rechazada,score_crediticio_bajo
3829,4990,2026-06-24,personal,7100.4,12,vehiculo,770,6.46,aprobada,\N
3830,4992,2025-10-20,vehiculo,21964.01,60,liquidez,632,55.42,rechazada,endeudamiento_elevado
3831,4993,2026-03-21,personal,7385.96,48,liquidez,710,41.27,aprobada,\N
3832,4995,2026-03-11,personal,24879.97,48,liquidez,715,24.82,aprobada,\N
3833,4995,2024-12-14,vehiculo,33573.32,72,liquidez,651,26.03,aprobada,\N
3834,4998,2026-06-25,personal,14611.98,24,vehiculo,670,31.49,aprobada,\N
3835,4998,2026-01-21,personal,23386.17,24,vivienda,674,26.93,aprobada,\N
3836,4998,2026-06-30,personal,25191.71,24,reforma,634,40.72,aprobada,\N
3837,4999,2025-08-06,hipotecario,308901.21,240,reforma,562,72.96,rechazada,score_crediticio_bajo
3838,4999,2023-02-03,vehiculo,27388.71,36,vehiculo,667,36.41,aprobada,\N
3839,5000,2026-02-24,hipotecario,83717.94,360,vivienda,648,41.29,aprobada,\N
